# Blender v2.77 (sub 0) OBJ File: ''
# www.blender.org
mtllib o3000.mtl
o mesh1
v 7.554654 -0.032629 1.734526
v 7.754950 0.252017 1.647641
v 7.754950 -0.032629 1.647641
v 7.554654 0.252017 1.734526
v 7.754950 0.567471 1.647641
v 7.554654 0.567471 1.734525
v 6.854553 0.252017 1.738112
v 6.854553 -0.032629 1.738112
v 6.854553 -0.132645 1.838127
v 7.554654 -0.132645 1.834541
v 6.854553 -0.504203 1.838127
v 6.454301 -0.304166 1.697815
v 7.554654 -0.504203 1.834541
v 7.754950 -0.499886 1.747657
v 7.754950 -0.622144 1.664024
v 7.554654 -0.685397 1.735096
v 7.754792 -0.804272 1.037275
v 6.854552 -0.688632 1.738675
v 6.454301 -0.430458 1.616014
v 6.173826 -0.304163 1.848330
v 6.454301 -0.071633 1.697815
v 6.454301 0.028384 1.597800
v 6.454301 0.252017 1.597800
v 6.854553 0.567471 1.738112
v 7.554654 0.667488 1.834541
v 6.854553 0.667488 1.838127
v 6.454301 0.567470 1.597800
v 6.854553 0.823518 1.838127
v 7.554654 0.823518 1.834540
v 7.554654 1.148704 1.742736
v 7.754950 0.828609 1.747656
v 7.754950 0.667488 1.747656
v 7.754950 1.006783 1.670449
v 7.554536 1.148735 0.663698
v 7.754829 1.006810 0.639270
v 6.854553 1.151939 1.746322
v 6.854418 1.151978 0.664110
v 6.454301 0.983788 1.616006
v 6.454301 0.823521 1.697815
v 6.454301 0.667488 1.697815
v 6.173827 0.518654 1.748314
v 6.173827 0.252017 1.748314
v 6.173826 0.028384 1.748314
v 6.173826 -0.071633 1.848330
v 5.460692 -0.132645 1.697090
v 5.460692 -0.032629 1.597075
v 5.460692 0.252017 1.597075
v 5.460692 0.518654 1.597075
v 6.173827 0.618671 1.848329
v 4.532119 0.252017 1.677197
v 4.532119 -0.032629 1.677197
v 4.532118 -0.132645 1.777212
v 4.532118 -0.304163 1.777212
v 5.460691 -0.304163 1.697090
v 5.460692 -0.426802 1.615289
v 6.173826 -0.430455 1.766529
v 6.454301 -0.678441 1.117558
v 5.460691 -0.632515 1.117558
v 4.532118 -0.848178 1.117558
v 4.532119 -0.430455 1.695411
v 4.067831 -0.304163 1.880630
v 4.067831 -0.132645 1.880630
v 4.067831 -0.032629 1.780615
v 3.603544 -0.132645 1.697319
v 3.603544 -0.304163 1.697319
v 4.067831 -0.430455 1.798830
v 3.603544 -0.954843 1.119284
v 3.603544 -0.430455 1.615519
v 2.674971 -0.304163 1.867089
v 2.674971 -0.430455 1.785288
v 1.746397 -0.304163 1.697541
v 2.674971 -0.132645 1.867089
v 3.603544 -0.032629 1.597304
v 4.067831 0.252017 1.780616
v 4.532119 0.567471 1.677197
v 5.460692 0.618671 1.697090
v 6.173827 0.823525 1.848329
v 6.173826 0.983792 1.766521
v 5.460692 0.983792 1.615281
v 5.460692 0.823525 1.697090
v 4.532119 0.823525 1.777212
v 4.532119 0.667488 1.777212
v 4.067831 0.518215 1.780615
v 3.603544 0.252017 1.597304
v 2.674971 -0.032629 1.767074
v 1.746397 -0.092728 1.697541
v 1.746397 0.007288 1.597526
v 2.674971 0.252017 1.767074
v 3.603544 0.518215 1.597304
v 4.067831 0.618232 1.880630
v 4.067831 0.823525 1.880630
v 4.532119 0.983792 1.695403
v 4.532118 0.983792 0.956658
v 4.067831 0.983792 1.798822
v 3.603544 0.823525 1.697319
v 3.603544 0.618232 1.697319
v 2.674971 0.567471 1.767073
v 1.746397 0.252017 1.597526
v 1.282110 0.007288 1.763500
v 1.282110 -0.092728 1.863515
v 1.282110 -0.304163 1.863515
v 0.530246 -0.304163 1.766827
v 0.530246 -0.132645 1.766827
v 0.530246 -0.032629 1.666812
v 1.282110 0.252017 1.763500
v 1.746397 0.567470 1.597526
v 2.674971 0.667488 1.867088
v 2.674971 0.823525 1.867089
v 2.674971 0.983792 1.804487
v 3.603544 0.983792 1.615511
v 3.603544 0.983792 0.709052
v 2.674971 0.983792 0.845860
v 1.746397 0.983792 1.634939
v 1.746397 0.823525 1.697541
v 1.746397 0.667488 1.697541
v 1.282111 0.543182 1.763500
v 0.530246 0.252017 1.666812
v 0.319704 -0.032629 1.502303
v 0.319704 -0.132646 1.602318
v 0.319704 -0.304163 1.602318
v 0.530246 -0.430455 1.685027
v 1.282111 -0.430455 1.781715
v 1.746397 -0.430455 1.615740
v 2.674971 -0.772132 1.119284
v 1.746397 -0.621155 1.119284
v 0.861157 -0.799536 1.119284
v 0.319704 -0.430455 1.520517
v -0.110750 -0.304163 1.697762
v -0.110750 -0.132645 1.697762
v -0.110750 -0.032629 1.597747
v 0.319704 0.252017 1.502303
v 0.530246 0.567471 1.666812
v 1.282111 0.643200 1.863515
v 1.282111 0.823525 1.863515
v 1.282111 0.983792 1.800914
v 1.746397 0.983792 0.555090
v 2.674971 0.983792 0.619679
v 1.746397 0.983792 0.354365
v 3.603544 0.983792 0.492269
v 4.532118 0.983792 0.783022
v 5.460691 0.983792 0.733832
v 6.164328 0.983790 0.709679
v 6.454301 0.983788 0.658139
v 6.161807 0.983790 0.542011
v 5.460691 0.983792 0.528151
v 5.460691 0.983791 -0.341454
v 4.532118 0.983791 -0.673187
v 5.460691 0.983791 -0.578846
v 6.161807 0.983790 -0.543079
v 6.454301 0.983788 -0.543079
v 6.454301 0.983788 0.473495
v 6.854381 1.151990 0.473488
v 7.554497 1.148746 0.473236
v 7.754791 1.006819 0.442531
v 7.554419 1.148766 -0.553946
v 7.754713 1.006836 -0.559476
v 7.754691 1.006841 -0.767440
v 7.554401 1.148770 -0.753569
v 7.754635 1.006854 -1.640039
v 6.854295 1.152015 -0.553946
v 6.454301 0.983788 -0.753401
v 6.161807 0.983789 -0.752541
v 6.454300 0.983788 -1.531336
v 6.854276 1.152021 -0.765140
v 6.854209 1.152040 -1.721004
v 7.554339 1.148786 -1.717921
v 6.854209 0.889560 -1.789230
v 7.554339 0.854246 -1.786155
v 7.754635 0.849072 -1.697423
v 7.554339 0.667486 -1.786155
v 6.854209 0.667486 -1.789230
v 6.454300 0.823520 -1.669577
v 6.854209 0.567470 -1.689214
v 7.554339 0.567470 -1.686139
v 6.161807 0.823522 -1.779079
v 6.161807 0.983789 -1.640840
v 5.460690 0.983791 -1.532061
v 4.532118 0.983791 -0.912139
v 3.603544 0.983791 -0.654327
v 3.603544 0.983791 -0.910644
v 2.674970 0.983791 -0.740754
v 2.674971 0.983791 -0.490552
v 1.746397 0.983791 -0.750981
v 1.746397 0.983791 -1.001284
v 0.817824 0.983791 -0.736548
v 0.817824 0.983791 -0.486475
v -0.110750 0.983791 -0.543078
v -0.110750 0.983791 -0.768930
v -1.039324 0.983791 -0.379989
v 0.150677 0.983791 -1.665444
v 0.817824 0.983791 -1.521224
v 1.746397 0.983791 -1.631625
v 2.674970 0.983791 -1.692235
v 3.603544 0.983791 -1.531832
v 4.532118 0.983791 -1.631961
v 3.603544 0.823524 -1.670069
v 2.674970 0.823524 -1.830472
v 1.746397 0.823524 -1.769862
v 0.817823 0.823524 -1.659461
v 0.150677 0.823524 -1.803681
v -0.110750 0.823524 -1.669625
v -0.110750 0.983791 -1.531388
v -1.039323 0.983791 -0.641184
v -1.039324 0.983791 -1.736386
v -1.967897 0.983791 -1.655707
v -1.967897 0.983791 -0.794672
v -1.967897 0.983791 -0.543078
v -2.896470 0.983791 -0.585972
v -2.896470 0.983791 -0.317595
v -3.825044 0.983791 -0.543078
v -3.825045 0.983791 -0.830714
v -4.953650 0.983791 -0.543077
v -2.896471 0.983791 -1.642292
v -2.397565 0.983791 -1.537897
v -2.397566 0.823524 -1.676134
v -2.896471 0.823524 -1.780529
v -3.825045 0.823524 -1.669182
v -3.825045 0.983791 -1.530945
v -4.095757 0.983791 -1.751090
v -4.953650 0.983791 -0.787198
v -5.682190 0.983791 -0.611227
v -4.953650 0.983792 0.442061
v -5.682190 0.983792 0.683609
v -4.953650 0.983792 0.650694
v -3.825044 0.983792 0.683608
v -3.825044 0.983792 0.890646
v -2.896470 0.983792 0.647414
v -4.953650 0.983792 1.734108
v -5.682190 0.983792 0.880278
v -6.310715 0.983792 0.683609
v -6.310715 0.983791 -0.489006
v -6.310715 0.983791 -0.726063
v -5.682190 0.983791 -0.855863
v -5.682191 0.983791 -1.530724
v -4.953650 0.983791 -1.730868
v -4.095757 0.823524 -1.889319
v -3.825045 0.667486 -1.669182
v -4.095757 0.619119 -1.889319
v -4.953652 0.823524 -1.869098
v -5.682192 0.823524 -1.668960
v -6.310715 0.823524 -1.614783
v -6.310715 0.983791 -1.476538
v -6.547856 0.983791 -0.768364
v -6.547856 0.983791 -0.543077
v -6.547856 0.983792 0.683609
v -6.547856 0.983792 0.880993
v -6.310714 0.983792 0.883191
v -6.310713 0.983792 1.557293
v -5.682190 0.983792 1.634207
v -6.310713 0.823525 1.623158
v -6.547856 0.983792 1.616840
v -6.947992 1.151980 0.860074
v -6.947937 1.151997 0.683601
v -6.947851 1.152022 -0.553943
v -6.947841 1.152025 -0.772309
v -6.547857 0.983791 -1.530502
v -6.547857 0.823524 -1.668739
v -6.947765 0.823524 -1.789227
v -6.947765 1.152047 -1.721002
v -7.547238 1.148774 -0.760258
v -7.547246 1.148772 -0.553943
v -7.547324 1.148752 0.683349
v -7.756919 1.006836 -0.526690
v -7.756927 1.006838 -0.720942
v -7.757000 1.006854 -1.640036
v -7.547168 1.148793 -1.717919
v -7.547168 0.823524 -1.786152
v -7.757000 0.849072 -1.697420
v -7.757000 0.667486 -1.697421
v -7.547168 0.645935 -1.786152
v -6.947765 0.609925 -1.789227
v -6.547857 0.667486 -1.668739
v -6.310714 0.667487 -1.614782
v -5.682192 0.667486 -1.668961
v -4.953652 0.619119 -1.869098
v -4.953652 0.519102 -1.769083
v -5.682192 0.567470 -1.568945
v -6.310715 0.567470 -1.514766
v -6.547857 0.567470 -1.568724
v -6.947765 0.509908 -1.689212
v -7.547168 0.545918 -1.686137
v -6.947765 0.252016 -1.689212
v -6.547857 0.252016 -1.568724
v -6.310715 0.252016 -1.514764
v -5.682192 0.252016 -1.568945
v -4.953652 0.252016 -1.769082
v -4.095757 0.252016 -1.789304
v -4.095757 0.519102 -1.789304
v -3.825045 0.567470 -1.569167
v -3.825045 0.252016 -1.569167
v -3.825045 0.004144 -1.569167
v -4.095757 -0.032630 -1.789304
v -4.953652 -0.032630 -1.769082
v -5.682192 0.012825 -1.568945
v -6.310715 0.012825 -1.514762
v -6.547857 -0.032630 -1.568724
v -6.947765 -0.009377 -1.689212
v -7.547168 0.252016 -1.686137
v -7.757000 0.567470 -1.597406
v -7.757000 0.252016 -1.597405
v -7.547168 -0.032630 -1.686137
v -7.757000 -0.032630 -1.597405
v -7.757000 -0.132646 -1.697420
v -7.547168 -0.132646 -1.786152
v -6.947765 -0.109393 -1.789227
v -6.547857 -0.132646 -1.668739
v -6.310715 -0.087192 -1.614776
v -5.682192 -0.087192 -1.668960
v -6.310715 -0.304164 -1.614775
v -4.953652 -0.132646 -1.869097
v -4.095757 -0.132646 -1.889319
v -3.825045 -0.095873 -1.669182
v -4.095757 -0.304163 -1.889319
v -4.953652 -0.304163 -1.869097
v -5.682192 -0.304164 -1.668960
v -5.682191 -0.436395 -1.530723
v -4.953650 -0.430457 -1.730868
v -4.095757 -0.430457 -1.751089
v -3.825045 -0.304164 -1.669182
v -3.825045 -0.430457 -1.530945
v -4.953650 -0.683648 -0.987336
v -5.682190 -0.813733 -0.982537
v -6.310715 -0.533095 -0.802331
v -6.310715 -0.438284 -1.476538
v -6.547857 -0.546640 -1.530502
v -6.547857 -0.404180 -1.668739
v -6.947765 -0.404180 -1.789227
v -7.547168 -0.404180 -1.786152
v -7.757000 -0.403144 -1.697420
v -7.757000 -0.581270 -1.600384
v -7.547168 -0.614580 -1.680238
v -7.756919 -0.810372 -0.923363
v -6.947765 -0.617834 -1.683313
v -6.947851 -0.968624 -0.950617
v -6.547856 -0.670331 -0.982536
v -6.310715 -0.678078 -0.479119
v -6.547856 -0.823479 -0.471763
v -6.947873 -1.057987 -0.465879
v -7.547246 -0.977228 -0.950616
v -7.547266 -1.043845 -0.465942
v -7.756900 -0.851566 -0.453178
v -7.756882 -0.756764 0.039158
v -7.547286 -0.974465 0.040884
v -6.947894 -1.011354 0.041010
v -6.547856 -0.840630 0.061163
v -6.310715 -0.687065 0.046451
v -5.682190 -0.972220 -0.479119
v -5.682190 -0.994711 0.046451
v -4.953650 -1.048919 0.046450
v -4.953650 -0.934282 -0.481519
v -3.825045 -0.776076 -0.987337
v -3.825044 -0.965902 -0.481519
v -3.825044 -1.019731 0.046450
v -3.360757 -0.843614 0.046450
v -3.360757 -0.817620 -0.481519
v -3.360758 -0.655629 -0.987337
v -2.896471 -0.783762 -0.987337
v -2.896471 -0.992316 -0.481519
v -2.896471 -1.064874 0.046450
v -1.967897 -1.031598 -0.481519
v -1.967897 -1.138172 0.046450
v -1.049979 -0.950140 0.046450
v -1.049979 -0.894844 -0.481519
v -1.967897 -0.789028 -0.987337
v -2.397566 -0.430457 -1.537897
v -2.896471 -0.430457 -1.642292
v -2.896471 -0.304164 -1.780529
v -2.397566 -0.304164 -1.676134
v -2.896471 -0.062034 -1.780529
v -2.896470 0.037983 -1.680514
v -2.397566 -0.062034 -1.676134
v -1.967897 -0.304164 -1.793944
v -1.967897 -0.490761 -1.545206
v -1.039324 -0.490761 -1.625885
v -1.049979 -0.703551 -0.987337
v -0.132062 -0.853923 -0.987337
v -0.132016 -1.033902 -0.481520
v -0.131971 -1.077884 0.046450
v 0.374946 -0.900491 0.046449
v 0.380099 -0.884861 -0.481520
v 0.892214 -1.010291 -0.481520
v 0.881862 -0.997069 0.046449
v 1.746397 -0.818219 0.046449
v 1.746397 -0.831206 -0.481520
v 0.902566 -0.887516 -0.987337
v 0.385253 -0.733235 -0.987337
v 0.150677 -0.430457 -1.665444
v -0.110750 -0.430457 -1.531388
v -0.110750 -0.304164 -1.669625
v -1.039324 -0.304163 -1.874623
v -1.967897 -0.132646 -1.793944
v -2.397566 0.037983 -1.576119
v -2.896470 0.252016 -1.680514
v -2.896470 0.567470 -1.680514
v -2.397565 0.252016 -1.576119
v -1.967897 -0.032630 -1.693928
v -1.039324 -0.105116 -1.874623
v -0.110750 -0.132646 -1.669625
v 0.150677 -0.304164 -1.803681
v 0.817823 -0.304164 -1.659461
v 0.817824 -0.430210 -1.521224
v 1.746397 -0.708196 -0.987338
v 1.746397 -0.430457 -1.631625
v 1.746397 -0.304164 -1.769862
v 0.817823 -0.104812 -1.659461
v 0.150677 -0.104812 -1.803681
v -0.110750 -0.032630 -1.569610
v -1.039324 -0.005100 -1.774607
v -1.967897 0.252016 -1.693928
v -2.397565 0.567470 -1.576119
v -2.896471 0.667486 -1.780529
v -2.397566 0.667486 -1.676134
v -1.967897 0.527469 -1.693928
v -1.039324 0.252016 -1.774608
v -0.110750 0.252016 -1.569610
v 0.150677 -0.004795 -1.703666
v 0.817823 -0.004795 -1.559446
v 1.746397 -0.132646 -1.769862
v 2.674970 -0.304164 -1.830472
v 2.674970 -0.430457 -1.692235
v 2.674970 -0.859174 -0.987338
v 2.674971 -0.922500 -0.481520
v 2.674971 -0.849829 0.046449
v 3.603544 -1.152969 -0.481520
v 3.603544 -1.128057 0.046449
v 3.603544 -1.041885 -0.987338
v 3.603544 -0.430457 -1.531831
v 3.603544 -0.304164 -1.670068
v 3.603544 -0.068162 -1.670068
v 2.674970 -0.132646 -1.830472
v 1.746397 -0.032630 -1.669847
v 2.674971 -0.032630 -1.730457
v 1.746397 0.252016 -1.669847
v 0.817823 0.252016 -1.559446
v 0.150677 0.252016 -1.703666
v -0.110750 0.567470 -1.569610
v 0.150677 0.567470 -1.703666
v 0.817823 0.567470 -1.559446
v 1.746397 0.529437 -1.669847
v 2.674971 0.252016 -1.730457
v 3.603544 0.031855 -1.570053
v 4.532117 -0.068162 -1.770198
v 4.532117 -0.304164 -1.770198
v 4.532118 -0.430457 -1.631961
v 4.532118 -0.935220 -0.987338
v 4.532118 -1.146454 -0.481520
v 4.532118 -1.221691 0.046449
v 5.460691 -0.946114 0.046449
v 5.460691 -0.900834 -0.481521
v 6.454301 -0.891297 0.061160
v 5.460691 -0.719557 -0.987338
v 6.454301 -0.836453 -0.533928
v 6.854316 -0.962397 -0.465881
v 6.854338 -0.885377 0.041008
v 7.554458 -0.905152 0.040882
v 7.554439 -0.996129 -0.465944
v 7.754753 -0.748922 0.039156
v 7.754734 -0.847645 -0.453181
v 7.754714 -0.810372 -0.923366
v 7.554419 -0.951109 -0.950619
v 7.754635 -0.617199 -1.600387
v 6.854295 -0.903422 -0.950619
v 6.454301 -0.645613 -1.106864
v 6.156818 -0.430459 -1.640694
v 5.460690 -0.430457 -1.532061
v 5.460690 -0.304164 -1.670298
v 5.460690 -0.132646 -1.670298
v 6.161807 -0.304166 -1.779079
v 6.454300 -0.430460 -1.531336
v 6.854209 -0.688735 -1.673847
v 7.554339 -0.685481 -1.670772
v 7.754635 -0.499887 -1.697423
v 7.554339 -0.529083 -1.786154
v 7.554339 -0.091716 -1.786154
v 6.854209 -0.504204 -1.789229
v 6.454300 -0.304167 -1.669577
v 6.161807 -0.132646 -1.779079
v 6.854209 -0.091716 -1.789229
v 6.161807 -0.032630 -1.679064
v 5.460690 -0.032630 -1.570283
v 5.460690 0.252016 -1.570283
v 4.532117 0.252016 -1.670183
v 4.532117 0.031855 -1.670183
v 3.603544 0.252016 -1.570053
v 2.674971 0.529437 -1.730457
v 3.603544 0.567470 -1.570053
v 4.532117 0.567470 -1.670183
v 5.460690 0.517414 -1.570283
v 6.161807 0.252016 -1.679064
v 6.454300 -0.032630 -1.569562
v 6.454300 -0.132646 -1.669577
v 6.454300 0.252016 -1.569562
v 6.161807 0.517414 -1.679064
v 5.460690 0.617431 -1.670298
v 4.532117 0.667486 -1.770198
v 3.603544 0.667486 -1.670069
v 2.674970 0.629454 -1.830472
v 1.746397 0.629454 -1.769862
v 0.817823 0.667486 -1.659461
v 4.532117 0.823524 -1.770198
v 5.460690 0.823524 -1.670298
v 6.161807 0.617431 -1.779079
v 6.454300 0.567470 -1.569562
v 6.854209 0.252016 -1.689214
v 6.854209 0.008300 -1.689214
v 7.554339 0.008300 -1.686139
v 7.554339 0.252016 -1.686139
v 7.754633 -0.032630 -1.597408
v 7.754633 0.252016 -1.597408
v 7.754633 0.567470 -1.597408
v 6.454300 0.667486 -1.669577
v 0.150677 0.667486 -1.803681
v -0.110750 0.667486 -1.669625
v -1.039324 0.627486 -1.874623
v -1.039324 0.823524 -1.874623
v -1.967897 0.823524 -1.793944
v -1.967897 0.627486 -1.793944
v -1.039324 0.527469 -1.774608
v 7.554339 0.008300 -1.686139
v 7.754635 -0.132646 -1.697423
v 7.754633 -0.032630 -1.597408
v 7.554339 -0.091716 -1.786154
v 7.754635 -0.499887 -1.697423
v 6.854209 -0.091716 -1.789229
v 6.854209 0.008300 -1.689214
v 6.854209 -0.504204 -1.789229
v 6.454300 -0.132646 -1.669577
v 6.454300 -0.032630 -1.569562
v 6.454300 -0.304167 -1.669577
v 6.161807 -0.132646 -1.779079
v 6.161807 -0.032630 -1.679064
v 5.460690 -0.132646 -1.670298
v 5.460690 -0.032630 -1.570283
v 6.161807 -0.304166 -1.779079
v -7.547481 0.000984 1.734528
v -7.547481 -0.099033 1.834543
v -7.756686 -0.132645 1.747659
v -6.547857 -0.132646 -1.668739
v -6.310715 -0.087192 -1.614776
v -6.547857 -0.032630 -1.568724
v -6.310715 -0.304164 -1.614775
v -7.547481 0.596130 1.734528
v -7.756686 0.252017 1.647644
v -7.756686 0.567471 1.647644
v -7.547481 0.252017 1.734528
v -6.948108 0.596130 1.738114
v -7.756686 -0.032629 1.647644
v -7.547481 0.000984 1.734528
v -7.756686 -0.132645 1.747659
v -6.948108 0.252017 1.738114
v -6.948108 0.000984 1.738114
v -7.547481 -0.099033 1.834543
v -6.547856 0.252017 1.598634
v -6.547856 0.527152 1.598634
v -6.948108 0.696147 1.838129
v -6.547856 0.627169 1.698649
v -6.948108 0.823525 1.838129
v -7.547481 0.831246 1.834543
v -6.547856 0.823525 1.698649
v -6.310714 0.627168 1.623158
v -6.310715 0.527152 1.523143
v -6.310715 0.252017 1.523144
v -6.547856 0.008373 1.598634
v -6.948108 -0.099033 1.838130
v -7.547481 -0.404179 1.834543
v -7.756686 -0.403143 1.747659
v -7.547481 -0.614496 1.736251
v -7.756686 -0.575117 1.664026
v -7.547325 -0.953746 1.067983
v -7.756843 -0.804272 1.037278
v -6.948108 -0.617731 1.739830
v -6.948108 -0.404179 1.838130
v -6.547856 -0.091643 1.698649
v -6.310715 0.008374 1.523144
v -6.547856 -0.404179 1.698649
v -6.310714 -0.304163 1.623159
v -6.547856 -0.530471 1.616848
v -6.547856 -0.740093 1.117560
v -6.948061 -0.976742 1.068235
v -7.547306 -1.032103 0.579932
v -7.756862 -0.848516 0.563717
v -7.756882 -0.756764 0.039158
v -7.547286 -0.974465 0.040884
v -6.947978 -1.062046 0.580121
v -6.947894 -1.011354 0.041010
v -6.547856 -0.840630 0.061163
v -6.547856 -0.858360 0.614860
v -6.310715 -0.724476 0.607504
v -6.310715 -0.687065 0.046451
v -5.682190 -0.988634 0.607504
v -5.682190 -0.994711 0.046451
v -4.953650 -1.048919 0.046450
v -4.953651 -1.011503 0.607504
v -3.825044 -1.019731 0.046450
v -5.682190 -0.846561 1.117560
v -6.310715 -0.625890 1.117560
v -6.310714 -0.430455 1.541358
v -5.682190 -0.430455 1.616627
v -4.953651 -0.838091 1.117560
v -3.825044 -0.982315 0.607503
v -3.360757 -0.843614 0.046450
v -3.360757 -0.834034 0.607503
v -3.825043 -0.808903 1.117559
v -3.825043 -0.431862 1.616405
v -4.953650 -0.430455 1.716527
v -4.953651 -0.304163 1.798328
v -5.682191 -0.304163 1.698427
v -5.682191 -0.132645 1.698427
v -6.310714 -0.091643 1.623159
v -5.682190 -0.032629 1.598412
v -5.682190 0.252017 1.598412
v -5.682190 0.588229 1.598412
v -5.682190 0.688246 1.698427
v -5.682190 0.823525 1.698427
v -4.953650 0.823525 1.798328
v -3.825043 0.823525 1.698205
v -4.953650 0.688246 1.798328
v -4.953650 0.588229 1.698313
v -4.953650 0.252017 1.698313
v -4.953651 0.006677 1.698313
v -4.953651 -0.093340 1.798328
v -3.825043 0.006677 1.598191
v -3.825043 0.252017 1.598191
v -3.825043 0.567470 1.598190
v -3.825043 0.667488 1.698205
v -3.360756 0.823525 1.919401
v -3.360756 0.603355 1.919401
v -3.360756 0.503338 1.819386
v -3.360756 0.252017 1.819386
v -3.360756 -0.032629 1.819386
v -3.825043 -0.093340 1.698206
v -3.825042 -0.304163 1.698206
v -3.360756 -0.304163 1.919401
v -3.360756 -0.132645 1.919401
v -2.896470 -0.032629 1.862074
v -2.896470 0.252017 1.862074
v -2.896469 0.503338 1.862074
v -2.896470 0.603355 1.962089
v -2.896470 0.823525 1.962089
v -1.967897 0.667488 1.776648
v -1.967897 0.567471 1.676633
v -1.967897 0.252017 1.676633
v -1.967897 -0.032629 1.676634
v -2.896470 -0.132645 1.962089
v -2.896470 -0.304163 1.962089
v -1.967897 -0.132645 1.776649
v -1.746329 0.006687 1.570186
v -1.746329 0.252017 1.570186
v -1.746329 0.567470 1.570186
v -1.746329 0.667488 1.670201
v -1.967897 0.823525 1.776648
v -2.896470 0.983792 1.899487
v -3.360757 0.983792 1.856799
v -3.825043 0.983792 1.633986
v -2.896470 0.983792 0.833024
v -1.967897 0.983792 1.714047
v -1.746329 0.823525 1.670201
v -1.039323 0.823525 1.797861
v -1.039323 0.638957 1.797861
v -1.039323 0.538940 1.697846
v -1.039323 0.252017 1.697847
v -1.039323 -0.020520 1.697847
v -1.746329 -0.093329 1.670201
v -1.967897 -0.304163 1.776649
v -1.746329 -0.304163 1.670201
v -1.039323 -0.120537 1.797862
v -0.110750 0.252017 1.597747
v -0.110750 0.538940 1.597747
v -0.110750 0.638957 1.697762
v -0.110750 0.823525 1.697762
v -1.039323 0.983792 1.735260
v -1.746329 0.983792 1.607599
v -1.967897 0.983792 0.679392
v -1.967897 0.983792 0.461752
v -1.039323 0.983792 0.761373
v -0.110750 0.983792 0.896306
v -0.110750 0.983792 1.635161
v 0.319704 0.983792 1.539716
v 0.319704 0.823525 1.602318
v 0.319704 0.667488 1.602318
v 0.319704 0.567470 1.502303
v -1.039323 -0.304163 1.797862
v -0.110750 -0.430455 1.615962
v -1.039323 -0.430455 1.716061
v -0.131971 -1.000187 1.117559
v 0.364593 -0.822559 1.119284
v 0.369769 -0.929523 0.608365
v 0.871510 -0.966301 0.608365
v 1.746397 -0.787685 0.608365
v 2.674971 -0.878979 0.608365
v 1.746397 -0.818219 0.046449
v 2.674971 -0.849829 0.046449
v 0.881862 -0.997069 0.046449
v 0.374946 -0.900491 0.046449
v -0.131971 -1.107034 0.607503
v -0.131971 -1.077884 0.046450
v -1.049979 -0.950140 0.046450
v -1.049979 -0.911258 0.607503
v -1.049979 -0.736379 1.117559
v -1.967897 -0.973629 1.117559
v -1.746329 -0.430455 1.588400
v -1.967897 -0.430455 1.694848
v -2.896470 -0.431159 1.880289
v -3.360757 -0.431510 1.837601
v -3.360757 -0.688457 1.117559
v -2.896470 -0.968363 1.117559
v -2.896470 -1.008731 0.607503
v -2.896471 -1.064874 0.046450
v -1.967897 -1.048012 0.607503
v -1.967897 -1.138172 0.046450
v 0.530246 0.667488 1.766827
v 0.530246 0.823525 1.766827
v 0.530246 0.983792 1.704226
v 0.821357 0.983792 0.766696
v 0.817824 0.983792 0.532634
v -0.110750 0.983792 0.667724
v -1.039323 0.983792 0.523600
v 7.554654 0.567471 1.734525
v 7.754950 0.667488 1.747656
v 7.754950 0.567471 1.647641
v 7.554654 0.667488 1.834541
v 7.554654 0.823518 1.834540
v -7.547168 0.545918 -1.686137
v -7.547168 0.645935 -1.786152
v -7.757000 0.667486 -1.697421
v 6.161807 0.617431 -1.779079
v 5.460690 0.617431 -1.670298
v 6.161807 0.517414 -1.679064
v 5.460690 0.823524 -1.670298
v 6.454300 0.667486 -1.669577
v 6.454300 0.567470 -1.569562
v 6.161807 0.823522 -1.779079
v 6.854209 0.667486 -1.789230
v 6.854209 0.567470 -1.689214
v 6.454300 0.823520 -1.669577
v 7.554339 0.667486 -1.786155
v 7.554339 0.567470 -1.686139
v 7.554339 0.854246 -1.786155
v 7.754633 0.567470 -1.597408
v 7.754635 0.667486 -1.697423
v 7.754635 0.849072 -1.697423
v 6.173827 0.618671 1.848329
v 6.454301 0.667488 1.697815
v 6.173827 0.518654 1.748314
v 6.454301 0.823521 1.697815
v 6.854553 0.667488 1.838127
v 6.454301 0.567470 1.597800
v 6.854553 0.823518 1.838127
v -6.948108 1.151946 1.746325
v -7.547481 1.156433 1.742739
v -7.547372 1.151070 0.843248
v -7.756841 1.006819 0.806724
v -7.756686 1.006783 1.670451
v -7.756686 0.828609 1.747659
v -7.547481 0.696147 1.834543
v -6.547856 0.627169 1.698649
v -6.547856 0.527152 1.598634
v -6.948108 0.596130 1.738114
v -7.547481 0.596130 1.734528
v -6.948108 0.696147 1.838129
v -7.547481 0.696147 1.834543
v -7.547481 0.831246 1.834543
v -7.756686 0.567471 1.647644
v -7.756686 0.667488 1.747659
v -7.756686 0.828609 1.747659
v 7.754950 -0.032629 1.647641
v 7.554654 -0.132645 1.834541
v 7.554654 -0.032629 1.734526
v 7.754950 -0.132645 1.747657
v 7.754950 -0.499886 1.747657
v -7.547168 -0.132646 -1.786152
v -7.547168 -0.032630 -1.686137
v -7.757000 -0.032630 -1.597405
v 6.454301 -0.071633 1.697815
v 6.173826 -0.071633 1.848330
v 6.454301 0.028384 1.597800
v 6.173826 -0.304163 1.848330
v 6.854553 -0.132645 1.838127
v 6.854553 -0.032629 1.738112
v 6.454301 -0.304166 1.697815
v -6.310714 -0.091643 1.623159
v -6.547856 -0.091643 1.698649
v -6.310715 0.008374 1.523144
v -6.310714 -0.304163 1.623159
v -7.757000 -0.403144 -1.697420
v -7.756919 -0.810372 -0.923363
v -7.757000 -0.581270 -1.600384
v -7.756919 -0.411350 -0.743158
v -7.756900 -0.851566 -0.453178
v -7.756882 -0.756764 0.039158
v -7.756841 -0.411356 0.821475
v -7.756862 -0.848516 0.563717
v -7.756843 -0.804272 1.037278
v -7.756686 -0.575117 1.664026
v -7.756686 -0.403143 1.747659
v -7.756686 -0.132645 1.747659
v -7.756841 -0.132646 0.821475
v -7.756686 -0.032629 1.647644
v -7.756919 -0.132646 -0.743158
v -7.757000 -0.132646 -1.697420
v -7.756919 -0.032630 -0.743158
v -7.757000 -0.032630 -1.597405
v -7.756841 -0.032629 0.821475
v -7.756686 0.252017 1.647644
v -7.756841 0.252017 0.821474
v -7.756686 0.567471 1.647644
v -7.756919 0.252017 -0.743158
v -7.757000 0.252016 -1.597405
v -7.756919 0.567470 -0.743158
v -7.757000 0.567470 -1.597406
v -7.756841 0.567470 0.821474
v -7.756686 0.667488 1.747659
v -7.756841 0.667487 0.821474
v -7.756686 0.828609 1.747659
v -7.756919 0.667487 -0.743158
v -7.757000 0.667486 -1.697421
v -7.756919 0.837820 -0.743158
v -7.757000 0.849072 -1.697420
v -7.757000 1.006854 -1.640036
v -7.756927 1.006838 -0.720942
v -7.756919 1.006836 -0.526690
v -7.756841 0.837816 0.821474
v -7.756841 1.006819 0.806724
v -7.756686 1.006783 1.670451
v 7.754714 -0.810372 -0.923366
v 7.754635 -0.499887 -1.697423
v 7.754635 -0.617199 -1.600387
v 7.754713 -0.508093 -0.743161
v 7.754734 -0.847645 -0.453181
v 7.754753 -0.748922 0.039156
v 7.754791 -0.508099 0.821472
v 7.754773 -0.844595 0.563714
v 7.754792 -0.804272 1.037275
v 7.754950 -0.622144 1.664024
v 7.754950 -0.499886 1.747657
v 7.754950 -0.132645 1.747657
v 7.754791 -0.132646 0.774375
v 7.754950 -0.032629 1.647641
v 7.754713 -0.132646 -0.743161
v 7.754635 -0.132646 -1.697423
v 7.754633 -0.032630 -1.597408
v 7.754713 -0.032630 -0.743161
v 7.754633 0.252016 -1.597408
v 7.754792 -0.032629 0.761830
v 7.754950 0.252017 1.647641
v 7.754791 0.252017 0.726124
v 7.754950 0.567471 1.647641
v 7.754713 0.252017 -0.743161
v 7.754633 0.567470 -1.597408
v 7.754714 0.567470 -0.743161
v 7.754635 0.667486 -1.697423
v 7.754792 0.567470 0.686554
v 7.754950 0.667488 1.747656
v 7.754792 0.667487 0.674008
v 7.754950 0.828609 1.747656
v 7.754713 0.667487 -0.743161
v 7.754635 0.849072 -1.697423
v 7.754713 0.837820 -0.743161
v 7.754635 1.006854 -1.640039
v 7.754691 1.006841 -0.767440
v 7.754713 1.006836 -0.559476
v 7.754791 0.837816 0.652642
v 7.754829 1.006810 0.639270
v 7.754950 1.006783 1.670449
v 7.754791 1.006819 0.442531
v 7.754773 -0.844595 0.563714
v 7.554478 -0.996118 0.579930
v 7.754753 -0.748922 0.039156
v 7.554458 -0.905152 0.040882
v 6.854338 -0.885377 0.041008
v 6.854359 -0.962385 0.580119
v 6.454301 -0.891297 0.061160
v 7.554498 -0.951087 1.067981
v 6.854381 -0.903396 1.068233
v 6.454301 -0.852867 0.614858
v 5.460691 -0.857313 0.607502
v 5.460691 -0.946114 0.046449
v 4.532118 -1.102933 0.607502
v 4.532118 -1.221691 0.046449
v 3.603544 -1.128057 0.046449
v 3.603544 -1.109448 0.608365
vt -0.5156 -1.8682
vt -0.5146 -1.9980
vt -0.3926 -1.9980
vt -0.4004 -1.8682
vt -0.2559 -1.9980
vt -0.2734 -1.8682
vt -0.4160 -1.6152
vt -0.5273 -1.6152
vt -0.5664 -1.6152
vt -0.5557 -1.8682
vt -0.7119 -1.6152
vt -0.6621 -1.4180
vt -0.7051 -1.8682
vt -0.7158 -1.9980
vt -0.7979 -1.9980
vt -0.7881 -1.8682
vt -1.0752 -1.9873
vt -0.7773 -1.6152
vt -0.7471 -1.4180
vt -0.6475 -1.3291
vt -0.5693 -1.4170
vt -0.5264 -1.4189
vt -0.4229 -1.4180
vt -0.2920 -1.6152
vt -0.2334 -1.8682
vt -0.2529 -1.6152
vt -0.2871 -1.4180
vt -0.1914 -1.6152
vt -0.1699 -1.8682
vt -0.0547 -1.8682
vt -0.1436 -1.9980
vt -0.2129 -1.9980
vt -0.0469 -1.9980
vt 0.3301 -1.8652
vt 0.3506 -2.0010
vt -0.0781 -1.6152
vt 0.3105 -1.6104
vt -0.0840 -1.4180
vt -0.1768 -1.4180
vt -0.2441 -1.4180
vt -0.3125 -1.3252
vt -0.4238 -1.3252
vt -0.5195 -1.3262
vt -0.5596 -1.3281
vt -0.6006 -1.0137
vt -0.5586 -1.0137
vt -0.4395 -1.0137
vt -0.3213 -1.0137
vt -0.2715 -1.3232
vt -0.4580 -0.6475
vt -0.5723 -0.6475
vt -0.6123 -0.6475
vt -0.6807 -0.6475
vt -0.6729 -1.0137
vt -0.7471 -1.0137
vt -0.6973 -1.3311
vt -0.9912 -1.4258
vt -0.9824 -1.0117
vt -1.0361 -0.6426
vt -0.7412 -0.6475
vt -0.6748 -0.5146
vt -0.6104 -0.5117
vt -0.5723 -0.5107
vt -0.6260 -0.3174
vt -0.6963 -0.3193
vt -0.7207 -0.5146
vt -1.0566 -0.3330
vt -0.7695 -0.3213
vt -0.6943 0.0557
vt -0.7412 0.0547
vt -0.7119 0.4297
vt -0.6289 0.0576
vt -0.5859 -0.3154
vt -0.4648 -0.5059
vt -0.3320 -0.6475
vt -0.2793 -1.0146
vt -0.1943 -1.3223
vt -0.1348 -1.3223
vt -0.1143 -1.0137
vt -0.1982 -1.0137
vt -0.2295 -0.6475
vt -0.2920 -0.6475
vt -0.3604 -0.5029
vt -0.4707 -0.3115
vt -0.5908 0.0576
vt -0.6309 0.4316
vt -0.5898 0.4307
vt -0.4824 0.0605
vt -0.3574 -0.3076
vt -0.3223 -0.5000
vt -0.2490 -0.4980
vt -0.1582 -0.6475
vt 0.1367 -0.6445
vt -0.1943 -0.4941
vt -0.2383 -0.3047
vt -0.3164 -0.3076
vt -0.3623 0.0625
vt -0.4873 0.4316
vt -0.5820 0.6230
vt -0.6191 0.6221
vt -0.6943 0.6221
vt -0.7012 0.9102
vt -0.6348 0.9102
vt -0.5957 0.9102
vt -0.4873 0.6221
vt -0.3594 0.4326
vt -0.3232 0.0635
vt -0.2646 0.0645
vt -0.2080 0.0664
vt -0.1514 -0.3027
vt 0.2148 -0.2910
vt 0.1650 0.0713
vt -0.1709 0.4355
vt -0.2559 0.4336
vt -0.3193 0.4336
vt -0.3760 0.6230
vt -0.4863 0.9111
vt -0.6055 1.0176
vt -0.6475 1.0176
vt -0.7197 1.0176
vt -0.7549 0.9150
vt -0.7393 0.6201
vt -0.7871 0.4307
vt -1.0352 0.0508
vt -1.0107 0.4365
vt -1.0273 0.7998
vt -0.7959 1.0166
vt -0.7090 1.2021
vt -0.6396 1.2012
vt -0.5996 1.2012
vt -0.4863 1.0166
vt -0.3643 0.9111
vt -0.3389 0.6230
vt -0.2744 0.6230
vt -0.2178 0.6230
vt 0.2539 0.4453
vt 0.2490 0.0762
vt 0.3359 0.4453
vt 0.3027 -0.2891
vt 0.2080 -0.6475
vt 0.2441 -1.0107
vt 0.2812 -1.2969
vt 0.3037 -1.4131
vt 0.3516 -1.2949
vt 0.3271 -1.0117
vt 0.6631 -1.0156
vt 0.7686 -0.6484
vt 0.7549 -1.0156
vt 0.7588 -1.2861
vt 0.7588 -1.4180
vt 0.3779 -1.4150
vt 0.3818 -1.6123
vt 0.3994 -1.8643
vt 0.4238 -2.0000
vt 0.7773 -1.8701
vt 0.7881 -2.0000
vt 0.8613 -2.0000
vt 0.8457 -1.8711
vt 1.1621 -1.9980
vt 0.7686 -1.5986
vt 0.8379 -1.4170
vt 0.8379 -1.2871
vt 1.1289 -1.4180
vt 0.8398 -1.5889
vt 1.1523 -1.5762
vt 1.1533 -1.8682
vt 1.2246 -1.5762
vt 1.2373 -1.8682
vt 1.2295 -1.9980
vt 1.2969 -1.8682
vt 1.2969 -1.5762
vt 1.2246 -1.4180
vt 1.3291 -1.5762
vt 1.3291 -1.8682
vt 1.2354 -1.2910
vt 1.1650 -1.2930
vt 1.1230 -1.0137
vt 0.8584 -0.6465
vt 0.7500 -0.2686
vt 0.8506 -0.2666
vt 0.7725 0.0928
vt 0.7002 0.1074
vt 0.7783 0.4707
vt 0.8613 0.4561
vt 0.7646 0.8174
vt 0.6631 0.8164
vt 0.6816 1.1846
vt 0.7773 1.1855
vt 0.6279 1.5498
vt 1.1260 1.0840
vt 1.0830 0.8174
vt 1.1104 0.4482
vt 1.1279 0.1006
vt 1.0938 -0.2568
vt 1.1338 -0.6475
vt 1.1855 -0.2549
vt 1.1973 0.1016
vt 1.1895 0.4473
vt 1.1777 0.8154
vt 1.1953 1.0811
vt 1.1816 1.1934
vt 1.0850 1.1924
vt 0.7109 1.5566
vt 1.1387 1.5557
vt 1.1221 1.9053
vt 0.7881 1.9141
vt 0.6904 1.9170
vt 0.7109 2.2832
vt 0.6084 2.2842
vt 0.6973 2.6484
vt 0.8066 2.6504
vt 0.6904 3.0918
vt 1.1250 2.2793
vt 1.0908 2.0791
vt 1.1865 2.0781
vt 1.1992 2.2793
vt 1.1914 2.6494
vt 1.0928 2.6504
vt 1.1533 2.7676
vt 0.7900 3.0908
vt 0.7227 3.3770
vt 0.3096 3.0869
vt 0.2158 3.3711
vt 0.2305 3.0869
vt 0.2158 2.6465
vt 0.1514 2.6426
vt 0.2344 2.2852
vt -0.1768 3.0850
vt 0.1396 3.3701
vt 0.2148 3.6152
vt 0.6699 3.6230
vt 0.7666 3.6260
vt 0.8213 3.3760
vt 1.0928 3.3721
vt 1.1445 3.0840
vt 1.2178 2.7754
vt 1.2539 2.6494
vt 1.2871 2.7754
vt 1.2129 3.0820
vt 1.1865 3.3721
vt 1.1738 3.6416
vt 1.0742 3.6396
vt 0.7773 3.7197
vt 0.6865 3.7148
vt 0.2158 3.7031
vt 0.1406 3.7061
vt 0.1367 3.6162
vt -0.1270 3.6230
vt -0.1504 3.3662
vt -0.2100 3.6230
vt -0.1416 3.7275
vt 0.1582 3.8652
vt 0.2129 3.8682
vt 0.6846 3.8818
vt 0.7656 3.8857
vt 1.0840 3.7500
vt 1.1816 3.7480
vt 1.2031 3.9092
vt 1.0996 3.9209
vt 0.7510 4.1084
vt 0.6758 4.1035
vt 0.2100 4.0811
vt 0.6582 4.1992
vt 0.7324 4.2041
vt 1.0879 4.2129
vt 1.0898 4.1211
vt 1.2021 4.1328
vt 1.1787 4.2256
vt 1.2490 4.2236
vt 1.2656 4.1318
vt 1.2764 3.9092
vt 1.2451 3.7490
vt 1.2402 3.6416
vt 1.2500 3.3721
vt 1.2832 3.0820
vt 1.3193 3.0820
vt 1.2910 3.3730
vt 1.2832 3.6426
vt 1.2852 3.7490
vt 1.3135 3.9092
vt 1.3027 4.1318
vt 1.4131 3.9092
vt 1.4111 3.7500
vt 1.4170 3.6436
vt 1.4209 3.3730
vt 1.4209 3.0830
vt 1.4219 2.7764
vt 1.3213 2.7773
vt 1.2949 2.6494
vt 1.4219 2.6494
vt 1.5264 2.6504
vt 1.5234 2.7764
vt 1.5244 3.0830
vt 1.5234 3.3740
vt 1.5234 3.6445
vt 1.5254 3.7520
vt 1.5107 3.9102
vt 1.4121 4.1309
vt 1.2881 4.2217
vt 1.4102 4.2188
vt 1.5176 4.1289
vt 1.5205 4.2158
vt 1.5596 4.2148
vt 1.5547 4.1289
vt 1.5479 3.9102
vt 1.5654 3.7520
vt 1.5654 3.6436
vt 1.5645 3.3740
vt 1.6533 3.6445
vt 1.5605 3.0830
vt 1.5586 2.7764
vt 1.5654 2.6484
vt 1.6201 2.7764
vt 1.6230 3.0830
vt 1.6494 3.3740
vt 1.7373 3.3760
vt 1.6816 3.0869
vt 1.6748 2.7676
vt 1.6465 2.6494
vt 1.7383 2.6494
vt 1.9746 3.0928
vt 2.0146 3.3672
vt 2.0146 3.6387
vt 1.7451 3.6445
vt 1.7539 3.7568
vt 1.6738 3.7529
vt 1.6543 3.9102
vt 1.6543 4.1270
vt 1.6650 4.2119
vt 1.7480 4.2051
vt 1.7344 4.1240
vt 2.0078 4.2051
vt 1.7314 3.9131
vt 2.0107 3.9150
vt 1.9658 3.7451
vt 2.1406 3.6426
vt 2.1602 3.7451
vt 2.1846 3.9082
vt 2.0156 4.1172
vt 2.1875 4.1172
vt 2.1777 4.2178
vt 2.3535 4.2588
vt 2.3662 4.1357
vt 2.3652 3.8955
vt 2.3555 3.7275
vt 2.3379 3.6475
vt 2.2002 3.3711
vt 2.3848 3.3867
vt 2.3789 3.0977
vt 2.1787 3.0977
vt 1.9922 2.6611
vt 2.1914 2.6641
vt 2.3887 2.6621
vt 2.3857 2.4902
vt 2.1836 2.4805
vt 1.9805 2.4746
vt 2.0205 2.2676
vt 2.2266 2.2656
vt 2.4297 2.2832
vt 2.2324 1.9053
vt 2.4404 1.8975
vt 2.3916 1.5264
vt 2.1875 1.5371
vt 2.0205 1.9062
vt 1.7275 2.0752
vt 1.7012 2.2764
vt 1.6357 2.2773
vt 1.6436 2.0752
vt 1.5479 2.2783
vt 1.5098 2.2773
vt 1.5527 2.0752
vt 1.6289 1.8984
vt 1.7471 1.9033
vt 1.7266 1.5479
vt 1.9824 1.5430
vt 1.9844 1.1836
vt 2.1895 1.1758
vt 2.3955 1.1650
vt 2.3643 0.9629
vt 2.1611 0.9727
vt 2.1641 0.7725
vt 2.3555 0.7725
vt 2.3379 0.4385
vt 2.1426 0.4453
vt 1.9766 0.7734
vt 1.9609 0.9746
vt 1.6777 1.0771
vt 1.7158 1.1855
vt 1.6309 1.1885
vt 1.6191 1.5527
vt 1.5645 1.8994
vt 1.5117 2.0771
vt 1.4209 2.2783
vt 1.2979 2.2793
vt 1.4180 2.0771
vt 1.5264 1.8994
vt 1.5488 1.5537
vt 1.5625 1.1895
vt 1.6172 1.0771
vt 1.6289 0.8125
vt 1.7129 0.8105
vt 1.9531 0.4473
vt 1.6855 0.4463
vt 1.6152 0.4463
vt 1.5518 0.8125
vt 1.5449 1.0781
vt 1.5234 1.1895
vt 1.5117 1.5537
vt 1.4180 1.9004
vt 1.2910 2.0771
vt 1.2598 2.2793
vt 1.2500 2.0781
vt 1.3096 1.9014
vt 1.4150 1.5547
vt 1.4092 1.1904
vt 1.5068 1.0771
vt 1.5117 0.8135
vt 1.5508 0.4463
vt 1.6064 0.1025
vt 1.6670 0.1016
vt 1.9658 0.0898
vt 2.1494 0.0898
vt 2.3428 0.0986
vt 2.1660 -0.2559
vt 2.3506 -0.2510
vt 1.9883 -0.2529
vt 1.6982 -0.2480
vt 1.6201 -0.2480
vt 1.5361 -0.2490
vt 1.5439 0.1025
vt 1.5127 0.4463
vt 1.5078 0.1025
vt 1.4053 0.4463
vt 1.4062 0.8145
vt 1.4092 1.0791
vt 1.2842 1.1924
vt 1.2910 1.0801
vt 1.2803 0.8154
vt 1.2969 0.4463
vt 1.4043 0.1025
vt 1.4971 -0.2490
vt 1.5391 -0.6475
vt 1.6201 -0.6475
vt 1.6816 -0.6475
vt 1.9756 -0.6445
vt 2.1514 -0.6455
vt 2.3271 -0.6514
vt 2.3008 -1.0205
vt 2.1270 -1.0127
vt 2.3008 -1.4160
vt 1.9512 -1.0137
vt 2.1143 -1.4180
vt 2.1270 -1.5762
vt 2.2969 -1.5723
vt 2.2959 -1.8857
vt 2.1318 -1.8672
vt 2.2891 -2.0342
vt 2.1289 -1.9961
vt 1.9756 -1.9912
vt 1.9766 -1.8623
vt 1.7461 -1.9980
vt 1.9658 -1.5771
vt 1.9199 -1.4199
vt 1.6914 -1.2959
vt 1.7227 -1.0137
vt 1.6406 -1.0137
vt 1.5752 -1.0137
vt 1.6338 -1.2969
vt 1.7158 -1.4180
vt 1.7314 -1.5762
vt 1.7393 -1.8682
vt 1.6855 -1.9980
vt 1.6826 -1.8682
vt 1.5449 -1.8672
vt 1.6758 -1.5762
vt 1.6377 -1.4180
vt 1.5732 -1.2959
vt 1.5449 -1.5762
vt 1.5381 -1.2949
vt 1.5371 -1.0137
vt 1.4287 -1.0137
vt 1.4150 -0.6475
vt 1.5020 -0.6475
vt 1.4062 -0.2510
vt 1.3008 0.1025
vt 1.2842 -0.2529
vt 1.2998 -0.6475
vt 1.3232 -1.0137
vt 1.4375 -1.2939
vt 1.5381 -1.4180
vt 1.5742 -1.4180
vt 1.4336 -1.4180
vt 1.3389 -1.2910
vt 1.2852 -1.0137
vt 1.2627 -0.6475
vt 1.2461 -0.2539
vt 1.2637 0.1016
vt 1.2588 0.4473
vt 1.2402 0.8154
vt 1.2051 -0.6475
vt 1.2119 -1.0137
vt 1.3037 -1.2920
vt 1.3184 -1.4180
vt 1.4307 -1.5762
vt 1.5127 -1.5771
vt 1.5127 -1.8682
vt 1.4307 -1.8682
vt 1.5273 -1.9980
vt 1.4316 -1.9980
vt 1.3252 -1.9980
vt 1.2822 -1.4180
vt 1.2539 1.0801
vt 1.2441 1.1924
vt 1.2734 1.5557
vt 1.2061 1.5566
vt 1.2002 1.9023
vt 1.2715 1.9014
vt 1.3105 1.5557
vt 1.5127 -1.8682
vt 1.5273 -1.9980
vt 1.5615 -1.9980
vt 1.5449 -1.8672
vt 1.6855 -1.9980
vt 1.5449 -1.5762
vt 1.5127 -1.5771
vt 1.6758 -1.5762
vt 1.5742 -1.4180
vt 1.5381 -1.4180
vt 1.6377 -1.4180
vt 1.5732 -1.2959
vt 1.5381 -1.2949
vt 1.5752 -1.0137
vt 1.5371 -1.0137
vt 1.6338 -1.2969
vt -0.5166 4.0811
vt -0.5615 4.1592
vt -0.5508 4.0811
vt 1.5654 3.7520
vt 1.5254 3.7520
vt 1.5654 3.6436
vt 1.6533 3.6445
vt -0.3164 4.0762
vt -0.3154 4.1533
vt -0.4268 4.1562
vt -0.4297 4.0791
vt -0.3203 3.8750
vt -0.5264 4.1582
vt -0.5166 4.0811
vt -0.5615 4.1592
vt -0.4355 3.8779
vt -0.5234 3.8809
vt -0.5508 4.0811
vt -0.4355 3.7285
vt -0.3281 3.7266
vt -0.2861 3.8740
vt -0.2900 3.7256
vt -0.2402 3.8721
vt -0.2354 4.0742
vt -0.2197 3.7236
vt -0.2861 3.6240
vt -0.3262 3.6250
vt -0.4414 3.6270
vt -0.5312 3.7314
vt -0.5576 3.8809
vt -0.6504 4.0840
vt -0.6562 4.1611
vt -0.7236 4.0859
vt -0.7295 4.1611
vt -0.9678 4.0928
vt -0.9580 4.1777
vt -0.7305 3.8887
vt -0.6592 3.8838
vt -0.5693 3.7324
vt -0.5449 3.6279
vt -0.6836 3.7354
vt -0.6670 3.6309
vt -0.7412 3.7402
vt -0.9404 3.7480
vt -0.9795 3.9014
vt -1.1328 4.1074
vt -1.1191 4.2002
vt -1.2930 4.2529
vt -1.3145 4.1377
vt -1.1465 3.9082
vt -1.3311 3.9092
vt -1.3213 3.7471
vt -1.1230 3.7559
vt -1.1211 3.6523
vt -1.3232 3.6680
vt -1.1748 3.3926
vt -1.3721 3.4141
vt -1.3799 3.1289
vt -1.1738 3.1221
vt -1.4023 2.6963
vt -0.9922 3.3789
vt -0.9297 3.6436
vt -0.7422 3.6318
vt -0.7236 3.3779
vt -0.9824 3.1123
vt -1.1943 2.6943
vt -1.4043 2.5283
vt -1.1934 2.5068
vt -0.9980 2.6826
vt -0.7578 2.6592
vt -0.7109 3.0967
vt -0.6631 3.0947
vt -0.6650 3.3760
vt -0.5977 3.3750
vt -0.5850 3.6299
vt -0.5576 3.3740
vt -0.4463 3.3721
vt -0.3164 3.3691
vt -0.2773 3.3691
vt -0.2217 3.3682
vt -0.2373 3.0859
vt -0.2373 2.6465
vt -0.2900 3.0869
vt -0.3281 3.0879
vt -0.4531 3.0898
vt -0.5488 3.0928
vt -0.5869 3.0928
vt -0.5654 2.6533
vt -0.4639 2.6514
vt -0.3389 2.6484
vt -0.2998 2.6475
vt -0.2656 2.4561
vt -0.3379 2.4580
vt -0.3740 2.4570
vt -0.4688 2.4600
vt -0.5703 2.4619
vt -0.6045 2.6553
vt -0.6836 2.6572
vt -0.6670 2.4639
vt -0.6055 2.4629
vt -0.5713 2.2998
vt -0.4717 2.2979
vt -0.3789 2.2969
vt -0.3438 2.2969
vt -0.2725 2.2949
vt -0.3184 1.9492
vt -0.3564 1.9502
vt -0.4756 1.9521
vt -0.5840 1.9531
vt -0.6055 2.2998
vt -0.6660 2.3008
vt -0.6221 1.9541
vt -0.5801 1.8545
vt -0.4775 1.8525
vt -0.3496 1.8506
vt -0.3096 1.8506
vt -0.2588 1.9482
vt -0.2197 2.2949
vt -0.2100 2.4570
vt -0.1523 2.6426
vt 0.1621 2.2842
vt -0.1865 1.9463
vt -0.2461 1.8496
vt -0.2617 1.5654
vt -0.3311 1.5664
vt -0.3691 1.5664
vt -0.4834 1.5684
vt -0.5908 1.5693
vt -0.6211 1.8555
vt -0.6875 1.9551
vt -0.7012 1.8564
vt -0.6279 1.5693
vt -0.4854 1.2002
vt -0.3662 1.1992
vt -0.3262 1.1992
vt -0.2549 1.1982
vt -0.2012 1.5654
vt -0.1611 1.8486
vt 0.2070 1.9248
vt 0.2900 1.9209
vt 0.1719 1.5576
vt 0.1260 1.1729
vt -0.1826 1.1973
vt -0.1582 1.0137
vt -0.2461 1.0166
vt -0.3115 1.0166
vt -0.3535 1.0166
vt -0.6982 1.5703
vt -0.7695 1.2012
vt -0.7510 1.5713
vt -1.0527 1.2100
vt -1.0234 1.0078
vt -1.2295 1.0049
vt -1.2334 0.8008
vt -1.2217 0.4395
vt -1.2432 0.0527
vt -1.4443 0.4395
vt -1.4688 0.0645
vt -1.4541 0.7979
vt -1.4541 0.9990
vt -1.2490 1.2148
vt -1.4668 1.2148
vt -1.4395 1.5811
vt -1.2188 1.5811
vt -1.0137 1.5801
vt -1.0449 1.9551
vt -0.7715 1.8574
vt -0.7471 1.9531
vt -0.7100 2.3018
vt -0.7139 2.4678
vt -0.9951 2.4941
vt -1.0449 2.2959
vt -1.2422 2.3037
vt -1.4512 2.3271
vt -1.2520 1.9561
vt -1.4697 1.9512
vt -0.3252 0.9111
vt -0.2646 0.9111
vt -0.1992 0.9150
vt 0.1689 0.8096
vt 0.2588 0.8164
vt 0.1719 1.1719
vt 0.2627 1.5547
vt -0.2734 -1.8682
vt -0.2559 -1.9980
vt -0.2129 -1.9980
vt -0.2334 -1.8682
vt -0.1699 -1.8682
vt 1.3027 4.1318
vt 1.2490 4.2236
vt 1.2656 4.1318
vt 1.3037 -1.2920
vt 1.3389 -1.2910
vt 1.2852 -1.0137
vt 1.2119 -1.0137
vt 1.2822 -1.4180
vt 1.3184 -1.4180
vt 1.2354 -1.2910
vt 1.2969 -1.5762
vt 1.3291 -1.5762
vt 1.2246 -1.4180
vt 1.2969 -1.8682
vt 1.3291 -1.8682
vt 1.2373 -1.8682
vt 1.3252 -1.9980
vt 1.2910 -1.9980
vt 1.2295 -1.9980
vt -0.2715 -1.3232
vt -0.3125 -1.3252
vt -0.2441 -1.4180
vt -0.1768 -1.4180
vt -0.2871 -1.4180
vt -0.2529 -1.6152
vt -0.1914 -1.6152
vt -0.1416 3.8809
vt -0.1377 4.0635
vt 0.1572 4.0781
vt 0.1582 4.1709
vt -0.1455 4.1436
vt -0.2246 4.1514
vt -0.2822 4.0752
vt -0.2900 3.7256
vt -0.3203 3.8750
vt -0.3281 3.7266
vt -0.3164 4.0762
vt -0.2861 3.8740
vt -0.2822 4.0752
vt -0.2354 4.0742
vt -0.3154 4.1533
vt -0.2812 4.1533
vt -0.2246 4.1514
vt -0.5146 -1.9980
vt -0.5156 -1.8682
vt -0.5557 -1.8682
vt -0.5576 -1.9980
vt -0.7158 -1.9980
vt 1.5547 4.1289
vt 1.5205 4.2158
vt 1.5176 4.1289
vt -0.5693 -1.4170
vt -0.5264 -1.4189
vt -0.5596 -1.3281
vt -0.6475 -1.3291
vt -0.5664 -1.6152
vt -0.5273 -1.6152
vt -0.6621 -1.4180
vt -0.5850 3.6299
vt -0.5449 3.6279
vt -0.5693 3.7324
vt -0.6670 3.6309
vt -1.7969 -3.2744
vt -1.7598 -3.3506
vt -1.4883 -3.4580
vt -1.4023 -3.2959
vt -1.2900 -3.4785
vt -1.0850 -3.4531
vt -0.7539 -3.3242
vt -0.8701 -3.4961
vt -0.6719 -3.4902
vt -0.4082 -3.4072
vt -0.3711 -3.3369
vt -0.3662 -3.2256
vt -0.7490 -3.2080
vt -0.3643 -3.1836
vt -1.3975 -3.1797
vt -1.7920 -3.1631
vt -1.3955 -3.1387
vt -1.7900 -3.1211
vt -0.7471 -3.1670
vt -0.3584 -3.0654
vt -0.7422 -3.0488
vt -0.3535 -2.9355
vt -1.3906 -3.0205
vt -1.7852 -3.0039
vt -1.3848 -2.8906
vt -1.7793 -2.8730
vt -0.7363 -2.9189
vt -0.3516 -2.8936
vt -0.7344 -2.8770
vt -0.3486 -2.8271
vt -1.3828 -2.8486
vt -1.7783 -2.8320
vt -1.3799 -2.7783
vt -1.7744 -2.7568
vt -1.7480 -2.6924
vt -1.3672 -2.7090
vt -1.2871 -2.7119
vt -0.7314 -2.8066
vt -0.7373 -2.7363
vt -0.3770 -2.7520
vt 0.8643 -3.4971
vt 1.1455 -3.4219
vt 1.1865 -3.3740
vt 0.7910 -3.3701
vt 0.6680 -3.5039
vt 0.4648 -3.4658
vt 0.1436 -3.3584
vt 0.2480 -3.4951
vt 0.0518 -3.4814
vt -0.2070 -3.4004
vt -0.2402 -3.3486
vt -0.2383 -3.1963
vt 0.1650 -3.2031
vt -0.2373 -3.1553
vt 0.7939 -3.2148
vt 1.1895 -3.2217
vt 1.1904 -3.1797
vt 0.7949 -3.1729
vt 1.1924 -3.0625
vt 0.1709 -3.1621
vt -0.2354 -3.0371
vt 0.1885 -3.0449
vt -0.2324 -2.9062
vt 0.7969 -3.0547
vt 1.1943 -2.9316
vt 0.7988 -2.9248
vt 1.1953 -2.8896
vt 0.2070 -2.9141
vt -0.2324 -2.8652
vt 0.2129 -2.8730
vt -0.2314 -2.7979
vt 0.7998 -2.8828
vt 1.1973 -2.8145
vt 0.8008 -2.8125
vt 1.1738 -2.7490
vt 0.8125 -2.7422
vt 0.7266 -2.7412
vt 0.2227 -2.8027
vt 0.2295 -2.7324
vt -0.1973 -2.7246
vt 0.3115 -2.7334
vt -1.2734 -1.9951
vt -1.2695 -1.8672
vt -1.4912 -2.0342
vt -1.4912 -1.8857
vt -1.4648 -1.6113
vt -1.2451 -1.6182
vt -1.4268 -1.4160
vt -1.0723 -1.8672
vt -1.0479 -1.6230
vt -1.2051 -1.4219
vt -1.2041 -1.0117
vt -1.4268 -1.0195
vt -1.2471 -0.6426
vt -1.4648 -0.6514
vt -1.4883 -0.3291
vt -1.2637 -0.3340
vn 0.6005 -0.7170 0.3540
vn 0.9079 -0.4085 0.0939
vn 0.4064 -0.9001 0.1570
vn -0.7898 -0.5891 -0.1708
vn 0.9366 0.3505 -0.0005
vn 0.5859 0.7252 0.3618
vn -0.1943 -0.9225 -0.3336
vn -0.4380 -0.7508 0.4944
vn 0.2538 0.7690 -0.5867
vn 0.3002 0.7042 -0.6435
vn 0.9286 -0.2253 -0.2947
vn 0.8468 -0.4758 0.2377
vn -0.6840 -0.6060 -0.4060
vn 0.9115 -0.3674 -0.1848
vn 0.9619 -0.0437 0.2697
vn -0.1097 0.8665 0.4870
vn 0.5550 0.2861 0.7811
vn -0.0187 -0.3118 -0.9500
vn -0.9197 -0.3514 0.1752
vn 0.0852 0.9812 -0.1731
vn -0.9503 0.2712 0.1528
vn -0.5975 0.5299 0.6018
vn -0.4239 0.8916 -0.1596
vn -0.6437 -0.6310 0.4329
vn 0.8574 -0.3945 0.3306
vn 0.8541 -0.4539 -0.2540
vn -0.7800 0.6254 0.0220
vn 0.1358 0.5437 0.8282
vn -0.4220 -0.8832 -0.2045
vn 0.2171 -0.9528 -0.2122
vn -0.6458 0.0250 -0.7631
vn 0.5671 0.8229 0.0356
vn -0.7216 0.1465 0.6766
vn 0.6652 -0.7355 0.1288
vn -0.7836 -0.2091 -0.5850
vn 0.4941 0.0575 0.8675
vn -0.0151 -0.9732 0.2293
vn -0.7020 -0.4105 -0.5820
vn 0.0076 -0.5365 0.8439
vn -0.8832 0.2299 0.4088
vn 0.1353 0.9030 0.4079
vn 0.1311 0.7264 0.6746
vn 0.1257 0.9138 0.3862
vn -0.0270 0.8833 -0.4680
vn -0.9363 0.3195 0.1458
vn 0.8891 -0.4521 0.0710
vn -0.9142 0.3965 -0.0835
vn 0.3568 0.8926 0.2755
vn -0.7303 0.6760 0.0982
vn -0.5178 0.4478 0.7289
vn -0.0719 -0.7429 -0.6655
vn 0.8250 -0.5498 -0.1309
vn -0.6203 0.7126 0.3276
vn -0.6122 0.7441 -0.2675
vn 0.4932 0.8572 0.1483
vn -0.5631 0.7913 0.2382
vn 0.2490 0.3407 0.9066
vn 0.2677 -0.4439 -0.8552
vn 0.8468 -0.5318 0.0097
vn 0.3293 0.0641 0.9420
vn 0.4610 0.3722 0.8056
vn -0.0804 -0.8687 -0.4888
vn -0.8325 -0.0389 -0.5527
vn 0.3718 0.6245 -0.6869
vn 0.3485 0.9288 -0.1258
vn -0.8057 0.5895 -0.0577
vn 0.6421 -0.7648 0.0522
vn -0.0298 0.7571 0.6527
vn -0.7478 -0.2197 -0.6265
vn -0.3909 0.3916 0.8330
vn 0.6263 -0.6410 -0.4437
vn -0.1171 -0.7666 -0.6313
vn 0.8075 -0.5892 0.0273
vn -0.3835 -0.9188 0.0939
vn -0.2803 -0.4644 0.8401
vn 0.9289 -0.1875 -0.3194
vn 0.1810 0.5937 0.7840
vn 0.5361 -0.8225 -0.1899
vn -0.7364 0.4149 -0.5344
vn -0.3035 -0.8243 0.4779
vn -0.9768 -0.0785 -0.1991
vn -0.6128 -0.7515 0.2444
vn 0.8204 0.4931 -0.2895
vn 0.5681 0.8056 0.1685
vn -0.6879 -0.7173 -0.1107
vn -0.2424 -0.9383 0.2465
vn 0.5739 0.8187 0.0200
vn 0.9032 0.4254 -0.0562
vn 0.3432 -0.4728 0.8116
vn 0.8411 -0.4901 -0.2289
vn 0.4861 -0.7650 0.4225
vn 0.7107 -0.3718 -0.5972
vn 0.5713 0.6127 -0.5461
vn -0.3794 0.4590 -0.8034
vn -0.1677 0.0111 -0.9858
vn -0.0496 -0.8522 0.5209
vn -0.8782 0.4704 0.0872
vn 0.8347 -0.5447 0.0811
vn -0.8666 -0.4679 0.1736
vn 0.8726 -0.4520 0.1850
vn 0.3562 0.9218 -0.1529
vn -0.7317 0.4297 -0.5290
vn 0.2709 0.9489 -0.1618
vn -0.1812 -0.6097 -0.7716
vn 0.7532 0.5148 -0.4094
vn 0.3756 0.9243 -0.0680
vn 0.3852 0.8380 -0.3864
vn 0.1328 0.4907 0.8611
vn 0.6618 -0.5662 -0.4915
vn 0.5833 0.7227 -0.3708
vn -0.1297 -0.7553 0.6424
vn 0.5811 -0.4568 0.6735
vn 0.3734 0.0111 -0.9276
vn -0.9714 0.0111 0.2372
vn -0.7200 -0.2914 0.6298
vn -0.5934 0.7871 0.1682
vn 0.4174 0.7616 0.4957
vn 0.9071 -0.4193 -0.0366
vn 0.0327 -0.8924 -0.4502
vn -0.8258 0.2910 0.4830
vn -0.2204 -0.7444 0.6303
vn 0.8290 -0.1776 0.5303
vn 0.0730 0.8158 0.5737
vn 0.1509 -0.6089 -0.7788
vn -0.0773 -0.7787 -0.6226
vn 0.8838 -0.0444 0.4658
vn -0.4380 -0.0362 0.8983
vn -0.0399 0.4130 0.9098
vn -0.8988 -0.0976 0.4275
vn 0.4591 -0.7284 -0.5086
vn 0.3418 -0.9341 0.1032
vn 0.5537 -0.5839 0.5937
vn 0.8383 -0.0314 0.5444
vn 0.7924 0.0034 0.6100
vn 0.2431 0.9660 -0.0880
vn 0.6016 -0.7415 -0.2970
vn -0.2463 -0.8556 0.4552
vn 0.9094 0.0111 -0.4157
vn 0.8000 0.0111 -0.5999
vn 0.7668 0.0111 -0.6417
vn 0.8148 0.0111 -0.5796
vn -0.4635 0.0111 -0.8860
vn -0.4767 0.0111 0.8790
vn 0.1585 0.0111 0.9873
vn 0.8228 0.3238 0.4671
vn -0.4099 0.0111 -0.9120
vn -0.6929 0.0111 -0.7209
vn 0.1143 0.0111 -0.9934
vn 0.7212 0.0111 0.6926
vn 0.6320 0.0111 0.7749
vn -0.5281 0.0111 0.8491
vn 0.5679 0.1978 0.7990
vn -0.9036 -0.0783 -0.4212
vn -0.1657 -0.3584 0.9187
vn 0.5706 -0.6407 -0.5137
vn 0.4462 -0.0152 0.8948
vn -0.7366 -0.1402 -0.6616
vn 0.5389 0.1126 0.8348
vn 0.4461 -0.0152 0.8949
vn -0.7923 -0.2117 0.5723
vn 0.8305 -0.5554 0.0425
vn -0.2989 -0.4039 0.8646
vn -0.4603 0.0581 -0.8859
vn -0.7092 0.0111 -0.7049
vn 0.5348 0.3890 0.7501
vn -0.8847 -0.4531 -0.1101
vn 0.9044 -0.3543 0.2378
vn -0.3607 -0.8899 -0.2792
vn -0.2587 -0.9365 0.2369
vn -0.9098 0.3640 0.1991
vn 0.9755 0.2197 0.0080
vn -0.0735 0.9811 0.1791
vn 0.8543 0.5096 0.1026
vn 0.8163 0.5691 -0.0983
vn -0.2979 0.7935 -0.5306
vn -0.2077 0.2636 -0.9420
vn -0.7087 0.7040 0.0468
vn 0.1946 -0.9787 -0.0650
vn -0.1866 -0.7142 -0.6746
vn 0.2816 -0.3630 -0.8882
vn -0.5153 0.0111 0.8569
vn 0.5567 0.0111 -0.8306
vn -0.7082 0.0111 -0.7059
vn -0.6421 0.0111 0.7666
vn 0.7734 0.0111 -0.6338
vn 0.7042 0.0111 -0.7099
vn -0.4898 0.0111 -0.8718
vn -0.4724 0.0111 0.8813
vn 0.5386 0.0111 -0.8425
vn 0.6228 0.0111 -0.7823
vn -0.6820 0.0111 -0.7312
vn 0.7071 0.0111 -0.7071
vn 0.9456 -0.1633 0.2813
vn -0.2866 -0.3811 -0.8790
vn -0.3019 0.3243 0.8965
vn 0.4455 -0.5341 -0.7185
vn 0.5032 -0.4004 -0.7658
vn -0.2856 0.3564 0.8896
vn -0.3629 -0.7722 -0.5216
vn 0.6068 0.6385 0.4734
vn -0.8903 0.3406 0.3022
vn 0.7765 0.6207 0.1089
vn -0.8078 -0.1447 0.5715
vn -0.9621 0.2562 -0.0933
vn -0.1046 0.2366 0.9660
vn 0.1153 0.0111 0.9933
vn 0.2026 0.3213 0.9251
vn -0.3819 -0.5960 -0.7063
vn 0.5823 0.0111 0.8129
vn 0.6602 0.0111 -0.7510
vn -0.5733 0.0111 0.8193
vn 0.7071 0.0111 -0.7070
vn 0.8540 0.0111 -0.5202
vn -0.5034 0.0111 -0.8640
vn -0.7071 0.0111 -0.7070
vn 0.2109 0.3193 0.9239
vn 0.2159 -0.3931 -0.8938
vn -0.1463 -0.8336 -0.5326
vn 0.4282 0.7097 0.5594
vn 0.8205 0.5507 0.1532
vn -0.5806 -0.2927 -0.7597
vn 0.2092 0.0101 0.9778
vn 0.0964 0.0111 0.9953
vn -0.5985 0.0111 0.8010
vn 0.5434 0.0111 0.8394
vn 0.8936 0.0111 0.4486
vn -0.7382 0.0111 -0.6745
vn 0.8176 0.0111 -0.5757
vn -0.5445 0.0111 -0.8387
vn 0.5219 0.0111 -0.8530
vn -0.2163 0.3591 -0.9079
vn -0.9745 0.0111 0.2242
vn -0.8860 0.0111 0.4636
vn -0.8290 0.0111 -0.5591
vn -0.5685 0.0111 -0.8226
vn 0.8355 0.0111 0.5494
vn 0.9563 -0.1882 -0.2238
vn -0.1339 0.3335 0.9332
vn 0.0727 -0.9565 0.2824
vn -0.7877 -0.4003 -0.4682
vn 0.4287 0.7751 0.4642
vn -0.5469 0.6099 0.5735
vn -0.8756 0.3563 0.3262
vn 0.6792 0.7041 0.2071
vn -0.5594 -0.4731 -0.6806
vn 0.9801 -0.0805 -0.1817
vn 0.2154 0.0398 -0.9757
vn 0.7957 -0.0146 -0.6055
vn 0.1652 0.0595 -0.9845
vn -0.7005 0.0111 -0.7135
vn -0.2423 0.2156 -0.9459
vn 0.0099 0.5011 -0.8653
vn -0.7696 0.6309 0.0981
vn 0.8209 -0.5703 0.0283
vn -0.4471 -0.2408 0.8614
vn -0.7869 -0.1236 0.6046
vn -0.8128 -0.1469 0.5637
vn -0.7905 -0.1639 0.5902
vn -0.9606 0.2575 0.1050
vn -0.9189 0.3818 0.0991
vn 0.2577 0.8394 0.4786
vn -0.2048 -0.9630 -0.1754
vn 0.4962 -0.2343 0.8360
vn 0.9554 -0.1798 0.2341
vn -0.6141 -0.5911 0.5229
vn -0.4792 0.0806 0.8740
vn -0.4387 0.0080 0.8986
vn -0.8075 -0.5679 -0.1594
vn -0.0059 -0.0078 1.0000
vn -0.6183 -0.6744 0.4035
vn -0.5032 0.8546 0.1282
vn 0.5867 -0.4783 -0.6534
vn 0.4483 -0.7221 0.5269
vn 0.5219 -0.5176 0.6781
vn 0.4357 -0.6815 0.5880
vn -0.5064 -0.8301 0.2334
vn -0.8927 -0.3473 0.2871
vn -0.4616 0.8869 0.0155
vn -0.3631 0.7222 -0.5886
vn 0.3333 -0.9100 -0.2465
vn 0.3814 0.4679 -0.7972
vn 0.5735 0.5295 -0.6251
vn 0.4538 0.7128 -0.5348
vn -0.0383 0.8321 -0.5533
vn -0.9629 -0.2439 0.1154
vn 0.0669 -0.9928 0.0990
vn -0.1509 -0.9769 -0.1512
vn -0.9037 -0.4067 0.1341
vn -0.8274 -0.4380 0.3516
vn 0.0544 -0.8249 0.5627
vn 0.6368 0.7604 -0.1276
vn 0.4517 -0.8421 -0.2946
vn -0.8085 0.0615 -0.5852
vn 0.3210 -0.4504 -0.8331
vn -0.8161 0.5642 -0.1249
vn -0.5662 -0.5843 -0.5814
vn -0.6732 -0.4366 -0.5969
vn -0.3682 0.8770 -0.3087
vn 0.2599 -0.6993 -0.6659
vn -0.5280 0.8457 -0.0768
vn -0.7612 -0.4437 0.4730
vn -0.6420 -0.6600 -0.3902
vn -0.2913 -0.1160 -0.9496
vn -0.4022 -0.8969 -0.1839
vn -0.5986 -0.7031 -0.3838
vn -0.9125 -0.3913 -0.1190
vn -0.6385 0.7620 0.1080
vn 0.1479 0.8409 -0.5206
vn 0.8616 0.3215 0.3928
vn 0.8200 0.1569 0.5504
vn -0.0251 0.8110 0.5845
vn -0.0988 0.8912 0.4426
vn -0.6490 0.6575 0.3827
vn -0.9105 -0.4038 -0.0896
vn -0.4778 0.6538 0.5867
vn 0.6299 -0.0041 0.7766
vn 0.5765 0.7990 0.1711
vn 0.1518 0.9402 0.3050
vn 0.5757 -0.6582 0.4851
vn 0.6534 -0.6925 0.3057
vn 0.1380 -0.7071 0.6935
vn 0.0644 0.4459 -0.8928
vn 0.3100 -0.2011 0.9292
vn 0.9184 -0.3682 0.1452
vn -0.1852 -0.7482 0.6371
vn -0.1307 0.0498 -0.9902
vn -0.3067 -0.1141 0.9449
vn 0.0908 -0.2667 -0.9595
vn 0.6766 -0.3088 0.6685
vn 0.4535 0.6971 -0.5554
vn -0.3385 -0.7643 0.5488
vn 0.6008 0.7581 0.2536
vn 0.7027 -0.5949 0.3903
vn -0.5778 -0.7971 -0.1755
vn -0.9985 0.0408 -0.0365
vn -0.0008 0.8500 -0.5268
vn -0.6197 0.2336 -0.7493
vn 0.8295 -0.0134 0.5584
vn -0.9958 0.0365 0.0844
vn 0.7960 0.2870 0.5329
vn -0.3849 -0.5581 0.7351
vn -0.7891 -0.2464 -0.5626
vn -0.7690 0.3585 -0.5293
vn 0.0422 0.7028 -0.7101
vn 0.0915 0.5018 -0.8601
vn -0.5113 0.1537 0.8455
vn 0.3040 -0.7778 0.5501
vn 0.6155 0.2445 -0.7492
vn -0.6034 0.1468 -0.7838
vn -0.5147 -0.0039 0.8574
vn -0.5251 -0.5640 0.6374
vn -0.7979 0.5784 -0.1696
vn 0.6096 0.1473 0.7789
vn 0.7164 -0.1758 0.6752
vn -0.5431 0.0834 -0.8355
vn 0.6338 0.4228 -0.6477
vn 0.5825 0.1647 0.7960
vn -0.6782 0.3319 -0.6556
vn 0.5961 -0.5407 0.5936
vn -0.5353 -0.4402 0.7209
vn -0.4622 -0.5522 0.6938
vn -0.9878 0.0003 0.1558
vn 0.7185 0.2915 -0.6315
vn 0.6091 0.0178 0.7929
vn 0.4192 0.3695 -0.8293
vn -0.6873 -0.1044 0.7188
vn -0.6796 -0.3722 0.6322
vn -0.5426 -0.3842 0.7469
vn -0.0447 -0.6123 0.7894
vn 0.8659 -0.5002 0.0088
vn 0.0371 -0.7119 0.7013
vn 0.4157 0.9084 -0.0439
vn 0.9158 -0.3835 -0.1191
vn 0.1517 -0.9847 -0.0860
vn -0.4106 0.9118 -0.0048
vn -0.8093 0.5871 0.0205
vn -0.8778 -0.0370 0.4775
vn 0.3295 0.2980 -0.8959
vn 0.4850 0.3028 -0.8204
vn 0.4848 -0.0470 -0.8734
vn 0.6348 0.4035 -0.6589
vn 0.5764 0.1778 0.7976
vn -0.6804 0.1792 0.7106
vn -0.6347 -0.3591 0.6843
vn -0.5710 -0.3834 0.7259
vn -0.9478 0.3175 0.0303
vn -0.7040 0.2186 -0.6757
vn -0.6756 -0.2360 -0.6985
vn -0.6793 -0.0684 -0.7307
vn 0.8215 0.4069 -0.3995
vn 0.5232 -0.0148 -0.8521
vn 0.9652 -0.2123 0.1524
vn -0.2187 0.2032 -0.9544
vn 0.4515 -0.8824 0.1327
vn -0.5119 -0.6337 0.5800
vn 0.7231 0.6000 0.3423
vn 0.0076 -0.5090 -0.8607
vn -0.9176 -0.3534 0.1821
vn 0.4288 0.6213 -0.6559
vn -0.9514 -0.2095 -0.2259
vn -0.1885 0.9821 -0.0039
vn 0.9047 0.1299 0.4057
vn -0.9600 0.2719 -0.0674
vn -0.7462 -0.0755 0.6615
vn 0.9112 -0.4054 0.0737
vn 0.3554 0.1925 -0.9147
vn -0.5243 0.0372 -0.8507
vn -0.2099 -0.6827 0.6999
vn 0.6373 -0.6815 0.3596
vn 0.2803 -0.8177 -0.5028
vn -0.5933 0.2785 0.7553
vn 0.5259 0.6484 -0.5505
vn 0.8553 0.5115 -0.0832
vn -0.5213 0.8011 0.2941
vn -0.0353 0.4660 -0.8841
vn -0.6654 -0.5640 0.4890
vn -0.9742 -0.1837 -0.1309
vn -0.9477 -0.3154 -0.0487
vn 0.4259 -0.8687 0.2530
vn 0.6682 -0.6220 -0.4082
vn -0.1202 0.9616 0.2467
vn -0.4158 0.8560 -0.3073
vn -0.6809 0.6122 0.4021
vn 0.8019 -0.4179 0.4271
vn 0.2579 -0.7351 0.6270
vn 0.9264 0.0712 -0.3698
vn 0.7543 0.0036 -0.6565
vn 0.5807 -0.3585 -0.7310
vn -0.8453 0.4198 -0.3306
vn 0.6760 0.1102 -0.7287
vn -0.0807 -0.3564 0.9308
vn -0.5856 0.1112 -0.8029
vn 0.5021 0.7871 -0.3581
vn -0.7347 0.6703 0.1039
vn 0.5295 -0.8424 -0.1004
vn 0.5093 0.8438 -0.1693
vn -0.3869 0.9207 -0.0511
vn -0.5024 0.8556 0.1247
vn 0.4534 -0.8770 -0.1587
vn -0.7319 -0.4137 0.5415
vn 0.0289 0.4296 -0.9026
vn 0.6541 -0.7543 0.0556
vn 0.4686 0.4105 -0.7823
vn 0.4483 -0.8830 -0.1390
vn 0.4389 -0.8761 0.1994
vn 0.7413 0.5557 -0.3763
vn -0.7808 0.5134 0.3560
vn -0.2765 0.9259 -0.2575
vn 0.0441 0.3825 -0.9229
vn -0.3091 -0.5669 0.7636
vn 0.1502 0.0056 0.9886
vn -0.6823 0.4182 -0.5997
vn -0.6406 -0.0367 -0.7670
vn -0.6941 0.0001 -0.7198
vn 0.6675 -0.0160 -0.7444
vn -0.5281 0.0472 -0.8479
vn -0.6395 -0.2045 0.7411
vn 0.0616 0.3043 0.9506
vn 0.7446 0.1723 0.6449
vn -0.6252 0.1738 -0.7609
vn 0.5452 0.6439 -0.5369
vn -0.4172 -0.7387 0.5294
vn 0.4948 0.0973 0.8636
vn 0.6185 0.1172 -0.7770
vn 0.5232 0.4419 0.7287
vn 0.8686 0.3512 -0.3494
vn 0.7267 0.2382 -0.6443
vn 0.7827 -0.2033 -0.5883
vn -0.9955 -0.0702 -0.0633
vn 0.3190 -0.8091 0.4935
vn 0.3388 -0.8934 0.2951
vn -0.2654 0.9310 0.2505
vn -0.6341 -0.4584 0.6227
vn -0.2608 0.0945 -0.9608
vn -0.1827 -0.1100 0.9770
vn 0.3570 0.8105 -0.4644
vn 0.9450 -0.3158 0.0851
vn -0.5246 -0.6611 0.5365
vn -0.9892 -0.1385 0.0483
vn 0.9586 -0.1671 0.2306
vn 0.7647 0.0664 -0.6409
vn 0.0369 -0.9731 0.2274
vn -0.1606 -0.9718 0.1726
vn 0.2180 -0.8209 -0.5279
vn 0.0355 -0.1882 -0.9815
vn 0.5789 0.7272 -0.3690
vn -0.3890 0.9097 -0.1455
vn -0.8762 -0.4650 0.1267
vn -0.4207 0.9059 -0.0479
vn -0.8389 -0.5106 -0.1887
vn -0.6788 -0.7215 -0.1365
vn 0.4374 0.4453 -0.7813
vn 0.4549 -0.8873 -0.0759
vn 0.3266 -0.9103 -0.2541
vn 0.3026 -0.8754 0.3770
vn 0.1906 -0.5487 -0.8140
vn 0.1229 -0.5592 -0.8199
vn 0.6832 0.6617 -0.3088
vn -0.5089 -0.8599 0.0406
vn 0.3268 -0.8708 0.3673
vn -0.9727 -0.1126 0.2027
vn 0.8499 -0.5171 0.1012
vn 0.7379 -0.4757 0.4787
vn -0.9112 -0.2359 0.3379
vn -0.8943 -0.4336 -0.1103
vn -0.4848 0.7592 0.4343
vn 0.7779 0.6164 0.1219
vn -0.7903 -0.6060 -0.0906
vn -0.6633 -0.7306 0.1618
vn -0.5694 -0.6184 -0.5416
vn -0.9011 -0.2040 0.3827
vn 0.5333 0.8397 -0.1029
vn 0.6041 0.7869 0.1262
vn 0.4627 -0.8060 -0.3691
vn 0.2435 -0.2238 -0.9437
vn 0.6561 0.5877 0.4735
vn 0.8697 -0.4917 -0.0432
vn 0.4208 -0.8923 -0.1635
vn 0.9012 0.4204 -0.1056
vn -0.5382 -0.8344 0.1188
vn -0.8700 -0.4835 -0.0964
vn -0.6240 -0.2560 0.7383
vn -0.9003 -0.4353 0.0042
vn 0.7023 -0.4714 0.5334
vn 0.4474 -0.8940 -0.0223
vn -0.5488 -0.8344 0.0505
vn -0.4580 0.8890 0.0022
vn -0.4922 -0.8701 -0.0260
vn 0.5276 -0.6462 -0.5515
vn 0.0331 0.9630 -0.2676
vn 0.7792 0.5811 0.2347
vn 0.1542 0.5247 0.8372
vn -0.4860 0.5622 -0.6691
vn -0.8156 0.4662 0.3427
vn 0.5043 0.8495 0.1551
vn 0.5089 0.8550 0.0995
vn 0.9558 -0.2799 -0.0898
vn 0.1755 -0.7712 -0.6119
vn -0.1825 -0.0991 -0.9782
vn -0.7928 0.3472 0.5009
vn 0.7663 0.5347 -0.3563
vn -0.1790 0.7490 0.6379
vn 0.1935 -0.5504 -0.8122
vn -0.2276 0.9301 0.2884
vn 0.5277 0.8127 0.2470
vn -0.4444 0.8958 -0.0079
vn -0.7377 -0.6665 -0.1074
vn -0.0397 -0.5660 0.8235
vn -0.8163 0.4182 0.3985
vn 0.4087 0.8498 -0.3329
vn -0.0586 0.8430 0.5347
vn 0.1256 -0.2705 -0.9545
vn -0.2704 0.8570 0.4387
vn -0.9356 -0.3308 -0.1233
vn 0.7295 0.6651 -0.1598
vn -0.9454 0.3134 0.0888
vn -0.3921 -0.9021 0.1801
vn -0.6664 0.5890 -0.4572
vn -0.7336 0.6572 -0.1728
vn -0.6473 0.6705 0.3625
vn -0.0121 -0.8501 0.5265
vn -0.2486 0.1948 0.9488
vn 0.7923 -0.4322 -0.4306
vn 0.5831 -0.6244 0.5197
vn 0.4935 0.6755 -0.5478
vn 0.8106 -0.4215 -0.4066
vn -0.4664 -0.8247 0.3200
vn 0.4426 0.8047 -0.3956
vn 0.3951 0.4097 0.8222
vn 0.3215 0.9369 -0.1373
vn 0.3421 -0.9042 -0.2558
vn 0.8732 0.4103 -0.2628
vn -0.8089 0.5846 -0.0626
vn -0.6132 -0.7692 -0.1799
vn -0.3928 -0.8473 0.3575
vn -0.7031 -0.6643 0.2536
vn -0.7365 0.2509 0.6281
vn -0.7800 0.4421 -0.4429
vn 0.9264 -0.2558 -0.2764
vn -0.5230 -0.8004 -0.2931
vn 0.4975 0.4832 0.7204
vn 0.4485 0.7071 0.5467
vn -0.9486 -0.0670 0.3093
vn 0.9697 0.0151 -0.2438
vn -0.6267 0.2209 0.7472
vn 0.4994 0.8296 0.2496
vn 0.5439 0.7985 -0.2579
vn 0.6395 0.3345 -0.6922
vn -0.6570 0.5686 0.4950
vn -0.8273 -0.5506 -0.1116
vn -0.9414 -0.2125 0.2618
vn -0.6132 -0.6301 -0.4763
vn -0.2830 -0.4168 -0.8639
vn -0.7955 0.3512 0.4937
vn 0.0129 0.5704 -0.8213
vn -0.4907 0.1203 -0.8630
vn -0.8053 0.5005 -0.3178
vn 0.6893 0.4876 -0.5359
vn -0.1514 0.4817 0.8632
vn -0.6244 0.4066 -0.6669
vn -0.4780 -0.0748 0.8752
vn -0.9026 -0.2061 0.3779
vn 0.9035 -0.2695 -0.3332
vn -0.5324 -0.5618 0.6332
vn -0.8025 0.5722 0.1692
vn 0.6247 0.2231 0.7483
vn 0.7174 0.1417 0.6821
vn -0.6138 0.1692 0.7712
vn -0.6498 0.1214 -0.7503
vn 0.9283 0.1845 0.3228
vn 0.4464 -0.5931 -0.6700
vn -0.8803 -0.1928 0.4334
vn -0.9888 -0.1131 0.0977
vn 0.9359 -0.2790 -0.2151
vn 0.8607 0.4672 0.2020
vn 0.6260 -0.3873 0.6768
vn -0.6215 -0.3370 -0.7073
vn -0.2671 -0.4400 -0.8574
vn 0.3970 -0.8184 -0.4154
vn 0.0430 0.6130 0.7890
vn -0.4191 0.9054 0.0684
vn -0.5687 0.8225 0.0101
vn -0.4190 -0.8791 0.2273
vn 0.8911 0.4402 -0.1104
vn -0.3907 -0.5782 0.7163
vn 0.9391 -0.3396 0.0529
vn 0.7226 -0.6028 0.3384
vn 0.7249 -0.6387 -0.2581
vn -0.4703 -0.8825 0.0008
vn -0.8199 0.4950 -0.2876
vn -0.6798 0.7329 -0.0268
vn 0.5492 -0.6940 -0.4655
vn -0.4838 0.5666 0.6670
vn -0.6942 0.6979 -0.1760
vn 0.4570 0.8884 0.0440
vn 0.4187 0.7457 -0.5182
vn -0.8200 0.4532 0.3496
vn 0.8170 -0.4357 0.3777
vn 0.4862 -0.7340 0.4741
vn 0.4573 -0.8859 -0.0782
vn -0.6154 0.4777 -0.6269
vn -0.5069 0.8249 -0.2504
vn -0.5312 0.7468 0.4002
vn -0.6518 0.5496 -0.5225
vn 0.6714 0.7156 0.1926
vn -0.5255 -0.7071 0.4732
vn -0.6326 0.7218 0.2806
vn -0.6505 -0.3318 -0.6832
vn -0.5788 -0.7756 -0.2517
vn 0.7201 0.6914 0.0575
vn 0.2334 0.9459 -0.2256
vn 0.0637 0.7355 0.6746
vn 0.0750 0.9942 0.0769
vn -0.9042 0.3360 -0.2637
vn 0.5129 -0.4675 -0.7200
vn -0.3305 -0.9422 0.0544
vn -0.8407 -0.5413 -0.0124
vn 0.7294 -0.5153 0.4499
vn -0.6326 0.5960 -0.4945
vn -0.5729 -0.7072 -0.4143
vn 0.4834 0.5302 -0.6966
vn 0.0873 0.9475 0.3075
vn 0.0059 0.9638 0.2666
vn -0.0942 0.4393 0.8934
vn 0.1784 0.7901 0.5864
vn 0.2592 -0.9360 -0.2382
vn -0.0004 -0.7405 0.6721
vn -0.0306 0.2091 -0.9774
vn 0.1434 0.3670 -0.9191
vn 0.4092 0.0111 0.9124
vn 0.4840 -0.8455 0.2255
vn 0.9652 0.2595 0.0315
vn -0.8093 0.4767 -0.3433
vn -0.4525 0.8895 0.0628
vn -0.4805 0.6139 0.6263
vn -0.6984 0.6779 -0.2296
vn 0.5298 0.8463 0.0555
vn -0.5034 0.8516 -0.1461
vn 0.1233 0.9866 -0.1069
vn -0.6316 -0.7684 0.1031
vn -0.8700 0.2966 -0.3939
vn 0.5134 0.8219 -0.2468
vn 0.4004 0.6845 0.6092
vn 0.3614 0.9276 0.0941
vn -0.6965 0.6875 -0.2055
vn -0.3034 -0.7330 0.6089
vn 0.6970 -0.4641 0.5466
vn 0.5235 0.0111 -0.8519
vn 0.6088 0.0111 -0.7933
vn -0.9266 0.0111 0.3758
vn -0.1936 0.0111 0.9810
vn -0.2518 -0.7664 0.5909
vn -0.5380 -0.5160 0.6665
vn 0.5141 0.7964 0.3186
vn -0.5942 0.6332 0.4960
vn -0.4433 0.3694 0.8167
vn 0.4270 0.8999 0.0891
vn -0.3988 -0.8508 -0.3421
vn -0.0243 -0.8297 -0.5577
vn -0.3706 -0.0917 -0.9243
vn 0.5864 -0.3853 -0.7125
vn 0.0019 -0.1407 -0.9901
vn 0.6313 0.1368 -0.7634
vn 0.9753 -0.0869 0.2033
vn 0.7126 0.0159 0.7014
vn -0.6774 -0.2247 -0.7005
vn 0.6305 -0.1339 -0.7645
vn -0.7079 0.1789 -0.6833
vn -0.6282 -0.3489 0.6954
vn 0.8834 0.4678 -0.0262
vn -0.6806 0.2220 0.6983
vn -0.7064 -0.1512 0.6915
vn 0.6381 -0.1078 0.7623
vn 0.5180 -0.0625 0.8531
vn 0.9519 0.3061 -0.0096
vn -0.2951 -0.9510 -0.0918
vn 0.4644 0.7224 0.5124
vn 0.2004 0.6461 0.7365
vn 0.0413 -0.6448 -0.7633
vn 0.8414 -0.4478 0.3025
vn -0.8475 0.5274 -0.0597
vn -0.2643 0.2322 -0.9361
vn 0.6750 0.3688 0.6390
vn 0.2937 0.2198 0.9303
vn -0.6868 0.3874 0.6150
vn 0.8843 -0.3780 -0.2742
vn -0.2677 -0.8550 -0.4441
vn 0.4574 0.2367 -0.8572
vn 0.9958 0.0111 0.0911
vn 0.4361 0.0111 -0.8998
vn 0.7138 0.0111 -0.7003
vn 0.8446 0.0111 -0.5353
vn 0.6383 0.5123 0.5746
vn -0.1141 -0.9052 0.4094
vn 0.9360 -0.0608 0.3466
vn 0.5277 -0.1337 -0.8388
vn 0.1529 -0.9369 -0.3145
vn -0.0583 0.5452 -0.8363
vn -0.8198 -0.4877 -0.3001
vn 0.3866 -0.8401 0.3805
vn 0.4830 0.3056 -0.8206
vn -0.4593 -0.8740 0.1584
vn 0.4213 -0.8939 0.1532
vn 0.8100 0.5844 -0.0489
vn 0.6134 0.7727 0.1634
vn -0.6638 -0.7213 0.1978
vn 0.5367 0.6832 0.4952
vn 0.0745 -0.9700 0.2315
vn 0.2965 -0.8102 0.5056
vn -0.2718 0.4837 -0.8320
vn 0.6156 0.6110 -0.4978
vn 0.8637 0.4990 -0.0700
vn 0.0524 0.9969 -0.0579
vn -0.5821 0.3087 -0.7523
vn -0.7735 -0.6329 0.0337
vn -0.8913 0.4516 -0.0405
vn 0.0064 -0.9388 -0.3443
vn 0.7028 -0.7080 -0.0686
vn -0.6727 -0.3111 -0.6714
vn -0.2357 -0.6908 -0.6835
vn 0.1622 0.7054 0.6900
vn -0.3906 -0.8018 -0.4523
vn -0.9699 0.1624 0.1817
vn -0.1790 -0.9684 -0.1738
vn -0.2069 0.1163 0.9714
vn -0.6096 0.6699 -0.4237
vn -0.3526 -0.8691 -0.3470
vn -0.0126 -0.9523 0.3049
vn 0.1558 -0.9627 0.2210
vn 0.8559 -0.1457 -0.4962
vn -0.4533 0.0320 0.8908
vn -0.8453 -0.4943 -0.2031
vn -0.9728 0.1392 0.1852
vn -0.0586 0.9673 -0.2470
vn 0.4699 0.2863 0.8350
vn 0.7325 -0.6244 -0.2713
vn -0.5744 -0.8137 -0.0891
vn 0.6491 0.2122 0.7305
vn -0.3415 -0.9004 -0.2695
vn 0.5272 0.3996 0.7499
vn -0.2059 0.9755 0.0770
vn 0.8524 0.5222 0.0277
vn 0.1087 -0.8887 0.4455
vn -0.6048 -0.7796 0.1624
vn 0.6676 -0.1905 0.7197
vn -0.0168 0.9342 0.3564
vn 0.6499 -0.4963 0.5756
vn 0.1826 0.6082 -0.7725
vn 0.6803 0.7311 0.0521
vn -0.6242 0.5681 0.5363
vn 0.7617 0.6450 -0.0620
vn -0.3505 0.9033 -0.2475
vn -0.6406 -0.4728 -0.6051
vn 0.7091 -0.6366 -0.3032
vn -0.7604 0.6466 -0.0614
vn 0.4912 -0.5954 -0.6358
vn -0.0688 0.9394 -0.3360
vn 0.2883 0.7844 -0.5492
vn -0.3978 -0.4071 0.8222
vn 0.5160 -0.6785 0.5229
vn 0.8963 -0.4387 0.0641
vn 0.6714 0.1045 -0.7337
vn -0.7592 0.6495 -0.0409
vn 0.7279 0.4118 -0.5482
vn -0.9822 -0.1529 0.1093
vn 0.0557 -0.4249 0.9035
vn 0.5379 0.6675 0.5149
vn 0.1468 0.7866 -0.5998
vn -0.0000 -0.9385 0.3453
vn 0.0755 0.6056 0.7922
vn 0.0898 0.4985 0.8622
vn -0.0000 -0.9325 -0.3613
vn 0.0744 0.5741 -0.8154
vn 0.1451 0.8001 0.5821
vn 0.2530 0.8091 -0.5304
vn 0.3247 -0.6630 -0.6745
vn 0.1595 0.1546 -0.9750
vn -0.0001 0.7072 -0.7071
vn 0.1464 0.2732 -0.9508
vn 0.1549 0.2627 0.9524
vn -0.0000 -0.6295 0.7770
vn 0.1796 0.1510 0.9721
vn -0.0001 -0.7508 -0.6605
vn 0.1491 -0.9021 -0.4049
vn 0.2134 -0.1576 -0.9642
vn 0.1483 -0.8969 0.4166
vn 0.0000 -0.4183 0.9083
vn 0.1478 -0.2528 0.9562
vn -0.0001 -0.8329 -0.5535
vn 0.0999 -0.1636 -0.9815
vn 0.1073 0.6016 -0.7915
vn 0.2244 -0.2378 0.9450
vn -0.0000 -0.5718 0.8204
vn 0.2277 0.7093 0.6671
vn 0.1345 -0.9617 0.2390
vn 0.1556 -0.4103 0.8986
vn 0.1033 -0.4749 0.8740
vn -0.0001 -0.6137 -0.7896
vn 0.1333 -0.4348 0.8906
vn 0.3339 -0.8393 -0.4290
vn -0.1145 0.7689 -0.6290
vn -0.3916 0.9158 0.0891
vn -0.1650 -0.3065 0.9374
vn -0.0112 -0.9715 0.2369
vn -0.1116 0.5877 0.8014
vn -0.1337 0.4586 0.8785
vn -0.0112 -0.8838 -0.4677
vn -0.1035 0.5637 -0.8195
vn -0.2332 0.6938 0.6814
vn -0.3012 0.8540 -0.4242
vn -0.2568 -0.5219 -0.8135
vn -0.1052 0.1644 -0.9808
vn -0.0113 0.6136 -0.7895
vn -0.1971 0.1574 -0.9677
vn -0.0113 0.7070 -0.7071
vn -0.2594 0.1772 0.9494
vn -0.1525 0.2536 0.9552
vn -0.0112 -0.7070 0.7071
vn -0.1615 -0.8923 0.4216
vn -0.0113 -0.7524 -0.6586
vn -0.1631 -0.9001 -0.4039
vn -0.1739 -0.2677 -0.9477
vn -0.1972 -0.1335 0.9712
vn -0.1047 -0.1377 0.9849
vn -0.0112 -0.8428 -0.5381
vn -0.2548 -0.2608 -0.9312
vn -0.1093 0.5665 -0.8168
vn -0.1602 0.6764 0.7189
vn -0.0112 -0.7154 0.6986
vn -0.2106 -0.9126 0.3504
vn -0.1619 -0.4158 0.8949
vn -0.0723 -0.5457 0.8349
vn -0.0112 -0.6026 -0.7980
vn -0.1096 -0.4850 0.8676
vn -0.2491 -0.9626 -0.1066
vn -0.1621 -0.4158 0.8949
vn 0.4792 0.0899 -0.8731
vn 0.6528 0.7568 0.0333
vn 0.8218 0.4849 -0.2992
vn -0.6942 0.5401 -0.4757
vn 0.7376 -0.2239 0.6370
vn 0.7581 0.1813 0.6264
vn 0.6687 -0.0698 -0.7402
vn -0.9662 0.2470 0.0738
vn -0.8879 0.4221 -0.1827
vn 0.0499 -0.2596 -0.9644
vn 0.9899 0.0246 0.1398
vn -0.5566 -0.4079 -0.7237
vn -0.6486 0.3061 0.6968
vn -0.6783 -0.0556 -0.7327
vn 0.6653 0.0391 -0.7456
vn 0.7234 0.2525 0.6426
usemtl AM_A_1000_1
s 1
f 1/1/1 3/2/2 2/3/3
f 2/3/3 4/4/4 1/1/1
f 4/4/4 2/3/3 5/5/5
f 5/5/5 6/6/6 4/4/4
f 7/7/7 4/4/4 6/6/6
f 4/4/4 7/7/7 8/8/8
f 8/8/8 1/1/1 4/4/4
f 1/1/1 8/8/8 9/9/9
f 9/9/9 10/10/10 1/1/1
f 11/11/11 10/10/10 9/9/9
f 9/9/9 12/12/12 11/11/11
f 10/10/10 11/11/11 13/13/13
f 13/13/13 14/14/14 10/10/10
f 15/15/15 14/14/14 13/13/13
f 13/13/13 16/16/16 15/15/15
f 11/11/11 16/16/16 13/13/13
f 17/17/17 15/15/15 16/16/16
f 18/18/18 16/16/16 11/11/11
f 11/11/11 19/19/19 18/18/18
f 19/19/19 11/11/11 12/12/12
f 12/12/12 20/20/20 19/19/19
f 21/21/21 20/20/20 12/12/12
f 22/22/22 21/21/23 8/8/8
f 8/8/8 7/7/7 22/22/22
f 23/23/24 22/22/22 7/7/7
f 7/7/7 24/24/25 23/23/24
f 24/24/25 7/7/7 6/6/6
f 6/6/6 25/25/26 24/24/25
f 26/26/27 24/24/25 25/25/26
f 24/24/25 26/26/27 27/27/28
f 27/27/28 23/23/24 24/24/25
f 28/28/29 26/26/27 25/25/26
f 25/25/26 29/29/30 28/28/29
f 30/30/31 28/28/29 29/29/30
f 29/29/30 31/31/32 30/30/31
f 32/32/33 31/31/32 29/29/30
f 30/30/31 31/31/32 33/33/34
f 33/33/34 34/34/35 30/30/31
f 34/34/35 33/33/34 35/35/36
f 30/30/31 34/34/35 36/36/37
f 36/36/37 28/28/29 30/30/31
f 36/36/37 34/34/35 37/37/38
f 37/37/38 38/38/39 36/36/37
f 28/28/29 36/36/37 38/38/39
f 38/38/39 39/39/40 28/28/29
f 40/40/41 28/28/29 39/39/40
f 27/27/28 40/40/42 41/41/43
f 41/41/43 42/42/44 27/27/28
f 23/23/24 27/27/28 42/42/44
f 42/42/44 43/43/45 23/23/24
f 22/22/22 23/23/24 43/43/45
f 43/43/45 44/44/46 22/22/22
f 44/44/46 43/43/45 45/45/47
f 45/45/47 20/20/20 44/44/46
f 46/46/48 45/45/47 43/43/45
f 43/43/45 42/42/44 46/46/48
f 47/47/49 46/46/48 42/42/44
f 42/42/44 41/41/43 47/47/49
f 48/48/50 47/47/49 41/41/43
f 41/41/43 49/49/51 48/48/50
f 47/47/49 48/48/50 50/50/52
f 50/50/52 51/51/53 47/47/49
f 46/46/48 47/47/49 51/51/53
f 51/51/53 52/52/54 46/46/48
f 45/45/47 46/46/48 52/52/54
f 52/52/54 53/53/55 45/45/47
f 54/54/56 45/45/47 53/53/55
f 20/20/20 45/45/47 54/54/56
f 54/54/56 53/53/55 55/55/57
f 55/55/57 20/20/20 54/54/56
f 20/20/20 55/55/57 56/56/58
f 56/56/58 19/19/19 20/20/20
f 19/19/19 56/56/58 57/57/59
f 57/57/59 18/18/18 19/19/19
f 58/58/60 57/57/59 56/56/58
f 56/56/58 55/55/57 58/58/60
f 59/59/61 58/58/60 55/55/57
f 55/55/57 60/60/62 59/59/61
f 60/60/62 55/55/57 53/53/55
f 53/53/55 61/61/63 60/60/62
f 61/61/63 53/53/55 52/52/54
f 52/52/54 62/62/64 61/61/63
f 62/62/64 52/52/54 51/51/53
f 51/51/53 63/63/65 62/62/64
f 50/50/52 63/63/65 51/51/53
f 62/62/64 63/63/65 64/64/66
f 64/64/66 61/61/63 62/62/64
f 61/61/63 64/64/66 65/65/67
f 65/65/67 66/66/68 61/61/63
f 60/60/62 61/61/63 66/66/68
f 66/66/68 59/59/61 60/60/62
f 67/67/69 59/59/61 66/66/68
f 66/66/68 68/68/70 67/67/69
f 68/68/70 66/66/68 65/65/67
f 65/65/67 69/69/71 68/68/70
f 64/64/66 69/69/71 65/65/67
f 68/68/70 69/69/71 70/70/72
f 70/70/72 67/67/69 68/68/70
f 71/71/73 70/70/72 69/69/71
f 69/69/71 72/72/74 71/71/73
f 72/72/74 69/69/71 64/64/66
f 64/64/66 73/73/75 72/72/74
f 73/73/75 64/64/66 63/63/65
f 63/63/65 74/74/76 73/73/75
f 74/74/76 63/63/65 50/50/52
f 50/50/52 75/75/77 74/74/76
f 75/75/77 50/50/52 48/48/50
f 48/48/50 76/76/78 75/75/77
f 76/76/78 48/48/50 49/49/51
f 49/49/51 77/77/79 76/76/78
f 77/77/79 49/49/51 39/39/40
f 39/39/40 78/78/80 77/77/79
f 78/78/80 39/39/40 38/38/39
f 77/77/79 78/78/80 79/79/81
f 79/79/81 80/80/82 77/77/79
f 76/76/78 77/77/79 80/80/82
f 80/80/82 81/81/83 76/76/78
f 82/82/84 76/76/78 81/81/83
f 75/75/77 76/76/78 82/82/84
f 82/82/84 83/83/85 75/75/77
f 74/74/76 75/75/77 83/83/85
f 83/83/85 84/84/86 74/74/76
f 73/73/75 74/74/76 84/84/86
f 84/84/86 85/85/87 73/73/75
f 72/72/74 73/73/75 85/85/87
f 85/85/87 86/86/88 72/72/74
f 71/71/73 72/72/74 86/86/88
f 87/87/89 86/86/88 85/85/87
f 85/85/87 88/88/90 87/87/89
f 88/88/90 85/85/87 84/84/86
f 84/84/86 89/89/91 88/88/90
f 89/89/91 84/84/86 83/83/85
f 83/83/85 90/90/92 89/89/91
f 90/90/92 83/83/85 82/82/84
f 82/82/84 81/81/83 90/90/92
f 91/91/93 90/90/92 81/81/83
f 81/81/83 92/92/94 91/91/93
f 92/92/94 81/81/83 80/80/82
f 80/80/82 79/79/81 92/92/94
f 93/93/95 92/92/94 79/79/81
f 92/92/94 93/93/95 94/94/96
f 94/94/96 91/91/93 92/92/94
f 91/91/93 94/94/96 95/95/97
f 95/95/97 96/96/98 91/91/93
f 90/90/92 91/91/93 96/96/98
f 96/96/98 89/89/91 90/90/92
f 89/89/91 96/96/98 97/97/99
f 97/97/99 88/88/90 89/89/91
f 88/88/90 97/97/99 98/98/100
f 98/98/100 87/87/89 88/88/90
f 87/87/89 98/98/100 99/99/101
f 99/99/101 100/100/102 87/87/89
f 86/86/88 87/87/89 100/100/102
f 100/100/102 101/101/103 86/86/88
f 71/71/73 86/86/88 101/101/103
f 102/102/104 101/101/103 100/100/102
f 100/100/102 103/103/105 102/102/104
f 103/103/105 100/100/102 99/99/101
f 99/99/101 104/104/106 103/103/105
f 105/105/107 104/104/106 99/99/101
f 99/99/101 98/98/100 105/105/107
f 106/106/108 105/105/107 98/98/100
f 98/98/100 97/97/99 106/106/108
f 107/107/109 106/106/108 97/97/99
f 97/97/99 96/96/98 107/107/109
f 95/95/97 107/107/109 96/96/98
f 108/108/110 107/107/109 95/95/97
f 95/95/97 109/109/111 108/108/110
f 110/110/112 109/109/111 95/95/97
f 95/95/97 94/94/96 110/110/112
f 111/111/113 110/110/112 94/94/96
f 94/94/96 93/93/95 111/111/113
f 110/110/112 111/111/113 112/112/114
f 112/112/114 109/109/111 110/110/112
f 109/109/111 112/112/114 113/113/115
f 113/113/115 108/108/110 109/109/111
f 108/108/110 113/113/115 114/114/116
f 114/114/116 107/107/109 108/108/110
f 107/107/109 114/114/116 115/115/117
f 115/115/117 106/106/108 107/107/109
f 106/106/108 115/115/117 116/116/118
f 116/116/118 105/105/107 106/106/108
f 105/105/107 116/116/118 117/117/119
f 117/117/119 104/104/106 105/105/107
f 104/104/106 117/117/119 118/118/120
f 118/118/120 119/119/121 104/104/106
f 103/103/105 104/104/106 119/119/121
f 119/119/121 120/120/122 103/103/105
f 102/102/104 103/103/105 120/120/122
f 120/120/122 121/121/123 102/102/104
f 101/101/103 102/102/104 121/121/123
f 121/121/123 122/122/124 101/101/103
f 71/71/73 101/101/103 122/122/124
f 122/122/124 123/123/125 71/71/73
f 70/70/72 71/71/73 123/123/125
f 123/123/125 124/124/126 70/70/72
f 67/67/69 70/70/72 124/124/126
f 125/125/127 124/124/126 123/123/125
f 123/123/125 122/122/124 125/125/127
f 126/126/128 125/125/127 122/122/124
f 122/122/124 121/121/123 126/126/128
f 127/127/129 126/126/128 121/121/123
f 121/121/123 120/120/122 127/127/129
f 128/128/130 127/127/129 120/120/122
f 120/120/122 129/129/131 128/128/130
f 129/129/131 120/120/122 119/119/121
f 119/119/121 118/118/120 129/129/131
f 130/130/132 129/129/131 118/118/120
f 118/118/120 131/131/133 130/130/132
f 131/131/133 118/118/120 117/117/119
f 117/117/119 132/132/134 131/131/133
f 132/132/134 117/117/119 116/116/118
f 116/116/118 133/133/135 132/132/134
f 133/133/135 116/116/118 115/115/117
f 115/115/117 114/114/116 133/133/135
f 134/134/136 133/133/135 114/114/116
f 114/114/116 135/135/137 134/134/136
f 135/135/137 114/114/116 113/113/115
f 113/113/115 136/136/138 135/135/137
f 136/136/138 113/113/115 112/112/114
f 112/112/114 137/137/139 136/136/138
f 111/111/113 137/137/139 112/112/114
f 138/138/140 136/136/138 137/137/139
f 139/139/141 137/137/139 111/111/113
f 111/111/113 140/140/142 139/139/141
f 140/140/142 111/111/113 93/93/95
f 93/93/95 141/141/143 140/140/142
f 141/141/143 93/93/95 79/79/81
f 79/79/81 142/142/144 141/141/143
f 142/142/144 79/79/81 78/78/80
f 78/78/80 38/38/39 142/142/144
f 143/143/145 142/142/144 38/38/39
f 38/38/39 37/37/38 143/143/145
f 142/142/144 143/143/145 144/144/146
f 144/144/146 141/141/143 142/142/144
f 141/141/143 144/144/146 145/145/147
f 145/145/147 140/140/142 141/141/143
f 145/145/147 144/144/146 146/146/148
f 146/146/148 140/140/142 145/145/147
f 147/147/149 140/140/142 146/146/148
f 146/146/148 148/148/150 147/147/149
f 149/149/151 148/148/150 146/146/148
f 146/146/148 144/144/146 149/149/151
f 150/150/152 149/149/151 144/144/146
f 144/144/146 151/151/153 150/150/152
f 151/151/153 144/144/146 143/143/145
f 143/143/145 152/152/154 151/151/153
f 152/152/154 143/143/145 37/37/38
f 150/150/152 151/151/153 152/152/154
f 152/152/154 37/37/38 34/34/35
f 34/34/35 153/153/155 152/152/154
f 153/153/155 34/34/35 35/35/36
f 35/35/36 154/154/156 153/153/155
f 155/155/157 153/153/155 154/154/156
f 154/154/156 156/156/158 155/155/157
f 157/157/159 155/155/157 156/156/158
f 158/158/160 155/155/157 157/157/159
f 157/157/159 159/159/161 158/158/160
f 155/155/157 158/158/160 160/160/162
f 160/160/162 153/153/155 155/155/157
f 152/152/154 153/153/155 160/160/162
f 160/160/162 150/150/152 152/152/154
f 150/150/152 160/160/162 161/161/163
f 161/161/163 149/149/151 150/150/152
f 149/149/151 161/161/163 162/162/164
f 162/162/164 148/148/150 149/149/151
f 163/163/165 162/162/164 161/161/163
f 161/161/163 164/164/166 163/163/165
f 164/164/166 161/161/163 160/160/162
f 160/160/162 158/158/160 164/164/166
f 165/165/167 164/164/166 158/158/160
f 163/163/165 164/164/166 165/165/167
f 166/166/168 165/165/167 158/158/160
f 158/158/160 159/159/161 166/166/168
f 165/165/167 166/166/168 167/167/169
f 167/167/169 163/163/165 165/165/167
f 168/168/170 167/167/169 166/166/168
f 166/166/168 159/159/161 168/168/170
f 169/169/171 168/168/170 159/159/161
f 170/170/172 168/168/170 169/169/171
f 167/167/169 168/168/170 171/171/173
f 171/171/173 172/172/174 167/167/169
f 163/163/165 167/167/169 172/172/174
f 173/173/175 171/171/176 174/174/177
f 163/163/165 172/172/174 175/175/178
f 175/175/178 176/176/179 163/163/165
f 162/162/164 163/163/165 176/176/179
f 176/176/179 148/148/150 162/162/164
f 177/177/180 148/148/150 176/176/179
f 176/176/179 175/175/178 177/177/180
f 148/148/150 177/177/180 178/178/181
f 178/178/181 147/147/149 148/148/150
f 179/179/182 147/147/149 178/178/181
f 178/178/181 180/180/183 179/179/182
f 181/181/184 179/179/182 180/180/183
f 182/182/185 179/179/182 181/181/184
f 181/181/184 183/183/186 182/182/185
f 183/183/186 181/181/184 184/184/187
f 184/184/187 185/185/188 183/183/186
f 186/186/189 183/183/186 185/185/188
f 185/185/188 187/187/190 186/186/189
f 187/187/190 185/185/188 188/188/191
f 188/188/191 189/189/192 187/187/190
f 190/190/193 188/188/191 185/185/188
f 185/185/188 191/191/194 190/190/193
f 191/191/194 185/185/188 184/184/187
f 184/184/187 192/192/195 191/191/194
f 193/193/196 192/192/195 184/184/187
f 184/184/187 181/181/184 193/193/196
f 194/194/197 193/193/196 181/181/184
f 181/181/184 180/180/183 194/194/197
f 178/178/181 194/194/197 180/180/183
f 195/195/198 194/194/197 178/178/181
f 178/178/181 177/177/180 195/195/198
f 194/194/197 195/195/198 196/196/199
f 196/196/199 197/197/200 194/194/197
f 193/193/196 194/194/197 197/197/200
f 197/197/200 198/198/201 193/193/196
f 192/192/195 193/193/196 198/198/201
f 198/198/201 199/199/202 192/192/195
f 191/191/194 192/192/195 199/199/202
f 199/199/202 200/200/203 191/191/194
f 190/190/193 191/191/194 200/200/203
f 200/200/203 201/201/204 190/190/193
f 202/202/205 190/190/193 201/201/204
f 188/188/191 190/190/193 202/202/205
f 202/202/205 203/203/206 188/188/191
f 189/189/192 188/188/191 203/203/206
f 204/204/207 203/203/206 202/202/205
f 202/202/205 201/201/204 204/204/207
f 203/203/206 204/204/207 205/205/208
f 205/205/208 206/206/209 203/203/206
f 189/189/192 203/203/206 206/206/209
f 206/206/209 207/207/210 189/189/192
f 207/207/210 206/206/209 208/208/211
f 208/208/211 209/209/212 207/207/210
f 210/210/213 209/209/212 208/208/211
f 208/208/211 211/211/214 210/210/213
f 212/212/215 210/210/213 211/211/214
f 213/213/216 211/211/214 208/208/211
f 208/208/211 214/214/217 213/213/216
f 214/214/217 208/208/211 206/206/209
f 206/206/209 205/205/208 214/214/217
f 215/215/218 214/214/217 205/205/208
f 214/214/217 215/215/218 216/216/219
f 216/216/219 213/213/216 214/214/217
f 213/213/216 216/216/219 217/217/220
f 217/217/220 218/218/221 213/213/216
f 211/211/214 213/213/216 218/218/221
f 218/218/221 219/219/222 211/211/214
f 217/217/220 219/219/222 218/218/221
f 211/211/214 219/219/222 220/220/223
f 220/220/223 212/212/215 211/211/214
f 212/212/215 220/220/223 221/221/224
f 221/221/224 222/222/225 212/212/215
f 222/222/225 221/221/224 223/223/226
f 223/223/226 224/224/227 222/222/225
f 225/225/228 222/222/225 224/224/227
f 224/224/227 226/226/229 225/225/228
f 227/227/230 225/225/228 226/226/229
f 228/228/231 226/226/229 224/224/227
f 224/224/227 229/229/232 228/228/231
f 229/229/232 224/224/227 223/223/226
f 223/223/226 230/230/233 229/229/232
f 230/230/233 223/223/226 221/221/224
f 221/221/224 231/231/234 230/230/233
f 232/232/235 231/231/234 221/221/224
f 221/221/224 233/233/236 232/232/235
f 233/233/236 221/221/224 220/220/223
f 220/220/223 234/234/237 233/233/236
f 235/235/238 234/234/237 220/220/223
f 220/220/223 219/219/222 235/235/238
f 236/236/239 235/235/238 219/219/222
f 219/219/222 217/217/220 236/236/239
f 237/237/240 236/236/239 217/217/220
f 217/217/220 216/216/219 237/237/240
f 236/236/239 237/237/240 238/238/241
f 238/238/241 239/239/242 236/236/239
f 235/235/238 236/236/239 239/239/242
f 239/239/242 240/240/243 235/235/238
f 234/234/237 235/235/238 240/240/243
f 240/240/243 241/241/244 234/234/237
f 242/242/245 234/234/237 241/241/244
f 233/233/236 234/234/237 242/242/245
f 242/242/245 232/232/235 233/233/236
f 232/232/235 242/242/245 243/243/246
f 243/243/246 244/244/247 232/232/235
f 231/231/234 232/232/235 244/244/247
f 244/244/247 230/230/233 231/231/234
f 230/230/233 244/244/247 245/245/248
f 245/245/248 246/246/249 230/230/233
f 247/247/250 230/230/233 246/246/249
f 229/229/232 230/230/233 247/247/250
f 247/247/250 248/248/251 229/229/232
f 246/246/249 248/248/251 247/247/250
f 229/229/232 248/248/251 249/249/252
f 249/249/252 228/228/231 229/229/232
f 250/250/253 249/249/252 248/248/251
f 248/248/251 251/251/254 250/250/253
f 251/251/254 248/248/251 246/246/249
f 246/246/249 252/252/255 251/251/254
f 252/252/255 246/246/249 245/245/248
f 245/245/248 253/253/256 252/252/255
f 253/253/256 245/245/248 244/244/247
f 244/244/247 254/254/257 253/253/256
f 254/254/257 244/244/247 243/243/246
f 243/243/246 255/255/258 254/254/257
f 256/256/259 255/255/258 243/243/246
f 243/243/246 242/242/245 256/256/259
f 257/257/260 256/256/259 242/242/245
f 242/242/245 241/241/244 257/257/260
f 256/256/259 257/257/260 258/258/261
f 258/258/261 259/259/262 256/256/259
f 255/255/258 256/256/259 259/259/262
f 259/259/262 260/260/263 255/255/258
f 261/261/264 255/255/258 260/260/263
f 254/254/257 255/255/258 261/261/264
f 261/261/264 253/253/256 254/254/257
f 253/253/256 261/261/264 262/262/265
f 262/262/265 252/252/255 253/253/256
f 263/263/266 262/262/265 261/261/264
f 261/261/264 264/264/267 263/263/266
f 264/264/267 261/261/264 260/260/263
f 260/260/263 265/265/268 264/264/267
f 266/266/269 265/265/268 260/260/263
f 260/260/263 259/259/262 266/266/269
f 258/258/261 266/266/269 259/259/262
f 266/266/269 258/258/261 267/267/270
f 267/267/270 268/268/271 266/266/269
f 265/265/268 266/266/269 268/268/271
f 269/269/272 268/268/271 267/267/270
f 267/267/270 270/270/273 269/269/272
f 271/271/274 270/270/273 267/267/270
f 267/267/270 258/258/261 271/271/274
f 272/272/275 271/271/274 258/258/261
f 258/258/261 257/257/260 272/272/275
f 241/241/244 272/272/275 257/257/260
f 273/273/276 272/272/275 241/241/244
f 241/241/244 274/274/277 273/273/276
f 274/274/277 241/241/244 240/240/243
f 240/240/243 239/239/242 274/274/277
f 275/275/278 274/274/277 239/239/242
f 239/239/242 238/238/241 275/275/278
f 274/274/277 275/275/278 276/276/279
f 276/276/279 277/277/280 274/274/277
f 273/273/276 274/274/277 277/277/280
f 277/277/280 278/278/281 273/273/276
f 272/272/275 273/273/276 278/278/281
f 278/278/281 279/279/282 272/272/275
f 271/271/274 272/272/275 279/279/282
f 279/279/282 280/280/283 271/271/274
f 270/270/273 271/271/274 280/280/283
f 280/280/283 281/281/284 270/270/273
f 282/282/285 281/281/284 280/280/283
f 280/280/283 283/283/286 282/282/285
f 283/283/286 280/280/283 279/279/282
f 279/279/282 284/284/287 283/283/286
f 284/284/287 279/279/282 278/278/281
f 278/278/281 285/285/288 284/284/287
f 285/285/288 278/278/281 277/277/280
f 277/277/280 286/286/289 285/285/288
f 286/286/289 277/277/280 276/276/279
f 276/276/279 287/287/290 286/286/289
f 288/288/291 287/287/290 276/276/279
f 276/276/279 275/275/278 288/288/291
f 238/238/241 288/288/291 275/275/278
f 289/289/292 288/288/291 238/238/241
f 238/238/241 237/237/240 289/289/292
f 288/288/291 289/289/292 290/290/293
f 290/290/293 287/287/290 288/288/291
f 287/287/290 290/290/293 291/291/294
f 291/291/294 292/292/295 287/287/290
f 286/286/289 287/287/290 292/292/295
f 292/292/295 293/293/296 286/286/289
f 285/285/288 286/286/289 293/293/296
f 293/293/296 294/294/297 285/285/288
f 284/284/287 285/285/288 294/294/297
f 294/294/297 295/295/298 284/284/287
f 283/283/286 284/284/287 295/295/298
f 295/295/298 296/296/299 283/283/286
f 282/282/285 283/283/286 296/296/299
f 296/296/299 297/297/300 282/282/285
f 298/298/301 282/282/285 297/297/300
f 281/281/284 282/282/285 298/298/301
f 298/298/301 299/299/302 281/281/284
f 269/269/303 281/281/284 299/299/302
f 300/300/304 299/299/302 298/298/301
f 298/298/301 301/301/305 300/300/304
f 297/297/300 301/301/305 298/298/301
f 302/302/306 300/300/304 301/301/305
f 303/303/307 302/302/308 304/304/309
f 305/305/310 304/304/309 301/301/305
f 301/301/305 297/297/300 305/305/310
f 306/306/311 305/305/310 297/297/300
f 297/297/300 296/296/299 306/306/311
f 307/307/312 296/296/299 295/295/298
f 295/295/298 308/308/313 307/307/312
f 308/308/313 295/295/298 294/294/297
f 309/309/314 307/307/312 308/308/313
f 310/310/315 308/308/313 294/294/297
f 294/294/297 293/293/296 310/310/315
f 311/311/316 310/310/315 293/293/296
f 293/293/296 292/292/295 311/311/316
f 312/312/317 311/311/316 292/292/295
f 292/292/295 291/291/294 312/312/317
f 311/311/316 312/312/317 313/313/318
f 313/313/318 310/310/315 311/311/316
f 310/310/315 313/313/318 314/314/319
f 314/314/319 308/308/313 310/310/315
f 308/308/313 314/314/319 315/315/320
f 315/315/320 309/309/314 308/308/313
f 315/315/320 314/314/319 316/316/321
f 316/316/321 309/309/314 315/315/320
f 317/317/322 316/316/321 314/314/319
f 314/314/319 313/313/318 317/317/322
f 318/318/323 317/317/322 313/313/318
f 313/313/318 319/319/324 318/318/323
f 312/312/317 319/319/324 313/313/318
f 318/318/323 319/319/324 320/320/325
f 320/320/325 321/321/326 318/318/323
f 317/317/322 318/318/323 321/321/326
f 321/321/326 316/316/321 317/317/322
f 316/316/321 321/321/326 322/322/327
f 322/322/327 323/323/328 316/316/321
f 324/324/329 316/316/321 323/323/328
f 309/309/314 316/316/321 324/324/329
f 324/324/329 325/325/330 309/309/314
f 326/326/331 309/309/314 325/325/330
f 306/306/311 309/309/314 326/326/331
f 326/326/331 305/305/310 306/306/311
f 327/327/332 305/305/310 326/326/331
f 326/326/331 325/325/330 327/327/332
f 304/304/309 305/305/310 327/327/332
f 327/327/332 328/328/333 304/304/309
f 303/303/307 304/304/309 328/328/333
f 328/328/333 329/329/334 303/303/307
f 330/330/335 329/329/334 328/328/333
f 328/328/333 331/331/336 330/330/335
f 332/332/337 330/330/335 331/331/336
f 333/333/338 331/331/336 328/328/333
f 328/328/333 327/327/332 333/333/338
f 325/325/330 333/333/338 327/327/332
f 333/333/338 325/325/330 334/334/339
f 334/334/339 331/331/336 333/333/338
f 335/335/340 334/334/339 325/325/330
f 325/325/330 324/324/329 335/335/340
f 323/323/328 335/335/340 324/324/329
f 336/336/341 335/335/340 323/323/328
f 323/323/328 322/322/327 336/336/341
f 335/335/340 336/336/341 337/337/342
f 337/337/342 334/334/339 335/335/340
f 334/334/339 337/337/342 338/338/343
f 338/338/343 339/339/344 334/334/339
f 331/331/336 334/334/339 339/339/344
f 339/339/344 332/332/337 331/331/336
f 340/340/345 332/332/337 339/339/344
f 339/339/344 338/338/343 340/340/345
f 341/341/346 332/332/337 340/340/345
f 340/340/345 342/342/347 341/341/346
f 343/343/348 342/342/347 340/340/345
f 340/340/345 338/338/343 343/343/348
f 344/344/349 343/343/348 338/338/343
f 338/338/343 345/345/350 344/344/349
f 345/345/350 338/338/343 337/337/342
f 337/337/342 346/346/351 345/345/350
f 346/346/351 337/337/342 336/336/341
f 336/336/341 347/347/352 346/346/351
f 322/322/327 347/347/352 336/336/341
f 348/348/353 346/346/351 347/347/352
f 347/347/352 349/349/354 348/348/353
f 350/350/355 349/349/354 347/347/352
f 347/347/352 322/322/327 350/350/355
f 321/321/326 350/350/355 322/322/327
f 351/351/356 350/350/355 321/321/326
f 321/321/326 320/320/325 351/351/356
f 350/350/355 351/351/356 352/352/357
f 352/352/357 349/349/354 350/350/355
f 353/353/358 349/349/354 352/352/357
f 352/352/357 354/354/359 353/353/358
f 355/355/360 354/354/359 352/352/357
f 352/352/357 351/351/356 355/355/360
f 356/356/361 355/355/360 351/351/356
f 351/351/356 320/320/325 356/356/361
f 357/357/362 355/355/360 356/356/361
f 356/356/361 320/320/325 357/357/362
f 355/355/360 357/357/362 358/358/363
f 358/358/363 354/354/359 355/355/360
f 359/359/364 354/354/359 358/358/363
f 358/358/363 360/360/365 359/359/364
f 361/361/366 359/359/364 360/360/365
f 360/360/365 362/362/367 361/361/366
f 363/363/368 362/362/367 360/360/365
f 360/360/365 364/364/369 363/363/368
f 364/364/369 360/360/365 358/358/363
f 358/358/363 357/357/362 364/364/369
f 365/365/370 364/364/369 357/357/362
f 357/357/362 366/366/371 365/365/370
f 366/366/371 357/357/362 320/320/325
f 320/320/325 319/319/324 366/366/371
f 367/367/372 366/366/371 319/319/324
f 319/319/324 312/312/317 367/367/372
f 366/366/371 367/367/372 368/368/373
f 368/368/373 365/365/370 366/366/371
f 369/369/374 368/368/373 367/367/372
f 367/367/372 312/312/317 369/369/374
f 291/291/294 369/369/374 312/312/317
f 370/370/375 369/369/374 291/291/294
f 291/291/294 290/290/293 370/370/375
f 369/369/374 370/370/375 371/371/376
f 371/371/376 368/368/373 369/369/374
f 368/368/373 371/371/376 372/372/377
f 372/372/377 365/365/370 368/368/373
f 365/365/370 372/372/377 373/373/378
f 373/373/378 364/364/369 365/365/370
f 364/364/369 373/373/378 374/374/379
f 374/374/379 375/375/380 364/364/369
f 363/363/368 364/364/369 375/375/380
f 375/375/380 376/376/381 363/363/368
f 374/374/379 376/376/381 375/375/380
f 363/363/368 376/376/381 377/377/382
f 377/377/382 362/362/367 363/363/368
f 378/378/383 362/362/367 377/377/382
f 377/377/382 379/379/384 378/378/383
f 380/380/385 379/379/384 377/377/382
f 377/377/382 376/376/381 380/380/385
f 379/379/384 380/380/385 381/381/386
f 381/381/386 382/382/387 379/379/384
f 383/383/388 382/382/387 381/381/386
f 381/381/386 384/384/389 383/383/388
f 385/385/390 384/384/389 381/381/386
f 381/381/386 380/380/385 385/385/390
f 386/386/391 385/385/390 380/380/385
f 380/380/385 376/376/381 386/386/391
f 387/387/392 386/386/391 376/376/381
f 376/376/381 388/388/393 387/387/392
f 388/388/393 376/376/381 374/374/379
f 374/374/379 389/389/394 388/388/393
f 390/390/395 389/389/394 374/374/379
f 374/374/379 373/373/378 390/390/395
f 372/372/377 390/390/395 373/373/378
f 391/391/396 390/390/395 372/372/377
f 372/372/377 371/371/376 391/391/396
f 392/392/397 391/391/396 371/371/376
f 371/371/376 370/370/375 392/392/397
f 393/393/398 392/392/397 370/370/375
f 370/370/375 290/290/293 393/393/398
f 289/289/292 393/393/398 290/290/293
f 394/394/399 393/393/398 289/289/292
f 289/289/292 237/237/240 394/394/399
f 393/393/398 394/394/399 395/395/400
f 395/395/400 392/392/397 393/393/398
f 392/392/397 395/395/400 396/396/401
f 396/396/401 391/391/396 392/392/397
f 391/391/396 396/396/401 397/397/402
f 397/397/402 390/390/395 391/391/396
f 390/390/395 397/397/402 398/398/403
f 398/398/403 389/389/394 390/390/395
f 389/389/394 398/398/403 399/399/404
f 399/399/404 388/388/393 389/389/394
f 387/387/392 388/388/393 399/399/404
f 399/399/404 400/400/405 387/387/392
f 401/401/406 387/387/392 400/400/405
f 386/386/391 387/387/392 401/401/406
f 401/401/406 385/385/390 386/386/391
f 385/385/390 401/401/406 402/402/407
f 402/402/407 384/384/389 385/385/390
f 403/403/408 402/402/407 401/401/406
f 401/401/406 404/404/409 403/403/408
f 404/404/409 401/401/406 400/400/405
f 400/400/405 405/405/410 404/404/409
f 406/406/411 405/405/410 400/400/405
f 400/400/405 399/399/404 406/406/411
f 398/398/403 406/406/411 399/399/404
f 407/407/412 406/406/411 398/398/403
f 398/398/403 408/408/413 407/407/412
f 408/408/413 398/398/403 397/397/402
f 397/397/402 396/396/401 408/408/413
f 409/409/414 408/408/413 396/396/401
f 396/396/401 395/395/400 409/409/414
f 410/410/415 409/409/414 395/395/400
f 395/395/400 394/394/399 410/410/415
f 411/411/416 410/410/415 394/394/399
f 394/394/399 237/237/240 411/411/416
f 216/216/219 411/411/416 237/237/240
f 411/411/416 216/216/219 412/412/417
f 412/412/417 410/410/415 411/411/416
f 412/412/417 216/216/219 215/215/218
f 410/410/415 412/412/417 413/413/418
f 413/413/418 409/409/414 410/410/415
f 409/409/414 413/413/418 414/414/419
f 414/414/419 408/408/413 409/409/414
f 407/407/412 408/408/413 414/414/419
f 414/414/419 415/415/420 407/407/412
f 416/416/421 407/407/412 415/415/420
f 406/406/411 407/407/412 416/416/421
f 416/416/421 405/405/410 406/406/411
f 405/405/410 416/416/421 417/417/422
f 417/417/422 418/418/423 405/405/410
f 404/404/409 405/405/410 418/418/423
f 418/418/423 419/419/424 404/404/409
f 403/403/408 404/404/409 419/419/424
f 419/419/424 420/420/425 403/403/408
f 421/421/426 403/403/408 420/420/425
f 402/402/407 403/403/408 421/421/426
f 421/421/426 384/384/389 402/402/407
f 384/384/389 421/421/426 422/422/427
f 422/422/427 383/383/388 384/384/389
f 423/423/428 383/383/388 422/422/427
f 422/422/427 424/424/429 423/423/428
f 425/425/430 423/423/428 424/424/429
f 426/426/431 424/424/429 422/422/427
f 422/422/427 421/421/426 426/426/431
f 427/427/432 426/426/431 421/421/426
f 421/421/426 420/420/425 427/427/432
f 419/419/424 427/427/432 420/420/425
f 428/428/433 427/427/432 419/419/424
f 419/419/424 429/429/434 428/428/433
f 430/430/435 429/429/434 419/419/424
f 419/419/424 418/418/423 430/430/435
f 431/431/436 430/430/435 418/418/423
f 418/418/423 417/417/422 431/431/436
f 430/430/435 431/431/436 432/432/437
f 432/432/437 429/429/434 430/430/435
f 433/433/438 432/432/437 431/431/436
f 431/431/436 434/434/439 433/433/438
f 434/434/439 431/431/436 417/417/422
f 417/417/422 435/435/440 434/434/439
f 435/435/440 417/417/422 416/416/421
f 416/416/421 415/415/420 435/435/440
f 436/436/441 435/435/440 415/415/420
f 435/435/440 436/436/441 437/437/442
f 437/437/442 434/434/439 435/435/440
f 434/434/439 437/437/442 438/438/443
f 438/438/443 433/433/438 434/434/439
f 433/433/438 438/438/443 439/439/444
f 439/439/444 440/440/445 433/433/438
f 432/432/437 433/433/438 440/440/445
f 440/440/445 441/441/446 432/432/437
f 429/429/434 432/432/437 441/441/446
f 441/441/446 442/442/447 429/429/434
f 443/443/448 429/429/434 442/442/447
f 428/428/433 429/429/434 443/443/448
f 443/443/448 427/427/432 428/428/433
f 427/427/432 443/443/448 444/444/449
f 444/444/449 445/445/450 427/427/432
f 426/426/431 427/427/432 445/445/450
f 445/445/450 446/446/451 426/426/431
f 424/424/429 426/426/431 446/446/451
f 446/446/451 425/425/430 424/424/429
f 447/447/452 425/425/430 446/446/451
f 446/446/451 448/448/453 447/447/452
f 449/449/454 448/448/453 446/446/451
f 446/446/451 445/445/450 449/449/454
f 450/450/455 448/448/453 449/449/454
f 449/449/454 445/445/450 451/451/456
f 452/452/457 450/450/455 449/449/454
f 449/449/454 451/451/456 452/452/457
f 450/450/455 452/452/457 453/453/458
f 453/453/458 454/454/459 450/450/455
f 455/455/460 454/454/459 453/453/458
f 453/453/458 456/456/461 455/455/460
f 457/457/462 455/455/460 456/456/461
f 456/456/461 458/458/463 457/457/462
f 459/459/464 458/458/463 456/456/461
f 456/456/461 460/460/465 459/459/464
f 453/453/458 460/460/465 456/456/461
f 461/461/466 459/459/464 460/460/465
f 462/462/467 460/460/465 453/453/458
f 453/453/458 452/452/457 462/462/467
f 463/463/468 462/462/467 452/452/457
f 452/452/457 451/451/456 463/463/468
f 464/464/469 463/463/468 451/451/456
f 451/451/456 465/465/470 464/464/469
f 465/465/470 451/451/456 445/445/450
f 445/445/450 444/444/449 465/465/470
f 443/443/448 465/465/470 444/444/449
f 465/465/470 443/443/448 466/466/471
f 466/466/471 464/464/469 465/465/470
f 467/467/472 466/466/471 443/443/448
f 443/443/448 442/442/447 467/467/472
f 466/466/471 467/467/472 468/468/473
f 468/468/473 464/464/469 466/466/471
f 464/464/469 468/468/473 469/469/474
f 469/469/474 463/463/468 464/464/469
f 462/462/467 463/463/468 469/469/474
f 469/469/474 470/470/475 462/462/467
f 471/471/476 462/462/467 470/470/475
f 460/460/465 462/462/467 471/471/476
f 471/471/476 461/461/466 460/460/465
f 472/472/477 461/461/466 471/471/476
f 471/471/476 473/473/478 472/472/477
f 470/470/475 473/473/478 471/471/476
f 474/474/479 472/472/477 473/473/478
f 475/475/480 473/473/478 470/470/475
f 470/470/475 469/469/474 475/475/480
f 474/474/479 473/473/478 475/475/480
f 476/476/481 475/475/480 469/469/474
f 469/469/474 468/468/473 476/476/481
f 477/477/482 476/476/481 468/468/473
f 475/475/480 476/476/481 478/478/483
f 479/479/484 477/477/485 480/480/486
f 480/480/486 481/481/487 479/479/484
f 482/482/488 481/481/487 480/480/486
f 480/480/486 483/483/489 482/482/488
f 483/483/489 480/480/486 467/467/472
f 467/467/472 442/442/447 483/483/489
f 441/441/446 483/483/489 442/442/447
f 483/483/489 441/441/446 484/484/490
f 484/484/490 482/482/488 483/483/489
f 484/484/490 441/441/446 440/440/445
f 440/440/445 485/485/491 484/484/490
f 439/439/444 485/485/491 440/440/445
f 484/484/490 485/485/491 486/486/492
f 486/486/492 482/482/488 484/484/490
f 482/482/488 486/486/492 487/487/493
f 487/487/493 481/481/487 482/482/488
f 481/481/487 487/487/493 488/488/494
f 488/488/494 489/489/495 481/481/487
f 479/479/484 481/481/487 489/489/495
f 489/489/495 490/490/496 479/479/484
f 491/491/497 479/479/484 490/490/496
f 492/492/498 490/490/496 489/489/495
f 489/489/495 493/493/499 492/492/498
f 493/493/499 489/489/495 488/488/494
f 488/488/494 494/494/500 493/493/499
f 495/495/501 494/494/500 488/488/494
f 488/488/494 487/487/493 495/495/501
f 496/496/502 495/495/501 487/487/493
f 487/487/493 486/486/492 496/496/502
f 497/497/503 496/496/502 486/486/492
f 486/486/492 485/485/491 497/497/503
f 498/498/504 497/497/503 485/485/491
f 485/485/491 439/439/444 498/498/504
f 499/499/505 498/498/504 439/439/444
f 439/439/444 438/438/443 499/499/505
f 498/498/504 499/499/505 198/198/201
f 198/198/201 497/497/503 498/498/504
f 497/497/503 198/198/201 197/197/200
f 197/197/200 496/496/502 497/497/503
f 496/496/502 197/197/200 196/196/199
f 196/196/199 495/495/501 496/496/502
f 495/495/501 196/196/199 500/500/506
f 500/500/506 494/494/500 495/495/501
f 501/501/507 494/494/500 500/500/506
f 500/500/506 177/177/180 501/501/507
f 195/195/198 177/177/180 500/500/506
f 500/500/506 196/196/199 195/195/198
f 501/501/507 177/177/180 175/175/178
f 175/175/178 502/502/508 501/501/507
f 493/493/499 502/502/509 503/503/510
f 503/503/510 492/492/498 493/493/499
f 492/492/498 503/503/510 504/504/511
f 504/504/511 505/505/512 492/492/498
f 490/490/496 492/492/498 505/505/512
f 505/505/512 478/478/513 490/490/496
f 505/505/512 504/504/511 506/506/514
f 506/506/514 474/474/515 505/505/512
f 506/506/514 504/504/511 507/507/516
f 507/507/516 508/508/517 506/506/514
f 509/509/518 508/508/517 507/507/516
f 507/507/516 174/174/177 509/509/518
f 510/510/519 509/509/518 174/174/177
f 173/173/175 174/174/177 507/507/516
f 507/507/516 504/504/511 173/173/175
f 503/503/510 173/173/175 504/504/511
f 511/511/520 173/173/175 503/503/510
f 172/172/174 511/511/521 175/175/178
f 199/199/202 198/198/201 499/499/505
f 499/499/505 512/512/522 199/199/202
f 438/438/443 512/512/522 499/499/505
f 200/200/203 199/199/202 512/512/522
f 512/512/522 438/438/443 437/437/442
f 201/201/204 200/200/203 512/512/522
f 512/512/522 437/437/442 513/513/523
f 513/513/523 201/201/204 512/512/522
f 513/513/523 437/437/442 436/436/441
f 436/436/441 514/514/524 513/513/523
f 515/515/525 513/513/523 514/514/524
f 201/201/204 513/513/523 515/515/525
f 515/515/525 204/204/207 201/201/204
f 205/205/208 204/204/207 515/515/525
f 515/515/525 516/516/526 205/205/208
f 514/514/524 516/516/526 515/515/525
f 215/215/218 205/205/208 516/516/526
f 516/516/526 412/412/417 215/215/218
f 517/517/527 412/412/417 516/516/526
f 516/516/526 514/514/524 517/517/527
f 413/413/418 412/412/417 517/517/527
f 518/518/528 517/517/527 514/514/524
f 514/514/524 436/436/441 518/518/528
f 413/413/418 517/517/527 518/518/528
f 415/415/420 518/518/528 436/436/441
f 414/414/419 413/413/418 518/518/528
f 518/518/528 415/415/420 414/414/419
f 519/519/529 521/520/530 520/521/531
f 520/521/531 522/522/532 519/519/529
f 523/523/533 522/522/532 520/521/531
f 524/524/534 525/525/535 522/522/536
f 522/522/536 526/526/537 524/524/534
f 527/527/538 528/528/539 524/524/540
f 524/524/540 529/529/541 527/527/538
f 530/530/542 527/527/538 529/529/541
f 531/531/543 527/527/538 530/530/542
f 532/532/544 533/533/545 530/530/546
f 530/530/546 534/534/547 532/532/544
f 535/535/548 537/536/549 536/537/550
f 538/538/551 540/539/552 539/540/553
f 539/540/553 541/541/554 538/538/551
f 542/542/555 544/543/556 543/544/557
f 543/544/557 545/545/558 542/542/555
f 546/546/559 542/542/555 545/545/558
f 545/545/558 543/544/557 547/547/560
f 547/547/560 548/548/561 545/545/558
f 549/549/562 548/548/561 547/547/560
f 545/545/558 548/548/561 550/550/563
f 550/550/563 546/546/559 545/545/558
f 551/551/564 550/550/563 548/548/561
f 548/548/561 552/552/565 551/551/564
f 550/550/563 551/551/564 553/553/566
f 553/553/566 554/554/567 550/550/563
f 546/546/559 550/550/563 554/554/567
f 555/555/568 546/546/569 556/556/570
f 556/556/570 557/557/571 555/555/568
f 558/558/572 555/555/568 557/557/571
f 559/559/573 557/557/571 556/556/570
f 556/556/570 250/250/253 559/559/573
f 560/560/574 250/250/253 556/556/570
f 556/556/570 554/554/567 560/560/574
f 561/561/575 560/560/574 554/554/567
f 554/554/567 553/553/566 561/561/575
f 562/562/576 561/561/575 553/553/566
f 553/553/566 563/563/577 562/562/576
f 563/563/577 553/553/566 551/551/564
f 551/551/564 564/564/578 563/563/577
f 564/564/578 551/551/564 552/552/565
f 552/552/565 565/565/579 564/564/578
f 566/566/580 565/565/579 552/552/565
f 552/552/565 549/549/581 566/566/580
f 567/567/582 565/565/579 566/566/580
f 566/566/580 568/568/583 567/567/582
f 569/569/584 567/567/582 568/568/583
f 568/568/583 570/570/585 569/569/584
f 567/567/582 569/569/584 571/571/586
f 571/571/586 565/565/579 567/567/582
f 565/565/579 571/571/586 572/572/587
f 572/572/587 564/564/578 565/565/579
f 564/564/578 572/572/587 573/573/588
f 573/573/588 563/563/577 564/564/578
f 563/563/577 573/573/588 574/574/589
f 574/574/589 562/562/576 563/563/577
f 573/573/588 572/572/587 575/575/590
f 575/575/590 576/576/591 573/573/588
f 575/575/590 572/572/587 577/577/592
f 577/577/592 576/576/591 575/575/590
f 577/577/592 572/572/587 571/571/586
f 571/571/586 578/578/593 577/577/592
f 579/579/594 578/578/593 571/571/586
f 571/571/586 569/569/584 579/579/594
f 580/580/595 579/579/594 569/569/584
f 569/569/584 570/570/585 580/580/595
f 581/581/596 580/580/595 570/570/585
f 580/580/595 581/581/596 582/582/597
f 582/582/597 583/583/598 580/580/595
f 584/584/599 580/580/595 583/583/598
f 579/579/594 580/580/595 584/584/599
f 584/584/599 583/583/598 585/585/600
f 585/585/600 586/586/601 584/584/599
f 587/587/602 584/584/599 586/586/601
f 579/579/594 584/584/599 587/587/602
f 587/587/602 578/578/593 579/579/594
f 588/588/603 578/578/593 587/587/602
f 587/587/602 589/589/604 588/588/603
f 589/589/604 587/587/602 586/586/601
f 590/590/605 588/588/603 589/589/604
f 589/589/604 591/591/606 590/590/605
f 592/592/607 590/590/605 591/591/606
f 593/593/608 590/590/605 592/592/607
f 592/592/607 594/594/609 593/593/608
f 590/590/605 593/593/608 595/595/610
f 595/595/610 588/588/603 590/590/605
f 588/588/603 595/595/610 596/596/611
f 596/596/611 578/578/593 588/588/603
f 578/578/593 596/596/611 597/597/612
f 597/597/612 577/577/592 578/578/593
f 576/576/591 577/577/592 597/597/612
f 595/595/610 597/597/612 596/596/611
f 598/598/613 576/576/591 597/597/612
f 597/597/612 595/595/610 598/598/613
f 599/599/614 598/598/613 595/595/610
f 595/595/610 593/593/608 599/599/614
f 600/600/615 599/599/614 593/593/608
f 593/593/608 594/594/609 600/600/615
f 601/601/616 600/600/615 594/594/609
f 600/600/615 601/601/616 602/602/617
f 602/602/617 603/603/618 600/600/615
f 599/599/614 600/600/615 603/603/618
f 603/603/618 604/604/619 599/599/614
f 605/605/620 599/599/614 604/604/619
f 598/598/613 599/599/614 605/605/620
f 605/605/620 604/604/619 606/606/621
f 606/606/621 598/598/613 605/605/620
f 598/598/613 606/606/621 607/607/622
f 607/607/622 576/576/591 598/598/613
f 608/608/623 576/576/591 607/607/622
f 607/607/622 606/606/621 608/608/623
f 609/609/624 576/576/591 608/608/623
f 608/608/623 610/610/625 609/609/624
f 574/574/589 609/609/624 610/610/625
f 610/610/625 611/611/626 574/574/589
f 562/562/576 574/574/589 611/611/626
f 611/611/626 612/612/627 562/562/576
f 561/561/575 562/562/576 612/612/627
f 612/612/627 613/613/628 561/561/575
f 560/560/574 561/561/575 613/613/628
f 613/613/628 614/614/629 560/560/574
f 250/250/253 560/560/574 614/614/629
f 615/615/630 614/614/629 613/613/628
f 249/249/252 250/250/253 614/614/629
f 614/614/629 615/615/630 249/249/252
f 228/228/231 249/249/252 615/615/630
f 615/615/630 616/616/631 228/228/231
f 617/617/632 616/616/631 615/615/630
f 615/615/630 613/613/628 617/617/632
f 612/612/627 617/617/632 613/613/628
f 618/618/633 617/617/632 612/612/627
f 612/612/627 611/611/626 618/618/633
f 619/619/634 618/618/633 611/611/626
f 611/611/626 610/610/625 619/619/634
f 620/620/635 619/619/634 610/610/625
f 610/610/625 608/608/623 620/620/635
f 621/621/636 620/620/635 608/608/623
f 608/608/623 606/606/621 621/621/636
f 620/620/635 621/621/636 622/622/637
f 622/622/637 623/623/638 620/620/635
f 619/619/634 620/620/635 623/623/638
f 623/623/638 624/624/639 619/619/634
f 618/618/633 619/619/634 624/624/639
f 624/624/639 625/625/640 618/618/633
f 617/617/632 618/618/633 625/625/640
f 625/625/640 616/616/631 617/617/632
f 626/626/641 616/616/631 625/625/640
f 625/625/640 627/627/642 626/626/641
f 627/627/642 625/625/640 624/624/639
f 624/624/639 628/628/643 627/627/642
f 628/628/643 624/624/639 623/623/638
f 623/623/638 629/629/644 628/628/643
f 629/629/644 623/623/638 622/622/637
f 622/622/637 630/630/645 629/629/644
f 631/631/646 630/630/645 622/622/637
f 622/622/637 621/621/636 631/631/646
f 606/606/621 631/631/646 621/621/636
f 632/632/647 631/631/646 606/606/621
f 606/606/621 604/604/619 632/632/647
f 631/631/646 632/632/647 633/633/648
f 633/633/648 634/634/649 631/631/646
f 630/630/645 631/631/646 634/634/649
f 634/634/649 635/635/650 630/630/645
f 636/636/651 630/630/645 635/635/650
f 629/629/644 630/630/645 636/636/651
f 636/636/651 637/637/652 629/629/644
f 628/628/643 629/629/644 637/637/652
f 637/637/652 638/638/653 628/628/643
f 627/627/642 628/628/643 638/638/653
f 638/638/653 639/639/654 627/627/642
f 626/626/641 627/627/642 639/639/654
f 640/640/655 639/639/654 638/638/653
f 638/638/653 637/637/652 640/640/655
f 641/641/656 640/640/655 637/637/652
f 637/637/652 636/636/651 641/641/656
f 642/642/657 641/641/656 636/636/651
f 636/636/651 635/635/650 642/642/657
f 643/643/658 642/642/657 635/635/650
f 635/635/650 644/644/659 643/643/658
f 644/644/659 635/635/650 634/634/649
f 634/634/649 633/633/648 644/644/659
f 645/645/660 644/644/659 633/633/648
f 644/644/659 645/645/660 646/646/661
f 646/646/661 643/643/658 644/644/659
f 643/643/658 646/646/661 647/647/662
f 647/647/662 648/648/663 643/643/658
f 642/642/657 643/643/658 648/648/663
f 648/648/663 649/649/664 642/642/657
f 641/641/656 642/642/657 649/649/664
f 649/649/664 650/650/665 641/641/656
f 640/640/655 641/641/656 650/650/665
f 650/650/665 651/651/666 640/640/655
f 639/639/654 640/640/655 651/651/666
f 651/651/666 652/652/667 639/639/654
f 626/626/641 639/639/654 652/652/667
f 652/652/667 653/653/668 626/626/641
f 616/616/631 626/626/641 653/653/668
f 653/653/668 654/654/669 616/616/631
f 228/228/231 616/616/631 654/654/669
f 654/654/669 226/226/229 228/228/231
f 226/226/229 654/654/669 653/653/668
f 653/653/668 655/655/670 226/226/229
f 655/655/670 653/653/668 652/652/667
f 227/227/230 226/226/229 655/655/670
f 656/656/671 655/655/670 652/652/667
f 652/652/667 651/651/666 656/656/671
f 657/657/672 656/656/671 651/651/666
f 651/651/666 650/650/665 657/657/672
f 658/658/673 657/657/672 650/650/665
f 650/650/665 659/659/674 658/658/673
f 659/659/674 650/650/665 649/649/664
f 649/649/664 660/660/675 659/659/674
f 660/660/675 649/649/664 648/648/663
f 648/648/663 661/661/676 660/660/675
f 661/661/676 648/648/663 647/647/662
f 647/647/662 662/662/677 661/661/676
f 663/663/678 662/662/677 647/647/662
f 647/647/662 646/646/661 663/663/678
f 664/664/679 663/663/678 646/646/661
f 646/646/661 645/645/660 664/664/679
f 663/663/678 664/664/679 665/665/680
f 665/665/680 666/666/681 663/663/678
f 662/662/677 663/663/678 666/666/681
f 666/666/681 130/130/132 662/662/677
f 667/667/682 662/662/677 130/130/132
f 661/661/676 662/662/677 667/667/682
f 667/667/682 668/668/683 661/661/676
f 660/660/675 661/661/676 668/668/683
f 668/668/683 669/669/684 660/660/675
f 659/659/674 660/660/675 669/669/684
f 669/669/684 658/658/673 659/659/674
f 658/658/673 669/669/684 670/670/685
f 670/670/685 671/671/686 658/658/673
f 672/672/687 658/658/673 671/671/686
f 657/657/672 658/658/673 672/672/687
f 672/672/687 656/656/671 657/657/672
f 656/656/671 672/672/687 673/673/688
f 673/673/688 655/655/670 656/656/671
f 227/227/230 655/655/670 673/673/688
f 673/673/688 674/674/689 227/227/230
f 675/675/690 674/674/689 673/673/688
f 673/673/688 672/672/687 675/675/690
f 671/671/686 675/675/690 672/672/687
f 676/676/691 675/675/690 671/671/686
f 671/671/686 677/677/692 676/676/691
f 677/677/692 671/671/686 670/670/685
f 670/670/685 678/678/693 677/677/692
f 676/676/691 677/677/692 678/678/693
f 679/679/694 678/678/693 670/670/685
f 670/670/685 669/669/684 679/679/694
f 680/680/695 679/679/694 669/669/684
f 669/669/684 668/668/683 680/680/695
f 681/681/696 680/680/695 668/668/683
f 668/668/683 667/667/682 681/681/696
f 131/131/133 681/681/696 667/667/682
f 667/667/682 130/130/132 131/131/133
f 129/129/131 130/130/132 666/666/681
f 666/666/681 682/682/697 129/129/131
f 665/665/680 682/682/697 666/666/681
f 128/128/130 129/129/131 682/682/697
f 682/682/697 683/683/698 128/128/130
f 127/127/129 128/128/130 683/683/698
f 684/684/699 683/683/698 682/682/697
f 682/682/697 665/665/680 684/684/699
f 683/683/698 684/684/699 685/685/700
f 685/685/700 127/127/129 683/683/698
f 127/127/129 685/685/700 686/686/701
f 686/686/701 126/126/128 127/127/129
f 686/686/701 685/685/700 687/687/702
f 687/687/702 126/126/128 686/686/701
f 126/126/128 687/687/702 688/688/703
f 688/688/703 689/689/704 126/126/128
f 125/125/127 126/126/128 689/689/704
f 689/689/704 124/124/126 125/125/127
f 124/124/126 689/689/704 690/690/705
f 690/690/705 67/67/69 124/124/126
f 691/691/706 690/690/705 689/689/704
f 689/689/704 688/688/703 691/691/706
f 692/692/707 690/690/705 691/691/706
f 693/693/708 691/691/706 688/688/703
f 688/688/703 694/694/709 693/693/708
f 694/694/709 688/688/703 687/687/702
f 687/687/702 695/695/710 694/694/709
f 685/685/700 695/695/710 687/687/702
f 696/696/711 694/694/709 695/695/710
f 695/695/710 697/697/712 696/696/711
f 698/698/713 697/697/712 695/695/710
f 695/695/710 685/685/700 698/698/713
f 699/699/714 698/698/713 685/685/700
f 685/685/700 684/684/699 699/699/714
f 700/700/715 698/698/713 699/699/714
f 699/699/714 684/684/699 700/700/715
f 701/701/716 700/700/715 684/684/699
f 684/684/699 665/665/680 701/701/716
f 664/664/679 701/701/716 665/665/680
f 701/701/716 664/664/679 702/702/717
f 702/702/717 700/700/715 701/701/716
f 702/702/717 664/664/679 645/645/660
f 645/645/660 703/703/718 702/702/717
f 700/700/715 702/702/717 703/703/718
f 703/703/718 645/645/660 633/633/648
f 633/633/648 704/704/719 703/703/718
f 704/704/719 633/633/648 632/632/647
f 632/632/647 604/604/619 704/704/719
f 705/705/720 704/704/719 604/604/619
f 604/604/619 603/603/618 705/705/720
f 602/602/617 705/705/720 603/603/618
f 705/705/720 602/602/617 706/706/721
f 706/706/721 704/704/719 705/705/720
f 703/703/718 704/704/719 706/706/721
f 706/706/721 700/700/715 703/703/718
f 707/707/722 700/700/715 706/706/721
f 706/706/721 602/602/617 707/707/722
f 601/601/616 707/707/722 602/602/617
f 707/707/722 601/601/616 708/708/723
f 708/708/723 709/709/724 707/707/722
f 700/700/715 707/707/722 709/709/724
f 709/709/724 698/698/713 700/700/715
f 697/697/712 698/698/713 709/709/724
f 709/709/724 710/710/725 697/697/712
f 708/708/723 710/710/725 709/709/724
f 681/681/696 131/131/133 132/132/134
f 132/132/134 711/711/726 681/681/696
f 133/133/135 711/711/726 132/132/134
f 680/680/695 681/681/696 711/711/726
f 711/711/726 712/712/727 680/680/695
f 712/712/727 711/711/726 133/133/135
f 133/133/135 134/134/136 712/712/727
f 713/713/728 712/712/727 134/134/136
f 134/134/136 135/135/137 713/713/728
f 712/712/727 713/713/728 679/679/694
f 679/679/694 680/680/695 712/712/727
f 678/678/693 679/679/694 713/713/728
f 713/713/728 714/714/729 678/678/693
f 714/714/729 713/713/728 135/135/137
f 135/135/137 136/136/138 714/714/729
f 715/715/730 714/714/729 136/136/138
f 136/136/138 138/138/140 715/715/730
f 714/714/729 715/715/730 716/716/731
f 716/716/731 676/676/691 714/714/729
f 678/678/693 714/714/729 676/676/691
f 675/675/690 676/676/691 716/716/731
f 716/716/731 717/717/732 675/675/690
f 674/674/689 675/675/690 717/717/732
f 718/718/733 720/719/734 719/720/735
f 719/720/735 721/721/736 718/718/733
f 722/722/737 721/721/736 719/720/735
f 723/723/738 725/724/739 724/725/740
f 726/726/741 728/727/742 727/728/743
f 727/728/743 729/729/744 726/726/741
f 730/730/745 731/731/746 726/726/747
f 726/726/747 732/732/748 730/730/745
f 733/733/749 734/734/750 730/730/751
f 730/730/751 735/735/752 733/733/749
f 736/736/753 737/737/754 733/733/755
f 733/733/755 738/738/756 736/736/753
f 739/739/757 737/737/754 736/736/753
f 736/736/753 740/740/758 739/739/757
f 741/741/759 740/740/758 736/736/753
f 742/742/760 744/743/761 743/744/762
f 743/744/762 745/745/763 742/742/760
f 743/744/764 747/746/765 746/747/766
f 746/747/766 748/748/767 743/744/764
f 559/559/573 250/250/253 251/251/254
f 251/251/254 557/557/571 559/559/573
f 749/749/768 557/557/571 251/251/254
f 251/251/254 252/252/255 749/749/768
f 558/558/572 557/557/571 749/749/768
f 749/749/768 252/252/255 750/750/769
f 750/750/769 558/558/572 749/749/768
f 751/751/770 750/750/769 252/252/255
f 252/252/255 262/262/265 751/751/770
f 752/752/771 750/750/769 751/751/770
f 751/751/770 262/262/265 752/752/771
f 263/263/266 752/752/771 262/262/265
f 750/750/769 752/752/771 753/753/772
f 753/753/772 558/558/572 750/750/769
f 558/558/572 753/753/772 754/754/773
f 754/754/773 755/755/774 558/558/572
f 756/756/775 758/757/776 757/758/777
f 759/759/778 758/757/779 760/760/780
f 760/760/780 761/761/781 759/759/778
f 762/762/782 761/761/781 760/760/780
f 763/763/783 759/759/778 761/761/781
f 761/761/781 764/764/784 763/763/783
f 765/765/785 764/764/784 761/761/781
f 766/766/786 768/767/787 767/768/788
f 767/768/788 769/769/789 766/766/786
f 770/770/790 769/769/789 767/768/788
f 771/771/791 773/772/792 772/773/793
f 774/774/794 776/775/795 775/776/796
f 775/776/796 777/777/797 774/774/794
f 778/778/798 779/779/799 774/774/800
f 774/774/800 780/780/801 778/778/798
f 781/781/802 783/782/803 782/783/804
f 782/783/804 784/784/805 781/781/802
f 785/785/806 787/786/807 786/787/808
f 786/787/808 788/788/809 785/785/806
f 788/788/809 786/787/808 789/789/810
f 789/789/810 790/790/811 788/788/809
f 791/791/812 788/788/809 790/790/811
f 790/790/811 792/792/813 791/791/812
f 793/793/814 791/791/812 792/792/813
f 791/791/812 793/793/814 794/794/815
f 794/794/815 795/795/816 791/791/812
f 796/796/817 791/791/812 795/795/816
f 791/791/812 796/796/817 797/797/818
f 797/797/818 788/788/809 791/791/812
f 798/798/819 797/797/818 796/796/817
f 788/788/809 797/797/818 799/799/818
f 799/799/818 785/785/806 788/788/809
f 800/800/820 785/785/806 799/799/818
f 799/799/818 801/801/821 800/800/820
f 802/802/822 800/800/820 801/801/821
f 803/803/823 801/801/821 799/799/818
f 799/799/818 797/797/818 803/803/823
f 798/798/819 803/803/823 797/797/818
f 803/803/823 798/798/819 804/804/824
f 804/804/824 805/805/818 803/803/823
f 801/801/821 803/803/823 805/805/818
f 806/806/825 805/805/818 804/804/824
f 801/801/821 805/805/818 807/807/818
f 807/807/818 802/802/822 801/801/821
f 808/808/826 802/802/822 807/807/818
f 807/807/818 809/809/827 808/808/826
f 810/810/828 808/808/826 809/809/827
f 811/811/829 809/809/827 807/807/818
f 807/807/818 805/805/818 811/811/829
f 806/806/825 811/811/829 805/805/818
f 811/811/829 806/806/825 812/812/830
f 812/812/830 813/813/818 811/811/829
f 809/809/827 811/811/829 813/813/818
f 814/814/831 813/813/818 812/812/830
f 809/809/827 813/813/818 815/815/818
f 815/815/818 810/810/828 809/809/827
f 816/816/832 810/810/828 815/815/818
f 815/815/818 817/817/833 816/816/832
f 818/818/834 816/816/832 817/817/833
f 817/817/833 819/819/835 818/818/834
f 820/820/836 819/819/835 817/817/833
f 817/817/833 821/821/837 820/820/836
f 822/822/838 821/821/837 817/817/833
f 817/817/833 815/815/818 822/822/838
f 813/813/818 822/822/838 815/815/818
f 822/822/838 813/813/818 814/814/831
f 814/814/831 823/823/839 822/822/838
f 821/821/837 822/822/838 823/823/839
f 823/823/839 814/814/831 824/824/840
f 825/825/841 827/826/842 826/827/843
f 826/827/843 828/828/844 825/825/841
f 829/829/845 825/825/841 828/828/844
f 828/828/844 830/830/846 829/829/845
f 830/830/846 828/828/844 831/831/847
f 831/831/847 832/832/848 830/830/846
f 833/833/849 832/832/848 831/831/847
f 831/831/847 834/834/850 833/833/849
f 835/835/851 834/834/850 831/831/847
f 831/831/847 836/836/852 835/835/851
f 837/837/853 836/836/852 831/831/847
f 831/831/847 828/828/844 837/837/853
f 838/838/854 836/836/852 837/837/853
f 839/839/855 837/837/853 828/828/844
f 828/828/844 826/827/843 839/839/855
f 840/840/856 839/839/855 826/827/843
f 839/839/855 840/840/856 841/841/857
f 841/841/857 842/842/858 839/839/855
f 843/843/859 842/842/858 841/841/857
f 839/839/855 842/842/858 844/844/860
f 844/844/860 837/837/853 839/839/855
f 838/838/854 837/837/853 844/844/860
f 844/844/860 845/845/861 838/838/854
f 846/846/853 845/845/861 844/844/860
f 844/844/860 842/842/858 846/846/853
f 847/847/862 845/845/861 846/846/853
f 848/848/855 846/846/853 842/842/858
f 842/842/858 843/843/859 848/848/855
f 849/849/863 848/848/855 843/843/859
f 850/850/858 848/848/855 849/849/863
f 849/849/863 851/851/864 850/850/858
f 848/848/855 850/850/858 852/852/865
f 852/852/865 846/846/853 848/848/855
f 847/847/862 846/846/853 852/852/865
f 852/852/865 853/853/866 847/847/862
f 854/854/853 853/853/866 852/852/865
f 852/852/865 850/850/858 854/854/853
f 855/855/867 853/853/866 854/854/853
f 856/856/855 854/854/853 850/850/858
f 850/850/858 851/851/864 856/856/855
f 857/857/868 856/856/855 851/851/864
f 858/858/869 856/856/855 857/857/868
f 857/857/868 859/859/870 858/858/869
f 860/860/871 858/858/869 859/859/870
f 858/858/869 860/860/871 861/861/872
f 861/861/872 862/862/873 858/858/869
f 856/856/855 858/858/869 862/862/873
f 862/862/873 854/854/853 856/856/855
f 855/855/867 854/854/853 862/862/873
f 862/862/873 863/863/874 855/855/867
f 864/864/875 855/855/867 863/863/874
f 865/865/876 863/863/874 862/862/873
f 862/862/873 861/861/872 865/865/876
f 866/866/877 17/17/17 867/867/878
f 867/867/878 868/868/879 866/866/877
f 869/869/880 868/868/879 867/867/878
f 867/867/878 870/870/881 869/869/880
f 870/870/881 867/867/878 871/871/882
f 871/871/882 872/872/883 870/870/881
f 873/873/884 871/871/882 867/867/878
f 867/867/878 17/17/17 873/873/884
f 16/16/16 873/873/884 17/17/17
f 873/873/884 16/16/16 874/874/885
f 874/874/885 871/871/882 873/873/884
f 874/874/885 16/16/16 18/18/18
f 18/18/18 57/57/59 874/874/885
f 875/875/886 874/874/885 57/57/59
f 871/871/882 874/874/885 875/875/886
f 875/875/886 872/872/883 871/871/882
f 876/876/887 872/872/883 875/875/886
f 875/875/886 57/57/59 876/876/887
f 877/877/888 872/872/883 876/876/887
f 876/876/887 57/57/59 58/58/60
f 58/58/60 59/59/61 876/876/887
f 878/878/889 876/876/887 59/59/61
f 877/877/888 876/876/887 878/878/889
f 878/878/889 879/879/890 877/877/888
f 880/880/891 879/879/890 878/878/889
f 878/878/889 881/881/892 880/880/891
f 692/692/707 880/880/891 881/881/892
f 881/881/892 690/690/705 692/692/707
f 67/67/69 690/690/705 881/881/892
f 881/881/892 878/878/889 67/67/69
f 59/59/61 67/67/69 878/878/889
o mesh3
v 7.560615 0.294470 -1.815496
v 7.767312 -0.533427 -1.722984
v 7.766788 0.294470 -1.724857
v 7.560471 -0.562621 -1.814020
v 6.848076 -0.537188 -1.817273
v 6.849928 0.294470 -1.818927
v 6.845548 -0.735970 -1.691085
v 7.560890 -0.733058 -1.688476
v 7.767515 -0.664441 -1.614738
v 7.562346 -1.002513 -0.960634
v 6.847436 -0.955678 -0.958931
v 6.447605 -0.478960 -1.547694
v 6.452739 -0.339850 -1.697276
v 6.455313 0.294470 -1.699565
v 6.164866 0.294470 -1.808927
v 6.164565 -0.339857 -1.806681
v 5.459989 0.294470 -1.700294
v 6.158186 -0.479691 -1.657263
v 6.448884 -0.696516 -1.119545
v 5.464090 -0.770144 -1.001314
v 5.460281 -0.479380 -1.549136
v 5.460035 -0.340907 -1.697572
v 4.532114 -0.340228 -1.797781
v 4.532114 0.294470 -1.800203
v 3.604499 0.294470 -1.700058
v 3.604438 -0.340932 -1.697324
v 3.604232 -0.475719 -1.553244
v 4.532115 -0.477577 -1.651389
v 4.536079 -0.982891 -1.005675
v 3.602800 -1.086087 -1.009739
v 2.670394 -0.908764 -1.002747
v 2.675943 -0.478601 -1.710362
v 2.676402 -0.340191 -1.858033
v 2.676558 0.294470 -1.860435
v 1.743648 0.294470 -1.799741
v 1.743889 -0.340420 -1.797247
v 1.744888 -0.479845 -1.647944
v 1.747094 -0.759997 -0.999212
v 0.817365 -0.477972 -1.539864
v 0.902105 -0.934591 -1.006812
v 0.386242 -0.783228 -1.002727
v 0.147984 -0.479379 -1.682311
v 0.819158 -0.341023 -1.686657
v 0.819242 0.294470 -1.689433
v 0.146774 0.294470 -1.833431
v 0.147227 -0.339619 -1.831302
v -0.114588 0.294470 -1.699384
v -0.113878 -0.477571 -1.550569
v -0.131406 -0.901862 -1.005747
v -1.038365 -0.541486 -1.639980
v -0.114523 -0.341513 -1.696357
v -1.037600 -0.341331 -1.901652
v -1.037366 0.294470 -1.904564
v -1.973185 0.294470 -1.823479
v -1.972585 -0.341446 -1.820563
v -1.970490 -0.540277 -1.561188
v -1.966761 -0.839723 -1.001474
v -1.050957 -0.756251 -0.996833
v -2.398243 -0.478198 -1.556557
v -2.899287 -0.833950 -1.002162
v -2.398445 -0.341241 -1.703246
v -2.398486 0.294470 -1.706125
v -2.895167 0.294470 -1.810505
v -2.895301 -0.340079 -1.808150
v -2.895686 -0.478988 -1.659907
v -3.818427 -0.478838 -1.547510
v -3.364403 -0.708370 -0.996023
v -3.816675 -0.341290 -1.694961
v -3.816704 0.294470 -1.698004
v -4.087146 -0.339388 -1.915885
v -4.089530 -0.480138 -1.765751
v -4.951746 -0.736074 -0.997486
v -3.822980 -0.825590 -1.003397
v -4.955896 -0.480257 -1.746445
v -5.685427 -0.483857 -1.549464
v -5.687632 -0.862292 -0.999267
v -4.957583 -0.340125 -1.896443
v -4.958011 0.294470 -1.898784
v -4.086045 0.294470 -1.917709
v -5.687476 0.294470 -1.698496
v -5.687131 -0.340338 -1.696049
v -6.306644 -0.339043 -1.642539
v -6.308649 0.294470 -1.644710
v -6.540196 0.294470 -1.697749
v -6.538548 -0.440269 -1.694692
v -6.943466 0.294470 -1.818922
v -6.536442 -0.595447 -1.543429
v -6.303858 -0.488883 -1.489157
v -6.310703 -0.587061 -0.806510
v -6.530299 -0.718320 -0.987894
v -6.940208 -1.019049 -0.963146
v -6.942423 -0.662863 -1.704293
v -6.943650 -0.435085 -1.818195
v -7.553206 0.294470 -1.815543
v -7.552930 -0.435085 -1.814837
v -7.552574 -0.659496 -1.701312
v -7.556131 -1.027145 -0.963373
v -7.775599 -0.856869 -0.930888
v -7.767096 -0.627965 -1.617552
v -7.768368 -0.434677 -1.724217
v -7.768686 0.294470 -1.725056
v -7.553438 0.294471 1.863951
v -7.767941 -0.433981 1.774683
v -7.768194 0.294471 1.775370
v -7.553190 -0.434687 1.863329
v -6.943189 0.294471 1.867729
v -7.552840 -0.659103 1.757638
v -7.767014 -0.620892 1.682206
v -6.943071 -0.662178 1.761444
v -6.943390 -0.434648 1.867102
v -6.538367 0.294471 1.727114
v -6.537168 -0.437211 1.725275
v -6.535852 -0.576025 1.634241
v -6.306450 -0.336125 1.651841
v -6.307882 0.294471 1.653030
v -5.686012 0.294471 1.728188
v -5.685862 -0.336880 1.726979
v -5.685059 -0.474537 1.638963
v -6.304317 -0.476963 1.560441
v -6.534998 -0.789343 1.128055
v -6.942909 -1.027064 1.082170
v -7.556370 -1.003511 1.080932
v -7.774379 -0.851390 1.045642
v -4.954328 -0.336759 1.827142
v -4.954367 0.294471 1.828324
v -3.830358 0.294471 1.727736
v -3.830380 -0.337119 1.726421
v -3.829048 -0.476763 1.637805
v -4.954183 -0.475468 1.738185
v -4.953188 -0.887147 1.134439
v -5.685710 -0.893701 1.136642
v -6.309019 -0.677348 1.130105
v -3.821832 -0.856956 1.135548
v -3.365208 -0.740658 1.127532
v -3.367411 -0.477213 1.857499
v -3.368234 -0.336423 1.947335
v -3.368706 0.294471 1.948334
v -2.894889 0.294471 1.992052
v -2.894981 -0.336674 1.990897
v -2.895292 -0.475912 1.902168
v -2.901265 -1.017979 1.132859
v -1.965002 -1.019286 1.138388
v -1.960380 -0.473211 1.717242
v -1.958894 -0.336439 1.804124
v -1.958388 0.294471 1.805107
v -1.742304 0.294471 1.699934
v -1.742251 -0.337330 1.698560
v -1.743923 -0.473138 1.611956
v -1.040054 -0.476628 1.736538
v -1.050289 -0.787346 1.131219
v -0.131548 -1.044204 1.140132
v -0.106839 -0.472641 1.639699
v -1.040329 -0.336715 1.826679
v -1.040392 0.294471 1.827848
v -0.105887 0.294471 1.727371
v -0.106117 -0.336759 1.726210
v 0.314550 -0.474067 1.542856
v 0.368836 -0.867818 1.140286
v 0.862702 -0.849784 1.134191
v 0.521234 -0.475445 1.704752
v 0.312805 -0.337361 1.630116
v 0.313082 0.294471 1.631583
v 0.518684 0.294471 1.794515
v 0.519448 -0.336152 1.793732
v 1.285336 0.294471 1.893346
v 1.285117 -0.336566 1.892236
v 1.284807 -0.476379 1.802292
v 1.746948 -0.673414 1.130041
v 1.747885 -0.478758 1.633622
v 1.748842 -0.337300 1.726096
v 1.748836 0.294471 1.727447
v 2.674975 0.294471 1.897094
v 2.674975 -0.336668 1.895937
v 2.674973 -0.476533 1.805880
v 2.670213 -0.822745 1.132807
v 3.601089 -1.001146 1.139486
v 3.601178 -0.473432 1.638845
v 3.600604 -0.337314 1.725824
v 3.600621 0.294471 1.727181
v 4.065654 -0.336503 1.909443
v 4.066523 -0.474415 1.821419
v 4.536414 -0.896626 1.134777
v 4.535474 -0.475373 1.716906
v 4.536540 -0.336939 1.805640
v 5.459533 -0.474631 1.633814
v 5.463301 -0.684394 1.128975
v 6.176501 -0.476952 1.786488
v 6.447752 -0.729421 1.129522
v 6.177735 -0.336407 1.876986
v 5.458885 -0.337335 1.725682
v 5.458849 0.294471 1.727038
v 4.536680 0.294471 1.806868
v 4.065480 0.294471 1.910543
v 6.449817 -0.477216 1.635347
v 6.846219 -0.735276 1.756828
v 6.847121 -0.955375 1.077116
v 6.848164 -0.536270 1.866384
v 6.455076 -0.336343 1.726744
v 6.456629 0.294471 1.727729
v 6.178067 0.294471 1.878033
v 6.849595 0.294471 1.867720
v 7.560827 0.294471 1.863904
v 7.560556 -0.535612 1.863076
v 7.561036 -0.731533 1.754609
v 7.562698 -1.002156 1.078658
v 7.772744 -0.851615 1.043980
v 7.767521 -0.668823 1.679495
v 7.766532 -0.532868 1.773924
v 7.766891 0.294471 1.775183
v 7.772134 -0.858118 -0.930071
v 7.766438 -0.522963 -1.774715
v 7.560567 -0.716074 -1.746192
v 7.766887 -0.647622 -1.673253
v 7.560049 -0.552156 -1.865586
v 6.847183 -0.717508 -1.750265
v 7.560123 0.227232 -1.866257
v 6.848481 -0.526768 -1.868821
v 6.447507 -0.464851 -1.603181
v 6.452828 -0.329218 -1.748861
v 6.849347 0.227232 -1.869505
v 7.560181 0.842843 -1.866787
v 7.765898 0.839239 -1.776059
v 7.766140 0.227232 -1.775455
v 7.769106 1.000588 -1.715993
v 7.560009 1.140536 -1.798051
v 6.850096 0.878810 -1.870097
v 6.847704 1.144449 -1.800781
v 6.449396 0.987295 -1.605684
v 6.454408 0.819077 -1.749151
v 6.453594 0.227232 -1.749001
v 6.164418 0.818300 -1.858808
v 6.164412 0.227232 -1.858532
v 6.164406 -0.329220 -1.858273
v 6.158908 -0.465472 -1.712985
v 5.460083 -0.330206 -1.749187
v 5.460075 0.227232 -1.749515
v 5.460067 0.819083 -1.749863
v 5.460222 0.987592 -1.606722
v 6.164291 0.987513 -1.715428
v 4.532114 0.818598 -1.849952
v 4.532115 0.987589 -1.706630
v 4.532114 0.227232 -1.849655
v 4.532114 -0.329568 -1.849376
v 5.460267 -0.465491 -1.604438
v 4.532115 -0.465484 -1.704351
v 3.604112 -0.465489 -1.604207
v 3.604378 -0.330229 -1.748942
v 3.604388 0.227232 -1.749271
v 3.604399 0.819100 -1.749621
v 3.604185 0.987590 -1.606490
v 2.676339 0.818570 -1.910200
v 2.676155 0.987572 -1.766885
v 2.676323 0.227232 -1.909906
v 2.676309 -0.329535 -1.909630
v 2.676036 -0.465469 -1.764611
v 1.744630 -0.465446 -1.703973
v 1.744054 -0.329748 -1.848856
v 1.744027 0.227232 -1.849148
v 1.743998 0.818729 -1.849458
v 1.744424 0.987546 -1.706240
v 0.819091 0.819153 -1.738977
v 0.819075 0.227232 -1.738617
v 0.819060 -0.330315 -1.738279
v 0.818654 -0.465257 -1.593574
v 0.147682 -0.465359 -1.737732
v 0.147447 -0.328993 -1.882895
v 0.147416 0.227232 -1.883134
v 0.147383 0.818144 -1.883388
v 0.818761 0.987586 -1.595876
v 0.147404 0.987460 -1.739971
v -0.114336 0.819498 -1.748788
v -0.114295 0.227232 -1.748386
v -0.114257 -0.330782 -1.748007
v -0.113082 -0.465430 -1.603693
v -1.038497 -0.527530 -1.696170
v -1.037707 -0.330613 -1.953278
v -1.970331 -0.527457 -1.615432
v -1.037672 0.227232 -1.953802
v -1.037636 0.818500 -1.954357
v -1.037835 0.987562 -1.811026
v -0.113166 0.987532 -1.605969
v -1.971820 0.987410 -1.730165
v -1.972480 0.818535 -1.873318
v -1.972378 0.227232 -1.872751
v -1.972281 -0.330722 -1.872216
v -2.397473 -0.465497 -1.610272
v -2.398387 -0.330521 -1.754872
v -2.398397 0.227232 -1.755225
v -2.398408 0.819322 -1.755601
v -2.398164 0.987593 -1.612554
v -2.895360 0.818487 -1.860299
v -2.895372 0.227232 -1.860013
v -2.895383 -0.329426 -1.859744
v -2.895578 -0.465472 -1.714674
v -3.817262 -0.330584 -1.746678
v -3.817189 0.227232 -1.747050
v -3.817110 0.819276 -1.747445
v -2.895480 0.987576 -1.716949
v -3.819805 0.987277 -1.605230
v -4.087430 0.986763 -1.824798
v -4.087545 0.817927 -1.968004
v -4.956916 0.987464 -1.805393
v -4.087627 0.227232 -1.967767
v -4.087704 -0.328783 -1.967543
v -4.088058 -0.464689 -1.822750
v -3.820422 -0.465218 -1.603057
v -4.956507 -0.465376 -1.803159
v -4.957319 -0.329474 -1.948053
v -4.957359 0.227232 -1.948325
v -4.957402 0.818511 -1.948614
v -5.686892 0.818885 -1.748184
v -5.685828 0.987440 -1.605208
v -5.686849 0.227232 -1.747921
v -5.686808 -0.329679 -1.747674
v -5.685407 -0.470862 -1.603438
v -6.306921 -0.328444 -1.694127
v -6.304790 -0.472276 -1.549097
v -6.536603 -0.578880 -1.602367
v -6.539170 -0.429653 -1.746377
v -6.540188 0.227232 -1.747011
v -6.307858 0.227232 -1.694198
v -6.308855 0.819124 -1.694274
v -6.309344 0.987574 -1.551176
v -6.541106 0.818677 -1.747583
v -6.538060 0.986437 -1.603828
v -6.943807 0.811891 -1.870221
v -6.941463 1.143155 -1.801131
v -7.552553 1.139997 -1.798228
v -7.552577 0.811796 -1.866908
v -6.943863 0.227232 -1.869965
v -6.943925 -0.424804 -1.869680
v -6.942268 -0.644436 -1.761341
v -7.552538 -0.424808 -1.866342
v -7.552558 0.227232 -1.866640
v -7.767377 0.227232 -1.776147
v -7.767177 0.839722 -1.776422
v -7.770981 1.000684 -1.716262
v -7.552728 -0.641328 -1.758180
v -7.767609 -0.608076 -1.676570
v -7.767589 -0.424362 -1.775854
v 7.765721 0.819808 1.845493
v 7.560395 1.141711 1.841724
v 7.769510 1.001830 1.765019
v 7.560231 0.812758 1.934344
v 7.765728 0.227233 1.845183
v 7.560197 0.227233 1.934101
v 6.850006 0.812780 1.938119
v 6.849570 1.144918 1.845472
v 6.452571 0.982020 1.713530
v 6.456511 0.816027 1.797463
v 6.177817 0.981923 1.863836
v 6.455723 0.227233 1.797447
v 6.849376 0.227233 1.937676
v 6.848567 -0.525918 1.937105
v 7.560152 -0.525295 1.933788
v 7.765737 -0.522459 1.844792
v 7.766852 -0.650843 1.757585
v 7.560577 -0.712966 1.831717
v 6.848326 -0.715999 1.835329
v 6.450115 -0.459859 1.711917
v 6.454984 -0.325967 1.797431
v 6.177499 -0.326021 1.947688
v 6.177525 0.227233 1.947837
v 6.177551 0.815271 1.947996
v 5.459227 0.982040 1.712815
v 5.458994 0.815750 1.796846
v 5.459004 0.227233 1.796613
v 5.459015 -0.326888 1.796394
v 5.459325 -0.456698 1.711205
v 6.177682 -0.459904 1.862458
v 4.536235 -0.326519 1.876362
v 4.535656 -0.459935 1.791371
v 4.536260 0.227233 1.876542
v 4.536287 0.815615 1.876733
v 4.535844 0.981944 1.792749
v 4.065758 0.815343 1.980457
v 4.065773 0.227233 1.980292
v 4.065790 -0.326111 1.980138
v 4.065756 -0.460008 1.894918
v 3.600809 -0.326871 1.796540
v 3.600798 0.227233 1.796744
v 3.600788 0.815864 1.796959
v 4.065674 0.982015 1.896317
v 3.601512 0.982025 1.713012
v 2.675251 0.979522 1.903188
v 2.674975 0.814155 1.967239
v 2.674975 0.227233 1.966926
v 2.674975 -0.326266 1.966630
v 3.601436 -0.460017 1.711597
v 2.674974 -0.460051 1.881440
v 1.748675 -0.326860 1.796809
v 1.748165 -0.460030 1.711839
v 1.284878 -0.459976 1.877751
v 1.284919 -0.326171 1.962937
v 1.748689 0.227233 1.797167
v 1.748703 0.814404 1.797547
v 1.748405 0.979499 1.733573
v 1.285084 0.979465 1.899469
v 1.285003 0.814103 1.963523
v 1.284960 0.227233 1.963221
v 0.520143 -0.325784 1.864545
v 0.519991 -0.459002 1.779540
v 0.313288 -0.326928 1.700881
v 0.520001 0.227233 1.864770
v 0.519849 0.813801 1.865008
v 0.519411 0.978733 1.800895
v 0.313300 0.814383 1.701669
v 0.313294 0.227233 1.701264
v -0.106344 0.227233 1.797227
v -0.106398 -0.326349 1.796925
v 0.315078 -0.459854 1.616339
v -0.106827 -0.459905 1.711879
v -1.040270 -0.326310 1.897373
v -1.040212 -0.460044 1.812200
v -1.040283 0.227233 1.897673
v -1.742515 -0.326891 1.769283
v -1.743436 -0.459980 1.684420
v -1.959473 -0.326050 1.874902
v -1.742499 0.227233 1.769647
v -1.040297 0.814174 1.897991
v -0.106286 0.814167 1.797546
v 0.314401 0.979341 1.637945
v -0.106436 0.979403 1.733551
v -1.040292 0.979517 1.833946
v -1.743031 0.979455 1.706119
v -1.742482 0.814404 1.770033
v -1.959307 0.979034 1.811491
v -1.959249 0.813963 1.875442
v -1.959364 0.227233 1.875164
v -2.895081 -0.326273 2.061592
v -1.959959 -0.459434 1.790031
v -2.895153 -0.460680 1.976451
v -3.367743 -0.326038 2.018086
v -2.895062 0.227233 2.061887
v -2.895042 0.814170 2.062199
v -2.895049 0.979510 1.998156
v -3.367938 0.814009 2.018626
v -3.367837 0.227233 2.018348
v -3.830045 0.227233 1.797485
v -3.830020 -0.326692 1.797156
v -3.367481 -0.460580 1.933117
v -3.828927 -0.461204 1.712399
v -4.954279 -0.326351 1.897837
v -4.954241 -0.460049 1.812672
v -5.685196 -0.459968 1.712640
v -5.685625 -0.326465 1.797691
v -5.685662 0.227233 1.797994
v -4.954288 0.227233 1.898130
v -3.830072 0.814463 1.797833
v -3.368042 0.979174 1.954603
v -3.829438 0.979623 1.732276
v -4.954285 0.979747 1.832714
v -4.954296 0.814310 1.898441
v -5.685701 0.814346 1.798317
v -5.685536 0.979676 1.732633
v -6.308049 0.814620 1.723089
v -6.307370 0.227233 1.722811
v -6.306730 -0.325745 1.722548
v -6.305152 -0.459741 1.637046
v -6.536754 -0.558840 1.711061
v -6.537870 -0.426794 1.796108
v -6.538573 0.227233 1.796654
v -6.539205 0.815349 1.797145
v -6.538625 0.981348 1.713012
v -6.309161 0.979962 1.655773
v -6.943599 0.812774 1.938129
v -6.943145 1.144926 1.845478
v -6.943651 0.227233 1.937965
v -6.943708 -0.424399 1.937781
v -6.943374 -0.643682 1.837521
v -7.552801 -0.424439 1.934021
v -7.552850 0.227233 1.934205
v -7.552895 0.820547 1.934372
v -7.553066 1.149448 1.841758
v -7.771049 1.001877 1.765131
v -7.767252 0.819695 1.845607
v -7.767215 0.227233 1.845555
v -7.767173 -0.423710 1.845499
v -7.552744 -0.640551 1.833788
v -7.766906 -0.600929 1.760092
v 7.777641 0.264920 2.021975
v 7.566188 0.854378 1.963490
v 7.777206 0.863585 1.872538
v 7.566353 0.264922 2.120330
v 6.845088 0.854421 1.967455
v 7.566020 -0.494685 1.962346
v 7.777244 -0.493466 1.871099
v 6.842106 -0.495995 1.965354
v 6.844341 0.264918 2.124435
v 6.455637 -0.296095 1.826389
v 6.458022 0.264931 1.972814
v 6.458787 0.861158 1.826444
v 6.181832 0.264926 2.135573
v 6.181486 -0.296205 1.976362
v 5.457191 0.264923 1.971946
v 6.181577 0.859546 1.976994
v 5.457197 0.860543 1.825945
v 4.540733 0.860263 1.905582
v 4.540795 0.264925 2.058263
v 4.540628 -0.297242 1.904823
v 5.457241 -0.298003 1.825019
v 4.063583 -0.296391 2.008977
v 4.063393 0.264926 2.170984
v 4.063515 0.859697 2.009629
v 3.597890 0.264924 1.971994
v 3.597894 -0.297976 1.825076
v 2.674980 -0.296714 1.995507
v 2.674983 0.264919 2.156599
v 3.597852 0.860783 1.825935
v 2.674979 0.857246 1.996756
v 1.751167 0.857767 1.826910
v 1.751125 0.264915 1.972499
v 1.751108 -0.297954 1.825392
v 1.287930 -0.296519 1.991684
v 1.288192 0.264919 2.152395
v 1.288104 0.857141 1.992886
v 0.508660 0.856516 1.892393
v 0.508354 0.264920 2.043327
v 0.509267 -0.295715 1.891448
v 0.306462 -0.298119 1.728713
v 0.306681 0.264914 1.867861
v 0.306464 0.857731 1.730334
v -0.101386 0.264918 1.972224
v -0.101674 -0.296883 1.825389
v -1.041303 -0.296807 1.926218
v -1.041381 0.264918 2.081518
v -1.738413 -0.298026 1.797662
v -1.041359 0.857288 1.927485
v -0.101443 0.857271 1.826661
v -1.738424 0.264915 1.942477
v -1.738337 0.857769 1.799206
v -1.950402 -0.296265 1.902386
v -1.949787 0.264919 2.055442
v -1.949941 0.856849 1.903492
v -2.893515 0.857282 2.091673
v -2.893485 0.264919 2.259479
v -2.893594 -0.296735 2.090427
v -3.375247 -0.296246 2.046041
v -3.375806 0.264919 2.211166
v -3.375644 0.856947 2.047147
v -3.835366 0.264917 1.972435
v -3.835344 -0.297610 1.825398
v -4.954944 -0.296894 1.926680
v -4.954990 0.264919 2.082026
v -3.835457 0.857890 1.826790
v -4.954978 0.857568 1.927919
v -5.689498 0.264918 1.973236
v -5.689318 -0.297133 1.826267
v -6.302454 -0.295606 1.751268
v -6.304542 0.264924 1.891870
v -5.689471 0.857644 1.827553
v -6.305187 0.858212 1.752371
v -6.529067 0.264921 1.970374
v -6.527151 -0.397834 1.822734
v -6.939000 -0.392869 1.966765
v -6.938730 0.264926 2.124769
v -7.558483 -0.392956 1.962819
v -6.938776 0.854407 1.967482
v -6.529923 0.859725 1.824886
v -7.558786 0.264926 2.120492
v -7.558677 0.862233 1.963544
v -7.778368 -0.392555 1.872556
v -7.778682 0.264931 2.022583
v -7.778524 0.863351 1.872769
v -7.779026 0.264925 -1.962829
v -7.558358 0.852382 -1.896209
v -7.778028 0.882919 -1.803852
v -7.558581 0.264920 -2.062800
v -7.558275 -0.393718 -1.895041
v -7.778894 -0.393909 -1.802686
v -6.939812 -0.393699 -1.898660
v -6.939524 0.264920 -2.066724
v -6.939562 0.852578 -1.899773
v -6.532487 0.264917 -1.932712
v -6.529862 -0.403770 -1.772339
v -6.302866 -0.301144 -1.721978
v -6.305801 0.264933 -1.876484
v -6.306853 0.867509 -1.722241
v -6.533887 0.866622 -1.774845
v -5.692138 0.264920 -1.934279
v -5.691933 0.867005 -1.775867
v -5.691762 -0.303758 -1.774821
v -4.961242 -0.303323 -1.975467
v -4.961702 0.264919 -2.151654
v -4.961411 0.866226 -1.976613
v -4.077874 0.264921 -2.171302
v -4.079043 -0.301882 -1.994163
v -3.808859 0.264913 -1.932565
v -4.078721 0.865016 -1.995102
v -3.808661 0.867842 -1.774107
v -2.894180 0.866170 -1.888570
v -2.894084 0.264919 -2.056248
v -2.894228 -0.303209 -1.887440
v -3.808986 -0.305668 -1.772529
v -2.399268 -0.305501 -1.782051
v -2.399318 0.264915 -1.942689
v -2.399317 0.867915 -1.783544
v -1.977407 0.866268 -1.901164
v -1.977685 0.264904 -2.069572
v -1.976996 -0.305937 -1.898885
v -1.035957 -0.305711 -1.980360
v -1.035687 0.264905 -2.157861
v -1.035810 0.866197 -1.982589
v -0.118134 0.264913 -1.935024
v -0.117982 -0.306059 -1.774802
v 0.143963 -0.302308 -1.910586
v 0.143473 0.264920 -2.081056
v -0.118147 0.868289 -1.776406
v 0.143835 0.865457 -1.911590
v 0.820428 0.867561 -1.766975
v 0.820470 0.264915 -1.924668
v 0.820365 -0.305072 -1.765544
v 1.741536 -0.303888 -1.876310
v 1.741270 0.264918 -2.044365
v 1.741423 0.866677 -1.877541
v 2.677917 0.264918 -2.110309
v 2.677748 -0.303443 -1.937260
v 3.605343 0.264916 -1.936235
v 2.677811 0.866347 -1.938424
v 3.605314 0.867449 -1.777658
v 4.532109 0.264918 -2.045052
v 4.532110 0.866404 -1.878204
v 4.532110 -0.303512 -1.877030
v 3.605272 -0.304891 -1.776266
v 5.459383 0.264916 -1.936507
v 5.459439 -0.304845 -1.776530
v 5.459409 0.867415 -1.777914
v 6.167533 0.264919 -2.054497
v 6.167242 -0.302786 -1.885937
v 6.451224 -0.302790 -1.776621
v 6.454591 0.264924 -1.935940
v 6.167250 0.865783 -1.887032
v 6.454482 0.867461 -1.777190
v 6.844997 0.264911 -2.066223
v 6.842336 -0.497740 -1.896879
v 7.566374 0.264908 -2.062333
v 7.566138 -0.523658 -1.893488
v 7.779027 -0.494470 -1.800347
v 7.778242 0.264911 -1.961868
v 7.777912 0.881898 -1.803103
v 7.566421 0.883772 -1.895958
v 6.845667 0.920435 -1.899512
v 7.758015 -0.509574 -1.704239
v 7.556120 -0.697323 -1.677049
v 7.758145 -0.628993 -1.605927
v 7.555975 -0.538770 -1.793585
v 6.852208 -0.700053 -1.680416
v 7.555985 -0.130586 -1.793687
v 6.852573 -0.513742 -1.796708
v 6.452320 -0.443394 -1.536565
v 6.453883 -0.314425 -1.676963
v 6.852701 -0.130586 -1.796808
v 6.852731 -0.037691 -1.748690
v 7.555988 -0.037691 -1.745568
v 7.757972 -0.130586 -1.704348
v 7.757961 -0.037691 -1.656232
v 7.556003 0.565881 -1.745718
v 6.852932 0.565881 -1.748848
v 6.454236 0.565881 -1.628889
v 6.453994 -0.037691 -1.628842
v 6.453957 -0.130586 -1.676978
v 6.162543 -0.130586 -1.786464
v 6.162542 -0.314426 -1.786439
v 6.157398 -0.443575 -1.646063
v 5.460515 -0.314705 -1.677571
v 5.460515 -0.130586 -1.677603
v 5.460515 -0.037691 -1.629476
v 6.162544 -0.037691 -1.738335
v 6.162547 0.565881 -1.738418
v 5.460512 0.565881 -1.629580
v 4.532116 0.565881 -1.729541
v 4.532116 -0.037691 -1.729452
v 4.532116 -0.130586 -1.777581
v 4.532116 -0.314524 -1.777554
v 5.460569 -0.443574 -1.537457
v 4.532117 -0.443575 -1.637358
v 3.603706 -0.443573 -1.537227
v 3.603782 -0.314711 -1.677337
v 3.603783 -0.130586 -1.677369
v 3.603784 -0.037691 -1.629242
v 3.603787 0.565881 -1.629347
v 3.603788 0.674183 -1.677508
v 4.532116 0.674183 -1.777699
v 5.460512 0.674183 -1.677742
v 6.162548 0.674183 -1.786575
v 5.460511 0.819179 -1.677766
v 4.532116 0.819041 -1.777721
v 3.603788 0.819184 -1.677533
v 2.675360 0.674183 -1.837966
v 2.675359 0.565881 -1.789808
v 2.675354 -0.037691 -1.789719
v 2.675353 -0.130586 -1.837848
v 2.675352 -0.314514 -1.837821
v 2.675274 -0.443570 -1.697628
v 1.745894 -0.443563 -1.637011
v 1.745728 -0.314575 -1.777165
v 1.745726 -0.130586 -1.777193
v 1.745724 -0.037691 -1.729065
v 1.745716 0.565881 -1.729158
v 1.745714 0.674183 -1.777317
v 1.745712 0.819078 -1.777339
v 2.675361 0.819033 -1.837987
v 3.603727 0.981805 -1.537889
v 4.532117 0.981807 -1.638020
v 5.460556 0.981806 -1.538119
v 6.162548 0.818955 -1.786594
v 6.454279 0.674183 -1.677040
v 6.852968 0.674183 -1.797019
v 6.454337 0.819167 -1.677051
v 6.452860 0.981718 -1.537296
v 6.162503 0.981785 -1.646876
v 6.853037 0.883405 -1.797074
v 6.852368 1.146788 -1.728540
v 7.555958 1.143344 -1.725555
v 7.556011 0.847904 -1.793931
v 7.758790 1.001980 -1.646465
v 7.757860 0.843172 -1.704627
v 7.556006 0.674183 -1.793888
v 7.757892 0.565881 -1.656406
v 7.757880 0.674183 -1.704579
v 2.675308 0.981802 -1.698288
v 1.745835 0.981793 -1.637669
v 0.818188 0.819199 -1.666915
v 0.818092 0.981803 -1.527280
v 0.818187 0.674183 -1.666890
v 0.149738 0.818912 -1.811190
v 0.149747 0.981771 -1.671462
v -0.111779 0.819295 -1.676979
v 0.149741 0.674183 -1.811172
v 0.818186 0.565881 -1.618728
v 0.818182 -0.037691 -1.618621
v 0.149742 0.565881 -1.763016
v -0.111776 0.674183 -1.676950
v -0.111774 0.565881 -1.628786
v -1.038847 0.674183 -1.882100
v -1.038844 0.819014 -1.882139
v -1.038900 0.981799 -1.742436
v -0.111437 0.981787 -1.537425
v -1.969015 0.981755 -1.661706
v -1.969204 0.819024 -1.801358
v -1.969197 0.674183 -1.801317
v -1.038849 0.565881 -1.833928
v -0.111762 -0.037691 -1.628666
v 0.149753 -0.037691 -1.762939
v 0.818181 -0.130586 -1.666746
v 0.818179 -0.314736 -1.666714
v 0.149757 -0.314361 -1.811046
v 0.149754 -0.130586 -1.811070
v -0.111760 -0.130586 -1.676790
v -1.038859 -0.037691 -1.833764
v -1.969192 0.565881 -1.753145
v -2.397805 0.674183 -1.683548
v -2.397806 0.819246 -1.683575
v -2.397735 0.981805 -1.543954
v -2.896152 0.819010 -1.788055
v -2.896188 0.981803 -1.648347
v -2.896152 0.674183 -1.788035
v -2.397804 0.565881 -1.635385
v -1.969161 -0.037691 -1.752977
v -1.038861 -0.130586 -1.881881
v -0.111756 -0.314866 -1.676754
v -0.111411 -0.443554 -1.536767
v 0.149827 -0.443541 -1.670810
v 0.818061 -0.443330 -1.526613
v -3.822770 0.819230 -1.676278
v -3.823557 0.981716 -1.536898
v -4.093388 0.981572 -1.756877
v -4.093414 0.818849 -1.896537
v -4.954584 0.981771 -1.736886
v -4.093421 0.674183 -1.896520
v -3.822776 0.674183 -1.676249
v -2.896153 0.565881 -1.739877
v -2.397802 -0.037691 -1.635273
v -1.969157 -0.130586 -1.801093
v -1.038864 -0.314817 -1.881830
v -1.039087 -0.504369 -1.630685
v -1.968592 -0.504348 -1.549990
v -1.969147 -0.314849 -1.801042
v -2.397541 -0.443575 -1.543293
v -2.397800 -0.314794 -1.683364
v -2.397801 -0.130586 -1.683398
v -2.896157 -0.037691 -1.739792
v -3.822779 0.565881 -1.628086
v -4.093424 0.565881 -1.848365
v -3.822802 -0.037691 -1.627968
v -2.896158 -0.130586 -1.787920
v -2.896159 -0.314484 -1.787894
v -2.896216 -0.443572 -1.647686
v -3.822813 -0.314807 -1.676056
v -3.822806 -0.130586 -1.676092
v -4.093450 -0.037691 -1.848294
v -4.093453 -0.130586 -1.896425
v -4.954706 -0.037691 -1.828287
v -4.954719 0.565881 -1.828374
v -4.954722 0.674183 -1.876531
v -5.683531 0.674183 -1.676312
v -5.683528 0.565881 -1.628156
v -5.683515 -0.037691 -1.628078
v -4.954704 -0.130586 -1.876416
v -4.093461 -0.314299 -1.896403
v -4.093569 -0.443350 -1.756281
v -3.823736 -0.443495 -1.536269
v -4.954465 -0.443544 -1.736237
v -4.954700 -0.314496 -1.876390
v -5.683104 -0.449350 -1.536218
v -5.683509 -0.314553 -1.676184
v -5.683513 -0.130586 -1.676208
v -6.309766 -0.037691 -1.574049
v -6.310061 0.565881 -1.574077
v -6.310114 0.674183 -1.622224
v -5.683534 0.819122 -1.676331
v -4.954725 0.819015 -1.876552
v -5.683227 0.981762 -1.536731
v -6.310185 0.819189 -1.622231
v -6.310323 0.981800 -1.482589
v -6.545926 0.819056 -1.676003
v -6.545861 0.674183 -1.675963
v -6.545813 0.565881 -1.627790
v -6.545543 -0.037691 -1.627622
v -6.309720 -0.130586 -1.622187
v -6.309629 -0.314208 -1.622179
v -6.309018 -0.451107 -1.481983
v -6.544642 -0.558952 -1.535760
v -6.545374 -0.414546 -1.675660
v -6.545501 -0.130586 -1.675739
v -6.946659 -0.037691 -1.748857
v -6.946642 0.565881 -1.748933
v -6.946639 0.674183 -1.797089
v -6.946636 0.817116 -1.797108
v -6.545040 0.981472 -1.536173
v -6.945981 1.146422 -1.728638
v -7.548704 1.143194 -1.725604
v -7.548715 0.817088 -1.793964
v -7.548715 0.674183 -1.793945
v -7.548714 0.565881 -1.745788
v -7.759930 0.674183 -1.704708
v -7.759915 0.843307 -1.704730
v -7.761014 1.002009 -1.646541
v -6.946661 -0.130586 -1.796988
v -6.946669 -0.413164 -1.796952
v -6.946202 -0.628530 -1.690343
v -7.548705 -0.413164 -1.793801
v -7.548707 -0.130586 -1.793839
v -7.548707 -0.037691 -1.745709
v -7.759939 0.565881 -1.656552
v -7.759995 -0.037691 -1.656473
v -7.760004 -0.130586 -1.704603
v -7.760032 -0.412295 -1.704566
v -7.760036 -0.592022 -1.606885
v -7.548759 -0.625317 -1.687242
v 7.758034 0.823002 1.754863
v 7.556291 1.143621 1.750273
v 7.759130 1.002285 1.676708
v 7.556250 0.817359 1.842310
v 7.758035 0.674184 1.754840
v 6.853260 0.817366 1.845952
v 6.853135 1.146848 1.753906
v 6.453780 0.980208 1.623118
v 6.454945 0.818294 1.705539
v 6.853215 0.674184 1.845921
v 7.556248 0.674184 1.842293
v 7.556246 0.565882 1.801113
v 7.758035 0.565882 1.713657
v 6.853182 0.565882 1.804730
v 6.454848 0.565882 1.664370
v 6.454890 0.674184 1.705538
v 6.174882 0.565882 1.814873
v 6.174884 0.674184 1.856048
v 6.174887 0.818086 1.856060
v 6.174952 0.980183 1.773577
v 5.460271 0.980214 1.622398
v 5.460204 0.818223 1.704845
v 4.533184 0.980187 1.702466
v 5.460205 0.674184 1.704828
v 5.460205 0.565882 1.663649
v 5.460208 -0.037690 1.663580
v 6.174872 -0.037690 1.814826
v 6.454615 -0.037690 1.664365
v 6.852996 -0.037690 1.804599
v 7.556236 -0.037690 1.801040
v 7.758037 -0.037690 1.713566
v 7.556234 -0.130585 1.842196
v 6.852967 -0.130585 1.845746
v 6.454578 -0.130585 1.705531
v 6.174871 -0.130585 1.855985
v 5.460209 -0.130585 1.704736
v 4.533300 -0.130585 1.784810
v 4.533300 -0.037690 1.743652
v 4.533309 0.565882 1.743709
v 4.533310 0.674184 1.784886
v 4.533312 0.818184 1.784900
v 4.067242 0.818106 1.888406
v 4.067219 0.980209 1.805928
v 4.067243 0.674184 1.888394
v 4.067243 0.565882 1.847219
v 4.067248 -0.037690 1.847169
v 4.067249 -0.130585 1.888329
v 3.602759 -0.130585 1.704940
v 3.602758 -0.037690 1.663783
v 3.602756 0.565882 1.663847
v 3.602755 0.674184 1.705026
v 3.602755 0.818254 1.705041
v 3.602966 0.980210 1.622619
v 2.675049 0.979492 1.811939
v 2.674972 0.817766 1.874957
v 2.674972 0.674184 1.874935
v 2.674972 0.565882 1.833751
v 2.674972 -0.037690 1.833658
v 2.674972 -0.130585 1.874810
v 2.674972 -0.313574 1.874781
v 3.602760 -0.313746 1.704920
v 4.067251 -0.313530 1.888314
v 4.067242 -0.442004 1.805527
v 3.602944 -0.442003 1.622215
v 2.674972 -0.442015 1.792004
v 1.747049 -0.313742 1.705156
v 1.747051 -0.130585 1.705190
v 1.747051 -0.037690 1.664041
v 1.747055 0.565882 1.664154
v 1.747056 0.674184 1.705341
v 1.747057 0.817837 1.705368
v 1.746970 0.979485 1.642373
v 1.282959 0.979476 1.808325
v 1.282937 0.817750 1.871343
v 1.282934 0.674184 1.871322
v 1.282931 0.565882 1.830139
v 1.282918 -0.037690 1.830048
v 1.282916 -0.130585 1.871202
v 1.282912 -0.313547 1.871174
v 0.527353 -0.130585 1.774024
v 0.527346 -0.037690 1.732868
v 0.527301 0.565882 1.732939
v 0.527293 0.674184 1.774119
v 0.527282 0.817664 1.774136
v 0.527163 0.979268 1.711103
v 0.317871 0.817829 1.609958
v 0.317870 0.674184 1.609929
v 0.317869 0.565882 1.568740
v 0.317866 -0.037690 1.568619
v 0.317865 -0.130585 1.609767
v 0.317864 -0.313758 1.609731
v 0.527366 -0.313436 1.774002
v 0.527330 -0.441716 1.691280
v 1.282900 -0.441994 1.788398
v 1.746901 -0.442007 1.622443
v 0.318194 0.979440 1.547035
v -0.109482 0.817769 1.705527
v -0.109524 0.979458 1.642526
v -1.039598 0.979491 1.742708
v -1.039599 0.817771 1.805724
v -1.745392 0.979473 1.615001
v -1.039598 0.674184 1.805702
v -0.109486 0.674184 1.705505
v -0.109489 0.565882 1.664321
v -0.109507 -0.037690 1.664225
v -0.109509 -0.130585 1.705377
v -0.109514 -0.313598 1.705348
v 0.318391 -0.441957 1.527142
v -0.109635 -0.441973 1.622612
v -1.039591 -0.313586 1.805546
v -1.039593 -0.130585 1.805575
v -1.039593 -0.037690 1.764423
v -1.039598 0.565882 1.764518
v -1.745235 0.565882 1.636764
v -1.745234 0.674184 1.677951
v -1.745233 0.817836 1.677979
v -1.965450 0.979353 1.721143
v -1.965432 0.817711 1.784131
v -1.965440 0.674184 1.784111
v -1.965446 0.565882 1.742929
v -1.965480 -0.037690 1.742846
v -1.745239 -0.037690 1.636649
v -1.745240 -0.130585 1.677798
v -1.745241 -0.313750 1.677763
v -1.039575 -0.442013 1.722773
v -1.745508 -0.441992 1.595080
v -1.965496 -0.313512 1.783975
v -1.965486 -0.130585 1.784000
v -2.896071 -0.130585 1.969800
v -2.896070 -0.037690 1.928647
v -2.896064 0.565882 1.928740
v -2.896063 0.674184 1.969924
v -2.896062 0.817770 1.969946
v -2.896063 0.979489 1.906931
v -3.362807 0.817724 1.927006
v -3.362800 0.674184 1.926986
v -3.362794 0.565882 1.885804
v -3.362764 -0.037690 1.885721
v -3.362759 -0.130585 1.926875
v -3.362750 -0.313508 1.926850
v -2.896073 -0.313575 1.969771
v -1.965637 -0.441838 1.701290
v -2.896094 -0.442698 1.887008
v -3.362674 -0.442919 1.844137
v -3.826466 -0.313694 1.705730
v -3.826468 -0.130585 1.705761
v -3.826470 -0.037690 1.664610
v -3.826477 0.565882 1.664714
v -3.826478 0.674184 1.705900
v -3.826480 0.817853 1.705925
v -3.362835 0.979393 1.863997
v -3.826297 0.979521 1.641321
v -4.953832 0.979557 1.741533
v -4.953835 0.817810 1.806186
v -4.953835 0.674184 1.806163
v -4.953835 0.565882 1.764980
v -4.953833 -0.037690 1.764887
v -4.953832 -0.130585 1.806040
v -4.953831 -0.313598 1.806011
v -3.826148 -0.443347 1.623078
v -4.953820 -0.442014 1.723241
v -5.683046 -0.441991 1.623304
v -5.683169 -0.313630 1.706041
v -5.683174 -0.130585 1.706070
v -5.683176 -0.037690 1.664918
v -5.683187 0.565882 1.665014
v -5.683189 0.674184 1.706198
v -5.683193 0.817820 1.706221
v -5.683146 0.979536 1.641581
v -6.309953 0.817898 1.630964
v -6.309905 0.674184 1.630944
v -6.309869 0.565882 1.589762
v -6.309669 -0.037690 1.589679
v -6.309639 -0.130585 1.630833
v -6.309577 -0.313429 1.630807
v -6.309122 -0.441929 1.547939
v -6.544685 -0.541675 1.623014
v -6.545006 -0.413730 1.705749
v -6.545093 -0.130585 1.705817
v -6.545121 -0.037690 1.664672
v -6.545308 0.565882 1.664818
v -6.545341 0.674184 1.706010
v -6.545386 0.818106 1.706045
v -6.545215 0.980015 1.623567
v -6.310272 0.979618 1.564682
v -6.946819 0.817369 1.845955
v -6.946693 1.146856 1.753909
v -6.946823 0.674184 1.845944
v -6.946825 0.565882 1.804768
v -6.946841 -0.037690 1.804719
v -6.946842 -0.130585 1.845878
v -6.946850 -0.413047 1.845856
v -6.946756 -0.628239 1.746994
v -7.549005 -0.413057 1.842219
v -7.549010 -0.130585 1.842242
v -7.549012 -0.037690 1.801083
v -7.549026 0.565882 1.801132
v -7.549028 0.674184 1.842308
v -7.549031 0.825105 1.842320
v -7.549074 1.151353 1.750285
v -7.760811 1.002299 1.676743
v -7.759711 0.822970 1.754897
v -7.759709 0.674184 1.754894
v -7.759706 0.565882 1.713724
v -7.759696 -0.037690 1.713708
v -7.759693 -0.130585 1.754873
v -7.759688 -0.412109 1.754866
v -7.548988 -0.625034 1.743371
v -7.759611 -0.585584 1.670724
v 7.758037 -0.130585 1.754719
v 7.758038 -0.509424 1.754661
v 7.556227 -0.513321 1.842150
v 7.758359 -0.633442 1.669998
v 7.556347 -0.696370 1.741952
v 6.852849 -0.513497 1.845662
v 6.852776 -0.699545 1.745542
v 6.453064 -0.441967 1.622649
v 6.454507 -0.313490 1.705529
v 6.174869 -0.313504 1.855971
v 6.174908 -0.441975 1.773183
v 5.460300 -0.438447 1.621938
v 5.460209 -0.313752 1.704715
v 4.533297 -0.313646 1.784793
v 4.533130 -0.441981 1.702073
v 7.766532 -0.517214 1.773924
v 7.560871 0.814918 1.863894
v 7.766889 0.820010 1.775183
v 7.560556 -0.519958 1.863076
v 7.767406 -0.653837 1.678578
v 7.204757 0.814918 1.866338
v 7.560979 -0.716674 1.753699
v 7.204753 -0.520199 1.865412
v 6.849595 0.814918 1.867719
v 6.848164 -0.520616 1.866384
v 6.846221 -0.720244 1.756033
v 7.204807 -0.719153 1.755492
v 6.846813 -0.961848 1.028656
v 7.202474 -0.986370 1.030327
v 7.562908 -1.008902 1.030944
v 7.772777 -0.857983 0.966614
v 6.446935 -0.736400 1.125878
v 6.449051 -0.462837 1.633544
v 6.455076 -0.320689 1.726744
v 6.456629 0.814922 1.727729
v 6.178067 0.814925 1.878033
v 6.177735 -0.320753 1.876986
v 6.176538 -0.461992 1.785681
v 5.463377 -0.691465 1.124897
v 5.459632 -0.460061 1.632351
v 5.458885 -0.321681 1.725682
v 5.458849 0.814925 1.727038
v 4.536540 -0.321285 1.805640
v 4.536680 0.814925 1.806868
v 4.065481 0.814925 1.910543
v 4.065654 -0.320849 1.909443
v 4.535230 -0.461265 1.715345
v 4.536603 -0.904669 1.135388
v 4.066520 -0.460085 1.820191
v 3.600604 -0.321659 1.725824
v 3.600621 0.814925 1.727181
v 2.674975 0.814925 1.897094
v 2.674975 -0.321014 1.895937
v 3.601371 -0.460055 1.636840
v 3.601360 -1.010124 1.143520
v 2.674973 -0.461821 1.804833
v 1.748842 -0.321646 1.726096
v 1.748836 0.814925 1.727446
v 1.285336 0.814925 1.893346
v 1.285117 -0.320912 1.892236
v 1.284589 -0.461569 1.801393
v 1.747737 -0.464164 1.632111
v 2.669996 -0.829957 1.132741
v 1.746960 -0.680368 1.127183
v 0.863249 -0.857363 1.134465
v 0.521692 -0.460754 1.703902
v 0.519448 -0.320498 1.793732
v 0.518684 0.814925 1.794515
v 0.313082 0.814925 1.631583
v 0.312805 -0.321706 1.630116
v 0.314979 -0.461114 1.540301
v 0.369581 -0.877600 1.143047
v -0.131428 -1.053881 1.144652
v -0.107108 -0.459002 1.638078
v -0.106117 -0.321104 1.726210
v -0.105887 0.814925 1.727371
v -1.040329 -0.321061 1.826679
v -1.040019 -0.462011 1.735369
v -1.050318 -0.794698 1.129215
v -1.964854 -0.967543 1.141458
v -1.743942 -0.459869 1.609880
v -1.742249 -0.321675 1.698560
v -1.742302 0.814925 1.699934
v -1.040392 0.814925 1.827847
v -1.958894 -0.320785 1.804124
v -1.958387 0.814925 1.805106
v -1.960817 -0.459240 1.715889
v -2.894981 -0.321020 1.990897
v -2.895345 -0.461361 1.901082
v -2.901834 -0.964545 1.132696
v -3.367081 -0.462370 1.856700
v -3.368234 -0.320768 1.947335
v -3.368706 0.814925 1.948334
v -2.894889 0.814925 1.992052
v -3.830380 -0.321464 1.726421
v -3.830358 0.814925 1.727736
v -4.954367 0.814925 1.828324
v -3.828660 -0.463056 1.635814
v -3.365220 -0.747303 1.124097
v -3.821455 -0.865485 1.135557
v -4.950509 -0.895011 1.134516
v -4.954153 -0.461133 1.736839
v -4.954328 -0.321105 1.827142
v -5.685862 -0.321226 1.726979
v -5.686012 0.814925 1.728188
v -5.685195 -0.458080 1.639633
v -5.677392 -1.041345 1.143728
v -6.304742 -1.020689 1.298957
v -6.304742 -0.455040 1.566038
v -6.306450 -0.320471 1.651841
v -6.307882 0.814925 1.653029
v -6.537168 -0.421557 1.725275
v -6.536638 -0.559883 1.635323
v -6.533749 -0.795739 1.123327
v -6.943130 -0.647602 1.760398
v -6.943390 -0.418993 1.867102
v -6.538367 0.814925 1.727114
v -6.943210 0.814925 1.867732
v -7.247970 -0.419242 1.865637
v -7.247974 0.818786 1.866341
v -7.553440 0.822647 1.863951
v -7.553190 -0.419033 1.863329
v -7.248036 -0.646544 1.758624
v -6.942403 -1.034292 1.036643
v -7.248768 -1.023375 1.036300
v -7.556726 -1.010584 1.034566
v -7.552756 -0.644479 1.756629
v -7.767941 -0.418327 1.774683
v -7.768194 0.820010 1.775369
v -7.766822 -0.606189 1.681131
v -7.774485 -0.857926 0.969084
v 7.767421 -0.649287 -1.613990
v 7.562500 -0.975950 -0.928039
v 7.772171 -0.831304 -0.871042
v 7.560839 -0.717961 -1.687737
v 7.767311 -0.517772 -1.722984
v 7.202387 -0.953324 -0.927142
v 7.560471 -0.546967 -1.814020
v 7.204464 -0.720162 -1.689695
v 6.847063 -0.928879 -0.925299
v 6.845568 -0.720771 -1.690471
v 7.204087 -0.534038 -1.816378
v 7.560471 0.845647 -1.815526
v 7.766788 0.840472 -1.724857
v 7.204406 0.863304 -1.817697
v 6.848076 -0.521534 -1.817273
v 6.447103 -0.464317 -1.545848
v 6.447793 -0.670462 -1.226678
v 6.158224 -0.464660 -1.656280
v 5.464442 -0.744336 -1.003057
v 6.164565 -0.324203 -1.806681
v 6.452739 -0.324195 -1.697276
v 6.454833 0.814921 -1.699577
v 6.850089 0.880961 -1.818950
v 6.164865 0.814923 -1.808927
v 5.460035 -0.325253 -1.697572
v 5.460319 -0.464681 -1.547667
v 4.536418 -0.957675 -1.011537
v 4.532115 -0.462945 -1.650117
v 4.532114 -0.324574 -1.797781
v 3.604179 -0.461624 -1.551594
v 3.602681 -1.061935 -1.018817
v 2.670160 -0.882955 -1.006627
v 2.675888 -0.463732 -1.709280
v 2.676402 -0.324537 -1.858033
v 3.604438 -0.325277 -1.697324
v 4.532113 0.814924 -1.800203
v 5.459989 0.814924 -1.700294
v 3.604499 0.814924 -1.700058
v 2.676558 0.814924 -1.860435
v 1.743889 -0.324765 -1.797247
v 1.744981 -0.464834 -1.646916
v 1.747110 -0.733750 -1.000304
v 0.818801 -0.462697 -1.539355
v 0.901978 -0.909937 -1.012728
v 0.383070 -0.758765 -1.000014
v 0.148145 -0.464228 -1.681576
v 0.819158 -0.325368 -1.686657
v 0.819242 0.814924 -1.689433
v 1.743648 0.814924 -1.799741
v 0.146774 0.814924 -1.833431
v 0.147227 -0.323964 -1.831302
v -0.113451 -0.463347 -1.548795
v -0.131320 -0.876954 -1.010823
v -1.038361 -0.526268 -1.639128
v -0.114523 -0.325858 -1.696357
v -0.114588 0.814924 -1.699384
v -1.037366 0.814924 -1.904564
v -1.037600 -0.325676 -1.901652
v -1.970497 -0.524140 -1.561924
v -1.972585 -0.325791 -1.820563
v -1.973185 0.814924 -1.823479
v -2.398486 0.814924 -1.706125
v -2.398445 -0.325587 -1.703246
v -2.398039 -0.462378 -1.556770
v -1.964859 -0.902566 -1.011611
v -1.048568 -0.729690 -0.996410
v -2.902355 -0.896606 -1.012185
v -2.895664 -0.462932 -1.660447
v -2.895301 -0.324425 -1.808150
v -2.895167 0.814924 -1.810506
v -3.816704 0.814924 -1.698005
v -3.816675 -0.325636 -1.694961
v -3.819163 -0.464423 -1.545852
v -3.369503 -0.681271 -0.988332
v -3.822815 -0.875666 -1.006593
v -4.949059 -0.709232 -0.997941
v -4.089696 -0.464673 -1.765489
v -4.087146 -0.323734 -1.915885
v -4.086045 0.814924 -1.917709
v -4.957583 -0.324471 -1.896443
v -4.955797 -0.465038 -1.745722
v -5.685463 -0.468044 -1.549653
v -5.684749 -0.976405 -1.005919
v -6.311751 -0.559916 -0.980966
v -6.303858 -0.473228 -1.489157
v -6.531515 -0.692266 -0.981038
v -6.306644 -0.323388 -1.642539
v -5.687131 -0.324683 -1.696049
v -5.687476 0.814924 -1.698497
v -4.958012 0.814924 -1.898784
v -6.308650 0.814924 -1.644717
v -6.540197 0.814924 -1.697749
v -6.538548 -0.424614 -1.694692
v -6.536568 -0.580211 -1.542718
v -6.939793 -0.992731 -0.932188
v -6.942503 -0.647985 -1.703515
v -6.943650 -0.419431 -1.818195
v -6.943468 0.814924 -1.818923
v -7.247617 -0.419668 -1.816893
v -7.247692 -0.646958 -1.702013
v -7.247148 -0.997991 -0.933266
v -7.552488 -0.644646 -1.700516
v -7.556441 -1.000886 -0.932584
v -7.775697 -0.830108 -0.872319
v -7.766882 -0.613041 -1.616685
v -7.552930 -0.419430 -1.814837
v -7.247621 0.814924 -1.817694
v -7.553407 0.814924 -1.815501
v -7.768368 -0.419022 -1.724217
v -7.768686 0.840472 -1.725056
v -6.944883 -0.576198 -2.029262
v -7.653937 0.253506 -1.775865
v -7.653937 -0.576198 -1.903472
v -6.944903 0.253476 -1.892775
v -6.542749 -0.461721 -1.921605
v -6.542889 0.255902 -1.748952
v -6.944923 0.825140 -1.808926
v -7.653936 0.825199 -1.806048
v -6.942783 1.166547 -1.733396
v -7.653968 1.163934 -1.730525
v -7.654019 1.168386 -0.999686
v -6.943899 1.171241 -0.999685
v -6.541446 1.000717 -1.538196
v -6.543028 0.829991 -1.686900
v -6.309389 0.830325 -1.633402
v -6.310220 1.001889 -1.484160
v -6.310715 1.003406 -0.934750
v -6.544196 1.003068 -0.988820
v -5.683547 1.001741 -1.538595
v -5.682190 1.003406 -0.988821
v -4.953650 1.003406 -0.988821
v -5.685547 0.830157 -1.687387
v -4.955015 1.001313 -1.739670
v -4.956334 0.829890 -1.887734
v -5.685631 0.255985 -1.808699
v -6.309363 0.256069 -1.691889
v -6.309338 -0.461721 -1.828869
v -5.685714 -0.357886 -1.913493
v -4.956558 -0.357885 -2.200670
v -4.956445 0.255852 -2.022635
v -4.089282 -0.442083 -2.117849
v -4.089591 0.255644 -2.043457
v -4.089900 0.829474 -1.907365
v -4.091922 1.000655 -1.760459
v -3.823458 1.002304 -1.537294
v -3.825044 1.003406 -0.988821
v -3.819360 0.830427 -1.686920
v -3.819422 0.256120 -1.808313
v -3.819484 -0.403751 -2.155075
v -2.895601 -0.261102 -2.160756
v -2.895638 0.255844 -1.928232
v -2.895673 0.829876 -1.799345
v -2.896049 1.001254 -1.651305
v -2.896471 1.003406 -1.037787
v -2.397768 1.002048 -1.545136
v -1.967897 1.003406 -0.988821
v -2.398166 0.830466 -1.694736
v -2.398173 0.256140 -1.816616
v -2.398179 -0.261102 -2.025950
v -1.971422 -0.368955 -1.999379
v -1.971293 0.255862 -1.942254
v -1.971164 0.829911 -1.812479
v -1.969508 1.001367 -1.664356
v -1.038697 1.001274 -1.745350
v -1.039323 1.003406 -0.988821
v -1.038124 0.829885 -1.893414
v -1.038071 0.255850 -2.028710
v -1.038018 -0.368954 -2.205976
v -0.113315 0.256201 -1.809465
v -0.113322 0.830589 -1.688009
v -0.111511 1.002238 -1.538079
v -0.110750 1.003406 -0.988821
v 0.149183 1.000855 -1.675103
v 0.148330 0.829632 -1.822453
v 0.148202 0.255722 -1.952857
v 0.148075 -0.272773 -2.133930
v -0.113309 -0.272773 -2.015660
v 0.818769 -0.399332 -1.947871
v 0.818752 0.256081 -1.798819
v 0.818735 0.830348 -1.678096
v 0.818160 1.001912 -1.528800
v 1.746397 1.003406 -0.988822
v 1.745613 1.001525 -1.640054
v 1.744685 0.830047 -1.788555
v 2.675463 1.001345 -1.701063
v 2.674970 1.003406 -0.988822
v 3.603776 1.001862 -1.539532
v 2.675946 0.829933 -1.849259
v 2.675987 0.255873 -1.981557
v 1.744624 0.255930 -1.916738
v 1.744564 -0.399332 -2.090366
v 2.676029 -0.447321 -2.106356
v 3.604168 0.256062 -1.810169
v 3.604155 0.830311 -1.688731
v 4.532117 1.001371 -1.640751
v 4.532118 1.003406 -0.988822
v 3.603544 1.003406 -0.988822
v 5.460519 1.001846 -1.539802
v 5.460691 1.003406 -0.988822
v 4.532115 0.829953 -1.789003
v 4.532115 0.255883 -1.917202
v 4.532115 -0.357193 -1.844881
v 3.604181 -0.357193 -1.853248
v 5.460233 0.256056 -1.810421
v 5.460223 -0.462319 -1.954203
v 5.460243 0.830298 -1.688969
v 6.163753 0.255776 -1.926623
v 6.163661 0.829742 -1.797868
v 6.162886 1.001047 -1.650197
v 6.161807 1.003404 -0.988823
v 6.450103 1.001783 -1.538010
v 6.450377 1.003013 -0.988823
v 6.850344 1.171235 -0.999688
v 6.849235 1.166543 -1.733397
v 7.586492 1.168380 -0.999688
v 7.586440 1.163928 -1.730527
v 7.586409 0.825193 -1.806051
v 6.851386 0.825134 -1.808931
v 6.454975 0.830607 -1.688119
v 6.454976 0.256208 -1.809579
v 6.454976 -0.462322 -1.856936
v 6.163847 -0.462320 -1.940189
v 6.851365 0.253470 -1.937898
v 7.586409 0.253499 -1.856735
v 6.851346 -0.433923 -2.015850
v 7.586409 -0.280899 -1.971019
v -6.944846 0.253798 1.978647
v -7.675088 -0.470380 1.929155
v -7.675086 0.253847 1.928774
v -6.944809 -0.470380 2.073884
v -6.541605 0.254714 1.828690
v -6.944882 0.825783 1.857692
v -7.675086 0.825880 1.854357
v -6.943717 1.167095 1.758132
v -7.675114 1.164276 1.754804
v -7.674922 1.168366 1.062206
v -6.944018 1.171223 1.062459
v -6.540948 0.999152 1.627057
v -6.541680 0.827615 1.717140
v -6.308821 0.827941 1.642483
v -6.309881 1.001086 1.550663
v -6.543902 1.003011 1.062464
v -6.310715 1.003406 1.062464
v -5.682190 1.003406 1.062464
v -5.683516 1.000470 1.626966
v -4.953650 1.003406 1.062464
v -5.684672 0.827786 1.717723
v -6.308824 0.254878 1.749003
v -6.308825 -0.553684 1.907296
v -6.541530 -0.553684 2.003576
v -5.684705 0.254800 1.829344
v -5.684739 -0.488500 1.928169
v -4.954109 0.827737 1.817789
v -4.953921 1.000130 1.727485
v -3.826544 1.001224 1.625358
v -3.825044 1.003406 1.062464
v -3.828626 0.827922 1.717295
v -4.954118 0.254776 1.936222
v -4.954127 -0.488500 2.057386
v -3.828605 0.254868 1.828915
v -3.828585 -0.566297 2.010761
v -3.366056 -0.435807 2.149891
v -3.365936 0.254694 2.064831
v -3.365815 0.827575 1.938238
v -3.363933 0.999849 1.848527
v -2.896470 1.003406 1.062464
v -2.895858 1.000034 1.891378
v -2.895462 0.827713 1.981535
v -2.895439 0.254763 2.111120
v -2.895416 -0.435807 2.175564
v -1.961683 0.254679 1.912025
v -1.961808 0.827545 1.795185
v -1.964212 0.999963 1.705438
v -1.967897 1.003406 1.062464
v -1.745241 1.001369 1.597120
v -1.743593 0.827988 1.689413
v -1.743619 0.254901 1.799140
v -1.961558 -0.478679 2.127902
v -1.743644 -0.478679 2.034106
v -1.040020 0.254765 1.935720
v -1.040004 0.827716 1.817321
v -1.039736 1.000040 1.727151
v -1.039323 1.003406 1.062463
v -0.108978 1.000268 1.626563
v -0.107617 0.827726 1.716978
v -0.107562 0.254770 1.828537
v -1.040035 -0.365722 2.189704
v -0.107508 -0.365722 2.136863
v 0.315289 -0.482140 2.070163
v 0.315196 0.254899 1.726275
v 0.315103 0.827985 1.621171
v 0.318107 1.001709 1.528412
v -0.110750 1.003406 1.062463
v 0.525282 0.999451 1.695879
v 0.522936 0.827393 1.784954
v 0.522737 0.254603 1.901041
v 0.522538 -0.482140 2.165031
v 1.284204 0.254728 2.005750
v 1.284147 0.827643 1.882897
v 1.283441 0.999758 1.793146
v 1.746397 1.003406 1.062463
v 1.747085 1.001229 1.624782
v 1.748040 0.827981 1.716879
v 1.748032 0.254898 1.828472
v 1.284261 -0.482140 2.165559
v 1.748023 -0.344312 2.113682
v 2.674974 0.254755 2.009679
v 2.674974 0.827695 1.886565
v 2.674972 0.999932 1.796546
v 2.674971 1.003406 1.062463
v 3.602731 1.001274 1.624459
v 3.601570 0.827986 1.716625
v 3.601583 0.254900 1.828202
v 2.674974 -0.344312 2.080562
v 3.601595 -0.490444 2.010129
v 4.066264 -0.366848 2.150825
v 4.066310 0.254715 2.024090
v 4.066356 0.827616 1.900069
v 4.066822 0.999591 1.810530
v 3.603544 1.003406 1.062462
v 4.532118 1.003406 1.062462
v 4.533633 1.000637 1.705445
v 4.535103 0.827809 1.796431
v 4.535131 0.254812 1.913418
v 4.535160 -0.366848 2.069288
v 5.459468 0.254860 1.828031
v 5.459473 0.827906 1.716478
v 5.460119 1.000896 1.624967
v 5.460691 1.003406 1.062462
v 6.175714 0.999420 1.778354
v 6.176476 0.827565 1.867655
v 6.176564 0.254690 1.989454
v 6.455911 0.828090 1.717126
v 6.451136 1.001094 1.624782
v 6.161807 1.003404 1.062462
v 6.450346 1.003008 1.062462
v 6.850461 1.171217 1.062456
v 6.850154 1.167084 1.758132
v 6.851309 0.825775 1.857687
v 6.455883 0.254950 1.828753
v 6.176653 -0.487787 1.998474
v 5.459464 -0.487787 1.994120
v 6.455854 -0.487790 1.967564
v 6.848329 -0.374322 2.029128
v 6.851273 0.253791 1.978641
v 7.562736 0.825873 1.854355
v 7.562761 1.164269 1.754802
v 7.562571 1.168360 1.062203
v 7.562737 -0.328944 1.998948
v 7.562736 0.253840 1.921522
vt 2.1846 -7.2627
vt 2.1992 -7.6172
vt 3.0811 -7.5684
vt 3.0723 -7.2207
vt 3.0566 -6.4297
vt 2.1855 -6.4688
vt 3.1689 -6.4316
vt 3.1875 -7.2158
vt 3.2041 -7.5605
vt 3.6895 -7.1992
vt 3.6660 -6.4346
vt 3.1406 -5.9971
vt 2.9795 -5.9951
vt 2.2295 -6.0381
vt 2.2256 -5.7031
vt 2.9678 -5.6650
vt 2.2314 -4.9346
vt 3.0879 -5.6592
vt 3.5723 -6.0020
vt 3.6387 -4.8896
vt 3.1562 -4.8916
vt 2.9863 -4.8926
vt 2.9414 -3.8926
vt 2.1914 -3.9336
vt 2.1865 -2.8486
vt 2.9424 -2.8037
vt 3.1055 -2.8037
vt 3.0674 -3.8916
vt 3.6934 -3.8848
vt 3.7227 -2.8174
vt 3.6709 -1.8867
vt 3.0352 -1.8525
vt 2.9121 -1.8477
vt 2.1650 -1.8896
vt 2.1787 -0.9541
vt 2.9316 -0.9141
vt 3.0752 -0.9121
vt 3.6436 -0.9082
vt 3.1357 0.0811
vt 3.6963 -0.0225
vt 3.6611 0.5293
vt 3.0576 0.8105
vt 2.9619 0.0869
vt 2.2012 0.0459
vt 2.1836 0.7686
vt 2.9336 0.8057
vt 2.2051 1.0703
vt 3.1406 1.1025
vt 3.7109 1.0977
vt 3.1621 2.0918
vt 2.9668 1.1113
vt 2.9375 2.1035
vt 2.1904 2.0645
vt 2.2070 3.0078
vt 2.9600 3.0469
vt 3.2061 3.0596
vt 3.7891 3.0693
vt 3.7061 2.0781
vt 3.1670 3.5293
vt 3.7881 4.0518
vt 2.9932 3.5303
vt 2.2305 3.4883
vt 2.2197 4.0400
vt 2.9746 4.0801
vt 3.1104 4.0771
vt 3.1885 5.0986
vt 3.7012 4.6191
vt 3.0010 5.0986
vt 2.2383 5.0527
vt 2.9395 5.4414
vt 3.0508 5.4180
vt 3.6875 6.3037
vt 3.7266 5.1279
vt 3.0654 6.2861
vt 3.1875 7.0723
vt 3.7744 7.0498
vt 2.9463 6.2764
vt 2.1992 6.2354
vt 2.1953 5.4004
vt 2.2402 7.0283
vt 3.0059 7.0703
vt 3.0176 7.8115
vt 2.2441 7.7666
vt 2.2109 8.0615
vt 3.0586 8.1084
vt 2.1865 8.4912
vt 3.2207 8.1230
vt 3.2031 7.8105
vt 3.7715 7.7930
vt 3.6670 8.0918
vt 3.7646 8.5508
vt 3.1719 8.5439
vt 3.0146 8.5332
vt 2.1865 9.0859
vt 3.0146 9.1221
vt 3.1807 9.1113
vt 3.7744 9.0908
vt 3.7568 9.3271
vt 3.2109 9.3291
vt 3.0400 9.3516
vt 2.1982 9.3184
vt -0.8896 9.0420
vt -0.8945 9.2539
vt -1.9414 9.2148
vt -1.9277 9.0068
vt -0.9053 8.4951
vt -2.0781 9.0098
vt -2.0918 9.2090
vt -2.0918 8.4766
vt -1.9453 8.4619
vt -0.9365 8.0908
vt -2.0000 8.0586
vt -2.1182 8.0781
vt -1.9678 7.7725
vt -0.9746 7.8115
vt -0.9736 7.1143
vt -1.9609 7.0762
vt -2.0830 7.0791
vt -2.1221 7.7773
vt -2.5371 8.1006
vt -2.6211 8.5117
vt -2.5957 9.0264
vt -2.5732 9.2520
vt -1.9551 6.3096
vt -0.9736 6.3477
vt -1.0127 5.1533
vt -2.0029 5.1133
vt -2.1562 5.1211
vt -2.0537 6.3145
vt -2.6299 6.3584
vt -2.6523 7.0801
vt -2.5166 7.8096
vt -2.6611 5.1875
vt -2.6543 4.6650
vt -2.0576 4.5967
vt -1.9629 4.5889
vt -0.9893 4.6270
vt -0.9893 4.1846
vt -1.9590 4.1465
vt -2.0488 4.1475
vt -2.7617 4.1270
vt -2.7646 3.2051
vt -2.1328 3.1992
vt -2.0078 3.2031
vt -1.0244 3.2402
vt -1.0479 2.9727
vt -2.0410 2.9336
vt -2.1865 2.9375
vt -2.1396 2.1562
vt -2.6982 2.1787
vt -2.7803 1.1729
vt -2.1797 1.1475
vt -2.0312 2.1543
vt -1.0479 2.1934
vt -1.0645 1.1885
vt -2.0547 1.1494
vt -2.2412 0.6416
vt -2.7197 0.6191
vt -2.7246 0.0527
vt -2.1465 0.3652
vt -2.0801 0.6426
vt -1.0820 0.6875
vt -1.0527 0.3945
vt -2.0371 0.3525
vt -1.0430 -0.3916
vt -2.0215 -0.4316
vt -2.1143 -0.4346
vt -2.6885 -0.9375
vt -2.2178 -0.9531
vt -2.0635 -0.9561
vt -1.0693 -0.9121
vt -1.0400 -1.9316
vt -2.0215 -1.9766
vt -2.1162 -1.9805
vt -2.7412 -1.9922
vt -2.7891 -3.0381
vt -2.1816 -3.0078
vt -2.0293 -3.0010
vt -1.0352 -2.9512
vt -1.9795 -3.5312
vt -2.0723 -3.5322
vt -2.7441 -3.8789
vt -2.1191 -3.8906
vt -1.9951 -3.8926
vt -2.1309 -4.8936
vt -2.6289 -4.8867
vt -2.0215 -5.7559
vt -2.6465 -6.0186
vt -1.9219 -5.7490
vt -1.9814 -4.8945
vt -0.9834 -4.8516
vt -1.0049 -3.8506
vt -1.0000 -3.4844
vt -2.1318 -5.9980
vt -2.1934 -6.5361
vt -2.7656 -6.5605
vt -2.0596 -6.5342
vt -1.9658 -5.9951
vt -0.9570 -5.9521
vt -0.9336 -5.7080
vt -0.9072 -6.4922
vt -0.8848 -7.1807
vt -2.0479 -7.2197
vt -2.2178 -7.2148
vt -2.8174 -7.2109
vt -2.8232 -7.5322
vt -2.2412 -7.5635
vt -2.0742 -7.5742
vt -0.8916 -7.5342
vt 3.6875 -7.5410
vt 5.1924 -11.0801
vt 5.4268 -11.0801
vt 5.4004 -10.5820
vt 5.1816 -10.5820
vt 5.3682 -9.4648
vt 4.2285 -10.5820
vt 5.1553 -9.4648
vt 5.3086 -8.8574
vt 5.0088 -8.8574
vt 4.2275 -9.4648
vt 3.4746 -10.5820
vt 3.4463 -11.0801
vt 4.2305 -11.0801
vt 3.1865 -11.0801
vt 3.1533 -10.5820
vt 3.4268 -9.4648
vt 3.1475 -9.4648
vt 3.0596 -8.8574
vt 3.4277 -8.8574
vt 4.2432 -8.8574
vt 3.4668 -8.3682
vt 4.2539 -8.3799
vt 4.9941 -8.3916
vt 5.2148 -8.3867
vt 5.0225 -7.3066
vt 4.2236 -7.3066
vt 3.3760 -7.3066
vt 3.0361 -7.3066
vt 3.1992 -8.3760
vt 3.3525 -5.9004
vt 3.0771 -5.9004
vt 4.1709 -5.9004
vt 4.9424 -5.9004
vt 5.3379 -7.3066
vt 5.1787 -5.9004
vt 5.2432 -4.3701
vt 4.9424 -4.3701
vt 4.1348 -4.3828
vt 3.2773 -4.3955
vt 2.9258 -4.4053
vt 3.3193 -3.0303
vt 3.0547 -3.0361
vt 4.1289 -3.0273
vt 4.8916 -3.0254
vt 5.1211 -3.0312
vt 5.1924 -1.7090
vt 4.9258 -1.7109
vt 4.1328 -1.7080
vt 3.2900 -1.7061
vt 2.9893 -1.7021
vt 3.2480 -0.2920
vt 4.1387 -0.2988
vt 4.9766 -0.3057
vt 5.2998 -0.3125
vt 5.1631 0.7119
vt 4.9307 0.7100
vt 4.1465 0.7178
vt 3.3135 0.7256
vt 2.8838 -0.2881
vt 3.0469 0.7373
vt 3.2617 1.1543
vt 4.1494 1.1455
vt 4.9854 1.1367
vt 5.3086 1.1260
vt 5.3516 2.5146
vt 4.9385 2.5332
vt 5.4287 3.8779
vt 4.1689 2.5400
vt 3.3535 2.5479
vt 3.0967 2.5439
vt 2.8896 1.1533
vt 3.0332 3.8857
vt 3.3340 3.8730
vt 4.1797 3.8672
vt 4.9775 3.8604
vt 5.3555 4.5361
vt 5.0332 4.5371
vt 4.1836 4.5420
vt 3.2812 4.5479
vt 2.9141 4.5537
vt 3.3291 5.3193
vt 4.1914 5.3164
vt 5.0029 5.3125
vt 5.2539 5.3076
vt 5.0459 6.7383
vt 4.1982 6.7383
vt 3.2988 6.7383
vt 3.0439 5.3193
vt 2.9189 6.7422
vt 3.1523 7.1914
vt 3.3984 7.2217
vt 3.1211 8.4053
vt 4.1943 7.2236
vt 4.9434 7.2246
vt 5.1533 7.1924
vt 5.3955 6.7402
vt 5.1787 8.4150
vt 4.9521 8.4023
vt 4.1914 8.3994
vt 3.3828 8.3975
vt 3.2793 9.5098
vt 2.9229 9.5088
vt 4.1934 9.5137
vt 5.0537 9.5186
vt 5.3916 9.5234
vt 5.0693 10.5557
vt 5.4229 10.5527
vt 5.4561 10.9834
vt 5.1504 10.9697
vt 4.1572 10.9600
vt 4.1797 10.5488
vt 3.2324 10.5420
vt 2.8496 10.5361
vt 3.2637 10.9502
vt 2.8867 10.9600
vt 3.3438 11.5664
vt 2.9463 11.6133
vt 2.9111 12.3818
vt 3.3398 12.4268
vt 4.1621 11.5693
vt 5.0742 11.5723
vt 5.3682 11.5850
vt 5.0742 12.4053
vt 4.1592 12.4160
vt 4.1533 12.7549
vt 3.2490 12.7803
vt 2.9004 12.7334
vt 5.3818 12.3936
vt 5.4336 12.7041
vt 5.1143 12.7275
vt -1.8203 -11.0801
vt -1.4482 -11.0801
vt -1.4775 -10.5820
vt -1.9219 -10.5820
vt -2.7891 -11.0801
vt -2.8193 -10.5820
vt -2.0039 -9.6123
vt -1.5674 -9.6123
vt -1.5898 -8.8574
vt -1.9482 -8.8574
vt -1.7861 -8.4902
vt -2.9072 -8.8574
vt -2.8770 -9.6123
vt -3.9990 -9.6123
vt -3.9736 -10.5820
vt -4.0137 -11.0801
vt -4.3271 -11.0801
vt -4.2920 -10.5820
vt -4.2510 -9.6123
vt -4.1328 -8.8574
vt -3.8086 -8.8574
vt -3.7500 -8.5137
vt -2.9092 -8.5029
vt -2.0146 -8.4912
vt -1.7080 -7.3066
vt -2.0293 -7.3066
vt -2.9668 -7.3066
vt -3.8506 -7.3066
vt -4.1318 -7.3066
vt -3.9434 -8.5234
vt -3.8789 -5.9004
vt -4.1113 -5.9004
vt -3.0400 -5.9004
vt -2.1475 -5.9004
vt -1.8740 -5.9004
vt -2.2246 -5.3291
vt -3.0654 -5.3613
vt -3.8564 -5.3926
vt -4.0303 -5.3936
vt -3.9375 -4.6436
vt -3.0869 -4.6162
vt -2.1836 -4.5879
vt -2.0146 -5.3164
vt -1.8506 -4.5801
vt -2.0674 -3.1670
vt -2.2822 -3.1709
vt -3.1299 -3.1895
vt -3.9307 -3.2061
vt -4.2178 -4.6514
vt -4.1104 -3.2090
vt -3.9990 -1.7715
vt -4.2861 -1.7666
vt -4.1055 -1.0410
vt -3.9307 -1.0361
vt -3.1504 -1.7637
vt -2.2510 -1.7559
vt -1.9258 -1.7490
vt -2.1045 -1.0322
vt -2.3193 -1.0303
vt -3.1484 -1.0332
vt -3.9561 0.0713
vt -4.1621 0.0898
vt -4.0293 0.4814
vt -3.1455 0.0723
vt -2.2852 0.0732
vt -2.0332 0.0898
vt -2.2129 0.4775
vt -3.1475 0.4795
vt -3.1426 1.1816
vt -3.9863 1.1875
vt -4.3223 0.4785
vt -4.2178 1.1855
vt -3.9473 2.6025
vt -4.1484 2.6064
vt -3.1348 2.5938
vt -3.9590 3.6982
vt -4.2285 3.7002
vt -3.9033 4.0742
vt -3.1113 3.6846
vt -2.2734 2.5830
vt -2.2471 1.1758
vt -1.8740 0.4668
vt -1.9678 1.1699
vt -2.0391 2.5811
vt -1.8887 3.6670
vt -2.2139 3.6709
vt -1.9854 4.0430
vt -2.2617 4.0518
vt -3.1064 4.0635
vt -3.8213 5.4033
vt -4.1348 4.0684
vt -3.9893 5.4062
vt -3.8262 6.0273
vt -3.0889 5.3916
vt -2.3125 5.3799
vt -2.1113 5.3789
vt -2.2861 5.9971
vt -3.0791 6.0127
vt -3.0596 6.7471
vt -3.8896 6.7666
vt -4.0068 6.0420
vt -4.1738 6.7764
vt -3.8096 8.4463
vt -3.9961 8.4531
vt -4.0449 9.5303
vt -3.8174 9.5244
vt -2.9932 9.5088
vt -3.0176 8.4287
vt -2.1797 6.7266
vt -2.0723 6.0010
vt -1.8516 6.7139
vt -1.9473 8.4092
vt -2.1777 8.4102
vt -2.1201 9.4922
vt -1.8447 9.4883
vt -2.0742 10.4707
vt -2.9775 10.4863
vt -3.8271 10.5020
vt -4.1133 10.5068
vt -4.1104 10.9219
vt -3.8896 10.9004
vt -2.9531 10.8779
vt -2.1113 10.8574
vt -1.8125 10.8730
vt -1.7559 10.4697
vt -2.1904 11.4277
vt -1.8115 11.4600
vt -2.9502 11.4482
vt -3.7959 11.4707
vt -4.0684 11.4883
vt -3.7637 12.2393
vt -2.9297 12.2188
vt -2.1699 12.1992
vt -1.7959 12.1582
vt -1.8291 12.4678
vt -2.1289 12.4971
vt -2.9180 12.5156
vt -3.7842 12.5361
vt -4.0430 12.2471
vt -4.0654 12.5361
vt -2.7891 -11.0801
vt -1.8203 -11.0801
vt -1.9219 -10.5820
vt -2.8193 -10.5820
vt -2.0039 -9.6123
vt -3.9736 -10.5820
vt -4.0137 -11.0801
vt -3.9990 -9.6123
vt -2.8770 -9.6123
vt -3.8086 -8.8574
vt -2.9072 -8.8574
vt -1.9482 -8.8574
vt -2.9092 -8.5029
vt -3.7500 -8.5137
vt -2.9668 -7.3066
vt -2.0146 -8.4912
vt -2.0293 -7.3066
vt -2.1475 -5.9004
vt -3.0400 -5.9004
vt -3.8789 -5.9004
vt -3.8506 -7.3066
vt -3.8564 -5.3926
vt -3.0654 -5.3613
vt -2.2246 -5.3291
vt -3.0869 -4.6162
vt -3.9375 -4.6436
vt -3.9307 -3.2061
vt -3.1299 -3.1895
vt -2.1836 -4.5879
vt -2.2822 -3.1709
vt -2.2510 -1.7559
vt -3.1504 -1.7637
vt -3.9990 -1.7715
vt -3.9307 -1.0361
vt -3.1484 -1.0332
vt -2.3193 -1.0303
vt -2.2852 0.0732
vt -3.1455 0.0723
vt -3.9561 0.0713
vt -4.0293 0.4814
vt -3.1475 0.4795
vt -2.2129 0.4775
vt -3.1426 1.1816
vt -3.9863 1.1875
vt -3.9473 2.6025
vt -3.1348 2.5938
vt -3.9590 3.6982
vt -2.2734 2.5830
vt -2.2471 1.1758
vt -3.1113 3.6846
vt -2.2139 3.6709
vt -3.9033 4.0742
vt -3.1064 4.0635
vt -2.2617 4.0518
vt -2.3125 5.3799
vt -3.0889 5.3916
vt -3.8213 5.4033
vt -3.8262 6.0273
vt -3.0791 6.0127
vt -2.2861 5.9971
vt -3.0596 6.7471
vt -3.8896 6.7666
vt -3.8096 8.4463
vt -3.0176 8.4287
vt -2.1797 6.7266
vt -2.1777 8.4102
vt -2.9932 9.5088
vt -3.8174 9.5244
vt -3.8271 10.5020
vt -2.9775 10.4863
vt -2.1201 9.4922
vt -2.0742 10.4707
vt -2.9531 10.8779
vt -3.8896 10.9004
vt -3.7959 11.4707
vt -2.9502 11.4482
vt -3.7637 12.2393
vt -2.1904 11.4277
vt -2.1113 10.8574
vt -2.9297 12.2188
vt -2.1699 12.1992
vt -3.7842 12.5361
vt -2.9180 12.5156
vt -2.1289 12.4971
vt 4.1533 12.7549
vt 3.2490 12.7803
vt 3.3398 12.4268
vt 4.1592 12.4160
vt 5.0742 12.4053
vt 5.1143 12.7275
vt 5.0742 11.5723
vt 4.1621 11.5693
vt 3.3438 11.5664
vt 4.1572 10.9600
vt 5.1504 10.9697
vt 5.0693 10.5557
vt 4.1797 10.5488
vt 3.2324 10.5420
vt 3.2637 10.9502
vt 4.1934 9.5137
vt 3.2793 9.5098
vt 5.0537 9.5186
vt 4.9521 8.4023
vt 4.1914 8.3994
vt 3.3828 8.3975
vt 4.1943 7.2236
vt 4.9434 7.2246
vt 4.1982 6.7383
vt 3.3984 7.2217
vt 3.2988 6.7383
vt 3.3291 5.3193
vt 4.1914 5.3164
vt 5.0029 5.3125
vt 5.0459 6.7383
vt 5.0332 4.5371
vt 4.1836 4.5420
vt 3.2812 4.5479
vt 3.3340 3.8730
vt 4.1797 3.8672
vt 4.9775 3.8604
vt 4.9385 2.5332
vt 4.1689 2.5400
vt 3.3535 2.5479
vt 4.1494 1.1455
vt 4.9854 1.1367
vt 4.9307 0.7100
vt 4.1465 0.7178
vt 3.2617 1.1543
vt 3.3135 0.7256
vt 3.2480 -0.2920
vt 4.1387 -0.2988
vt 4.9766 -0.3057
vt 4.9258 -1.7109
vt 4.1328 -1.7080
vt 3.2900 -1.7061
vt 4.1289 -3.0273
vt 4.8916 -3.0254
vt 4.1348 -4.3828
vt 3.3193 -3.0303
vt 3.2773 -4.3955
vt 4.1709 -5.9004
vt 3.3525 -5.9004
vt 4.9424 -5.9004
vt 4.9424 -4.3701
vt 4.2236 -7.3066
vt 5.0225 -7.3066
vt 3.3760 -7.3066
vt 4.2539 -8.3799
vt 4.9941 -8.3916
vt 5.0088 -8.8574
vt 4.2432 -8.8574
vt 3.4668 -8.3682
vt 3.4277 -8.8574
vt 4.2275 -9.4648
vt 5.1553 -9.4648
vt 4.2285 -10.5820
vt 5.1816 -10.5820
vt 5.1924 -11.0801
vt 4.2305 -11.0801
vt 3.4463 -11.0801
vt 3.4746 -10.5820
vt 3.4268 -9.4648
vt 3.7197 -7.2676
vt 3.8818 -7.2676
vt 3.8633 -6.9238
vt 3.7129 -6.9238
vt 3.8418 -6.1523
vt 3.3662 -6.9238
vt 3.6943 -6.1523
vt 3.7998 -5.7344
vt 3.5938 -5.7344
vt 3.3672 -6.1523
vt 3.2881 -6.1523
vt 3.2871 -6.9238
vt 3.3828 -7.2676
vt 3.2998 -7.2676
vt 2.7744 -6.9238
vt 2.7734 -6.1523
vt 2.7471 -5.7344
vt 3.3271 -5.7344
vt 3.4170 -5.7344
vt 3.4121 -5.4102
vt 3.5830 -5.4131
vt 3.7354 -5.4092
vt 3.6025 -4.6650
vt 3.4180 -4.6650
vt 3.3252 -4.6650
vt 3.3262 -5.4092
vt 2.7656 -5.4004
vt 2.7207 -4.6650
vt 2.6953 -3.6953
vt 3.2793 -3.6953
vt 3.3701 -3.6953
vt 3.5479 -3.6953
vt 3.8203 -4.6650
vt 3.7100 -3.6953
vt 3.7549 -2.6396
vt 3.5479 -2.6396
vt 3.3613 -2.6426
vt 3.2676 -2.6436
vt 2.6562 -2.6533
vt 2.5459 -2.6553
vt 2.5908 -3.6953
vt 2.6123 -4.6650
vt 2.6641 -5.3984
vt 2.4668 -4.6650
vt 2.4512 -3.6953
vt 2.3994 -2.6572
vt 2.5674 -1.7148
vt 2.6709 -1.7139
vt 3.2480 -1.7129
vt 3.3369 -1.7119
vt 3.5127 -1.7119
vt 3.6709 -1.7158
vt 3.7197 -0.8037
vt 3.5361 -0.8057
vt 3.3535 -0.8047
vt 3.2607 -0.8047
vt 2.6602 -0.8027
vt 2.5518 -0.8018
vt 2.4082 -0.8018
vt 2.4287 -1.7148
vt 2.1562 -2.6631
vt 2.2617 -3.6953
vt 2.2324 -4.6650
vt 2.5303 -5.3965
vt 2.6426 -5.7344
vt 2.6807 -6.1523
vt 2.5029 -5.7344
vt 2.2490 -5.7344
vt 2.3447 -5.4023
vt 2.5020 -6.1523
vt 2.3096 -6.1523
vt 2.3135 -6.9238
vt 2.5352 -6.9238
vt 2.3369 -7.2676
vt 2.5156 -7.2676
vt 2.6826 -6.9238
vt 2.7627 -7.2676
vt 2.6660 -7.2676
vt 2.2461 -1.7197
vt 2.2012 -0.7998
vt 2.3789 0.1729
vt 2.1279 0.1758
vt 2.5312 0.1719
vt 2.4248 0.8750
vt 2.2402 0.8828
vt 2.3887 1.1709
vt 2.5664 0.8730
vt 2.6455 0.1709
vt 3.2803 0.1660
vt 2.6729 0.8721
vt 2.5410 1.1689
vt 2.6543 1.1680
vt 2.5918 2.1309
vt 2.4521 2.1318
vt 2.2744 2.1289
vt 2.1318 1.1699
vt 2.2305 3.0547
vt 2.4385 3.0459
vt 2.5830 3.0449
vt 2.6963 2.1299
vt 3.2871 1.1611
vt 3.2666 0.8662
vt 3.3779 0.1650
vt 3.5713 0.1641
vt 3.5391 0.8643
vt 3.3584 0.8662
vt 3.3838 1.1602
vt 3.2773 2.1240
vt 2.6914 3.0439
vt 2.5566 3.5098
vt 2.4023 3.5107
vt 2.1484 3.5146
vt 2.4346 4.0430
vt 2.2383 4.0430
vt 2.5820 4.0420
vt 2.6719 3.5088
vt 3.2949 3.0391
vt 3.3672 2.1230
vt 3.5771 1.1582
vt 3.7998 1.1514
vt 3.6992 0.8652
vt 3.7939 0.1592
vt 2.4141 5.0215
vt 2.1523 5.0244
vt 2.3135 5.3340
vt 2.4824 5.3545
vt 2.2910 6.1709
vt 2.6191 5.3555
vt 2.5684 5.0215
vt 2.6924 4.0420
vt 3.3145 3.5049
vt 3.3877 3.0381
vt 3.5449 2.1211
vt 3.8301 2.1094
vt 3.8828 3.0488
vt 3.5713 3.0371
vt 3.8320 3.5029
vt 3.6104 3.5039
vt 3.4141 3.5049
vt 3.3076 4.0391
vt 2.6836 5.0215
vt 2.7207 5.3555
vt 3.3242 5.0215
vt 3.4014 4.0391
vt 3.5889 4.0381
vt 3.7627 4.0352
vt 3.6191 5.0215
vt 3.4229 5.0215
vt 3.2881 5.3564
vt 3.3750 5.3564
vt 3.2900 6.1680
vt 2.7139 6.1660
vt 2.6104 6.1660
vt 2.5576 6.9336
vt 2.6738 6.9336
vt 3.3252 6.9375
vt 3.3789 6.1689
vt 3.5479 5.3574
vt 3.6934 5.3340
vt 3.8594 5.0225
vt 3.7100 6.1777
vt 3.5547 6.1689
vt 3.8574 6.9424
vt 3.6240 6.9385
vt 3.4258 6.9375
vt 3.3262 7.6523
vt 2.6514 7.6465
vt 2.5303 7.6465
vt 2.4004 6.9326
vt 2.4717 6.1660
vt 2.1543 6.9326
vt 2.3682 7.6445
vt 2.1045 7.6406
vt 2.3896 7.9268
vt 2.5420 7.9287
vt 2.6562 7.9297
vt 3.2930 7.9355
vt 3.4297 7.6523
vt 3.6348 7.6543
vt 3.8789 7.6523
vt 3.9014 7.9492
vt 3.6904 7.9404
vt 3.3916 7.9375
vt 3.2744 8.3545
vt 2.6885 8.3525
vt 2.5840 8.3525
vt 2.4453 8.3516
vt 2.1299 7.9326
vt 2.1709 8.3838
vt 2.1465 8.9131
vt 2.4424 8.9443
vt 2.5811 8.9434
vt 2.6865 8.9414
vt 2.5527 9.1836
vt 2.3799 9.1885
vt 2.1396 9.1562
vt 3.3643 8.3545
vt 3.6387 8.3555
vt 3.8408 8.3643
vt 3.6387 8.9297
vt 3.3633 8.9326
vt 3.2734 8.9346
vt 2.6641 9.1807
vt 3.2822 9.1631
vt 3.3779 9.1602
vt 3.6660 9.1523
vt 3.8857 9.1367
vt 3.8506 8.9219
vt -1.1162 -7.2676
vt -0.8604 -7.2676
vt -0.8799 -6.9238
vt -1.1865 -6.9238
vt -1.2852 -7.2676
vt -1.2432 -6.2549
vt -0.9414 -6.2549
vt -0.9580 -5.7344
vt -1.2041 -5.7344
vt -1.3916 -6.2549
vt -1.3389 -6.9238
vt -1.4541 -6.9238
vt -1.4082 -7.2676
vt -1.5029 -6.2549
vt -1.4912 -5.7344
vt -1.3682 -5.7344
vt -1.5176 -5.4854
vt -1.4033 -5.4834
vt -1.2510 -5.4814
vt -1.0928 -5.4814
vt -1.0391 -4.6650
vt -1.2598 -4.6650
vt -1.1533 -3.6953
vt -1.4199 -4.6650
vt -1.5400 -4.6650
vt -2.2100 -4.6650
vt -2.1562 -5.4932
vt -2.1748 -5.7344
vt -2.1270 -6.2549
vt -2.0957 -6.9238
vt -2.0938 -7.2676
vt -2.1943 -6.9238
vt -2.2236 -6.2549
vt -2.2803 -5.7344
vt -2.2539 -5.4951
vt -2.3135 -4.6650
vt -2.3428 -3.6953
vt -2.2451 -3.6953
vt -1.6084 -3.6953
vt -1.4941 -3.6953
vt -1.3418 -3.6953
vt -1.3945 -3.3008
vt -1.2510 -3.2920
vt -1.5381 -3.3057
vt -1.6455 -3.3105
vt -2.2461 -3.3340
vt -2.3389 -3.3379
vt -2.3809 -2.8213
vt -2.2812 -2.8184
vt -1.6367 -2.7979
vt -1.5205 -2.7939
vt -1.3672 -2.7891
vt -1.1377 -2.7842
vt -1.2861 -1.8096
vt -1.4346 -1.8125
vt -1.5791 -1.8154
vt -1.6875 -1.8184
vt -2.2939 -1.8311
vt -2.3877 -1.8330
vt -2.5713 -1.8369
vt -2.5762 -2.8281
vt -2.5205 -3.3447
vt -2.6406 -3.3447
vt -2.7695 -2.8340
vt -2.6963 -1.8389
vt -2.6191 -0.8467
vt -2.4238 -0.8457
vt -2.3252 -0.8447
vt -1.6816 -0.8389
vt -1.5664 -0.8379
vt -1.4141 -0.8369
vt -1.1885 -0.8320
vt -1.3125 -0.3369
vt -1.4609 -0.3359
vt -1.6016 -0.3369
vt -1.7080 -0.3369
vt -2.3008 -0.3389
vt -2.3916 -0.3398
vt -2.5713 -0.3398
vt -2.4033 0.4238
vt -2.3086 0.4238
vt -1.6934 0.4248
vt -1.5830 0.4248
vt -1.4375 0.4248
vt -1.2637 0.4365
vt -1.3867 0.7041
vt -1.5459 0.7041
vt -1.6660 0.7041
vt -2.3340 0.7061
vt -2.4365 0.7061
vt -2.6396 0.7061
vt -2.5898 0.4238
vt -2.7314 0.4365
vt -2.6924 -0.3438
vt -2.8174 -0.8438
vt -1.1533 0.6963
vt -1.4111 1.1855
vt -1.2178 1.1816
vt -1.2676 2.1543
vt -1.4287 2.1562
vt -1.1631 2.9033
vt -1.5752 2.1582
vt -1.5635 1.1865
vt -1.6777 1.1875
vt -2.3184 1.1914
vt -2.4160 1.1924
vt -2.6104 1.1934
vt -2.8418 0.7051
vt -2.7695 1.1924
vt -2.5830 2.1699
vt -2.3965 2.1670
vt -2.3018 2.1660
vt -1.6855 2.1592
vt -1.6562 2.9102
vt -1.5410 2.9082
vt -1.3877 2.9062
vt -1.2305 3.1631
vt -1.4209 3.1689
vt -1.5645 3.1709
vt -1.6729 3.1719
vt -2.2764 3.1807
vt -2.2979 2.9199
vt -2.3965 2.9219
vt -2.5908 2.9248
vt -2.7217 2.1719
vt -2.7773 2.9268
vt -2.5527 3.1846
vt -2.3701 3.1816
vt -2.3281 4.0986
vt -2.2432 4.0967
vt -1.6875 4.0889
vt -1.5879 4.0869
vt -1.4561 4.0850
vt -1.3164 4.0840
vt -1.4375 4.5107
vt -1.5723 4.5127
vt -1.6738 4.5146
vt -2.2412 4.5264
vt -2.3281 4.5273
vt -2.5000 4.5312
vt -2.4971 4.1006
vt -2.7129 3.1797
vt -2.6123 4.1025
vt -2.6250 4.5410
vt -2.5439 5.0410
vt -2.3535 5.0361
vt -2.2559 5.0342
vt -1.6270 5.0195
vt -1.5146 5.0166
vt -1.3643 5.0127
vt -1.2900 4.5127
vt -1.1387 5.0049
vt -1.2041 6.1738
vt -1.3633 6.1748
vt -1.5059 6.1777
vt -1.6133 6.1807
vt -2.2139 6.1934
vt -2.3066 6.1953
vt -2.4883 6.1992
vt -2.7393 5.0479
vt -2.6172 6.2041
vt -2.6504 6.9473
vt -2.4941 6.9434
vt -2.3047 6.9395
vt -2.2080 6.9375
vt -1.5840 6.9258
vt -1.4717 6.9238
vt -1.3232 6.9209
vt -1.1328 6.9180
vt -1.2920 7.5957
vt -1.4453 7.5986
vt -1.5605 7.6006
vt -2.2061 7.6113
vt -2.3057 7.6133
vt -2.5010 7.6172
vt -2.6973 7.6201
vt -2.6953 7.9072
vt -2.5430 7.8916
vt -2.2617 7.8848
vt -2.1689 7.8828
vt -1.5684 7.8682
vt -1.4609 7.8662
vt -1.3174 7.8623
vt -1.1104 7.8730
vt -1.0723 7.5947
vt -1.3721 8.2559
vt -1.1104 8.2773
vt -1.5010 8.2588
vt -1.5986 8.2617
vt -2.1416 8.2764
vt -2.2246 8.2783
vt -2.4785 8.2852
vt -2.6670 8.2979
vt -2.4570 8.8154
vt -2.2061 8.8096
vt -2.1230 8.8076
vt -1.5879 8.7939
vt -1.4912 8.7910
vt -1.3574 8.7881
vt -1.0996 8.7598
vt -1.1221 8.9736
vt -1.3291 8.9932
vt -1.4668 8.9971
vt -1.5664 8.9990
vt -2.1250 9.0117
vt -2.2109 9.0137
vt -2.4707 9.0205
vt -2.6494 8.8203
vt -2.6650 9.0205
vt -2.1992 -7.2676
vt -2.6289 -7.2676
vt -2.6016 -6.9238
vt -2.8457 -7.2676
vt -2.8213 -6.9238
vt -2.6191 -6.2549
vt -2.7930 -6.2549
vt -2.7119 -5.7344
vt -2.4883 -5.7344
vt -2.4473 -5.4971
vt -2.5801 -5.5039
vt -2.7100 -4.6650
vt -2.5166 -4.6650
vt -2.5361 -3.6953
vt -2.6963 -3.6953
vt 6.3545 -2.7354
vt 6.3545 -1.1982
vt 6.1113 -1.2686
vt 6.1113 -2.7070
vt 6.3545 -2.9551
vt 5.8789 -1.3145
vt 6.1113 -2.9297
vt 5.8789 -2.7324
vt 5.6367 -1.3271
vt 5.6367 -2.7246
vt 5.6367 -2.9014
vt 5.8789 -2.9326
vt 5.6367 -3.8574
vt 5.8789 -3.9072
vt 6.1113 -3.9229
vt 6.3545 -3.9434
vt 5.2676 -3.7080
vt 5.2676 -2.8184
vt 5.2676 -2.5918
vt 5.2676 -1.2881
vt 5.0889 -1.3350
vt 5.0996 -2.5508
vt 5.1045 -2.6855
vt 4.5098 -3.6787
vt 4.5098 -2.8174
vt 4.5098 -2.6211
vt 4.5098 -1.3447
vt 3.8223 -2.6406
vt 3.8223 -1.4277
vt 3.5420 -1.4814
vt 3.5732 -2.6250
vt 3.8223 -2.8027
vt 3.8223 -3.7949
vt 3.5742 -2.7471
vt 3.2070 -2.6816
vt 3.1797 -1.4521
vt 2.4873 -1.5215
vt 2.5039 -2.6768
vt 3.2109 -2.8779
vt 3.2305 -3.8555
vt 2.5059 -2.8027
vt 1.8027 -2.7246
vt 1.7949 -1.5000
vt 1.4404 -1.5479
vt 1.4434 -2.6768
vt 1.4453 -2.7988
vt 1.8008 -2.9258
vt 2.5088 -3.8115
vt 1.7881 -3.7500
vt 1.1064 -3.7822
vt 0.8926 -2.8389
vt 0.9014 -2.6953
vt 0.9004 -1.5234
vt 0.7031 -1.4727
vt 0.7012 -2.7461
vt 0.7021 -2.9512
vt 0.7256 -3.7773
vt 0.3379 -3.8467
vt 0.3564 -2.8779
vt 0.3555 -2.7158
vt 0.3613 -1.4971
vt -0.3359 -2.6885
vt -0.3379 -2.8291
vt -0.3545 -3.7393
vt -1.0479 -3.8154
vt -0.8730 -2.8848
vt -0.8721 -2.6963
vt -0.8584 -1.4736
vt -0.3271 -1.5156
vt -1.0557 -2.6572
vt -1.0449 -1.5068
vt -1.0527 -2.8203
vt -1.7061 -2.6006
vt -1.7070 -2.7178
vt -1.7100 -3.8115
vt -2.0176 -2.7305
vt -2.0107 -2.6035
vt -1.9961 -1.5244
vt -1.6943 -1.5430
vt -2.3721 -2.6484
vt -2.3525 -1.4502
vt -3.1758 -1.4482
vt -2.3770 -2.8477
vt -2.0859 -3.6895
vt -2.4258 -3.6943
vt -3.2295 -3.6436
vt -3.2070 -2.7656
vt -3.1934 -2.5918
vt -3.7109 -2.5400
vt -3.7051 -1.4082
vt -3.6846 -2.7666
vt -3.7422 -3.6680
vt -4.1064 -3.5947
vt -4.2041 -2.7930
vt -4.1992 -2.6045
vt -4.1836 -1.3760
vt -4.3936 -2.6475
vt -4.4219 -2.7773
vt -4.3887 -3.6006
vt -4.6816 -2.7734
vt -4.6729 -2.5820
vt -4.3730 -1.4023
vt -4.6514 -1.4580
vt -4.8604 -2.5713
vt -4.8408 -1.4502
vt -5.0293 -1.4434
vt -5.0488 -2.5596
vt -4.8672 -2.7646
vt -4.7061 -3.6328
vt -4.8945 -3.6162
vt -5.0840 -3.5996
vt -5.0527 -2.7559
vt -5.1934 -2.5742
vt -5.1748 -1.4141
vt -5.1934 -2.7715
vt -5.2490 -3.5771
vt 6.3330 2.1250
vt 6.3330 2.8984
vt 6.0898 2.8945
vt 6.0898 2.1064
vt 6.3330 1.9609
vt 5.8574 2.8662
vt 6.0898 1.9541
vt 5.8574 2.0791
vt 5.5430 2.8711
vt 5.5430 2.0850
vt 5.8574 1.9277
vt 6.0898 0.7578
vt 6.3330 0.7373
vt 5.8574 0.7236
vt 5.5430 1.9346
vt 5.2461 2.0430
vt 5.2461 2.7607
vt 5.0156 1.9766
vt 4.4883 2.8311
vt 5.0186 1.8223
vt 5.2461 1.8330
vt 5.2461 0.7246
vt 5.5430 0.7236
vt 5.0068 0.7520
vt 4.4883 1.8418
vt 4.4883 2.0625
vt 3.7998 2.8867
vt 3.7998 1.9512
vt 3.7998 1.7861
vt 3.0518 1.9971
vt 3.0615 2.9316
vt 2.4170 2.8809
vt 2.3965 1.9111
vt 2.3936 1.7500
vt 3.0518 1.7861
vt 3.7998 0.6719
vt 4.4883 0.6885
vt 3.0645 0.6191
vt 2.3965 0.6494
vt 1.7510 1.7744
vt 1.7500 1.9609
vt 1.7490 2.8516
vt 1.0674 2.0361
vt 1.1396 2.9141
vt 0.7598 2.8750
vt 0.5664 1.9404
vt 1.0645 1.8096
vt 1.0576 0.5986
vt 1.7490 0.6279
vt 0.5605 0.6445
vt 0.5674 1.7773
vt 0.3643 2.0430
vt 0.3750 2.9375
vt -0.3154 2.0723
vt 0.3594 1.8164
vt 0.3506 0.6084
vt -0.3311 0.6729
vt -0.3242 1.7832
vt -0.9814 2.1270
vt -0.9736 1.8105
vt -0.9795 0.6592
vt -1.3096 0.6221
vt -1.3037 1.8496
vt -1.3037 2.0752
vt -0.9834 3.0283
vt -0.2998 2.9297
vt -1.6699 3.0283
vt -1.6807 2.0039
vt -1.6836 1.8281
vt -1.6865 0.6553
vt -2.3799 0.6338
vt -2.3809 1.8584
vt -2.3809 2.1035
vt -2.0576 2.9287
vt -2.3994 2.9541
vt -3.2090 2.9023
vt -2.6025 1.9336
vt -2.6182 1.7861
vt -2.6162 0.7041
vt -3.1943 1.7930
vt -3.2002 1.9512
vt -3.7422 2.1006
vt -3.7314 3.0146
vt -4.2344 2.8467
vt -4.2461 2.1221
vt -4.4160 2.8867
vt -4.2471 1.8750
vt -3.7393 1.8643
vt -3.7354 0.6211
vt -3.1914 0.6934
vt -4.2402 0.5879
vt -4.4404 0.6094
vt -4.4492 1.9316
vt -4.4561 2.1455
vt -4.7422 3.0039
vt -4.7500 2.0840
vt -4.7441 1.8779
vt -4.7412 0.6660
vt -4.9473 1.8779
vt -4.9482 2.0889
vt -4.9395 3.0088
vt -5.1455 2.0938
vt -5.1377 3.0137
vt -5.3174 2.9990
vt -5.2979 2.1299
vt -5.1514 1.8779
vt -4.9521 0.6641
vt -5.1621 0.6631
vt -5.3096 1.9062
vt -5.3350 0.5996
vt -4.9795 -1.7900
vt -5.8115 -1.7900
vt -5.8359 -0.8291
vt -5.0439 -0.8369
vt -4.6768 -1.7900
vt -4.7275 -0.8623
vt -5.1084 0.1162
vt -5.8604 0.1309
vt -5.1641 0.3740
vt -5.9023 0.4170
vt -5.9912 1.0098
vt -5.1934 0.9424
vt -4.8105 0.3125
vt -4.7783 0.0654
vt -4.5771 0.1221
vt -4.6016 0.3721
vt -4.6777 0.9424
vt -4.8584 0.9424
vt -4.0771 0.3994
vt -4.1719 0.9424
vt -3.5986 0.9424
vt -4.0596 0.1650
vt -3.5010 0.3330
vt -3.4873 0.1602
vt -4.0205 -0.8125
vt -4.5283 -0.8340
vt -4.4785 -1.7900
vt -3.9814 -1.7900
vt -3.4336 -1.7900
vt -3.4600 -0.8154
vt -2.8418 -1.7900
vt -2.8594 -0.7910
vt -2.8760 0.2080
vt -2.8701 0.3730
vt -2.6455 0.5479
vt -2.7021 0.9424
vt -2.6289 0.2979
vt -2.6152 -0.7461
vt -2.6006 -1.7900
vt -1.8896 -1.7900
vt -1.8955 -0.7910
vt -1.9004 0.2070
vt -1.9062 0.3965
vt -1.9609 0.9424
vt -1.5098 0.5020
vt -1.2197 0.9424
vt -1.5020 0.2559
vt -1.5010 -0.7666
vt -1.4990 -1.7900
vt -1.1592 -1.7900
vt -1.1543 -0.7793
vt -1.1504 0.2324
vt -1.1602 0.4336
vt -0.4502 0.5215
vt -0.4785 0.9424
vt -0.4502 0.3477
vt -0.4590 -0.7217
vt -0.4678 -1.7900
vt 0.2793 -0.7305
vt 0.2979 0.3301
vt 0.2861 0.4541
vt 0.2734 0.9424
vt 0.5098 0.4512
vt 0.5283 0.3047
vt 0.5059 -0.7422
vt 0.4834 -1.7900
vt 0.2607 -1.7900
vt 1.0156 -1.7900
vt 1.0352 -0.7422
vt 1.0547 0.3047
vt 1.0762 0.4668
vt 1.8076 0.9424
vt 1.8203 0.4365
vt 1.8174 0.2422
vt 2.5801 0.4863
vt 2.5791 0.9424
vt 3.3594 0.4580
vt 2.5752 0.2510
vt 2.5381 -0.7695
vt 1.7891 -0.7734
vt 1.7598 -1.7900
vt 2.5000 -1.7900
vt 3.3057 -0.7842
vt 3.3525 0.2207
vt 4.1221 0.4971
vt 4.1338 0.9424
vt 3.3574 0.9424
vt 4.8955 0.5146
vt 4.9111 0.9424
vt 4.1143 0.3008
vt 4.0586 -0.7451
vt 4.0039 -1.7900
vt 3.2588 -1.7900
vt 4.8145 -0.7627
vt 4.7471 -1.7900
vt 4.8818 0.2646
vt 5.3887 -0.8066
vt 5.4629 0.1768
vt 5.4824 0.3789
vt 5.4980 0.9424
vt 5.7490 0.4521
vt 5.7402 0.9424
vt 6.0947 0.9424
vt 6.0869 0.4658
vt 7.0371 0.9424
vt 6.9785 0.4814
vt 6.9473 0.1641
vt 6.0322 0.1846
vt 5.7197 0.1758
vt 5.6387 -0.8066
vt 5.5576 -1.7900
vt 5.3135 -1.7900
vt 5.9590 -0.8027
vt 6.8701 -0.8135
vt 5.8857 -1.7900
vt 6.7930 -1.7900
vt 6.1836 2.3438
vt 7.0605 2.3516
vt 7.0889 1.3750
vt 6.2012 1.3750
vt 5.8486 2.3350
vt 6.1650 3.3135
vt 7.0312 3.3271
vt 6.1504 3.5254
vt 7.0166 3.4551
vt 6.9160 3.9814
vt 6.0469 3.9814
vt 5.8203 3.5127
vt 5.8193 3.2949
vt 5.6074 3.3193
vt 5.5967 3.5479
vt 5.7188 3.9814
vt 5.5361 3.9814
vt 5.0439 3.9814
vt 5.0762 3.5098
vt 4.4795 3.9814
vt 5.0869 3.3184
vt 5.6357 2.3477
vt 5.6650 1.3750
vt 5.8789 1.3750
vt 5.1133 2.3467
vt 5.1396 1.3750
vt 4.5156 3.2744
vt 4.5098 3.4336
vt 3.6260 3.5059
vt 3.6113 3.9814
vt 3.6416 3.2793
vt 4.5400 2.3252
vt 4.5635 1.3750
vt 3.6650 2.3271
vt 3.6895 1.3750
vt 3.2949 1.3750
vt 3.2764 2.3643
vt 3.2588 3.3535
vt 3.2598 3.5000
vt 2.9043 3.9814
vt 2.9404 3.4961
vt 2.9424 3.3545
vt 2.9561 2.3652
vt 2.9707 1.3750
vt 2.2627 2.3213
vt 2.2510 3.2676
vt 2.2471 3.4551
vt 2.1982 3.9814
vt 2.0527 3.5293
vt 2.0547 3.3096
vt 2.0674 2.3428
vt 2.2754 1.3750
vt 2.0801 1.3750
vt 1.5176 2.3037
vt 1.4883 3.2334
vt 1.4834 3.3906
vt 1.4473 3.9814
vt 0.7539 3.4121
vt 0.7598 3.2227
vt 0.7832 2.2988
vt 1.5469 1.3750
vt 0.8076 1.3750
vt 0.4404 1.3750
vt 0.4209 2.3047
vt 0.4004 3.2344
vt 0.3906 3.4639
vt 0.7119 3.9814
vt 0.1846 3.4238
vt 0.1816 3.2520
vt 0.2041 2.3135
vt 0.2266 1.3750
vt -0.3770 2.2949
vt -0.3955 3.2139
vt -0.3984 3.3594
vt -0.7627 3.9814
vt -0.7705 3.4521
vt -0.7744 3.2402
vt -0.7598 2.3076
vt -0.3574 1.3750
vt -0.7451 1.3750
vt -1.5195 2.3037
vt -1.5303 3.2324
vt -1.5293 3.4180
vt -1.5117 3.9814
vt -2.3057 3.4229
vt -2.2959 3.2051
vt -2.2686 2.2900
vt -1.5098 1.3750
vt -2.2412 1.3750
vt -2.6426 1.3750
vt -2.6631 2.2920
vt -2.6846 3.2080
vt -2.6846 3.3516
vt -2.3076 3.9814
vt -3.0518 3.9814
vt -3.0498 3.3057
vt -3.0518 3.1152
vt -3.0342 2.2451
vt -3.0176 1.3750
vt -3.8145 2.2842
vt -3.8252 3.1934
vt -3.8262 3.4180
vt -3.8086 3.9814
vt -4.4053 3.3174
vt -4.4033 3.1572
vt -4.4111 2.2666
vt -4.6826 3.0889
vt -4.6836 3.3408
vt -4.3799 3.9814
vt -4.6172 3.9814
vt -4.9639 3.9814
vt -5.0410 3.3213
vt -5.0234 3.0117
vt -4.6846 2.2324
vt -4.4180 1.3750
vt -3.8037 1.3750
vt -4.6855 1.3750
vt -5.0420 1.3750
vt -5.0322 2.1934
vt -5.9814 2.9922
vt -5.9531 3.3477
vt -5.8818 3.9814
vt -6.0303 1.3750
vt -6.0059 2.1836
vn -0.6457 0.7396 0.1898
vn 0.7252 0.5137 0.4585
vn 0.5011 -0.3834 0.7758
vn 0.4609 0.8490 0.2584
vn 0.0609 -0.7363 0.6739
vn 0.6341 0.7577 0.1543
vn 0.3210 -0.2525 0.9128
vn 0.1320 -0.2950 0.9463
vn 0.7515 0.6470 -0.1293
vn -0.7456 -0.1639 0.6460
vn 0.3877 -0.3039 0.8702
vn -0.2255 0.1020 -0.9689
vn -0.2148 0.8697 -0.4443
vn -0.6428 0.6589 -0.3908
vn -0.6341 0.7264 0.2648
vn 0.5065 0.8364 0.2097
vn 0.6923 0.6958 -0.1914
vn 0.0775 0.5638 -0.8223
vn 0.5341 -0.7166 0.4486
vn -0.7003 -0.6256 0.3439
vn 0.3167 -0.8086 0.4958
vn -0.1977 0.8537 -0.4818
vn -0.5606 -0.6646 0.4940
vn 0.7014 0.7018 0.1246
vn -0.6861 0.6972 -0.2079
vn 0.4225 0.8228 -0.3801
vn -0.3144 0.2301 -0.9210
vn 0.0341 0.3927 -0.9190
vn -0.8659 -0.4962 0.0638
vn 0.9549 -0.1830 -0.2338
vn 0.8183 -0.5540 0.1534
vn 0.0689 -0.7607 0.6455
vn -0.6453 -0.5846 0.4918
vn -0.6927 0.7081 0.1367
vn 0.6785 0.7344 0.0200
vn 0.5379 -0.7213 0.4362
vn -0.0070 -0.7086 0.7056
vn 0.8191 -0.5681 0.0797
vn -0.6960 0.0178 -0.7178
vn 0.9635 -0.2675 0.0102
vn -0.8050 -0.5915 -0.0460
vn 0.0667 0.6045 -0.7938
vn 0.2945 0.8358 -0.4633
vn 0.6944 0.6833 -0.2255
vn 0.6718 0.6189 0.4071
vn 0.4907 -0.5347 0.6879
vn 0.5716 0.7062 -0.4178
vn -0.4714 -0.8249 0.3118
vn 0.9304 -0.3176 0.1830
vn 0.9156 -0.3227 0.2398
vn 0.4721 -0.8733 0.1204
vn 0.9091 0.0902 0.4066
vn -0.6874 0.7039 0.1786
vn 0.6589 0.7458 0.0986
vn 0.5788 -0.6022 0.5499
vn 0.0904 -0.7008 0.7076
vn 0.8875 -0.4134 0.2036
vn 0.7670 -0.5066 0.3938
vn -0.2408 0.2055 -0.9486
vn 0.8212 -0.4037 0.4033
vn -0.3654 -0.9033 0.2247
vn 0.6330 0.7143 -0.2984
vn -0.6728 0.7161 0.1858
vn 0.5412 0.8402 0.0347
vn -0.3972 0.3978 -0.8270
vn 0.9685 -0.2488 -0.0108
vn 0.7389 -0.6003 0.3060
vn -0.3198 -0.9466 0.0404
vn -0.4282 0.7514 -0.5020
vn 0.6007 0.3398 0.7237
vn -0.3905 0.5894 -0.7072
vn -0.7950 -0.5353 0.2855
vn -0.8974 -0.3841 0.2173
vn 0.2910 0.4213 -0.8590
vn -0.7199 0.2953 -0.6281
vn 0.9813 -0.1425 0.1293
vn -0.4148 0.9099 -0.0022
vn 0.6734 0.7254 0.1427
vn -0.6216 0.7014 0.3488
vn 0.6187 0.7704 -0.1537
vn 0.6570 -0.6939 0.2947
vn 0.7055 -0.6194 0.3443
vn -0.6637 0.7170 -0.2132
vn -0.6015 0.7949 -0.0797
vn 0.3465 0.9366 0.0513
vn -0.6409 0.7526 0.1509
vn -0.7673 0.1217 -0.6297
vn 0.4975 -0.4072 0.7659
vn -0.7059 -0.7081 0.0180
vn -0.6915 -0.5567 0.4603
vn -0.6569 -0.2612 0.7073
vn -0.1753 -0.5438 0.8207
vn -0.8766 -0.3708 0.3067
vn 0.6655 0.7127 0.2216
vn 0.6995 -0.5999 0.3884
vn -0.0572 -0.4898 0.8700
vn 0.7726 -0.2744 0.5725
vn -0.7221 -0.0007 0.6918
vn -0.8841 0.3802 0.2717
vn -0.5279 -0.5511 0.6462
vn -0.7341 0.5122 0.4459
vn 0.6115 0.7701 -0.1818
vn -0.7307 0.5129 -0.4506
vn -0.4837 -0.5788 -0.6565
vn -0.5927 0.7155 -0.3699
vn -0.6758 0.7081 -0.2044
vn 0.4763 0.6949 0.5388
vn -0.8515 0.4963 -0.1694
vn 0.8291 0.0751 -0.5541
vn 0.5372 0.8028 -0.2587
vn -0.5695 0.8198 0.0595
vn -0.8277 -0.5490 -0.1160
vn -0.6183 -0.6321 -0.4670
vn 0.8993 0.4315 0.0708
vn -0.6370 0.7194 0.2770
vn 0.6568 0.7538 0.0196
vn -0.6232 0.7820 -0.0080
vn 0.0393 0.5744 0.8176
vn -0.1591 0.4032 0.9012
vn -0.3475 -0.6797 -0.6459
vn -0.7218 -0.3883 -0.5729
vn 0.8003 -0.2829 -0.5286
vn -0.7013 0.0524 -0.7109
vn -0.6106 -0.6644 -0.4310
vn 0.7012 0.6982 -0.1442
vn 0.5569 0.7490 0.3590
vn -0.6316 0.7225 0.2813
vn 0.2049 0.3920 0.8969
vn -0.0390 -0.8140 -0.5796
vn 0.9190 -0.3894 0.0616
vn 0.8706 -0.4616 -0.1703
vn -0.6775 -0.7244 -0.1272
vn -0.8888 -0.4504 -0.0851
vn 0.5911 -0.7879 -0.1725
vn 0.1431 -0.6546 -0.7423
vn 0.7244 -0.5536 -0.4107
vn 0.6180 0.7645 -0.1831
vn 0.6904 0.7002 -0.1821
vn -0.5711 -0.6957 -0.4358
vn -0.3400 -0.7749 -0.5329
vn 0.7799 -0.4431 -0.4420
vn -0.9071 -0.4207 -0.0154
vn 0.2783 0.7561 0.5923
vn 0.4920 0.8203 -0.2916
vn -0.6240 0.7703 -0.1313
vn -0.5400 0.7596 0.3626
vn -0.6515 -0.7564 0.0581
vn -0.7125 -0.6846 0.1539
vn -0.6313 -0.6510 -0.4216
vn 0.7824 -0.6179 -0.0778
vn -0.9820 -0.1848 0.0388
vn 0.3194 0.6635 0.6765
vn -0.6929 -0.5910 -0.4131
vn 0.6666 0.7226 -0.1828
vn -0.6535 0.7544 -0.0619
vn -0.6491 -0.6912 -0.3178
vn -0.7717 0.1028 0.6276
vn -0.8214 -0.5317 0.2063
vn 0.9382 -0.3419 -0.0537
vn 0.7937 -0.4396 -0.4204
vn -0.2831 0.8487 0.4467
vn 0.4497 0.7235 0.5237
vn 0.5474 0.8173 -0.1801
vn -0.5404 0.6002 -0.5897
vn 0.6544 0.6886 -0.3124
vn -0.5741 -0.6237 -0.5304
vn 0.1459 -0.6089 -0.7797
vn -0.7801 -0.5603 -0.2784
vn 0.0813 0.3970 0.9142
vn 0.3227 0.8206 0.4717
vn -0.5945 0.7354 0.3251
vn 0.6628 0.7078 -0.2445
vn -0.5139 -0.7062 -0.4871
vn 0.0285 0.6413 0.7668
vn 0.7489 -0.5575 -0.3582
vn 0.9375 -0.3477 0.0163
vn 0.0254 -0.9757 -0.2177
vn 0.4732 -0.8810 0.0017
vn 0.6090 0.7095 0.3546
vn -0.8386 0.2383 -0.4899
vn -0.0170 0.7581 0.6520
vn -0.8248 -0.5301 -0.1965
vn 0.2295 0.5454 0.8062
vn 0.5946 0.8009 0.0710
vn -0.8920 -0.0226 0.4516
vn -0.7689 -0.5524 -0.3220
vn 0.4418 0.7792 0.4445
vn 0.5054 -0.6832 -0.5270
vn 0.1921 0.9222 -0.3356
vn -0.6093 0.7589 0.2297
vn 0.6629 0.7206 0.2033
vn -0.6335 0.7675 0.0983
vn 0.6464 0.6710 -0.3631
vn -0.3718 0.1851 0.9096
vn -0.7434 0.2076 -0.6358
vn 0.6239 -0.2304 -0.7468
vn 0.6134 -0.6167 -0.4935
vn -0.2462 0.8072 0.5364
vn -0.5358 0.7146 0.4496
vn -0.6324 0.6551 -0.4134
vn 0.6215 0.7603 -0.1891
vn -0.6438 0.7392 -0.1977
vn -0.6831 -0.6059 -0.4078
vn -0.2599 -0.3578 -0.8969
vn -0.7932 -0.1315 -0.5946
vn 0.7011 0.0602 -0.7106
vn 0.8310 0.5125 -0.2163
vn 0.4777 -0.4840 -0.7332
vn 0.7209 0.5109 -0.4683
vn 0.6987 0.1848 0.6911
vn 0.4969 -0.3897 0.7754
vn -0.0105 -0.9308 0.3653
vn -0.9453 -0.0176 -0.3258
vn -0.5252 -0.6644 0.5318
vn 0.9983 -0.0111 -0.0566
vn -0.8188 0.5644 0.1055
vn -0.3877 0.8840 0.2611
vn 0.5525 -0.7659 -0.3288
vn -0.2127 0.8646 -0.4551
vn 0.9683 0.2331 0.0897
vn -0.9866 -0.0337 0.1598
vn 0.4613 0.6717 0.5797
vn 0.4171 -0.8481 0.3267
vn -0.2066 0.9783 0.0189
vn -0.9739 -0.2265 0.0130
vn -0.7813 0.3043 0.5449
vn 0.8765 -0.4762 -0.0702
vn 0.6912 0.4227 -0.5861
vn -0.5251 -0.6971 -0.4881
vn 0.7176 0.6455 -0.2617
vn 0.8042 -0.4647 0.3706
vn 0.6652 0.6391 0.3861
vn 0.5068 0.8362 0.2096
vn -0.9822 -0.0558 -0.1796
vn -0.9576 -0.2836 0.0503
vn -0.1201 0.9811 -0.1519
vn 0.9676 0.2489 0.0422
vn 0.8577 0.2226 -0.4634
vn -0.9456 -0.0647 -0.3190
vn 0.6550 0.6267 0.4221
vn 0.9423 0.1154 -0.3142
vn 0.7028 -0.7028 0.1098
vn 0.7963 -0.4563 0.3971
vn -0.8779 -0.4003 -0.2625
vn 0.9467 -0.2691 -0.1769
vn -0.8733 -0.3631 -0.3248
vn -0.3999 -0.8459 0.3528
vn -0.9567 -0.2185 -0.1926
vn 0.8861 0.4618 0.0395
vn -0.8490 0.2208 -0.4801
vn 0.5917 0.6268 0.5070
vn -0.9409 0.0511 -0.3349
vn 0.6998 -0.7038 0.1226
vn 0.0408 0.9891 -0.1416
vn -0.9485 -0.2183 -0.2294
vn 0.9195 -0.2348 -0.3151
vn -0.4589 0.8721 -0.1699
vn -0.2808 0.9545 0.1003
vn 0.9324 0.3029 0.1974
vn 0.8886 0.0846 -0.4509
vn 0.7748 0.6105 0.1643
vn 0.9612 -0.2055 -0.1840
vn 0.4474 0.7809 -0.4358
vn 0.8632 -0.4352 -0.2559
vn 0.9884 0.0376 -0.1469
vn -0.3039 0.9301 0.2063
vn -0.0490 0.8968 0.4398
vn 0.4504 0.5961 0.6647
vn -0.8332 0.2219 -0.5066
vn 0.9378 -0.1111 -0.3290
vn -0.9746 0.2220 -0.0286
vn 0.6586 -0.6437 -0.3896
vn 0.5607 -0.8239 0.0824
vn 0.7384 -0.3300 -0.5882
vn -0.9342 -0.3551 -0.0336
vn -0.5125 -0.5883 0.6255
vn 0.9090 -0.4131 -0.0563
vn -0.7103 -0.6862 0.1565
vn 0.0837 -0.9956 -0.0410
vn -0.9360 0.0317 -0.3506
vn 0.7354 0.2337 -0.6361
vn 0.8673 -0.0261 -0.4972
vn -0.5274 -0.8401 0.1264
vn 0.7754 -0.6291 0.0542
vn 0.5789 -0.6041 0.5477
vn 0.8012 -0.5862 -0.1206
vn -0.3624 -0.9064 0.2172
vn 0.0868 0.9678 -0.2364
vn 0.5659 0.8194 0.0917
vn -0.8304 0.3073 -0.4648
vn 0.3978 0.6881 0.6068
vn 0.7079 0.6715 0.2190
vn 0.5462 0.8370 0.0327
vn -0.9663 -0.1846 -0.1796
vn 0.8955 -0.4150 0.1612
vn -0.8222 -0.0485 -0.5671
vn 0.5831 -0.6929 -0.4241
vn 0.9633 0.1211 -0.2395
vn -0.5895 0.1582 -0.7921
vn -0.8082 -0.2519 -0.5323
vn -0.7181 0.4607 0.5217
vn 0.8995 -0.0200 -0.4364
vn 0.4913 0.5118 0.7047
vn -0.2662 0.9440 0.1950
vn -0.8842 0.0773 -0.4607
vn -0.6741 -0.3057 -0.6724
vn 0.9339 -0.1265 -0.3343
vn -0.4122 0.9111 -0.0039
vn -0.2359 0.9396 0.2479
vn 0.9523 0.1558 0.2622
vn -0.8805 0.3468 0.3232
vn 0.8064 0.0837 -0.5855
vn 0.9792 -0.0210 -0.2018
vn 0.6573 -0.6931 0.2959
vn 0.8385 -0.2140 -0.5011
vn 0.7027 -0.6263 0.3375
vn -0.7103 -0.6164 -0.3400
vn -0.8182 -0.3049 -0.4875
vn -0.2531 -0.7911 0.5569
vn -0.8554 0.4986 -0.1404
vn 0.7274 0.6831 -0.0654
vn -0.1288 -0.9259 -0.3552
vn -0.8303 0.1986 -0.5208
vn 0.5933 -0.8027 0.0616
vn -0.6533 0.0525 -0.7553
vn 0.2214 0.8491 0.4796
vn -0.8678 -0.4967 -0.0142
vn 0.9622 -0.2706 -0.0304
vn -0.6276 -0.6769 0.3847
vn -0.9949 0.0416 0.0921
vn -0.2364 0.9678 0.0866
vn -0.8919 0.3808 -0.2439
vn -0.7889 -0.1768 0.5885
vn 0.0119 0.9523 0.3049
vn -0.4226 -0.8489 0.3175
vn -0.4867 0.6696 0.5610
vn 0.2200 0.9743 0.0484
vn 0.8666 0.3589 -0.3467
vn 0.3884 -0.9199 0.0536
vn -0.5292 -0.5562 0.6408
vn 0.4758 0.6237 -0.6201
vn -0.1464 0.9812 -0.1255
vn -0.9749 -0.2153 0.0560
vn -0.7933 0.5570 -0.2459
vn 0.4098 -0.8470 -0.3386
vn 0.6280 0.6114 -0.4814
vn -0.0121 0.8695 -0.4938
vn 0.9123 -0.3959 0.1049
vn 0.7523 0.2173 0.6220
vn -0.5505 0.8195 0.1593
vn -0.8113 -0.5433 0.2157
vn -0.1356 0.9302 0.3411
vn -0.7047 0.5991 -0.3800
vn 0.9741 0.0723 -0.2142
vn -0.7213 -0.5714 -0.3914
vn 0.5420 -0.4570 -0.7053
vn -0.1874 -0.9662 -0.1771
vn -0.9474 0.2406 0.2111
vn 0.9871 0.0298 0.1574
vn 0.6149 -0.5988 0.5132
vn -0.2452 0.8046 0.5408
vn 0.7372 0.3502 -0.5779
vn -0.7682 -0.5742 -0.2830
vn 0.5243 -0.7192 -0.4558
vn 0.7654 -0.1875 0.6156
vn -0.6183 -0.7476 0.2425
vn 0.9762 -0.0707 0.2051
vn 0.6345 -0.7556 -0.1629
vn 0.8128 -0.0033 0.5825
vn -0.8917 0.3825 0.2419
vn 0.6482 -0.6667 -0.3679
vn -0.7845 0.1301 0.6063
vn -0.7583 -0.6444 0.0982
vn 0.2377 -0.9673 0.0883
vn -0.7440 -0.2937 0.6001
vn -0.8450 0.0741 -0.5297
vn 0.9555 0.1147 -0.2717
vn 0.9105 0.0481 -0.4106
vn 0.9066 0.3058 0.2908
vn -0.8629 -0.5050 -0.0179
vn -0.0319 0.9677 0.2499
vn 0.6433 0.7534 0.1363
vn 0.8501 -0.4712 0.2350
vn 0.7108 -0.1389 0.6895
vn -0.8605 -0.4631 0.2122
vn -0.5834 -0.8071 -0.0910
vn 0.9503 -0.2116 -0.2282
vn 0.1261 0.9920 -0.0028
vn 0.7535 -0.0257 0.6570
vn 0.9372 0.1612 0.3093
vn 0.8062 -0.5916 -0.0026
vn -0.7659 -0.0147 0.6428
vn -0.8893 0.2907 0.3530
vn -0.6261 -0.5878 -0.5124
vn 0.0065 0.9764 0.2161
vn 0.1879 -0.9108 0.3676
vn 0.7794 -0.1861 0.5983
vn -0.7846 -0.5863 0.2016
vn -0.6496 0.6357 -0.4170
vn -0.1019 0.9383 -0.3304
vn 0.1217 -0.7107 -0.6929
vn 0.7020 0.5458 0.4575
vn -0.8680 -0.4846 -0.1079
vn 0.8309 0.5556 -0.0280
vn 0.9911 -0.1197 -0.0589
vn 0.6166 -0.7497 0.2401
vn -0.9351 0.3543 0.0026
vn 0.7039 0.5291 0.4740
vn -0.2318 -0.9642 -0.1284
vn 0.6066 0.7891 -0.0969
vn 0.5964 -0.0037 0.8027
vn -0.8300 0.2205 0.5123
vn 0.6765 -0.6360 -0.3713
vn 0.9139 0.1691 0.3691
vn -0.7108 0.6725 -0.2063
vn 0.9873 0.1202 0.1037
vn -0.6662 -0.0087 0.7458
vn -0.0387 -0.8088 -0.5868
vn -0.2537 0.9303 0.2649
vn -0.0573 -0.9957 -0.0725
vn -0.6971 0.6858 -0.2089
vn 0.5267 -0.2721 0.8053
vn -0.7376 -0.5208 0.4297
vn -0.8740 -0.4192 0.2458
vn -0.6540 -0.2751 0.7047
vn -0.5885 0.7948 0.1480
vn -0.6036 -0.6627 0.4434
vn -0.7817 0.5959 -0.1840
vn 0.6369 0.5533 -0.5368
vn 0.9310 -0.1196 -0.3448
vn -0.7323 0.4025 0.5494
vn -0.9223 0.1833 0.3403
vn -0.6879 -0.2204 -0.6915
vn 0.9828 0.0816 -0.1659
vn 0.2041 -0.9736 -0.1022
vn -0.8373 -0.4834 0.2556
vn -0.7035 0.3274 -0.6308
vn 0.9691 0.2392 -0.0603
vn -0.9970 -0.0659 0.0408
vn 0.6910 -0.7167 0.0936
vn 0.7519 0.3770 0.5409
vn 0.6985 0.0484 0.7140
vn -0.8874 -0.3197 -0.3322
vn 0.9161 0.1283 0.3800
vn 0.8226 0.1465 0.5495
vn -0.5792 0.8152 0.0069
vn -0.2001 0.9752 -0.0942
vn 0.7031 -0.6996 -0.1275
vn -0.2911 -0.8928 0.3438
vn 0.6561 -0.6637 0.3593
vn 0.6056 -0.3542 0.7126
vn -0.8685 -0.4017 0.2904
vn -0.6193 -0.7828 -0.0606
vn 0.7296 0.6618 -0.1726
vn 0.7491 -0.4485 0.4876
vn 0.6083 0.7881 -0.0944
vn 0.0521 0.9862 0.1572
vn -0.0211 0.9362 0.3509
vn -0.7498 -0.2890 0.5952
vn -0.8397 -0.0563 0.5401
vn -0.4020 -0.8351 -0.3755
vn -0.8390 0.5238 0.1475
vn 0.6945 -0.6692 -0.2642
vn -0.7448 -0.2084 0.6339
vn -0.7535 -0.2865 0.5917
vn 0.2009 0.8381 -0.5072
vn -0.9331 -0.3538 0.0641
vn 0.6702 0.6315 -0.3899
vn -0.2081 0.9736 -0.0941
vn -0.9115 0.3477 0.2198
vn -0.7795 -0.1777 -0.6007
vn -0.6783 0.5943 -0.4321
vn 0.7646 0.5695 -0.3017
vn 0.9676 -0.2431 0.0677
vn 0.1505 0.9862 -0.0690
vn -0.5106 0.6161 -0.5997
vn -0.4168 -0.8502 -0.3215
vn -0.4876 -0.5838 -0.6491
vn 0.8565 0.3853 0.3435
vn 0.4237 -0.9037 -0.0613
vn 0.2526 0.7631 -0.5949
vn -0.7417 0.6459 0.1808
vn -0.6372 -0.7446 0.1987
vn -0.7149 0.5592 -0.4197
vn 0.6995 -0.6975 0.1552
vn -0.6610 0.7414 0.1161
vn -0.7451 -0.6412 0.1836
vn 0.9451 0.3267 0.0028
vn -0.5518 0.5424 -0.6335
vn 0.8071 0.0005 0.5905
vn 0.9842 0.1768 0.0041
vn -0.5714 -0.4365 0.6949
vn -0.3857 0.7158 -0.5821
vn -0.7381 0.6724 -0.0560
vn -0.9733 -0.1539 -0.1702
vn -0.7547 -0.6446 -0.1224
vn 0.7173 -0.5153 0.4690
vn -0.6773 -0.5963 0.4309
vn 0.6847 0.6088 -0.4006
vn -0.6981 0.5697 0.4337
vn 0.7283 0.4921 0.4769
vn 0.7710 0.6368 -0.0076
vn 0.6251 0.5559 -0.5479
vn 0.7258 -0.6877 0.0156
vn 0.1768 -0.9842 0.0076
vn 0.6531 0.4569 0.6038
vn -0.8080 0.5770 0.1193
vn 0.6229 0.6223 -0.4741
vn 0.6746 -0.4407 0.5922
vn 0.8122 -0.5725 0.1119
vn -0.6697 -0.4569 0.5854
vn 0.7407 0.6675 -0.0765
vn 0.7585 0.3557 0.5460
vn -0.7364 0.6682 0.1060
vn 0.5283 -0.5295 -0.6637
vn -0.7578 -0.6492 0.0656
vn 0.5764 -0.8075 0.1257
vn 0.9182 -0.3284 -0.2216
vn 0.6338 0.7702 0.0717
vn 0.4788 0.4893 0.7289
vn 0.8048 0.5139 0.2971
vn 0.5293 -0.4666 0.7086
vn 0.8163 0.0515 -0.5753
vn -0.7078 0.6429 0.2928
vn -0.8272 0.5427 0.1454
vn -0.6222 0.6440 -0.4451
vn -0.6428 0.4336 0.6315
vn 0.7831 -0.6073 0.1339
vn -0.6970 -0.6629 0.2734
vn -0.0260 0.9977 -0.0621
vn -0.5979 -0.4894 0.6348
vn -0.5740 0.7562 0.3141
vn -0.7923 -0.5438 -0.2765
vn -0.5655 -0.7717 0.2910
vn -0.7908 -0.5880 0.1699
vn 0.5918 0.6351 -0.4965
vn -0.7870 0.5837 0.1997
vn 0.6574 0.7203 0.2212
vn 0.8213 0.4455 -0.3563
vn 0.6153 -0.7536 0.2312
vn 0.2316 -0.9728 -0.0073
vn 0.5855 0.5162 0.6251
vn 0.8043 0.5650 0.1840
vn 0.6574 0.6561 -0.3706
vn 0.6108 -0.5047 0.6100
vn 0.7788 -0.5963 0.1948
vn 0.0055 -0.9408 -0.3389
vn 0.7174 0.5948 0.3627
vn -0.8367 0.1698 0.5206
vn 0.7178 -0.6764 -0.1651
vn 0.7038 -0.6188 0.3489
vn -0.6513 -0.5408 0.5323
vn -0.5871 0.7769 -0.2274
vn -0.8045 0.4622 0.3729
vn -0.6855 0.7125 0.1496
vn -0.6882 -0.6034 -0.4029
vn 0.7204 0.6869 0.0958
vn -0.7215 -0.6737 0.1601
vn -0.5501 -0.7285 0.4083
vn -0.7161 0.0817 -0.6932
vn 0.6508 -0.7342 0.1933
vn 0.7309 -0.6608 0.1708
vn -0.2743 0.7554 -0.5951
vn 0.7225 0.6703 0.1693
vn -0.2339 0.7652 0.5998
vn 0.7762 0.5968 -0.2032
vn 0.6043 -0.7687 -0.2095
vn -0.5318 0.4960 0.6864
vn 0.6653 0.7201 -0.1970
vn 0.7127 -0.6778 -0.1806
vn -0.7218 0.6689 -0.1776
vn -0.7278 0.5672 0.3854
vn -0.6910 -0.6798 -0.2457
vn 0.7736 -0.0465 0.6320
vn -0.8315 0.4025 -0.3830
vn -0.8706 0.1371 -0.4726
vn 0.6939 0.6994 0.1712
vn -0.7165 -0.4990 -0.4874
vn -0.5758 -0.6858 -0.4450
vn -0.8901 -0.1262 0.4380
vn 0.6437 -0.5930 -0.4838
vn 0.6591 0.5666 -0.4945
vn 0.7269 0.6261 -0.2822
vn 0.6809 -0.6233 0.3845
vn 0.7300 -0.6387 -0.2431
vn 0.4067 0.1945 0.8926
vn -0.6608 0.7483 -0.0575
vn 0.9516 0.1647 0.2594
vn -0.5836 -0.7992 -0.1439
vn -0.4141 -0.5045 -0.7577
vn -0.7958 -0.5874 -0.1471
vn -0.6539 -0.6187 0.4354
vn 0.8376 0.5236 -0.1556
vn -0.4227 0.4822 -0.7673
vn -0.7436 0.3726 -0.5552
vn -0.7291 -0.6760 0.1067
vn 0.7100 -0.4282 -0.5591
vn 0.6970 -0.6523 -0.2978
vn -0.6062 0.5581 0.5665
vn 0.6977 0.6344 -0.3328
vn -0.7989 0.5711 -0.1886
vn -0.6646 0.6126 0.4278
vn -0.7687 -0.6070 -0.2016
vn -0.9736 -0.2099 0.0897
vn 0.5938 0.4222 -0.6849
vn 0.7091 0.7014 -0.0721
vn -0.4575 -0.4704 0.7546
vn 0.5446 -0.4800 -0.6877
vn 0.7384 -0.6741 0.0200
vn -0.7093 -0.4753 -0.5206
vn -0.6954 0.7173 -0.0432
vn -0.7194 0.4450 -0.5333
vn 0.7515 0.5520 -0.3613
vn 0.6865 -0.6710 0.2801
vn 0.7458 -0.5724 -0.3408
vn 0.8566 0.1849 0.4818
vn -0.8032 0.5525 -0.2226
vn 0.9657 -0.2288 0.1228
vn -0.7775 -0.5851 -0.2306
vn 0.7695 -0.4336 -0.4690
vn -0.1984 0.9065 0.3727
vn -0.8052 -0.5488 -0.2247
vn 0.8249 0.5208 -0.2196
vn -0.7566 0.4389 -0.4847
vn -0.2500 -0.9602 0.1244
vn 0.7596 0.4425 -0.4766
vn 0.7346 -0.4756 -0.4839
vn -0.0529 -0.8087 0.5858
vn -0.8013 0.5976 -0.0292
vn -0.4161 0.5979 -0.6851
vn -0.7267 0.6848 -0.0545
vn -0.7297 -0.6738 -0.1160
vn 0.7475 -0.2877 -0.5988
vn 0.3000 0.8372 0.4573
vn 0.9607 0.2748 -0.0396
vn 0.6974 -0.0709 0.7131
vn -0.7513 0.6569 -0.0637
vn -0.6562 -0.7359 -0.1669
vn 0.2704 0.7871 0.5544
vn -0.6992 0.6903 -0.1859
vn -0.7611 -0.6378 -0.1182
vn 0.7734 -0.6171 -0.1449
vn 0.5032 -0.3887 0.7718
vn 0.0086 -0.9278 0.3730
vn -0.9475 -0.0298 -0.3183
vn -0.5248 -0.6620 0.5351
vn 0.9986 -0.0222 -0.0478
vn -0.2602 -0.9567 0.1307
vn -0.2718 -0.6426 0.7163
vn 0.5456 -0.7787 -0.3096
vn -0.2335 0.7820 -0.5779
vn -0.3449 -0.9325 0.1074
vn 0.6844 0.7239 -0.0868
vn -0.5943 0.8043 0.0061
vn 0.5612 0.5393 0.6279
vn 0.6886 0.7144 0.1245
vn -0.8578 0.4049 -0.3166
vn -0.9986 -0.0142 0.0504
vn 0.0189 -0.9268 -0.3752
vn -0.4362 0.7958 -0.4201
vn -0.4930 0.8628 -0.1119
vn 0.8394 0.1494 0.5225
vn 0.5165 0.8386 0.1731
vn -0.9832 -0.0718 -0.1680
vn -0.9353 -0.3507 0.0471
vn 0.7936 0.6080 -0.0229
vn 0.6454 0.6984 -0.3092
vn -0.5608 0.8219 0.0993
vn -0.9559 0.2316 -0.1806
vn -0.9176 -0.0991 -0.3850
vn -0.9773 -0.0920 -0.1910
vn -0.5585 -0.7079 -0.4324
vn -0.5728 -0.8178 -0.0555
vn 0.3744 -0.7968 0.4743
vn -0.8757 -0.4101 -0.2550
vn 0.9446 -0.2801 -0.1710
vn -0.8718 -0.3728 -0.3177
vn -0.4659 -0.8414 0.2739
vn 0.4227 -0.8332 -0.3566
vn 0.4455 -0.6602 -0.6047
vn -0.8411 -0.3943 -0.3701
vn -0.6454 -0.7637 0.0170
vn 0.5991 0.8002 -0.0267
vn 0.5718 -0.8196 0.0359
vn 0.5073 0.8152 0.2793
vn 0.7635 0.6405 0.0830
vn 0.4914 -0.8584 -0.1470
vn 0.9310 0.3648 -0.0121
vn 0.7926 -0.5079 0.3374
vn 0.6401 0.7145 -0.2825
vn -0.6227 0.7809 -0.0497
vn -0.6288 0.7044 0.3293
vn 0.4699 0.8726 -0.1330
vn -0.9471 -0.2299 -0.2241
vn 0.9184 -0.2461 -0.3097
vn -0.3839 0.8975 -0.2170
vn 0.8019 0.5781 0.1508
vn 0.6474 0.7448 -0.1617
vn -0.1768 0.8929 -0.4140
vn -0.5208 0.8528 -0.0379
vn 0.6960 0.6570 0.2898
vn -0.4759 0.7464 0.4652
vn -0.8502 0.2329 -0.4721
vn 0.9430 0.1287 -0.3068
vn 0.8586 0.2346 -0.4559
vn 0.8584 -0.0255 0.5123
vn 0.3093 -0.9444 -0.1112
vn 0.6873 -0.6472 0.3299
vn 0.8261 0.5543 -0.1014
vn 0.6865 0.4421 -0.5773
vn -0.9468 -0.0482 -0.3183
vn -0.4801 0.6869 0.5456
vn 0.8848 -0.4605 -0.0717
vn -0.9778 -0.2091 0.0158
vn 0.3887 0.7283 0.5644
vn -0.2025 0.9791 0.0217
vn 0.4634 0.6884 0.5580
vn 0.1372 0.9691 0.2051
vn 0.7157 -0.6688 0.2012
vn 0.5017 -0.6115 0.6118
vn -0.9424 0.0640 -0.3284
vn 0.8876 0.0966 -0.4504
vn -0.8757 0.4680 -0.1193
vn -0.8314 0.2323 -0.5049
vn 0.6045 0.7339 -0.3097
vn -0.6431 0.2665 0.7179
vn 0.9388 -0.0963 -0.3307
vn -0.9550 0.2772 -0.1055
vn -0.2332 0.9099 0.3430
vn -0.6687 -0.6634 -0.3357
vn -0.5043 0.8059 -0.3101
vn -0.9641 0.1457 0.2220
vn -0.8662 -0.4959 -0.0616
vn 0.5301 -0.7099 -0.4638
vn 0.7621 -0.5152 0.3922
vn 0.5112 -0.8594 0.0070
vn -0.9353 0.0450 -0.3510
vn 0.7364 0.2372 -0.6336
vn 0.8711 -0.0194 -0.4907
vn -0.5135 -0.8570 0.0427
vn 0.7181 -0.6559 0.2327
vn -0.6802 -0.7330 -0.0013
vn 0.7152 0.3847 -0.5835
vn 0.4077 0.8918 0.1962
vn 0.5377 -0.7678 -0.3485
vn 0.2590 0.8152 -0.5180
vn -0.5992 -0.2733 0.7525
vn 0.6125 0.5925 0.5233
vn -0.7073 -0.6027 -0.3693
vn 0.7921 0.6091 0.0401
vn -0.9782 -0.1931 0.0759
vn -0.8500 -0.5135 -0.1179
vn 0.8013 0.5968 -0.0425
vn -0.8308 0.3183 -0.4566
vn 0.4441 0.7045 0.5536
vn 0.9632 0.1351 -0.2325
vn 0.6259 0.7716 0.1135
vn -0.3430 0.6884 -0.6391
vn 0.9199 -0.0673 -0.3863
vn 0.4653 -0.8829 0.0628
vn -0.2437 0.7481 -0.6172
vn 0.7431 -0.3433 -0.5744
vn 0.9889 0.0238 -0.1465
vn 0.8606 -0.4450 -0.2478
vn 0.9374 0.3455 0.0440
vn -0.5970 0.1646 -0.7852
vn -0.8120 -0.2482 -0.5283
vn -0.6594 0.5036 0.5582
vn 0.8992 -0.0153 -0.4372
vn 0.3156 0.8053 0.5018
vn -0.6571 -0.6779 -0.3298
vn -0.6739 -0.7387 -0.0119
vn 0.8327 0.1752 -0.5253
vn 0.8386 0.5070 0.1992
vn -0.5413 -0.6010 0.5880
vn -0.9351 -0.3536 -0.0226
vn 0.9076 -0.4165 -0.0526
vn -0.2880 0.9516 -0.1071
vn 0.8021 -0.5856 -0.1173
vn -0.5656 0.6416 -0.5181
vn 0.4850 -0.7335 -0.4762
vn 0.8487 0.5289 -0.0041
vn 0.3178 -0.8981 -0.3039
vn 0.6503 0.7083 0.2746
vn 0.0120 -0.6635 -0.7480
vn 0.4654 -0.8825 0.0681
vn 0.5067 0.8621 -0.0127
vn -0.9647 -0.1964 -0.1755
vn 0.8355 -0.5279 0.1525
vn 0.7448 -0.6127 -0.2643
vn 0.5883 0.5836 0.5597
vn -0.7720 0.4712 0.4266
vn -0.6836 0.7209 0.1139
vn -0.1701 0.9415 -0.2910
vn -0.4761 0.8695 0.1317
vn -0.7705 -0.5794 0.2657
vn 0.5809 -0.7649 -0.2783
vn -0.7335 -0.5642 -0.3790
vn 0.7842 0.5608 0.2655
vn -0.7490 -0.3594 0.5566
vn -0.8875 0.0642 -0.4563
vn -0.6769 -0.3170 -0.6644
vn 0.9358 -0.1383 -0.3243
vn -0.3384 0.9390 -0.0622
vn 0.8415 -0.2262 -0.4907
vn -0.6194 0.7590 -0.2006
vn 0.6907 0.7202 0.0650
vn 0.8273 0.4780 -0.2951
vn -0.8676 -0.2098 -0.4508
vn -0.7208 -0.6918 -0.0439
vn -0.5017 -0.8253 -0.2592
vn -0.6288 -0.7711 0.0998
vn 0.8066 0.0880 -0.5845
vn 0.7449 0.6333 0.2099
vn -0.8307 0.2053 -0.5174
vn 0.8759 0.0950 0.4731
vn 0.7035 0.6941 0.1527
vn 0.7061 0.6699 -0.2295
vn -0.6262 0.7137 -0.3138
vn 0.2844 -0.9001 -0.3299
vn 0.5103 0.8080 -0.2946
vn -0.7086 -0.6261 -0.3254
vn -0.8181 -0.3281 -0.4722
vn -0.3319 -0.7670 0.5491
vn 0.1841 -0.9811 -0.0598
vn 0.8387 0.5344 0.1049
vn -0.9548 0.1103 -0.2759
vn -0.8417 -0.4702 0.2653
vn 0.3978 -0.8758 0.2735
vn -0.6599 0.0744 -0.7477
vn -0.8794 -0.4759 -0.0134
vn 0.9673 -0.2520 -0.0274
vn -0.6190 -0.6745 0.4025
vn 0.6864 -0.6353 0.3538
vn 0.6260 -0.7798 0.0019
vn -0.5199 -0.6255 0.5817
vn -0.4739 0.6803 0.5591
vn 0.2109 0.9762 0.0498
vn -0.6696 0.6487 0.3617
vn 0.6028 0.7559 0.2556
vn -0.8970 0.3690 -0.2434
vn -0.7843 -0.1754 0.5951
vn 0.9292 0.2658 0.2569
vn 0.7097 0.6996 -0.0829
vn -0.6653 -0.7342 0.1350
vn -0.7466 0.6444 0.1654
vn -0.4785 0.6072 0.6342
vn -0.5276 -0.5546 0.6435
vn 0.3859 -0.9208 0.0568
vn 0.8677 0.3561 -0.3469
vn 0.4686 0.6376 -0.6115
vn -0.1441 0.9816 -0.1252
vn -0.9792 -0.1965 0.0511
vn -0.7821 0.5512 -0.2907
vn 0.4907 -0.6583 -0.5709
vn -0.8289 0.2005 -0.5223
vn 0.9170 -0.3853 0.1035
vn 0.7524 0.2220 0.6201
vn -0.4973 0.8350 0.2357
vn -0.4321 0.8683 -0.2436
vn -0.7016 -0.6246 -0.3430
vn 0.2776 0.9575 0.0783
vn 0.6354 -0.7505 -0.1819
vn -0.6049 -0.7612 -0.2338
vn 0.8326 -0.3252 0.4483
vn -0.5253 -0.8115 0.2561
vn 0.7991 -0.4371 -0.4127
vn -0.6666 -0.5127 -0.5411
vn 0.5359 -0.7319 -0.4209
vn -0.8131 -0.5390 0.2199
vn 0.7624 -0.1861 0.6198
vn -0.6584 -0.6947 0.2896
vn -0.7430 -0.2911 0.6027
vn 0.6423 -0.7664 0.0035
vn 0.6934 -0.6546 0.3012
vn -0.0715 -0.8128 0.5781
vn 0.6150 -0.7874 -0.0432
vn 0.6275 -0.4442 0.6394
vn 0.7307 0.6825 0.0196
vn 0.7059 -0.7078 0.0271
vn 0.7017 0.6802 -0.2119
vn -0.9365 0.2578 -0.2379
vn -0.7083 0.4313 -0.5588
vn 0.6859 0.7089 0.1645
vn 0.2210 0.6892 -0.6900
vn -0.8076 0.5862 -0.0642
vn 0.6255 0.7341 -0.2643
vn 0.6616 -0.6673 0.3420
vn -0.6307 -0.7403 0.2328
vn -0.6592 -0.7495 -0.0604
vn 0.6999 -0.7141 0.0087
vn -0.8637 0.0275 -0.5033
vn 0.8508 -0.4689 0.2371
vn 0.8003 -0.3929 -0.4529
vn 0.7841 -0.6048 -0.1392
vn 0.2062 -0.9601 0.1888
vn -0.3392 -0.8978 -0.2808
vn -0.7826 0.6205 0.0501
vn 0.5593 0.7217 0.4078
vn -0.6755 0.5323 0.5102
vn -0.6603 0.6937 0.2877
vn 0.8086 0.5246 0.2665
vn 0.7099 -0.1379 0.6907
vn -0.8618 -0.4600 0.2139
vn -0.6139 -0.7831 -0.0995
vn 0.6936 -0.6249 -0.3582
vn 0.6908 -0.7200 -0.0666
vn -0.0732 -0.9442 0.3210
vn -0.6935 0.6210 -0.3653
vn 0.4535 0.8912 -0.0113
vn -0.6046 0.6820 0.4116
vn -0.4094 -0.6925 -0.5940
vn 0.9119 0.2979 0.2824
vn 0.7552 -0.0316 0.6547
vn 0.9398 0.1533 0.3055
vn 0.8231 -0.5677 0.0135
vn 0.4641 -0.7875 0.4055
vn 0.5580 -0.5975 0.5759
vn -0.5268 -0.7640 0.3725
vn -0.5661 -0.8112 0.1467
vn 0.6684 -0.6666 0.3300
vn 0.7794 -0.1844 0.5988
vn -0.7866 -0.5800 0.2117
vn -0.6533 0.6227 -0.4307
vn 0.4115 0.8727 -0.2627
vn 0.4868 0.8720 0.0518
vn -0.9887 -0.0619 0.1362
vn -0.7948 0.4802 -0.3710
vn 0.3231 0.9282 -0.1848
vn -0.1528 0.6673 -0.7290
vn 0.7116 0.7025 0.0087
vn -0.6995 0.6294 -0.3384
vn -0.4448 0.7065 -0.5505
vn 0.8767 0.4477 -0.1757
vn 0.6212 -0.7452 0.2424
vn -0.9172 0.3960 0.0448
vn 0.8126 -0.2279 0.5364
vn 0.6730 -0.3629 0.6445
vn 0.1407 -0.6535 0.7437
vn -0.4852 -0.7657 0.4222
vn 0.8237 -0.1335 0.5511
vn -0.5802 0.6172 -0.5315
vn 0.7097 0.5275 0.4670
vn -0.8939 0.2743 0.3546
vn -0.7683 -0.0274 0.6395
vn 0.5301 -0.2709 0.8035
vn 0.3321 0.8559 -0.3963
vn -0.7444 -0.5123 0.4283
vn -0.8739 -0.4179 0.2481
vn -0.6181 -0.7801 -0.0969
vn -0.6562 -0.2730 0.7035
vn 0.7263 -0.6142 -0.3086
vn -0.7015 -0.6836 -0.2014
vn 0.4820 0.8516 0.2059
vn -0.9308 -0.0897 0.3544
vn -0.8115 0.5572 -0.1759
vn 0.3542 0.9352 0.0034
vn 0.6041 -0.0103 0.7968
vn -0.8317 0.2138 0.5123
vn -0.9076 -0.2379 -0.3459
vn 0.7490 0.5777 -0.3244
vn 0.5942 0.8042 -0.0155
vn -0.6288 0.7474 0.2145
vn 0.8304 -0.4811 0.2811
vn -0.5594 -0.8053 0.1965
vn 0.7104 -0.6445 0.2828
vn -0.6038 -0.6596 0.4476
vn -0.7660 0.6127 -0.1945
vn 0.2834 0.9258 -0.2502
vn 0.3605 0.9315 0.0475
vn -0.7785 -0.4523 0.4351
vn 0.6962 -0.4827 0.5313
vn -0.6134 0.7753 0.1504
vn 0.3964 0.7985 0.4532
vn 0.9168 0.1534 0.3687
vn -0.6667 -0.0217 0.7450
vn 0.0096 -0.8087 -0.5881
vn 0.2143 -0.9577 -0.1923
vn 0.5932 0.6879 -0.4182
vn 0.6548 -0.7146 0.2463
vn -0.6609 -0.7505 -0.0073
vn -0.6508 -0.6840 -0.3295
vn 0.6483 -0.7479 -0.1425
vn -0.8374 -0.4821 0.2578
vn -0.7213 0.2913 -0.6284
vn 0.9338 -0.3146 -0.1704
vn 0.8249 -0.5578 0.0919
vn 0.0086 -0.9736 0.2280
vn -0.3757 -0.8790 -0.2935
vn 0.9096 -0.3201 -0.2648
vn -0.5332 -0.7309 -0.4261
vn -0.7374 0.3925 0.5498
vn -0.9224 0.1789 0.3424
vn 0.7563 0.3694 0.5400
vn -0.7887 -0.6052 -0.1078
vn 0.6994 0.6833 0.2097
vn 0.5532 0.7158 0.4261
vn -0.7536 0.5157 0.4076
vn -0.6932 0.6984 0.1780
vn 0.8214 0.4641 0.3316
vn 0.6601 -0.6600 0.3587
vn 0.6062 -0.3522 0.7131
vn -0.8688 -0.3998 0.2923
vn -0.5962 -0.8017 -0.0429
vn 0.7257 -0.6328 -0.2702
vn 0.6837 -0.7295 0.0192
vn -0.1855 -0.9125 0.3646
vn -0.5245 -0.8513 -0.0124
vn 0.6420 -0.6774 -0.3590
vn 0.6993 0.0444 0.7135
vn 0.9187 0.1210 0.3760
vn 0.8222 0.1411 0.5514
vn -0.6131 0.7896 0.0249
vn 0.7038 0.6963 -0.1408
vn 0.6048 0.7772 0.1736
vn -0.7093 0.6593 0.2496
vn -0.6356 0.7712 -0.0354
vn 0.8494 0.5223 -0.0755
vn 0.7490 -0.4464 0.4897
vn 0.6465 0.7608 -0.0565
vn 0.5007 0.8131 0.2971
vn 0.4638 0.7267 0.5067
vn -0.8452 0.1891 0.4999
vn -0.6644 0.7453 0.0546
vn 0.3883 0.8552 0.3434
vn -0.7516 -0.2940 0.5904
vn -0.8421 -0.0632 0.5356
vn -0.4446 -0.8132 -0.3755
vn 0.2368 -0.9701 -0.0528
vn 0.7379 -0.6635 0.1241
vn -0.7023 -0.6440 0.3035
vn -0.7261 -0.6860 -0.0470
vn 0.3729 -0.9250 -0.0733
vn -0.7454 -0.2013 0.6355
vn -0.7512 -0.2885 0.5937
vn 0.2382 0.8291 -0.5058
vn -0.9366 -0.3447 0.0632
vn 0.4009 0.8855 -0.2347
vn 0.4781 0.8738 0.0883
vn -0.9560 -0.1463 0.2542
vn -0.8480 0.4492 -0.2814
vn 0.6174 0.7252 -0.3050
vn -0.9140 0.3414 0.2193
vn -0.7996 -0.1691 -0.5762
vn 0.9345 0.2430 -0.2600
vn 0.6366 0.7711 -0.0117
vn -0.7071 0.7069 -0.0171
vn -0.5496 0.7608 -0.3450
vn 0.7640 0.5658 -0.3101
vn 0.9711 -0.2293 0.0666
vn 0.1492 0.9866 -0.0664
vn -0.4990 0.6256 -0.5996
vn -0.4691 -0.6801 -0.5634
vn -0.6784 -0.7030 -0.2137
vn -0.6569 0.7414 -0.1369
vn -0.5437 0.5963 -0.5906
vn -0.4940 -0.5864 -0.6419
vn 0.8612 0.3724 0.3459
vn 0.4102 -0.9096 -0.0660
vn 0.4908 0.6216 -0.6105
vn 0.4800 -0.4969 -0.7230
vn 0.5806 0.7265 -0.3675
vn -0.1833 -0.9670 -0.1770
vn -0.9503 0.2314 0.2081
vn -0.7509 -0.1639 -0.6398
vn 0.9870 0.0274 0.1582
vn 0.6140 -0.6059 0.5059
vn -0.2617 0.7585 0.5968
vn 0.7285 -0.1187 -0.6747
vn -0.8935 0.3724 0.2511
vn 0.8093 -0.0139 0.5872
vn -0.6640 0.6864 0.2965
vn 0.5994 0.7954 0.0896
vn -0.7837 0.1255 0.6084
vn 0.4771 -0.4775 -0.7378
vn 0.7097 0.5298 -0.4644
vn -0.6342 0.7549 -0.1672
vn 0.5811 0.7268 -0.3663
vn 0.8332 0.5130 -0.2064
vn 0.7071 0.7071 -0.0007
vn -0.1035 0.8753 0.4724
vn 0.4089 -0.8472 -0.3392
vn 0.6495 0.7438 -0.1579
vn 0.7164 -0.5816 -0.3853
vn 0.5707 -0.3060 -0.7620
vn 0.1872 0.6246 0.7582
vn 0.5475 -0.2844 -0.7870
vn 0.8087 -0.4185 -0.4134
vn -0.8570 -0.1100 -0.5035
vn 0.6360 0.0171 -0.7715
vn 0.4666 -0.6830 -0.5619
vn 0.0906 0.1650 0.9821
vn -0.8643 -0.4987 0.0663
vn -0.5842 0.6613 0.4705
vn -0.6445 0.6788 -0.3521
vn 0.5039 0.7729 -0.3857
vn 0.2268 0.8243 0.5188
vn -0.7791 -0.5661 -0.2692
vn -0.1216 0.3646 0.9232
vn -0.6505 0.7378 0.1803
vn 0.6889 0.7004 0.1869
vn 0.9512 0.2099 -0.2260
vn -0.6443 0.7591 0.0929
vn 0.6576 0.6877 -0.3077
vn 0.4788 -0.6531 -0.5867
vn -0.5095 -0.7933 -0.3332
vn -0.8357 -0.5266 -0.1560
vn -0.4730 0.6819 0.5580
vn -0.8411 -0.5292 -0.1120
vn 0.6121 0.7120 0.3441
vn 0.6884 0.6886 -0.2280
vn 0.5570 0.8303 -0.0183
vn 0.0308 0.4345 0.9002
vn 0.9441 -0.3253 0.0536
vn -0.6618 0.4779 0.5776
vn 0.7816 -0.6171 -0.0904
vn -0.6336 0.7038 0.3212
vn -0.6641 0.7025 -0.2559
vn 0.5515 0.8049 -0.2191
vn -0.1373 0.7187 0.6816
vn -0.1092 -0.7990 -0.5913
vn 0.7601 -0.5713 -0.3097
vn -0.7888 -0.5725 -0.2238
vn 0.9417 -0.3366 -0.0029
vn -0.4160 0.8317 0.3678
vn -0.4110 0.7888 -0.4570
vn 0.5975 0.7629 -0.2470
vn 0.4957 0.7552 0.4289
vn 0.6886 -0.6625 0.2950
vn 0.4593 -0.8749 -0.1539
vn -0.8348 -0.4918 0.2475
vn -0.9853 -0.1556 0.0698
vn -0.3513 -0.8733 -0.3376
vn -0.8564 -0.4494 -0.2543
vn -0.6601 0.7482 -0.0672
vn -0.1008 -0.8296 -0.5491
vn -0.0026 -0.8339 -0.5519
vn 0.7775 -0.6252 -0.0679
vn -0.9086 -0.4177 -0.0006
vn -0.2971 -0.9467 -0.1244
vn -0.6051 -0.7939 0.0595
vn -0.5998 0.7300 0.3276
vn 0.6843 0.7056 -0.1841
vn 0.7282 0.5095 -0.4584
vn -0.6228 0.7729 -0.1216
vn 0.4691 0.7210 0.5100
vn 0.5657 -0.6376 -0.5230
vn 0.1811 0.6435 0.7437
vn 0.8101 -0.4274 -0.4013
vn -0.3957 0.7265 0.5618
vn -0.1427 0.9773 -0.1566
vn 0.6157 0.7735 -0.1501
vn -0.6858 0.7039 -0.1847
vn 0.4402 -0.8930 -0.0931
vn 0.5621 0.7521 0.3441
vn 0.7015 0.6984 -0.1416
vn 0.2808 -0.8550 -0.4360
vn 0.6635 -0.7390 -0.1170
vn -0.9004 -0.4330 -0.0415
vn -0.8701 -0.4821 0.1020
vn 0.0213 0.6169 0.7868
vn -0.3477 0.9340 0.0818
vn 0.2095 -0.8657 -0.4546
vn 0.6570 0.7536 0.0178
vn 0.4575 -0.8565 -0.2391
vn -0.8814 -0.1683 0.4413
vn 0.9817 0.0026 -0.1904
vn -0.1831 0.3428 0.9214
vn -0.6494 -0.7583 0.0569
vn -0.6484 0.7266 0.2274
vn 0.5442 0.7919 -0.2770
vn -0.4019 0.5151 0.7570
vn -0.4821 -0.8722 0.0830
vn 0.5046 -0.3290 -0.7982
vn -0.8848 -0.3760 -0.2751
vn -0.5654 0.8227 0.0594
vn -0.6680 0.7235 -0.1744
vn 0.4101 -0.8493 -0.3324
vn 0.7248 0.6890 -0.0012
vn 0.6659 0.7205 -0.1936
vn 0.7112 -0.5942 -0.3758
vn 0.6238 0.5384 0.5666
vn -0.6822 -0.4234 -0.5961
vn 0.8585 -0.4629 -0.2207
vn 0.8569 -0.2637 -0.4429
vn 0.0019 0.8316 0.5553
vn -0.5360 -0.5468 -0.6432
vn -0.7357 0.5031 -0.4535
vn -0.8566 0.4888 -0.1654
vn -0.6429 0.0150 -0.7658
vn 0.7196 0.6782 -0.1488
vn 0.6432 0.1939 0.7408
vn -0.8031 -0.1100 0.5856
vn 0.1781 -0.2562 0.9501
vn 0.5775 -0.3318 0.7459
vn 0.7833 -0.3803 0.4918
vn -0.5685 -0.6243 0.5358
vn 0.2394 0.5386 -0.8079
vn 0.2019 -0.3087 0.9295
vn 0.3724 0.7912 -0.4850
vn 0.8957 -0.3719 0.2436
vn -0.6164 0.7601 0.2056
vn 0.7354 0.4936 0.4642
vn 0.7737 0.6335 -0.0108
vn 0.5119 -0.6680 0.5402
vn -0.9158 -0.3759 -0.1417
vn -0.9119 -0.2476 -0.3273
vn 0.4773 -0.5399 0.6933
vn -0.6391 -0.6641 0.3879
vn -0.8675 -0.1900 0.4598
vn 0.2768 -0.9497 0.1465
vn -0.7686 0.5601 -0.3093
vn 0.5729 0.7997 0.1798
vn 0.6582 0.6908 0.2994
vn 0.0209 -0.9060 0.4227
vn -0.3112 0.2186 -0.9248
vn -0.8679 -0.4925 0.0644
vn 0.1953 0.3803 -0.9040
vn -0.1148 0.9570 -0.2663
vn 0.8078 -0.0719 -0.5851
vn 0.9553 -0.1801 -0.2344
vn 0.8172 -0.5545 0.1574
vn 0.0747 -0.7580 0.6480
vn -0.5613 -0.6842 0.4657
vn 0.5908 0.7627 -0.2631
vn 0.7015 0.7018 0.1239
vn 0.6941 0.6975 -0.1783
vn -0.6859 0.7024 -0.1899
vn -0.6902 0.7107 0.1360
vn -0.0972 -0.7899 0.6055
vn -0.0174 -0.6963 0.7176
vn 0.8159 -0.5705 0.0937
vn -0.6996 0.0266 -0.7140
vn 0.9662 -0.2576 0.0101
vn -0.7996 -0.5998 -0.0291
vn 0.0718 0.6027 -0.7947
vn 0.2851 0.8558 -0.4315
vn 0.6963 0.6864 -0.2098
vn 0.6727 0.7398 0.0146
vn 0.6435 0.6916 0.3280
vn 0.4194 -0.5812 0.6973
vn -0.4644 -0.8258 0.3201
vn 0.9269 -0.3099 0.2115
vn 0.9129 -0.3233 0.2493
vn 0.6184 -0.7622 0.1913
vn 0.5659 0.7066 -0.4248
vn -0.6851 0.7064 0.1778
vn 0.4011 0.9133 -0.0701
vn -0.9590 -0.2748 0.0694
vn -0.3972 0.9172 0.0318
vn 0.6463 0.7579 0.0887
vn 0.6800 0.6871 -0.2559
vn 0.2454 0.7510 -0.6130
vn 0.3693 -0.8589 0.3550
vn 0.9367 -0.3463 0.0525
vn -0.7616 -0.5258 0.3788
vn 0.8110 -0.4008 0.4263
vn -0.0199 -0.7702 0.6375
vn -0.5749 -0.5384 0.6161
vn -0.6891 0.6972 0.1977
vn -0.4941 0.7204 -0.4867
vn 0.5605 0.7010 -0.4408
vn -0.3721 0.1521 -0.9157
vn 0.6401 -0.6903 0.3371
vn -0.9295 -0.3233 0.1776
vn -0.7405 -0.6439 0.1924
vn -0.8356 -0.2223 0.5024
vn -0.6093 -0.4947 0.6197
vn -0.6214 0.7240 0.2995
vn -0.0176 -0.7215 0.6922
vn -0.0513 -0.5727 0.8182
vn -0.7587 0.2427 -0.6046
vn 0.9779 -0.1588 0.1360
vn -0.5965 -0.7869 0.1581
vn 0.6565 -0.3303 0.6782
vn -0.2473 -0.3846 0.8894
vn -0.6358 -0.7503 0.1812
vn 0.5511 -0.7236 0.4156
vn 0.6026 0.7842 -0.1479
vn 0.6577 0.7408 0.1364
vn 0.7010 0.6882 -0.1870
vn -0.5956 0.8001 -0.0716
vn 0.3250 0.9453 -0.0291
vn -0.7812 0.1250 -0.6116
vn -0.5596 -0.2869 0.7775
vn -0.0215 -0.4673 0.8838
vn -0.8733 -0.3811 0.3034
vn -0.6832 0.7166 0.1404
vn 0.3842 -0.8677 0.3153
vn 0.6439 -0.6008 0.4737
vn 0.8610 -0.4281 0.2746
vn -0.1079 0.8899 -0.4431
vn 0.8231 -0.2248 0.5216
vn -0.6724 0.0124 0.7401
vn -0.8683 0.4264 0.2536
vn 0.9763 -0.0622 0.2075
vn 0.7071 0.7070 -0.0103
vn 0.6912 0.7093 0.1381
vn -0.4692 -0.5750 0.6703
vn -0.6779 0.6015 0.4227
vn 0.9007 -0.4322 0.0448
vn -0.7207 -0.6933 -0.0004
vn -0.6945 0.7193 0.0166
vn -0.6539 0.7282 0.2053
vn -0.3720 -0.9000 -0.2271
vn -0.7038 0.6797 -0.2065
vn -0.2005 -0.9789 0.0404
vn -0.7427 0.6519 0.1533
vn -0.4653 0.0021 0.8852
vn -0.8688 -0.4550 0.1952
vn 0.7071 0.0113 0.7070
vn -0.6355 -0.1986 0.7461
vn 0.1828 -0.6405 -0.7459
vn 0.4731 -0.8683 -0.1490
vn -0.2118 0.9285 0.3050
vn -0.4208 0.2784 0.8634
vn 0.7999 0.0065 -0.6001
vn -0.3700 0.2354 -0.8987
vn -0.9423 -0.1082 0.3169
vn 0.6439 0.0065 -0.7651
vn 0.7071 0.0070 -0.7071
vn 0.3905 0.8897 0.2365
vn -0.9745 -0.2175 -0.0545
vn 0.5925 0.6977 0.4028
vn -0.1655 -0.9518 -0.2583
vn -0.5950 0.7743 -0.2154
vn -0.5409 -0.6360 -0.5503
vn 0.6670 -0.6081 -0.4304
vn 0.6370 -0.7650 -0.0952
vn -0.6677 -0.7435 -0.0377
vn -0.6915 -0.4945 -0.5266
vn 0.6589 0.0216 0.7519
vn -0.5865 0.5959 0.5486
vn 0.2816 0.0442 0.9585
vn 0.9010 -0.2951 -0.3179
vn 0.6688 0.0083 -0.7434
vn 0.0953 -0.6306 -0.7702
vn -0.1732 -0.6422 -0.7467
vn 0.9197 -0.0655 -0.3870
vn -0.7608 -0.5379 -0.3631
vn -0.5032 0.8567 0.1133
vn -0.8342 0.4413 0.3306
vn 0.4858 -0.4689 -0.7376
vn 0.7070 0.0068 -0.7071
vn 0.4960 -0.3213 -0.8067
vn 0.7433 0.0074 -0.6689
vn 0.2656 0.9557 0.1270
vn 0.9042 0.1837 -0.3855
vn -0.8143 -0.2475 -0.5250
vn 0.4865 -0.7682 -0.4162
vn -0.7024 -0.6955 0.1514
vn 0.2707 -0.8948 -0.3550
vn 0.5194 -0.4413 -0.7317
vn 0.3767 -0.5683 -0.7315
vn 0.7071 0.0074 -0.7071
vn 0.1471 -0.9279 -0.3425
vn 0.0570 -0.9698 -0.2371
vn -0.7505 -0.6539 -0.0960
vn -0.9305 0.0018 -0.3663
vn -0.3668 -0.6138 -0.6990
vn 0.6855 -0.2812 -0.6716
vn -0.3767 0.1558 0.9132
vn 0.5499 0.5905 0.5907
vn 0.9652 -0.2573 0.0464
vn 0.6373 -0.7570 -0.1445
vn 0.6945 -0.2277 -0.6825
vn -0.7692 -0.3394 -0.5413
vn -0.5192 -0.6506 -0.5543
vn -0.8918 0.4434 -0.0905
vn 0.0038 0.4096 0.9123
vn 0.7071 0.0071 -0.7071
vn -0.2994 0.3249 0.8971
vn 0.4837 0.8090 0.3339
vn 0.9271 -0.3039 -0.2195
vn 0.6404 -0.3443 -0.6865
vn -0.6727 0.6620 0.3305
vn 0.0893 -0.9853 -0.1455
vn -0.6475 -0.7311 -0.2149
vn 0.7135 -0.6450 -0.2737
vn -0.6888 -0.7201 -0.0845
vn 0.1342 0.9909 -0.0133
vn -0.3182 -0.6680 -0.6727
vn -0.9126 -0.2407 -0.3306
vn 0.7071 0.0069 -0.7071
vn 0.7071 0.0072 -0.7071
vn -0.9969 -0.0558 -0.0554
vn -0.6503 0.6858 0.3269
vn 0.9411 0.2268 0.2506
vn 0.7780 0.6215 -0.0918
vn -0.5692 -0.7765 -0.2704
vn -0.9833 0.1348 -0.1220
vn 0.6802 -0.6971 -0.2265
vn -0.4189 -0.7065 -0.5705
vn 0.9055 -0.0388 0.4225
vn 0.9360 -0.1628 0.3122
vn 0.5061 0.1279 0.8530
vn 0.7071 0.0062 -0.7071
vn -0.9698 -0.0956 0.2245
vn 0.5506 0.2767 -0.7876
vn 0.6283 -0.1980 0.7524
vn -0.0306 -0.0620 0.9976
vn -0.7072 0.0078 -0.7070
vn 0.8671 -0.4564 0.1994
vn 0.7724 0.6326 0.0571
vn -0.5964 -0.7984 0.0830
vn -0.2474 0.9595 0.1344
vn -0.3541 -0.8221 -0.4459
vn 0.7053 -0.5744 -0.4155
vn -0.7107 -0.7000 0.0702
vn 0.7432 0.6281 0.2304
vn 0.7520 0.6591 -0.0126
vn 0.8694 -0.4877 0.0793
vn 0.7595 -0.5936 -0.2662
vn 0.0205 0.9122 -0.4092
vn -0.7208 0.6760 -0.1529
vn -0.7516 -0.6596 -0.0055
vn -0.8491 -0.5278 -0.0209
vn -0.3676 0.9284 -0.0550
vn -0.2159 -0.9731 0.0809
vn -0.7911 0.6068 -0.0770
vn -0.4054 0.0210 -0.9139
vn -0.8781 -0.4587 -0.1365
vn -0.7066 0.0140 -0.7074
vn -0.6218 -0.2003 -0.7571
vn 0.2331 -0.7441 0.6261
vn 0.6365 -0.7707 0.0305
vn -0.2867 0.9569 -0.0454
vn 0.1691 0.2218 -0.9603
vn -0.6172 0.2603 -0.7425
vn 0.7071 0.0167 -0.7069
vn 0.7071 0.0184 -0.7069
vn -0.1701 0.3787 -0.9098
vn 0.7071 0.0180 -0.7069
vn 0.6012 0.7794 -0.1763
vn -0.9202 0.1914 0.3415
vn -0.5469 -0.6848 0.4816
vn -0.7466 -0.6139 0.2563
vn -0.9861 -0.1535 -0.0630
vn 0.7477 -0.6056 0.2724
vn -0.9984 -0.0315 -0.0467
vn 0.3136 0.4302 -0.8465
vn -0.9545 -0.2885 0.0756
vn 0.7071 0.0166 -0.7069
vn 0.5556 0.8186 0.1455
vn -0.1875 -0.9738 0.1289
vn 0.6943 -0.7149 0.0826
vn -0.9789 0.1691 0.1146
vn 0.7487 -0.4264 0.5075
vn 0.8176 -0.5674 0.0981
vn -0.6551 -0.6694 -0.3504
vn 0.1285 -0.9808 0.1469
vn 0.1544 -0.7480 0.6455
vn 0.7071 0.0170 -0.7069
vn -0.3141 -0.6804 0.6621
vn 0.5186 -0.8376 0.1717
vn 0.6205 -0.7821 -0.0578
vn -0.7756 -0.6225 0.1049
vn 0.0200 0.9247 -0.3801
vn -0.7151 0.6712 -0.1951
vn -0.0940 0.2296 -0.9687
vn 0.7071 0.0177 -0.7069
vn 0.5446 -0.3973 0.7386
vn 0.0369 -0.7749 0.6310
vn -0.3405 -0.6803 0.6490
vn -0.6799 -0.6678 0.3030
vn 0.8131 -0.1193 0.5698
vn -0.9919 -0.0883 0.0910
vn 0.0503 -0.9684 0.2443
vn 0.4506 0.3664 -0.8141
vn 0.6150 -0.6785 0.4017
vn 0.3658 -0.9068 0.2095
vn 0.1589 -0.8711 0.4647
vn 0.9145 -0.3354 0.2262
vn -0.9167 -0.1811 0.3563
vn 0.4838 -0.4375 0.7580
vn -0.6078 -0.5039 0.6137
vn 0.1864 -0.6819 0.7072
vn 0.6668 -0.2317 0.7083
vn 0.7071 0.0188 -0.7069
vn -0.4605 -0.0078 -0.8876
vn 0.8210 0.5363 -0.1956
vn 0.8086 0.5813 0.0908
vn 0.7148 -0.6731 0.1897
vn 0.1061 0.9074 -0.4067
vn -0.4973 0.7459 -0.4431
vn 0.2478 0.3396 -0.9074
vn 0.7071 0.0173 -0.7069
vn -0.5187 0.4778 -0.7090
vn 0.3226 -0.7401 0.5900
vn 0.6203 -0.5390 0.5699
vn -0.5663 -0.7336 0.3756
vn 0.9354 -0.1206 0.3325
vn 0.3534 0.8805 -0.3160
vn -0.5722 -0.7896 0.2216
vn 0.4374 0.3210 -0.8400
vn 0.7071 0.0176 -0.7069
vn -0.9800 -0.1896 0.0605
vn 0.5600 0.8172 0.1364
vn 0.5574 0.7832 0.2756
vn -0.8172 -0.5553 0.1541
vn 0.7016 -0.4520 0.5509
vn 0.8891 -0.4569 -0.0275
vn -0.6460 -0.7503 -0.1401
vn 0.2340 -0.9705 0.0583
vn 0.3349 -0.7898 0.5138
vn 0.7071 0.0175 -0.7069
vn -0.0021 -0.5273 0.8497
vn 0.6431 -0.7270 0.2406
vn 0.7060 -0.6822 0.1900
vn -0.7861 -0.5059 0.3551
vn -0.9731 0.0954 0.2098
vn -0.4967 -0.7279 0.4727
vn 0.3974 -0.4717 0.7872
vn 0.7071 0.0178 -0.7069
vn 0.2677 -0.8824 0.3869
vn 0.1187 -0.9879 -0.0996
vn 0.5744 -0.6867 -0.4455
vn -0.3203 0.9361 0.1457
vn 0.7667 -0.2326 0.5984
vn 0.7071 0.0172 -0.7069
vn 0.5707 0.2887 -0.7688
vn 0.6144 -0.2000 -0.7632
vn -0.1341 -0.0710 -0.9884
vn 0.9357 0.3444 -0.0764
vn 0.2436 -0.7995 0.5491
vn -0.7053 -0.6976 0.1264
vn -0.8236 -0.4580 0.3347
vn 0.8586 -0.3421 0.3819
vn 0.8827 -0.4671 0.0511
vn -0.6470 -0.6990 -0.3045
vn 0.7907 0.6004 -0.1193
vn 0.8765 -0.4603 -0.1413
vn 0.7074 0.0112 0.7067
vn 0.7305 -0.6821 0.0347
vn 0.7310 0.6752 -0.0991
usemtl AM_A_1000_3
s 1
f 882/882/893 884/883/894 883/884/895
f 883/884/895 885/885/896 882/882/893
f 886/886/897 882/882/893 885/885/896
f 887/887/898 882/882/893 886/886/897
f 888/888/899 886/886/897 885/885/896
f 885/885/896 889/889/900 888/888/899
f 889/889/900 885/885/896 883/884/895
f 883/884/895 890/890/901 889/889/900
f 891/891/902 889/889/900 890/890/901
f 889/889/900 891/891/902 892/892/903
f 892/892/903 888/888/899 889/889/900
f 888/888/899 892/892/903 893/893/904
f 893/893/904 886/886/897 888/888/899
f 886/886/897 893/893/904 894/894/905
f 894/894/905 887/887/898 886/886/897
f 895/895/906 887/887/898 894/894/905
f 894/894/905 896/896/907 895/895/906
f 897/897/908 896/896/907 894/894/905
f 894/894/905 893/893/904 897/897/908
f 898/898/909 896/896/907 897/897/908
f 899/899/910 897/897/908 893/893/904
f 893/893/904 900/900/911 899/899/910
f 892/892/903 900/900/911 893/893/904
f 899/899/910 900/900/911 901/901/912
f 901/901/912 902/902/913 899/899/910
f 903/903/914 899/899/910 902/902/913
f 897/897/908 899/899/910 903/903/914
f 903/903/914 898/898/909 897/897/908
f 904/904/915 898/898/909 903/903/914
f 903/903/914 902/902/913 904/904/915
f 905/905/916 898/898/909 904/904/915
f 904/904/915 906/906/917 905/905/916
f 907/907/918 906/906/917 904/904/915
f 904/904/915 908/908/919 907/907/918
f 909/909/920 908/908/919 904/904/915
f 904/904/915 902/902/913 909/909/920
f 910/910/921 909/909/920 902/902/913
f 902/902/913 901/901/912 910/910/921
f 908/908/919 909/909/920 910/910/921
f 910/910/921 911/911/922 908/908/919
f 912/912/923 908/908/919 911/911/922
f 908/908/919 912/912/923 913/913/924
f 913/913/924 914/914/925 908/908/919
f 907/907/918 908/908/919 914/914/925
f 914/914/925 906/906/917 907/907/918
f 915/915/926 906/906/917 914/914/925
f 914/914/925 916/916/927 915/915/926
f 917/917/928 916/916/927 914/914/925
f 914/914/925 918/918/929 917/917/928
f 918/918/929 914/914/925 913/913/924
f 913/913/924 912/912/923 918/918/929
f 919/919/930 918/918/929 912/912/923
f 918/918/929 919/919/930 920/920/931
f 920/920/931 917/917/928 918/918/929
f 920/920/931 919/919/930 921/921/932
f 921/921/932 922/922/933 920/920/931
f 923/923/934 920/920/931 922/922/933
f 920/920/931 923/923/934 924/924/935
f 924/924/935 917/917/928 920/920/931
f 917/917/928 924/924/935 925/925/936
f 925/925/936 916/916/927 917/917/928
f 926/926/937 925/925/936 924/924/935
f 924/924/935 927/927/938 926/926/937
f 923/923/934 927/927/938 924/924/935
f 928/928/939 926/926/937 927/927/938
f 929/929/940 927/927/938 923/923/934
f 923/923/934 930/930/941 929/929/940
f 930/930/941 923/923/934 922/922/933
f 929/929/940 930/930/941 931/931/942
f 931/931/942 932/932/943 929/929/940
f 927/927/938 929/929/940 932/932/943
f 932/932/943 928/928/939 927/927/938
f 933/933/944 928/928/939 932/932/943
f 932/932/943 931/931/942 933/933/944
f 934/934/945 928/928/939 933/933/944
f 933/933/944 935/935/946 934/934/945
f 936/936/947 935/935/946 933/933/944
f 933/933/944 937/937/948 936/936/947
f 937/937/948 933/933/944 931/931/942
f 931/931/942 938/938/949 937/937/948
f 939/939/950 938/938/949 931/931/942
f 931/931/942 930/930/941 939/939/950
f 940/940/951 937/937/948 938/938/949
f 938/938/949 941/941/952 940/940/951
f 936/936/947 937/937/948 940/940/951
f 940/940/951 942/942/953 936/936/947
f 943/943/954 936/936/947 942/942/953
f 935/935/946 936/936/947 943/943/954
f 944/944/955 943/943/954 942/942/953
f 942/942/953 945/945/956 944/944/955
f 946/946/957 945/945/956 942/942/953
f 942/942/953 940/940/951 946/946/957
f 941/941/952 946/946/957 940/940/951
f 947/947/958 946/946/957 941/941/952
f 941/941/952 948/948/959 947/947/958
f 946/946/957 947/947/958 949/949/960
f 949/949/960 945/945/956 946/946/957
f 945/945/956 949/949/960 950/950/961
f 950/950/961 944/944/955 945/945/956
f 951/951/962 950/950/961 949/949/960
f 949/949/960 952/952/963 951/951/962
f 952/952/963 949/949/960 947/947/958
f 947/947/958 953/953/964 952/952/963
f 954/954/965 953/953/964 947/947/958
f 947/947/958 948/948/959 954/954/965
f 955/955/966 952/952/963 953/953/964
f 953/953/964 956/956/967 955/955/966
f 956/956/967 953/953/964 957/957/968
f 951/951/962 952/952/963 955/955/966
f 955/955/966 958/958/969 951/951/962
f 956/956/967 958/958/969 955/955/966
f 951/951/962 958/958/969 959/959/970
f 959/959/970 960/960/971 951/951/962
f 950/950/961 951/951/962 960/960/971
f 961/961/972 959/959/970 958/958/969
f 958/958/969 962/962/973 961/961/972
f 962/962/973 958/958/969 956/956/967
f 956/956/967 963/963/974 962/962/973
f 961/961/972 962/962/973 963/963/974
f 963/963/974 964/964/975 961/961/972
f 965/965/976 964/964/975 963/963/974
f 963/963/974 966/966/977 965/965/976
f 967/967/978 965/965/976 966/966/977
f 968/968/979 966/966/977 963/963/974
f 963/963/974 969/969/980 968/968/979
f 969/969/980 963/963/974 956/956/967
f 956/956/967 970/970/981 969/969/980
f 970/970/981 956/956/967 957/957/968
f 969/969/980 970/970/981 971/971/982
f 971/971/982 968/968/979 969/969/980
f 968/968/979 971/971/982 972/972/983
f 972/972/983 973/973/984 968/968/979
f 974/974/985 968/968/979 973/973/984
f 966/966/977 968/968/979 974/974/985
f 974/974/985 967/967/978 966/966/977
f 975/975/986 967/967/978 974/974/985
f 974/974/985 976/976/987 975/975/986
f 976/976/987 974/974/985 973/973/984
f 973/973/984 977/977/988 976/976/987
f 977/977/988 973/973/984 972/972/983
f 972/972/983 978/978/989 977/977/988
f 979/979/990 977/977/988 978/978/989
f 977/977/988 979/979/990 980/980/991
f 980/980/991 976/976/987 977/977/988
f 976/976/987 980/980/991 981/981/992
f 981/981/992 982/982/993 976/976/987
f 975/975/986 976/976/987 982/982/993
f 983/983/994 985/984/995 984/985/996
f 984/985/996 986/986/997 983/983/994
f 987/987/998 983/983/994 986/986/997
f 988/988/999 986/986/997 984/985/996
f 984/985/996 989/989/1000 988/988/999
f 986/986/997 988/988/999 990/990/1001
f 990/990/1001 991/991/1002 986/986/997
f 987/987/998 986/986/997 991/991/1002
f 991/991/1002 992/992/1003 987/987/998
f 993/993/1004 992/992/1003 991/991/1002
f 991/991/1002 994/994/1005 993/993/1004
f 994/994/1005 991/991/1002 990/990/1001
f 993/993/1004 994/994/1005 995/995/1006
f 995/995/1006 992/992/1003 993/993/1004
f 996/996/1007 992/992/1003 995/995/1006
f 995/995/1006 997/997/1008 996/996/1007
f 998/998/1009 997/997/1008 995/995/1006
f 995/995/1006 999/999/1010 998/998/1009
f 1000/1000/1011 999/999/1010 995/995/1006
f 995/995/1006 994/994/1005 1000/1000/1011
f 1001/1001/1012 1000/1000/1011 994/994/1005
f 994/994/1005 990/990/1001 1001/1001/1012
f 1002/1002/1013 1001/1001/1012 990/990/1001
f 990/990/1001 1003/1003/1014 1002/1002/1013
f 1003/1003/1014 990/990/1001 988/988/999
f 988/988/999 989/989/1000 1003/1003/1014
f 1004/1004/1015 1003/1003/1014 989/989/1000
f 998/998/1009 999/999/1010 1005/1005/1016
f 1005/1005/1016 997/997/1008 998/998/1009
f 1006/1006/1017 997/997/1008 1005/1005/1016
f 1005/1005/1016 1007/1007/1018 1006/1006/1017
f 1008/1008/1019 1007/1007/1018 1005/1005/1016
f 1005/1005/1016 1009/1009/1020 1008/1008/1019
f 1010/1010/1021 1009/1009/1020 1005/1005/1016
f 1005/1005/1016 999/999/1010 1010/1010/1021
f 1011/1011/1022 1010/1010/1021 999/999/1010
f 1009/1009/1020 1010/1010/1021 1011/1011/1022
f 1012/1012/1023 1011/1011/1022 999/999/1010
f 999/999/1010 1000/1000/1011 1012/1012/1023
f 1013/1013/1024 1012/1012/1023 1000/1000/1011
f 1000/1000/1011 1001/1001/1012 1013/1013/1024
f 1009/1009/1020 1011/1011/1022 1014/1014/1025
f 1014/1014/1025 1015/1015/1026 1009/1009/1020
f 1016/1016/1027 1009/1009/1020 1015/1015/1026
f 1008/1008/1019 1009/1009/1020 1016/1016/1027
f 1016/1016/1027 1017/1017/1028 1008/1008/1019
f 1007/1007/1018 1008/1008/1019 1017/1017/1028
f 1017/1017/1028 1018/1018/1029 1007/1007/1018
f 1019/1019/1030 1018/1018/1029 1017/1017/1028
f 1017/1017/1028 1020/1020/1031 1019/1019/1030
f 1021/1021/1032 1020/1020/1031 1017/1017/1028
f 1017/1017/1028 1016/1016/1027 1021/1021/1032
f 1022/1022/1033 1021/1021/1032 1016/1016/1027
f 1016/1016/1027 1015/1015/1026 1022/1022/1033
f 1021/1021/1032 1022/1022/1033 1023/1023/1034
f 1023/1023/1034 1024/1024/1035 1021/1021/1032
f 1020/1020/1031 1021/1021/1032 1024/1024/1035
f 1024/1024/1035 1025/1025/1036 1020/1020/1031
f 1026/1026/1037 1020/1020/1031 1025/1025/1036
f 1019/1019/1030 1020/1020/1031 1026/1026/1037
f 1027/1027/1038 1026/1026/1037 1025/1025/1036
f 1025/1025/1036 1028/1028/1039 1027/1027/1038
f 1029/1029/1040 1028/1028/1039 1025/1025/1036
f 1025/1025/1036 1024/1024/1035 1029/1029/1040
f 1023/1023/1034 1029/1029/1040 1024/1024/1035
f 1029/1029/1040 1023/1023/1034 1030/1030/1041
f 1030/1030/1041 1028/1028/1039 1029/1029/1040
f 1030/1030/1041 1023/1023/1034 1031/1031/1042
f 1031/1031/1042 1032/1032/1043 1030/1030/1041
f 1033/1033/1044 1030/1030/1041 1032/1032/1043
f 1030/1030/1041 1033/1033/1044 1034/1034/1045
f 1034/1034/1045 1028/1028/1039 1030/1030/1041
f 1028/1028/1039 1034/1034/1045 1035/1035/1046
f 1035/1035/1046 1027/1027/1038 1028/1028/1039
f 1036/1036/1047 1035/1035/1046 1034/1034/1045
f 1034/1034/1045 1037/1037/1048 1036/1036/1047
f 1037/1037/1048 1034/1034/1045 1033/1033/1044
f 1033/1033/1044 1038/1038/1049 1037/1037/1048
f 1038/1038/1049 1033/1033/1044 1032/1032/1043
f 1032/1032/1043 1039/1039/1050 1038/1038/1049
f 1040/1040/1051 1038/1038/1049 1039/1039/1050
f 1038/1038/1049 1040/1040/1051 1041/1041/1052
f 1041/1041/1052 1042/1042/1053 1038/1038/1049
f 1037/1037/1048 1038/1038/1049 1042/1042/1053
f 1042/1042/1053 1036/1036/1047 1037/1037/1048
f 1043/1043/1054 1036/1036/1047 1042/1042/1053
f 1042/1042/1053 1044/1044/1055 1043/1043/1054
f 1045/1045/1056 1044/1044/1055 1042/1042/1053
f 1042/1042/1053 1041/1041/1052 1045/1045/1056
f 1046/1046/1057 1044/1044/1055 1045/1045/1056
f 1045/1045/1056 1047/1047/1058 1046/1046/1057
f 1047/1047/1058 1045/1045/1056 1041/1041/1052
f 1041/1041/1052 1048/1048/1059 1047/1047/1058
f 1048/1048/1059 1041/1041/1052 1040/1040/1051
f 1040/1040/1051 1049/1049/1060 1048/1048/1059
f 1050/1050/1061 1048/1048/1059 1049/1049/1060
f 1048/1048/1059 1050/1050/1061 1051/1051/1062
f 1051/1051/1062 1047/1047/1058 1048/1048/1059
f 1047/1047/1058 1051/1051/1062 1052/1052/1063
f 1052/1052/1063 1046/1046/1057 1047/1047/1058
f 1053/1053/1064 1052/1052/1063 1051/1051/1062
f 1051/1051/1062 1054/1054/1065 1053/1053/1064
f 1055/1055/1066 1054/1054/1065 1051/1051/1062
f 1051/1051/1062 1050/1050/1061 1055/1055/1066
f 1056/1056/1067 1055/1055/1066 1050/1050/1061
f 1050/1050/1061 1049/1049/1060 1056/1056/1067
f 1055/1055/1066 1056/1056/1067 1057/1057/1068
f 1057/1057/1068 1058/1058/1069 1055/1055/1066
f 1054/1054/1065 1055/1055/1066 1058/1058/1069
f 1058/1058/1069 1059/1059/1070 1054/1054/1065
f 1060/1060/1071 1054/1054/1065 1059/1059/1070
f 1053/1053/1064 1054/1054/1065 1060/1060/1071
f 1061/1061/1072 1060/1060/1071 1059/1059/1070
f 1059/1059/1070 1062/1062/1073 1061/1061/1072
f 1062/1062/1073 1059/1059/1070 1058/1058/1069
f 1058/1058/1069 1057/1057/1068 1062/1062/1073
f 1063/1063/1074 1062/1062/1073 1057/1057/1068
f 1062/1062/1073 1063/1063/1074 1064/1064/1075
f 1064/1064/1075 1061/1061/1072 1062/1062/1073
f 1065/1065/1076 1061/1061/1072 1064/1064/1075
f 1064/1064/1075 1066/1066/1077 1065/1065/1076
f 1066/1066/1077 1064/1064/1075 1063/1063/1074
f 1063/1063/1074 1067/1067/1078 1066/1066/1077
f 1068/1068/1079 1066/1066/1077 1067/1067/1078
f 1067/1067/1078 1069/1069/1080 1068/1068/1079
f 1066/1066/1077 1068/1068/1079 1070/1070/1081
f 1070/1070/1081 1071/1071/1082 1066/1066/1077
f 1065/1065/1076 1066/1066/1077 1071/1071/1082
f 1071/1071/1082 1072/1072/1083 1065/1065/1076
f 1070/1070/1081 1072/1072/1083 1071/1071/1082
f 1065/1065/1076 1072/1072/1083 1073/1073/1084
f 1073/1073/1084 1061/1061/1072 1065/1065/1076
f 1061/1061/1072 1073/1073/1084 1074/1074/1085
f 1074/1074/1085 1060/1060/1071 1061/1061/1072
f 1075/1075/1086 1070/1070/1081 1068/1068/1079
f 1068/1068/1079 1069/1069/1080 1075/1075/1086
f 1076/1076/1087 1075/1075/1086 1069/1069/1080
f 1069/1069/1080 1077/1077/1088 1076/1076/1087
f 1075/1075/1086 1076/1076/1087 1078/1078/1089
f 1078/1078/1089 1079/1079/1090 1075/1075/1086
f 1070/1070/1081 1075/1075/1086 1079/1079/1090
f 1079/1079/1090 1080/1080/1091 1070/1070/1081
f 1081/1081/1092 1070/1070/1081 1080/1080/1091
f 1072/1072/1083 1070/1070/1081 1081/1081/1092
f 1082/1082/1093 1080/1080/1091 1079/1079/1090
f 1079/1079/1090 1078/1078/1089 1082/1082/1093
f 1083/1083/1094 1082/1082/1093 1078/1078/1089
f 1078/1078/1089 1084/1084/1095 1083/1083/1094
f 1085/1085/1096 1084/1084/1095 1078/1078/1089
f 1078/1078/1089 1076/1076/1087 1085/1085/1096
f 1077/1077/1088 1085/1085/1096 1076/1076/1087
f 1085/1085/1096 1077/1077/1088 1086/1086/1097
f 1086/1086/1097 1087/1087/1098 1085/1085/1096
f 1088/1088/1099 1085/1085/1096 1087/1087/1098
f 1084/1084/1095 1085/1085/1096 1088/1088/1099
f 1088/1088/1099 1089/1089/1100 1084/1084/1095
f 1083/1083/1094 1084/1084/1095 1089/1089/1100
f 1089/1089/1100 1090/1090/1101 1083/1083/1094
f 891/891/902 890/890/901 1091/1091/1102
f 1092/1092/1103 1094/1093/1104 1093/1094/1105
f 1093/1094/1105 1095/1095/1106 1092/1092/1103
f 1096/1096/1107 1095/1095/1106 1093/1094/1105
f 1097/1097/1108 1092/1092/1103 1095/1095/1106
f 1095/1095/1106 1096/1096/1107 1098/1098/1109
f 1098/1098/1109 1097/1097/1108 1095/1095/1106
f 1098/1098/1109 1096/1096/1107 1099/1099/1110
f 1099/1099/1110 1100/1100/1111 1098/1098/1109
f 1101/1101/1112 1098/1098/1109 1100/1100/1111
f 1097/1097/1108 1098/1098/1109 1101/1101/1112
f 1101/1101/1112 1102/1102/1113 1097/1097/1108
f 1103/1103/1114 1097/1097/1108 1102/1102/1113
f 1097/1097/1108 1103/1103/1114 1104/1104/1115
f 1104/1104/1115 1092/1092/1103 1097/1097/1108
f 1105/1105/1116 1103/1103/1114 1102/1102/1113
f 1102/1102/1113 1106/1106/1117 1105/1105/1116
f 1107/1107/1118 1106/1106/1117 1102/1102/1113
f 1102/1102/1113 1101/1101/1112 1107/1107/1118
f 1108/1108/1119 1106/1106/1117 1107/1107/1118
f 1107/1107/1118 1109/1109/1120 1108/1108/1119
f 1110/1110/1121 1109/1109/1120 1107/1107/1118
f 1107/1107/1118 1101/1101/1112 1110/1110/1121
f 1111/1111/1122 1110/1110/1121 1101/1101/1112
f 1101/1101/1112 1100/1100/1111 1111/1111/1122
f 1110/1110/1121 1111/1111/1122 1112/1112/1123
f 1112/1112/1123 1109/1109/1120 1110/1110/1121
f 1113/1113/1124 1112/1112/1123 1111/1111/1122
f 1111/1111/1122 1100/1100/1111 1113/1113/1124
f 1114/1114/1125 1113/1113/1124 1100/1100/1111
f 1100/1100/1111 1099/1099/1110 1114/1114/1125
f 1115/1115/1126 1114/1114/1125 1099/1099/1110
f 1114/1114/1125 1115/1115/1126 1116/1116/1127
f 1116/1116/1127 1117/1117/1128 1114/1114/1125
f 1113/1113/1124 1114/1114/1125 1117/1117/1128
f 1117/1117/1128 1118/1118/1129 1113/1113/1124
f 1112/1112/1123 1113/1113/1124 1118/1118/1129
f 1118/1118/1129 1119/1119/1130 1112/1112/1123
f 1120/1120/1131 1112/1112/1123 1119/1119/1130
f 1109/1109/1120 1112/1112/1123 1120/1120/1131
f 1119/1119/1130 1118/1118/1129 1121/1121/1132
f 1121/1121/1132 1122/1122/1133 1119/1119/1130
f 1121/1121/1132 1118/1118/1129 1117/1117/1128
f 1117/1117/1128 1123/1123/1134 1121/1121/1132
f 1124/1124/1135 1123/1123/1134 1117/1117/1128
f 1117/1117/1128 1116/1116/1127 1124/1124/1135
f 1125/1125/1136 1124/1124/1135 1116/1116/1127
f 1116/1116/1127 1115/1115/1126 1125/1125/1136
f 1124/1124/1135 1125/1125/1136 1126/1126/1137
f 1126/1126/1137 1127/1127/1138 1124/1124/1135
f 1128/1128/1139 1124/1124/1135 1127/1127/1138
f 1124/1124/1135 1128/1128/1139 1129/1129/1140
f 1129/1129/1140 1123/1123/1134 1124/1124/1135
f 1123/1123/1134 1129/1129/1140 1130/1130/1141
f 1130/1130/1141 1121/1121/1132 1123/1123/1134
f 1122/1122/1133 1121/1121/1132 1130/1130/1141
f 1130/1130/1141 1131/1131/1142 1122/1122/1133
f 1132/1132/1143 1131/1131/1142 1130/1130/1141
f 1130/1130/1141 1129/1129/1140 1132/1132/1143
f 1133/1133/1144 1131/1131/1142 1132/1132/1143
f 1134/1134/1145 1132/1132/1143 1129/1129/1140
f 1129/1129/1140 1135/1135/1146 1134/1134/1145
f 1135/1135/1146 1129/1129/1140 1128/1128/1139
f 1128/1128/1139 1127/1127/1138 1135/1135/1146
f 1136/1136/1147 1135/1135/1146 1127/1127/1138
f 1135/1135/1146 1136/1136/1147 1137/1137/1148
f 1137/1137/1148 1138/1138/1149 1135/1135/1146
f 1139/1139/1150 1135/1135/1146 1138/1138/1149
f 1134/1134/1145 1135/1135/1146 1139/1139/1150
f 1139/1139/1150 1140/1140/1151 1134/1134/1145
f 1132/1132/1143 1134/1134/1145 1140/1140/1151
f 1140/1140/1151 1133/1133/1144 1132/1132/1143
f 1141/1141/1152 1133/1133/1144 1140/1140/1151
f 1140/1140/1151 1142/1142/1153 1141/1141/1152
f 1143/1143/1154 1142/1142/1153 1140/1140/1151
f 1140/1140/1151 1139/1139/1150 1143/1143/1154
f 1138/1138/1149 1143/1143/1154 1139/1139/1150
f 1144/1144/1155 1143/1143/1154 1138/1138/1149
f 1138/1138/1149 1145/1145/1156 1144/1144/1155
f 1145/1145/1156 1138/1138/1149 1137/1137/1148
f 1144/1144/1155 1145/1145/1156 1146/1146/1157
f 1146/1146/1157 1147/1147/1158 1144/1144/1155
f 1148/1148/1159 1144/1144/1155 1147/1147/1158
f 1143/1143/1154 1144/1144/1155 1148/1148/1159
f 1148/1148/1159 1142/1142/1153 1143/1143/1154
f 1142/1142/1153 1148/1148/1159 1149/1149/1160
f 1149/1149/1160 1150/1150/1161 1142/1142/1153
f 1141/1141/1152 1142/1142/1153 1150/1150/1161
f 1151/1151/1162 1150/1150/1161 1149/1149/1160
f 1149/1149/1160 1152/1152/1163 1151/1151/1162
f 1152/1152/1163 1149/1149/1160 1148/1148/1159
f 1148/1148/1159 1153/1153/1164 1152/1152/1163
f 1153/1153/1164 1148/1148/1159 1147/1147/1158
f 1147/1147/1158 1154/1154/1165 1153/1153/1164
f 1155/1155/1166 1154/1154/1165 1147/1147/1158
f 1147/1147/1158 1146/1146/1157 1155/1155/1166
f 1154/1154/1165 1155/1155/1166 1156/1156/1167
f 1156/1156/1167 1157/1157/1168 1154/1154/1165
f 1153/1153/1164 1154/1154/1165 1157/1157/1168
f 1158/1158/1169 1157/1157/1168 1156/1156/1167
f 1153/1153/1164 1157/1157/1168 1159/1159/1170
f 1159/1159/1170 1160/1160/1171 1153/1153/1164
f 1152/1152/1163 1153/1153/1164 1160/1160/1171
f 1160/1160/1171 1161/1161/1172 1152/1152/1163
f 1162/1162/1173 1152/1152/1163 1161/1161/1172
f 1151/1151/1162 1152/1152/1163 1162/1162/1173
f 1163/1163/1174 1161/1161/1172 1160/1160/1171
f 1160/1160/1171 1164/1164/1175 1163/1163/1174
f 1164/1164/1175 1160/1160/1171 1159/1159/1170
f 1159/1159/1170 1165/1165/1176 1164/1164/1175
f 1165/1165/1176 1159/1159/1170 1157/1157/1168
f 1157/1157/1168 1166/1166/1177 1165/1165/1176
f 1166/1166/1177 1157/1157/1168 1158/1158/1169
f 1158/1158/1169 1167/1167/1178 1166/1166/1177
f 1168/1168/1179 1166/1166/1177 1167/1167/1178
f 1166/1166/1177 1168/1168/1179 1169/1169/1180
f 1169/1169/1180 1165/1165/1176 1166/1166/1177
f 1164/1164/1175 1165/1165/1176 1169/1169/1180
f 1169/1169/1180 1170/1170/1181 1164/1164/1175
f 1163/1163/1174 1164/1164/1175 1170/1170/1181
f 1170/1170/1181 1171/1171/1182 1163/1163/1174
f 1172/1172/1183 1171/1171/1182 1170/1170/1181
f 1170/1170/1181 1169/1169/1180 1172/1172/1183
f 1173/1173/1184 1172/1172/1183 1169/1169/1180
f 1169/1169/1180 1168/1168/1179 1173/1173/1184
f 1174/1174/1185 1173/1173/1184 1168/1168/1179
f 1168/1168/1179 1175/1175/1186 1174/1174/1185
f 1175/1175/1186 1168/1168/1179 1167/1167/1178
f 1174/1174/1185 1175/1175/1186 1176/1176/1187
f 1176/1176/1187 1177/1177/1188 1174/1174/1185
f 1173/1173/1184 1174/1174/1185 1177/1177/1188
f 1177/1177/1188 1172/1172/1183 1173/1173/1184
f 1172/1172/1183 1177/1177/1188 1178/1178/1189
f 1178/1178/1189 1179/1179/1190 1172/1172/1183
f 1171/1171/1182 1172/1172/1183 1179/1179/1190
f 1180/1180/1191 1179/1179/1190 1178/1178/1189
f 1178/1178/1189 1181/1181/1192 1180/1180/1191
f 1182/1182/1193 1181/1181/1192 1178/1178/1189
f 1178/1178/1189 1177/1177/1188 1182/1182/1193
f 1183/1183/1194 1181/1181/1192 1182/1182/1193
f 1184/1184/1195 1182/1182/1193 1177/1177/1188
f 1177/1177/1188 1185/1185/1196 1184/1184/1195
f 1185/1185/1196 1177/1177/1188 1176/1176/1187
f 1176/1176/1187 1186/1186/1197 1185/1185/1196
f 1187/1187/1198 1186/1186/1197 1176/1176/1187
f 1176/1176/1187 1175/1175/1186 1187/1187/1198
f 1185/1185/1196 1186/1186/1197 1188/1188/1199
f 1188/1188/1199 1189/1189/1200 1185/1185/1196
f 1190/1190/1201 1185/1185/1196 1189/1189/1200
f 1184/1184/1195 1185/1185/1196 1190/1190/1201
f 1190/1190/1201 1191/1191/1202 1184/1184/1195
f 1182/1182/1193 1184/1184/1195 1191/1191/1202
f 1191/1191/1202 1183/1183/1194 1182/1182/1193
f 1183/1183/1194 1191/1191/1202 1192/1192/1203
f 1192/1192/1203 1193/1193/1204 1183/1183/1194
f 1194/1194/1205 1192/1192/1203 1191/1191/1202
f 1191/1191/1202 1190/1190/1201 1194/1194/1205
f 1189/1189/1200 1194/1194/1205 1190/1190/1201
f 1195/1195/1206 1194/1194/1205 1189/1189/1200
f 1189/1189/1200 1196/1196/1207 1195/1195/1206
f 1196/1196/1207 1189/1189/1200 1188/1188/1199
f 1195/1195/1206 1196/1196/1207 1197/1197/1208
f 1197/1197/1208 1194/1194/1205 1195/1195/1206
f 1197/1197/1208 1196/1196/1207 1198/1198/1209
f 1198/1198/1209 1199/1199/1210 1197/1197/1208
f 1200/1200/1211 1197/1197/1208 1199/1199/1210
f 1197/1197/1208 1200/1200/1211 1201/1201/1212
f 1201/1201/1212 1202/1202/1213 1197/1197/1208
f 1194/1194/1205 1197/1197/1208 1202/1202/1213
f 1202/1202/1213 1203/1203/1214 1194/1194/1205
f 1192/1192/1203 1194/1194/1205 1203/1203/1214
f 1203/1203/1214 1193/1193/1204 1192/1192/1203
f 1193/1193/1204 1203/1203/1214 1204/1204/1215
f 1203/1203/1214 1202/1202/1213 1201/1201/1212
f 1201/1201/1212 1205/1205/1216 1203/1203/1214
f 1204/1204/1215 1203/1203/1214 1205/1205/1216
f 1205/1205/1216 1206/1206/1217 1204/1204/1215
f 1207/1207/1218 1206/1206/1217 1205/1205/1216
f 1205/1205/1216 1201/1201/1212 1207/1207/1218
f 1208/1208/1219 1206/1206/1217 1207/1207/1218
f 1207/1207/1218 1209/1209/1220 1208/1208/1219
f 1210/1210/1221 1209/1209/1220 1207/1207/1218
f 1207/1207/1218 1211/1211/1222 1210/1210/1221
f 1211/1211/1222 1207/1207/1218 1201/1201/1212
f 1201/1201/1212 1212/1212/1223 1211/1211/1222
f 1212/1212/1223 1201/1201/1212 1200/1200/1211
f 1200/1200/1211 1199/1199/1210 1212/1212/1223
f 1213/1213/1224 1212/1212/1223 1199/1199/1210
f 1212/1212/1223 1213/1213/1224 1214/1214/1225
f 1214/1214/1225 1215/1215/1226 1212/1212/1223
f 1211/1211/1222 1212/1212/1223 1215/1215/1226
f 1215/1215/1226 1210/1210/1221 1211/1211/1222
f 1216/1216/1227 1210/1210/1221 1215/1215/1226
f 1215/1215/1226 1214/1214/1225 1216/1216/1227
f 1210/1210/1221 1216/1216/1227 1217/1217/1228
f 1217/1217/1228 1209/1209/1220 1210/1210/1221
f 1209/1209/1220 1217/1217/1228 1218/1218/1229
f 1214/1214/1225 1213/1213/1224 1219/1219/1230
f 1219/1219/1230 1220/1220/1231 1214/1214/1225
f 1221/1221/1232 1214/1214/1225 1220/1220/1231
f 1216/1216/1227 1214/1214/1225 1221/1221/1232
f 1222/1222/1233 1224/1223/1234 1223/1224/1235
f 1223/1224/1235 1225/1225/1236 1222/1222/1233
f 1226/1226/1237 1222/1222/1233 1225/1225/1236
f 1225/1225/1236 1227/1227/1238 1226/1226/1237
f 1228/1228/1239 1227/1227/1238 1225/1225/1236
f 1225/1225/1236 1223/1224/1235 1228/1228/1239
f 1229/1229/1240 1228/1228/1239 1223/1224/1235
f 1228/1228/1239 1229/1229/1240 1230/1230/1241
f 1230/1230/1241 1231/1231/1242 1228/1228/1239
f 1232/1232/1243 1231/1231/1242 1230/1230/1241
f 1228/1228/1239 1231/1231/1242 1233/1233/1244
f 1233/1233/1244 1234/1234/1245 1228/1228/1239
f 1227/1227/1238 1228/1228/1239 1234/1234/1245
f 1234/1234/1245 1235/1235/1246 1227/1227/1238
f 1236/1236/1247 1227/1227/1238 1235/1235/1246
f 1226/1226/1237 1227/1227/1238 1236/1236/1247
f 1236/1236/1247 1237/1237/1248 1226/1226/1237
f 1238/1238/1249 1237/1237/1248 1236/1236/1247
f 1236/1236/1247 1239/1239/1250 1238/1238/1249
f 1239/1239/1250 1236/1236/1247 1235/1235/1246
f 1235/1235/1246 1240/1240/1251 1239/1239/1250
f 1241/1241/1252 1240/1240/1251 1235/1235/1246
f 1235/1235/1246 1242/1242/1253 1241/1241/1252
f 1242/1242/1253 1235/1235/1246 1234/1234/1245
f 1234/1234/1245 1233/1233/1244 1242/1242/1253
f 1243/1243/1254 1242/1242/1253 1233/1233/1244
f 1241/1241/1252 1242/1242/1253 1243/1243/1254
f 1244/1244/1255 1243/1243/1254 1233/1233/1244
f 1233/1233/1244 1231/1231/1242 1244/1244/1255
f 1245/1245/1256 1244/1244/1255 1231/1231/1242
f 1231/1231/1242 1232/1232/1243 1245/1245/1256
f 1246/1246/1257 1245/1245/1256 1232/1232/1243
f 1245/1245/1256 1246/1246/1257 1247/1247/1258
f 1247/1247/1258 1248/1248/1259 1245/1245/1256
f 1244/1244/1255 1245/1245/1256 1248/1248/1259
f 1248/1248/1259 1243/1243/1254 1244/1244/1255
f 1243/1243/1254 1248/1248/1259 1249/1249/1260
f 1249/1249/1260 1250/1250/1261 1243/1243/1254
f 1251/1251/1262 1243/1243/1254 1250/1250/1261
f 1241/1241/1252 1243/1243/1254 1251/1251/1262
f 1250/1250/1261 1249/1249/1260 1252/1252/1263
f 1252/1252/1263 1253/1253/1264 1250/1250/1261
f 1252/1252/1263 1249/1249/1260 1248/1248/1259
f 1248/1248/1259 1254/1254/1265 1252/1252/1263
f 1255/1255/1266 1254/1254/1265 1248/1248/1259
f 1248/1248/1259 1247/1247/1258 1255/1255/1266
f 1256/1256/1267 1255/1255/1266 1247/1247/1258
f 1247/1247/1258 1246/1246/1257 1256/1256/1267
f 1255/1255/1266 1256/1256/1267 1257/1257/1268
f 1257/1257/1268 1258/1258/1269 1255/1255/1266
f 1254/1254/1265 1255/1255/1266 1258/1258/1269
f 1258/1258/1269 1259/1259/1270 1254/1254/1265
f 1252/1252/1263 1254/1254/1265 1259/1259/1270
f 1259/1259/1270 1253/1253/1264 1252/1252/1263
f 1260/1260/1271 1253/1253/1264 1259/1259/1270
f 1259/1259/1270 1261/1261/1272 1260/1260/1271
f 1262/1262/1273 1261/1261/1272 1259/1259/1270
f 1259/1259/1270 1258/1258/1269 1262/1262/1273
f 1257/1257/1268 1262/1262/1273 1258/1258/1269
f 1263/1263/1274 1262/1262/1273 1257/1257/1268
f 1257/1257/1268 1264/1264/1275 1263/1263/1274
f 1256/1256/1267 1264/1264/1275 1257/1257/1268
f 1263/1263/1274 1264/1264/1275 1265/1265/1276
f 1265/1265/1276 1266/1266/1277 1263/1263/1274
f 1267/1267/1278 1263/1263/1274 1266/1266/1277
f 1263/1263/1274 1267/1267/1278 1268/1268/1279
f 1268/1268/1279 1262/1262/1273 1263/1263/1274
f 1262/1262/1273 1268/1268/1279 1269/1269/1280
f 1269/1269/1280 1261/1261/1272 1262/1262/1273
f 1261/1261/1272 1269/1269/1280 1270/1270/1281
f 1270/1270/1281 1260/1260/1271 1261/1261/1272
f 1271/1271/1282 1270/1270/1281 1269/1269/1280
f 1269/1269/1280 1272/1272/1283 1271/1271/1282
f 1268/1268/1279 1272/1272/1283 1269/1269/1280
f 1273/1273/1284 1271/1271/1282 1272/1272/1283
f 1272/1272/1283 1274/1274/1285 1273/1273/1284
f 1275/1275/1286 1274/1274/1285 1272/1272/1283
f 1272/1272/1283 1276/1276/1287 1275/1275/1286
f 1276/1276/1287 1272/1272/1283 1268/1268/1279
f 1268/1268/1279 1277/1277/1288 1276/1276/1287
f 1277/1277/1288 1268/1268/1279 1267/1267/1278
f 1267/1267/1278 1278/1278/1289 1277/1277/1288
f 1278/1278/1289 1267/1267/1278 1266/1266/1277
f 1277/1277/1288 1278/1278/1289 1279/1279/1290
f 1279/1279/1290 1280/1280/1291 1277/1277/1288
f 1281/1281/1292 1277/1277/1288 1280/1280/1291
f 1276/1276/1287 1277/1277/1288 1281/1281/1292
f 1281/1281/1292 1275/1275/1286 1276/1276/1287
f 1275/1275/1286 1281/1281/1292 1282/1282/1293
f 1282/1282/1293 1283/1283/1294 1275/1275/1286
f 1274/1274/1285 1275/1275/1286 1283/1283/1294
f 1284/1284/1295 1283/1283/1294 1282/1282/1293
f 1282/1282/1293 1285/1285/1296 1284/1284/1295
f 1285/1285/1296 1282/1282/1293 1281/1281/1292
f 1281/1281/1292 1286/1286/1297 1285/1285/1296
f 1286/1286/1297 1281/1281/1292 1280/1280/1291
f 1280/1280/1291 1287/1287/1298 1286/1286/1297
f 1287/1287/1298 1280/1280/1291 1279/1279/1290
f 1286/1286/1297 1287/1287/1298 1288/1288/1299
f 1288/1288/1299 1289/1289/1300 1286/1286/1297
f 1285/1285/1296 1286/1286/1297 1289/1289/1300
f 1289/1289/1300 1284/1284/1295 1285/1285/1296
f 1290/1290/1301 1284/1284/1295 1289/1289/1300
f 1289/1289/1300 1288/1288/1299 1290/1290/1301
f 1284/1284/1295 1290/1290/1301 1291/1291/1302
f 1291/1291/1302 1292/1292/1303 1284/1284/1295
f 1283/1283/1294 1284/1284/1295 1292/1292/1303
f 1293/1293/1304 1292/1292/1303 1291/1291/1302
f 1291/1291/1302 1294/1294/1305 1293/1293/1304
f 1290/1290/1301 1294/1294/1305 1291/1291/1302
f 1295/1295/1306 1293/1293/1304 1294/1294/1305
f 1294/1294/1305 1290/1290/1301 1296/1296/1307
f 1296/1296/1307 1297/1297/1308 1294/1294/1305
f 1295/1295/1306 1294/1294/1305 1297/1297/1308
f 1297/1297/1308 1298/1298/1309 1295/1295/1306
f 1299/1299/1310 1298/1298/1309 1297/1297/1308
f 1297/1297/1308 1300/1300/1311 1299/1299/1310
f 1300/1300/1311 1297/1297/1308 1296/1296/1307
f 1296/1296/1307 1301/1301/1312 1300/1300/1311
f 1301/1301/1312 1296/1296/1307 1290/1290/1301
f 1290/1290/1301 1302/1302/1313 1301/1301/1312
f 1302/1302/1313 1290/1290/1301 1288/1288/1299
f 1288/1288/1299 1303/1303/1314 1302/1302/1313
f 1287/1287/1298 1303/1303/1314 1288/1288/1299
f 1302/1302/1313 1303/1303/1314 1304/1304/1315
f 1304/1304/1315 1305/1305/1316 1302/1302/1313
f 1301/1301/1312 1302/1302/1313 1305/1305/1316
f 1305/1305/1316 1306/1306/1317 1301/1301/1312
f 1307/1307/1318 1301/1301/1312 1306/1306/1317
f 1300/1300/1311 1301/1301/1312 1307/1307/1318
f 1307/1307/1318 1306/1306/1317 1308/1308/1319
f 1308/1308/1319 1309/1309/1320 1307/1307/1318
f 1300/1300/1311 1307/1307/1318 1309/1309/1320
f 1309/1309/1320 1310/1310/1321 1300/1300/1311
f 1299/1299/1310 1300/1300/1311 1310/1310/1321
f 1310/1310/1321 1311/1311/1322 1299/1299/1310
f 1312/1312/1323 1299/1299/1310 1311/1311/1322
f 1298/1298/1309 1299/1299/1310 1312/1312/1323
f 1313/1313/1324 1312/1312/1323 1311/1311/1322
f 1311/1311/1322 1314/1314/1325 1313/1313/1324
f 1315/1315/1326 1314/1314/1325 1311/1311/1322
f 1311/1311/1322 1310/1310/1321 1315/1315/1326
f 1316/1316/1327 1315/1315/1326 1310/1310/1321
f 1310/1310/1321 1309/1309/1320 1316/1316/1327
f 1317/1317/1328 1316/1316/1327 1309/1309/1320
f 1309/1309/1320 1308/1308/1319 1317/1317/1328
f 1316/1316/1327 1317/1317/1328 1318/1318/1329
f 1318/1318/1329 1319/1319/1330 1316/1316/1327
f 1315/1315/1326 1316/1316/1327 1319/1319/1330
f 1319/1319/1330 1314/1314/1325 1315/1315/1326
f 1320/1320/1331 1314/1314/1325 1319/1319/1330
f 1319/1319/1330 1318/1318/1329 1320/1320/1331
f 1314/1314/1325 1320/1320/1331 1321/1321/1332
f 1321/1321/1332 1322/1322/1333 1314/1314/1325
f 1313/1313/1324 1314/1314/1325 1322/1322/1333
f 1323/1323/1334 1322/1322/1333 1321/1321/1332
f 1321/1321/1332 1324/1324/1335 1323/1323/1334
f 1320/1320/1331 1324/1324/1335 1321/1321/1332
f 1325/1325/1336 1323/1323/1334 1324/1324/1335
f 1324/1324/1335 1326/1326/1337 1325/1325/1336
f 1327/1327/1338 1326/1326/1337 1324/1324/1335
f 1324/1324/1335 1328/1328/1339 1327/1327/1338
f 1329/1329/1340 1328/1328/1339 1324/1324/1335
f 1324/1324/1335 1320/1320/1331 1329/1329/1340
f 1330/1330/1341 1329/1329/1340 1320/1320/1331
f 1320/1320/1331 1318/1318/1329 1330/1330/1341
f 1331/1331/1342 1330/1330/1341 1318/1318/1329
f 1318/1318/1329 1317/1317/1328 1331/1331/1342
f 1330/1330/1341 1331/1331/1342 1332/1332/1343
f 1332/1332/1343 1333/1333/1344 1330/1330/1341
f 1334/1334/1345 1330/1330/1341 1333/1333/1344
f 1329/1329/1340 1330/1330/1341 1334/1334/1345
f 1334/1334/1345 1328/1328/1339 1329/1329/1340
f 1335/1335/1346 1328/1328/1339 1334/1334/1345
f 1334/1334/1345 1336/1336/1347 1335/1335/1346
f 1336/1336/1347 1334/1334/1345 1333/1333/1344
f 1335/1335/1346 1336/1336/1347 1337/1337/1348
f 1337/1337/1348 1338/1338/1349 1335/1335/1346
f 1328/1328/1339 1335/1335/1346 1338/1338/1349
f 1338/1338/1349 1339/1339/1350 1328/1328/1339
f 1327/1327/1338 1328/1328/1339 1339/1339/1350
f 1339/1339/1350 1326/1326/1337 1327/1327/1338
f 1340/1340/1351 1326/1326/1337 1339/1339/1350
f 1339/1339/1350 1341/1341/1352 1340/1340/1351
f 1342/1342/1353 1341/1341/1352 1339/1339/1350
f 1339/1339/1350 1343/1343/1354 1342/1342/1353
f 1343/1343/1354 1339/1339/1350 1338/1338/1349
f 1338/1338/1349 1337/1337/1348 1343/1343/1354
f 1344/1344/1355 1343/1343/1354 1337/1337/1348
f 1337/1337/1348 1345/1345/1356 1344/1344/1355
f 1346/1346/1357 1345/1345/1356 1337/1337/1348
f 1337/1337/1348 1336/1336/1347 1346/1346/1357
f 1347/1347/1358 1344/1344/1355 1345/1345/1356
f 1345/1345/1356 1348/1348/1359 1347/1347/1358
f 1343/1343/1354 1344/1344/1355 1347/1347/1358
f 1347/1347/1358 1349/1349/1360 1343/1343/1354
f 1350/1350/1361 1343/1343/1354 1349/1349/1360
f 1342/1342/1353 1343/1343/1354 1350/1350/1361
f 1350/1350/1361 1341/1341/1352 1342/1342/1353
f 1351/1351/1362 1341/1341/1352 1350/1350/1361
f 1350/1350/1361 1352/1352/1363 1351/1351/1362
f 1352/1352/1363 1350/1350/1361 1349/1349/1360
f 1349/1349/1360 1353/1353/1364 1352/1352/1363
f 1353/1353/1364 1349/1349/1360 1347/1347/1358
f 1347/1347/1358 1354/1354/1365 1353/1353/1364
f 1354/1354/1365 1347/1347/1358 1348/1348/1359
f 1348/1348/1359 1355/1355/1366 1354/1354/1365
f 1356/1356/1367 1354/1354/1365 1355/1355/1366
f 1354/1354/1365 1356/1356/1367 1357/1357/1368
f 1357/1357/1368 1358/1358/1369 1354/1354/1365
f 1353/1353/1364 1354/1354/1365 1358/1358/1369
f 1358/1358/1369 1359/1359/1370 1353/1353/1364
f 1352/1352/1363 1353/1353/1364 1359/1359/1370
f 1359/1359/1370 1360/1360/1371 1352/1352/1363
f 1351/1351/1362 1352/1352/1363 1360/1360/1371
f 1360/1360/1371 1359/1359/1370 1361/1361/1372
f 1362/1362/1373 1364/1363/1374 1363/1364/1375
f 1363/1364/1375 1365/1365/1376 1362/1362/1373
f 1366/1366/1377 1365/1365/1376 1363/1364/1375
f 1362/1362/1373 1365/1365/1376 1367/1367/1378
f 1367/1367/1378 1368/1368/1379 1362/1362/1373
f 1369/1369/1380 1367/1367/1378 1365/1365/1376
f 1365/1365/1376 1370/1370/1381 1369/1369/1380
f 1366/1366/1377 1370/1370/1381 1365/1365/1376
f 1371/1371/1382 1369/1369/1380 1370/1370/1381
f 1370/1370/1381 1366/1366/1377 1372/1372/1383
f 1372/1372/1383 1371/1371/1382 1370/1370/1381
f 1372/1372/1383 1366/1366/1377 1373/1373/1384
f 1373/1373/1384 1374/1374/1385 1372/1372/1383
f 1375/1375/1386 1372/1372/1383 1374/1374/1385
f 1371/1371/1382 1372/1372/1383 1375/1375/1386
f 1376/1376/1387 1375/1375/1386 1374/1374/1385
f 1374/1374/1385 1377/1377/1388 1376/1376/1387
f 1373/1373/1384 1377/1377/1388 1374/1374/1385
f 1376/1376/1387 1377/1377/1388 1378/1378/1389
f 1378/1378/1389 1379/1379/1390 1376/1376/1387
f 1380/1380/1391 1376/1376/1387 1379/1379/1390
f 1376/1376/1387 1380/1380/1391 1381/1381/1392
f 1381/1381/1392 1382/1382/1393 1376/1376/1387
f 1375/1375/1386 1376/1376/1387 1382/1382/1393
f 1383/1383/1394 1381/1381/1392 1380/1380/1391
f 1380/1380/1391 1384/1384/1395 1383/1383/1394
f 1384/1384/1395 1380/1380/1391 1379/1379/1390
f 1379/1379/1390 1385/1385/1396 1384/1384/1395
f 1386/1386/1397 1384/1384/1395 1385/1385/1396
f 1383/1383/1394 1384/1384/1395 1386/1386/1397
f 1386/1386/1397 1387/1387/1398 1383/1383/1394
f 1388/1388/1399 1387/1387/1398 1386/1386/1397
f 1386/1386/1397 1389/1389/1400 1388/1388/1399
f 1390/1390/1401 1389/1389/1400 1386/1386/1397
f 1386/1386/1397 1385/1385/1396 1390/1390/1401
f 1389/1389/1400 1390/1390/1401 1391/1391/1402
f 1391/1391/1402 1392/1392/1403 1389/1389/1400
f 1393/1393/1404 1389/1389/1400 1392/1392/1403
f 1389/1389/1400 1393/1393/1404 1394/1394/1405
f 1394/1394/1405 1388/1388/1399 1389/1389/1400
f 1395/1395/1406 1394/1394/1405 1393/1393/1404
f 1393/1393/1404 1396/1396/1407 1395/1395/1406
f 1396/1396/1407 1393/1393/1404 1392/1392/1403
f 1392/1392/1403 1397/1397/1408 1396/1396/1407
f 1398/1398/1409 1396/1396/1407 1397/1397/1408
f 1396/1396/1407 1398/1398/1409 1399/1399/1410
f 1399/1399/1410 1400/1400/1411 1396/1396/1407
f 1395/1395/1406 1396/1396/1407 1400/1400/1411
f 1401/1401/1412 1400/1400/1411 1399/1399/1410
f 1399/1399/1410 1402/1402/1413 1401/1401/1412
f 1402/1402/1413 1399/1399/1410 1398/1398/1409
f 1398/1398/1409 1403/1403/1414 1402/1402/1413
f 1404/1404/1415 1402/1402/1413 1403/1403/1414
f 1401/1401/1412 1402/1402/1413 1404/1404/1415
f 1404/1404/1415 1405/1405/1416 1401/1401/1412
f 1406/1406/1417 1405/1405/1416 1404/1404/1415
f 1404/1404/1415 1407/1407/1418 1406/1406/1417
f 1408/1408/1419 1406/1406/1417 1407/1407/1418
f 1409/1409/1420 1407/1407/1418 1404/1404/1415
f 1404/1404/1415 1410/1410/1421 1409/1409/1420
f 1403/1403/1414 1410/1410/1421 1404/1404/1415
f 1411/1411/1422 1407/1407/1418 1409/1409/1420
f 1409/1409/1420 1412/1412/1423 1411/1411/1422
f 1408/1408/1419 1407/1407/1418 1411/1411/1422
f 1411/1411/1422 1413/1413/1424 1408/1408/1419
f 1414/1414/1425 1413/1413/1424 1411/1411/1422
f 1411/1411/1422 1415/1415/1426 1414/1414/1425
f 1415/1415/1426 1411/1411/1422 1412/1412/1423
f 1414/1414/1425 1415/1415/1426 1416/1416/1427
f 1416/1416/1427 1417/1417/1428 1414/1414/1425
f 1418/1418/1429 1414/1414/1425 1417/1417/1428
f 1413/1413/1424 1414/1414/1425 1418/1418/1429
f 1419/1419/1430 1418/1418/1429 1417/1417/1428
f 1417/1417/1428 1420/1420/1431 1419/1419/1430
f 1420/1420/1431 1417/1417/1428 1416/1416/1427
f 1416/1416/1427 1421/1421/1432 1420/1420/1431
f 1422/1422/1433 1420/1420/1431 1421/1421/1432
f 1419/1419/1430 1420/1420/1431 1422/1422/1433
f 1422/1422/1433 1423/1423/1434 1419/1419/1430
f 1424/1424/1435 1423/1423/1434 1422/1422/1433
f 1422/1422/1433 1425/1425/1436 1424/1424/1435
f 1426/1426/1437 1425/1425/1436 1422/1422/1433
f 1422/1422/1433 1421/1421/1432 1426/1426/1437
f 1425/1425/1436 1426/1426/1437 1427/1427/1438
f 1427/1427/1438 1428/1428/1439 1425/1425/1436
f 1424/1424/1435 1425/1425/1436 1428/1428/1439
f 1428/1428/1439 1429/1429/1440 1424/1424/1435
f 1430/1430/1441 1429/1429/1440 1428/1428/1439
f 1428/1428/1439 1431/1431/1442 1430/1430/1441
f 1432/1432/1443 1431/1431/1442 1428/1428/1439
f 1428/1428/1439 1427/1427/1438 1432/1432/1443
f 1431/1431/1442 1432/1432/1443 1433/1433/1444
f 1433/1433/1444 1434/1434/1445 1431/1431/1442
f 1430/1430/1441 1431/1431/1442 1434/1434/1445
f 1434/1434/1445 1435/1435/1446 1430/1430/1441
f 1436/1436/1447 1435/1435/1446 1434/1434/1445
f 1434/1434/1445 1437/1437/1448 1436/1436/1447
f 1438/1438/1449 1436/1436/1447 1437/1437/1448
f 1439/1439/1450 1437/1437/1448 1434/1434/1445
f 1434/1434/1445 1440/1440/1451 1439/1439/1450
f 1433/1433/1444 1440/1440/1451 1434/1434/1445
f 1441/1441/1452 1437/1437/1448 1439/1439/1450
f 1439/1439/1450 1442/1442/1453 1441/1441/1452
f 1438/1438/1449 1437/1437/1448 1441/1441/1452
f 1441/1441/1452 1443/1443/1454 1438/1438/1449
f 1444/1444/1455 1443/1443/1454 1441/1441/1452
f 1441/1441/1452 1442/1442/1453 1444/1444/1455
f 1445/1445/1456 1444/1444/1455 1442/1442/1453
f 1446/1446/1457 1448/1447/1458 1447/1448/1459
f 1447/1448/1459 1449/1449/1460 1446/1446/1457
f 1450/1450/1461 1446/1446/1457 1449/1449/1460
f 1451/1451/1462 1446/1446/1457 1450/1450/1461
f 1452/1452/1463 1450/1450/1461 1449/1449/1460
f 1449/1449/1460 1453/1453/1464 1452/1452/1463
f 1453/1453/1464 1449/1449/1460 1447/1448/1459
f 1447/1448/1459 1454/1454/1465 1453/1453/1464
f 1455/1455/1466 1453/1453/1464 1454/1454/1465
f 1452/1452/1463 1453/1453/1464 1455/1455/1466
f 1455/1455/1466 1456/1456/1467 1452/1452/1463
f 1457/1457/1468 1456/1456/1467 1455/1455/1466
f 1455/1455/1466 1458/1458/1469 1457/1457/1468
f 1459/1459/1470 1458/1458/1469 1455/1455/1466
f 1455/1455/1466 1460/1460/1471 1459/1459/1470
f 1454/1454/1465 1460/1460/1471 1455/1455/1466
f 1461/1461/1472 1458/1458/1469 1459/1459/1470
f 1459/1459/1470 1462/1462/1473 1461/1461/1472
f 1457/1457/1468 1458/1458/1469 1461/1461/1472
f 1461/1461/1472 1463/1463/1474 1457/1457/1468
f 1464/1464/1475 1463/1463/1474 1461/1461/1472
f 1461/1461/1472 1465/1465/1476 1464/1464/1475
f 1466/1466/1477 1465/1465/1476 1461/1461/1472
f 1461/1461/1472 1462/1462/1473 1466/1466/1477
f 1465/1465/1476 1466/1466/1477 1467/1467/1478
f 1467/1467/1478 1468/1468/1479 1465/1465/1476
f 1464/1464/1475 1465/1465/1476 1468/1468/1479
f 1469/1469/1480 1468/1468/1479 1467/1467/1478
f 1467/1467/1478 1470/1470/1481 1469/1469/1480
f 1466/1466/1477 1470/1470/1481 1467/1467/1478
f 1469/1469/1480 1470/1470/1481 1471/1471/1482
f 1471/1471/1482 1472/1472/1483 1469/1469/1480
f 1473/1473/1484 1469/1469/1480 1472/1472/1483
f 1469/1469/1480 1473/1473/1484 1474/1474/1485
f 1474/1474/1485 1475/1475/1486 1469/1469/1480
f 1468/1468/1479 1469/1469/1480 1475/1475/1486
f 1476/1476/1487 1474/1474/1485 1473/1473/1484
f 1473/1473/1484 1477/1477/1488 1476/1476/1487
f 1477/1477/1488 1473/1473/1484 1472/1472/1483
f 1472/1472/1483 1478/1478/1489 1477/1477/1488
f 1479/1479/1490 1477/1477/1488 1478/1478/1489
f 1477/1477/1488 1479/1479/1490 1480/1480/1491
f 1480/1480/1491 1481/1481/1492 1477/1477/1488
f 1476/1476/1487 1477/1477/1488 1481/1481/1492
f 1482/1482/1493 1481/1481/1492 1480/1480/1491
f 1480/1480/1491 1483/1483/1494 1482/1482/1493
f 1483/1483/1494 1480/1480/1491 1479/1479/1490
f 1479/1479/1490 1484/1484/1495 1483/1483/1494
f 1485/1485/1496 1483/1483/1494 1484/1484/1495
f 1482/1482/1493 1483/1483/1494 1485/1485/1496
f 1485/1485/1496 1486/1486/1497 1482/1482/1493
f 1487/1487/1498 1486/1486/1497 1485/1485/1496
f 1485/1485/1496 1488/1488/1499 1487/1487/1498
f 1489/1489/1500 1488/1488/1499 1485/1485/1496
f 1485/1485/1496 1484/1484/1495 1489/1489/1500
f 1488/1488/1499 1489/1489/1500 1490/1490/1501
f 1490/1490/1501 1491/1491/1502 1488/1488/1499
f 1492/1492/1503 1488/1488/1499 1491/1491/1502
f 1488/1488/1499 1492/1492/1503 1493/1493/1504
f 1493/1493/1504 1487/1487/1498 1488/1488/1499
f 1494/1494/1505 1493/1493/1504 1492/1492/1503
f 1492/1492/1503 1495/1495/1506 1494/1494/1505
f 1496/1496/1507 1495/1495/1506 1492/1492/1503
f 1492/1492/1503 1491/1491/1502 1496/1496/1507
f 1495/1495/1506 1496/1496/1507 1497/1497/1508
f 1497/1497/1508 1498/1498/1509 1495/1495/1506
f 1494/1494/1505 1495/1495/1506 1498/1498/1509
f 1499/1499/1510 1498/1498/1509 1497/1497/1508
f 1497/1497/1508 1500/1500/1511 1499/1499/1510
f 1496/1496/1507 1500/1500/1511 1497/1497/1508
f 1499/1499/1510 1500/1500/1511 1501/1501/1512
f 1501/1501/1512 1502/1502/1513 1499/1499/1510
f 1502/1502/1513 1501/1501/1512 1503/1503/1514
f 1499/1499/1510 1502/1502/1513 1504/1504/1515
f 1504/1504/1515 1505/1505/1516 1499/1499/1510
f 1498/1498/1509 1499/1499/1510 1505/1505/1516
f 1504/1504/1515 1502/1502/1513 1506/1506/1517
f 1506/1506/1517 1507/1507/1518 1504/1504/1515
f 1506/1506/1517 1502/1502/1513 1503/1503/1514
f 1503/1503/1514 1508/1508/1519 1506/1506/1517
f 1509/1509/1520 1506/1506/1517 1508/1508/1519
f 1506/1506/1517 1509/1509/1520 1510/1510/1521
f 1510/1510/1521 1507/1507/1518 1506/1506/1517
f 1511/1511/1522 1510/1510/1521 1509/1509/1520
f 1509/1509/1520 1512/1512/1523 1511/1511/1522
f 1513/1513/1524 1512/1512/1523 1509/1509/1520
f 1509/1509/1520 1508/1508/1519 1513/1513/1524
f 1512/1512/1523 1513/1513/1524 1514/1514/1525
f 1514/1514/1525 1515/1515/1526 1512/1512/1523
f 1511/1511/1522 1512/1512/1523 1515/1515/1526
f 1515/1515/1526 1516/1516/1527 1511/1511/1522
f 1516/1516/1527 1515/1515/1526 1517/1517/1528
f 1517/1517/1528 1518/1518/1529 1516/1516/1527
f 1519/1519/1530 1518/1518/1529 1517/1517/1528
f 1517/1517/1528 1520/1520/1531 1519/1519/1530
f 1521/1521/1532 1520/1520/1531 1517/1517/1528
f 1517/1517/1528 1522/1522/1533 1521/1521/1532
f 1522/1522/1533 1517/1517/1528 1515/1515/1526
f 1515/1515/1526 1523/1523/1534 1522/1522/1533
f 1514/1514/1525 1523/1523/1534 1515/1515/1526
f 1524/1524/1535 1526/1525/1536 1525/1526/1537
f 1525/1526/1537 1527/1527/1538 1524/1524/1535
f 1528/1528/1539 1527/1527/1538 1525/1526/1537
f 1529/1529/1540 1524/1524/1535 1527/1527/1538
f 1527/1527/1538 1530/1530/1541 1529/1529/1540
f 1530/1530/1541 1527/1527/1538 1528/1528/1539
f 1528/1528/1539 1531/1531/1542 1530/1530/1541
f 1532/1532/1543 1530/1530/1541 1531/1531/1542
f 1530/1530/1541 1532/1532/1543 1533/1533/1544
f 1533/1533/1544 1529/1529/1540 1530/1530/1541
f 1529/1529/1540 1533/1533/1544 1534/1534/1545
f 1534/1534/1545 1535/1535/1546 1529/1529/1540
f 1536/1536/1547 1529/1529/1540 1535/1535/1546
f 1524/1524/1535 1529/1529/1540 1536/1536/1547
f 1537/1537/1548 1536/1536/1547 1535/1535/1546
f 1535/1535/1546 1538/1538/1549 1537/1537/1548
f 1539/1539/1550 1538/1538/1549 1535/1535/1546
f 1535/1535/1546 1534/1534/1545 1539/1539/1550
f 1540/1540/1551 1539/1539/1550 1534/1534/1545
f 1534/1534/1545 1541/1541/1552 1540/1540/1551
f 1541/1541/1552 1534/1534/1545 1533/1533/1544
f 1533/1533/1544 1542/1542/1553 1541/1541/1552
f 1542/1542/1553 1533/1533/1544 1532/1532/1543
f 1532/1532/1543 1543/1543/1554 1542/1542/1553
f 1544/1544/1555 1543/1543/1554 1532/1532/1543
f 1532/1532/1543 1531/1531/1542 1544/1544/1555
f 1545/1545/1556 1544/1544/1555 1531/1531/1542
f 1544/1544/1555 1545/1545/1556 1546/1546/1557
f 1546/1546/1557 1547/1547/1558 1544/1544/1555
f 1543/1543/1554 1544/1544/1555 1547/1547/1558
f 1547/1547/1558 1548/1548/1559 1543/1543/1554
f 1549/1549/1560 1543/1543/1554 1548/1548/1559
f 1542/1542/1553 1543/1543/1554 1549/1549/1560
f 1549/1549/1560 1541/1541/1552 1542/1542/1553
f 1541/1541/1552 1549/1549/1560 1550/1550/1561
f 1550/1550/1561 1540/1540/1551 1541/1541/1552
f 1551/1551/1562 1550/1550/1561 1549/1549/1560
f 1549/1549/1560 1548/1548/1559 1551/1551/1562
f 1552/1552/1563 1551/1551/1562 1548/1548/1559
f 1548/1548/1559 1553/1553/1564 1552/1552/1563
f 1553/1553/1564 1548/1548/1559 1547/1547/1558
f 1547/1547/1558 1554/1554/1565 1553/1553/1564
f 1554/1554/1565 1547/1547/1558 1546/1546/1557
f 1546/1546/1557 1555/1555/1566 1554/1554/1565
f 1556/1556/1567 1555/1555/1566 1546/1546/1557
f 1546/1546/1557 1545/1545/1556 1556/1556/1567
f 1555/1555/1566 1556/1556/1567 1557/1557/1568
f 1557/1557/1568 1558/1558/1569 1555/1555/1566
f 1559/1559/1570 1555/1555/1566 1558/1558/1569
f 1555/1555/1566 1559/1559/1570 1560/1560/1571
f 1560/1560/1571 1554/1554/1565 1555/1555/1566
f 1554/1554/1565 1560/1560/1571 1561/1561/1572
f 1561/1561/1572 1553/1553/1564 1554/1554/1565
f 1553/1553/1564 1561/1561/1572 1562/1562/1573
f 1562/1562/1573 1552/1552/1563 1553/1553/1564
f 1552/1552/1563 1562/1562/1573 1563/1563/1574
f 1563/1563/1574 1564/1564/1575 1552/1552/1563
f 1551/1551/1562 1552/1552/1563 1564/1564/1575
f 1564/1564/1575 1565/1565/1576 1551/1551/1562
f 1550/1550/1561 1551/1551/1562 1565/1565/1576
f 1565/1565/1576 1566/1566/1577 1550/1550/1561
f 1540/1540/1551 1550/1550/1561 1566/1566/1577
f 1567/1567/1578 1566/1566/1577 1565/1565/1576
f 1565/1565/1576 1564/1564/1575 1567/1567/1578
f 1568/1568/1579 1567/1567/1578 1564/1564/1575
f 1564/1564/1575 1569/1569/1580 1568/1568/1579
f 1569/1569/1580 1564/1564/1575 1563/1563/1574
f 1563/1563/1574 1570/1570/1581 1569/1569/1580
f 1570/1570/1581 1563/1563/1574 1562/1562/1573
f 1562/1562/1573 1571/1571/1582 1570/1570/1581
f 1571/1571/1582 1562/1562/1573 1561/1561/1572
f 1561/1561/1572 1572/1572/1583 1571/1571/1582
f 1572/1572/1583 1561/1561/1572 1560/1560/1571
f 1560/1560/1571 1573/1573/1584 1572/1572/1583
f 1573/1573/1584 1560/1560/1571 1559/1559/1570
f 1559/1559/1570 1574/1574/1585 1573/1573/1584
f 1574/1574/1585 1559/1559/1570 1558/1558/1569
f 1558/1558/1569 1575/1575/1586 1574/1574/1585
f 1576/1576/1587 1574/1574/1585 1575/1575/1586
f 1574/1574/1585 1576/1576/1587 1577/1577/1588
f 1577/1577/1588 1578/1578/1589 1574/1574/1585
f 1573/1573/1584 1574/1574/1585 1578/1578/1589
f 1578/1578/1589 1579/1579/1590 1573/1573/1584
f 1572/1572/1583 1573/1573/1584 1579/1579/1590
f 1579/1579/1590 1580/1580/1591 1572/1572/1583
f 1571/1571/1582 1572/1572/1583 1580/1580/1591
f 1580/1580/1591 1581/1581/1592 1571/1571/1582
f 1570/1570/1581 1571/1571/1582 1581/1581/1592
f 1581/1581/1592 1582/1582/1593 1570/1570/1581
f 1583/1583/1594 1570/1570/1581 1582/1582/1593
f 1569/1569/1580 1570/1570/1581 1583/1583/1594
f 1583/1583/1594 1584/1584/1595 1569/1569/1580
f 1585/1585/1596 1569/1569/1580 1584/1584/1595
f 1568/1568/1579 1569/1569/1580 1585/1585/1596
f 1585/1585/1596 1586/1586/1597 1568/1568/1579
f 1567/1567/1578 1568/1568/1579 1586/1586/1597
f 1586/1586/1597 1587/1587/1598 1567/1567/1578
f 1566/1566/1577 1567/1567/1578 1587/1587/1598
f 1587/1587/1598 1588/1588/1599 1566/1566/1577
f 1540/1540/1551 1566/1566/1577 1588/1588/1599
f 1588/1588/1599 1539/1539/1550 1540/1540/1551
f 1589/1589/1600 1539/1539/1550 1588/1588/1599
f 1588/1588/1599 1590/1590/1601 1589/1589/1600
f 1590/1590/1601 1588/1588/1599 1587/1587/1598
f 1587/1587/1598 1591/1591/1602 1590/1590/1601
f 1592/1592/1603 1591/1591/1602 1587/1587/1598
f 1587/1587/1598 1586/1586/1597 1592/1592/1603
f 1593/1593/1604 1590/1590/1601 1591/1591/1602
f 1591/1591/1602 1594/1594/1605 1593/1593/1604
f 1589/1589/1600 1590/1590/1601 1593/1593/1604
f 1595/1595/1606 1593/1593/1604 1594/1594/1605
f 1596/1596/1607 1589/1589/1600 1593/1593/1604
f 1593/1593/1604 1595/1595/1606 1596/1596/1607
f 1597/1597/1608 1596/1596/1607 1595/1595/1606
f 1596/1596/1607 1597/1597/1608 1598/1598/1609
f 1598/1598/1609 1599/1599/1610 1596/1596/1607
f 1589/1589/1600 1596/1596/1607 1599/1599/1610
f 1599/1599/1610 1538/1538/1549 1589/1589/1600
f 1539/1539/1550 1589/1589/1600 1538/1538/1549
f 1600/1600/1611 1538/1538/1549 1599/1599/1610
f 1599/1599/1610 1601/1601/1612 1600/1600/1611
f 1598/1598/1609 1601/1601/1612 1599/1599/1610
f 1538/1538/1549 1600/1600/1611 1537/1537/1548
f 1602/1602/1613 1584/1584/1595 1583/1583/1594
f 1583/1583/1594 1582/1582/1593 1602/1602/1613
f 1603/1603/1614 1602/1602/1613 1582/1582/1593
f 1582/1582/1593 1604/1604/1615 1603/1603/1614
f 1581/1581/1592 1604/1604/1615 1582/1582/1593
f 1605/1605/1616 1603/1603/1614 1604/1604/1615
f 1604/1604/1615 1581/1581/1592 1606/1606/1617
f 1606/1606/1617 1607/1607/1618 1604/1604/1615
f 1605/1605/1616 1604/1604/1615 1607/1607/1618
f 1607/1607/1618 1608/1608/1619 1605/1605/1616
f 1609/1609/1620 1608/1608/1619 1607/1607/1618
f 1607/1607/1618 1610/1610/1621 1609/1609/1620
f 1610/1610/1621 1607/1607/1618 1606/1606/1617
f 1606/1606/1617 1611/1611/1622 1610/1610/1621
f 1580/1580/1591 1611/1611/1622 1606/1606/1617
f 1606/1606/1617 1581/1581/1592 1580/1580/1591
f 1611/1611/1622 1580/1580/1591 1579/1579/1590
f 1579/1579/1590 1612/1612/1623 1611/1611/1622
f 1613/1613/1624 1611/1611/1622 1612/1612/1623
f 1610/1610/1621 1611/1611/1622 1613/1613/1624
f 1613/1613/1624 1614/1614/1625 1610/1610/1621
f 1609/1609/1620 1610/1610/1621 1614/1614/1625
f 1614/1614/1625 1613/1613/1624 1615/1615/1626
f 1616/1616/1627 1609/1609/1620 1614/1614/1625
f 1614/1614/1625 1615/1615/1626 1616/1616/1627
f 1609/1609/1620 1616/1616/1627 1617/1617/1628
f 1617/1617/1628 1618/1618/1629 1609/1609/1620
f 1619/1619/1630 1609/1609/1620 1618/1618/1629
f 1608/1608/1619 1609/1609/1620 1619/1619/1630
f 1620/1620/1631 1618/1618/1629 1617/1617/1628
f 1617/1617/1628 1621/1621/1632 1620/1620/1631
f 1621/1621/1632 1617/1617/1628 1616/1616/1627
f 1616/1616/1627 1622/1622/1633 1621/1621/1632
f 1623/1623/1634 1622/1622/1633 1616/1616/1627
f 1616/1616/1627 1615/1615/1626 1623/1623/1634
f 1624/1624/1635 1623/1623/1634 1615/1615/1626
f 1615/1615/1626 1625/1625/1636 1624/1624/1635
f 1625/1625/1636 1615/1615/1626 1613/1613/1624
f 1613/1613/1624 1612/1612/1623 1625/1625/1636
f 1626/1626/1637 1625/1625/1636 1612/1612/1623
f 1612/1612/1623 1578/1578/1589 1626/1626/1637
f 1578/1578/1589 1612/1612/1623 1579/1579/1590
f 1627/1627/1638 1626/1626/1637 1578/1578/1589
f 1578/1578/1589 1577/1577/1588 1627/1627/1638
f 1626/1626/1637 1627/1627/1638 1628/1628/1639
f 1628/1628/1639 1629/1629/1640 1626/1626/1637
f 1625/1625/1636 1626/1626/1637 1629/1629/1640
f 1629/1629/1640 1624/1624/1635 1625/1625/1636
f 1630/1630/1641 1624/1624/1635 1629/1629/1640
f 1629/1629/1640 1628/1628/1639 1630/1630/1641
f 1624/1624/1635 1630/1630/1641 1631/1631/1642
f 1631/1631/1642 1623/1623/1634 1624/1624/1635
f 1623/1623/1634 1631/1631/1642 1632/1632/1643
f 1632/1632/1643 1622/1622/1633 1623/1623/1634
f 1622/1622/1633 1632/1632/1643 1633/1633/1644
f 1633/1633/1644 1634/1634/1645 1622/1622/1633
f 1621/1621/1632 1622/1622/1633 1634/1634/1645
f 1634/1634/1645 1620/1620/1631 1621/1621/1632
f 1635/1635/1646 1620/1620/1631 1634/1634/1645
f 1634/1634/1645 1636/1636/1647 1635/1635/1646
f 1633/1633/1644 1636/1636/1647 1634/1634/1645
f 1637/1637/1648 1635/1635/1646 1636/1636/1647
f 1638/1638/1649 1636/1636/1647 1633/1633/1644
f 1633/1633/1644 1639/1639/1650 1638/1638/1649
f 1639/1639/1650 1633/1633/1644 1632/1632/1643
f 1632/1632/1643 1640/1640/1651 1639/1639/1650
f 1640/1640/1651 1632/1632/1643 1631/1631/1642
f 1631/1631/1642 1641/1641/1652 1640/1640/1651
f 1641/1641/1652 1631/1631/1642 1630/1630/1641
f 1630/1630/1641 1642/1642/1653 1641/1641/1652
f 1642/1642/1653 1630/1630/1641 1628/1628/1639
f 1628/1628/1639 1643/1643/1654 1642/1642/1653
f 1644/1644/1655 1643/1643/1654 1628/1628/1639
f 1628/1628/1639 1627/1627/1638 1644/1644/1655
f 1645/1645/1656 1644/1644/1655 1627/1627/1638
f 1627/1627/1638 1577/1577/1588 1645/1645/1656
f 1576/1576/1587 1645/1645/1656 1577/1577/1588
f 1636/1636/1647 1638/1638/1649 1646/1646/1657
f 1646/1646/1657 1637/1637/1648 1636/1636/1647
f 1647/1647/1658 1637/1637/1648 1646/1646/1657
f 1646/1646/1657 1648/1648/1659 1647/1647/1658
f 1648/1648/1659 1646/1646/1657 1649/1649/1660
f 1649/1649/1660 1650/1650/1661 1648/1648/1659
f 1651/1651/1662 1649/1649/1660 1646/1646/1657
f 1646/1646/1657 1652/1652/1663 1651/1651/1662
f 1652/1652/1663 1646/1646/1657 1638/1638/1649
f 1638/1638/1649 1653/1653/1664 1652/1652/1663
f 1653/1653/1664 1638/1638/1649 1639/1639/1650
f 1639/1639/1650 1654/1654/1665 1653/1653/1664
f 1654/1654/1665 1639/1639/1650 1640/1640/1651
f 1640/1640/1651 1655/1655/1666 1654/1654/1665
f 1655/1655/1666 1640/1640/1651 1641/1641/1652
f 1641/1641/1652 1656/1656/1667 1655/1655/1666
f 1656/1656/1667 1641/1641/1652 1642/1642/1653
f 1642/1642/1653 1657/1657/1668 1656/1656/1667
f 1657/1657/1668 1642/1642/1653 1643/1643/1654
f 1656/1656/1667 1657/1657/1668 1658/1658/1669
f 1658/1658/1669 1659/1659/1670 1656/1656/1667
f 1655/1655/1666 1656/1656/1667 1659/1659/1670
f 1659/1659/1670 1658/1658/1669 1660/1660/1671
f 1660/1660/1671 1661/1661/1672 1659/1659/1670
f 1655/1655/1666 1659/1659/1670 1661/1661/1672
f 1661/1661/1672 1662/1662/1673 1655/1655/1666
f 1654/1654/1665 1655/1655/1666 1662/1662/1673
f 1662/1662/1673 1663/1663/1674 1654/1654/1665
f 1653/1653/1664 1654/1654/1665 1663/1663/1674
f 1663/1663/1674 1664/1664/1675 1653/1653/1664
f 1652/1652/1663 1653/1653/1664 1664/1664/1675
f 1664/1664/1675 1651/1651/1662 1652/1652/1663
f 1665/1665/1676 1651/1651/1662 1664/1664/1675
f 1664/1664/1675 1666/1666/1677 1665/1665/1676
f 1666/1666/1677 1664/1664/1675 1663/1663/1674
f 1663/1663/1674 1667/1667/1678 1666/1666/1677
f 1667/1667/1678 1663/1663/1674 1662/1662/1673
f 1662/1662/1673 1661/1661/1672 1667/1667/1678
f 1668/1668/1679 1667/1667/1678 1661/1661/1672
f 1661/1661/1672 1669/1669/1680 1668/1668/1679
f 1669/1669/1680 1661/1661/1672 1660/1660/1671
f 1668/1668/1679 1669/1669/1680 1670/1670/1681
f 1670/1670/1681 1667/1667/1678 1668/1668/1679
f 1667/1667/1678 1670/1670/1681 1671/1671/1682
f 1671/1671/1682 1666/1666/1677 1667/1667/1678
f 1666/1666/1677 1671/1671/1682 1672/1672/1683
f 1672/1672/1683 1665/1665/1676 1666/1666/1677
f 1673/1673/1684 1672/1672/1683 1671/1671/1682
f 1671/1671/1682 1670/1670/1681 1673/1673/1684
f 1672/1672/1683 1673/1673/1684 1674/1674/1685
f 1674/1674/1685 1675/1675/1686 1672/1672/1683
f 1665/1665/1676 1672/1672/1683 1675/1675/1686
f 1675/1675/1686 1676/1676/1687 1665/1665/1676
f 1651/1651/1662 1665/1665/1676 1676/1676/1687
f 1677/1677/1688 1676/1676/1687 1675/1675/1686
f 1675/1675/1686 1678/1678/1689 1677/1677/1688
f 1678/1678/1689 1675/1675/1686 1674/1674/1685
f 1674/1674/1685 1679/1679/1690 1678/1678/1689
f 1680/1680/1691 1679/1679/1690 1674/1674/1685
f 1674/1674/1685 1673/1673/1684 1680/1680/1691
f 1681/1681/1692 1680/1680/1691 1673/1673/1684
f 1673/1673/1684 1670/1670/1681 1681/1681/1692
f 1682/1682/1693 1681/1681/1692 1670/1670/1681
f 1670/1670/1681 1683/1683/1694 1682/1682/1693
f 1669/1669/1680 1683/1683/1694 1670/1670/1681
f 1681/1681/1692 1682/1682/1693 1684/1684/1695
f 1684/1684/1695 1685/1685/1696 1681/1681/1692
f 1680/1680/1691 1681/1681/1692 1685/1685/1696
f 1685/1685/1696 1684/1684/1695 1686/1686/1697
f 1686/1686/1697 1687/1687/1698 1685/1685/1696
f 1680/1680/1691 1685/1685/1696 1687/1687/1698
f 1687/1687/1698 1688/1688/1699 1680/1680/1691
f 1679/1679/1690 1680/1680/1691 1688/1688/1699
f 1688/1688/1699 1689/1689/1700 1679/1679/1690
f 1690/1690/1701 1679/1679/1690 1689/1689/1700
f 1678/1678/1689 1679/1679/1690 1690/1690/1701
f 1690/1690/1701 1691/1691/1702 1678/1678/1689
f 1677/1677/1688 1678/1678/1689 1691/1691/1702
f 1691/1691/1702 1692/1692/1703 1677/1677/1688
f 1676/1676/1687 1677/1677/1688 1692/1692/1703
f 1692/1692/1703 1693/1693/1704 1676/1676/1687
f 1651/1651/1662 1676/1676/1687 1693/1693/1704
f 1693/1693/1704 1649/1649/1660 1651/1651/1662
f 1650/1650/1661 1649/1649/1660 1693/1693/1704
f 1693/1693/1704 1692/1692/1703 1650/1650/1661
f 1694/1694/1705 1650/1650/1661 1692/1692/1703
f 1692/1692/1703 1695/1695/1706 1694/1694/1705
f 1691/1691/1702 1695/1695/1706 1692/1692/1703
f 1696/1696/1707 1694/1694/1705 1695/1695/1706
f 1695/1695/1706 1691/1691/1702 1697/1697/1708
f 1697/1697/1708 1696/1696/1707 1695/1695/1706
f 1698/1698/1709 1697/1697/1708 1691/1691/1702
f 1691/1691/1702 1690/1690/1701 1698/1698/1709
f 1699/1699/1710 1698/1698/1709 1690/1690/1701
f 1690/1690/1701 1689/1689/1700 1699/1699/1710
f 1700/1700/1711 1699/1699/1710 1689/1689/1700
f 1689/1689/1700 1701/1701/1712 1700/1700/1711
f 1701/1701/1712 1689/1689/1700 1688/1688/1699
f 1688/1688/1699 1687/1687/1698 1701/1701/1712
f 1702/1702/1713 1701/1701/1712 1687/1687/1698
f 1687/1687/1698 1686/1686/1697 1702/1702/1713
f 1703/1703/1714 1702/1702/1713 1686/1686/1697
f 1702/1702/1713 1703/1703/1714 1704/1704/1715
f 1704/1704/1715 1705/1705/1716 1702/1702/1713
f 1706/1706/1717 1702/1702/1713 1705/1705/1716
f 1701/1701/1712 1702/1702/1713 1706/1706/1717
f 1706/1706/1717 1700/1700/1711 1701/1701/1712
f 1700/1700/1711 1706/1706/1717 1707/1707/1718
f 1707/1707/1718 1708/1708/1719 1700/1700/1711
f 1699/1699/1710 1700/1700/1711 1708/1708/1719
f 1708/1708/1719 1709/1709/1720 1699/1699/1710
f 1698/1698/1709 1699/1699/1710 1709/1709/1720
f 1709/1709/1720 1710/1710/1721 1698/1698/1709
f 1697/1697/1708 1698/1698/1709 1710/1710/1721
f 1710/1710/1721 1711/1711/1722 1697/1697/1708
f 1696/1696/1707 1697/1697/1708 1711/1711/1722
f 1712/1712/1723 1711/1711/1722 1710/1710/1721
f 1710/1710/1721 1713/1713/1724 1712/1712/1723
f 1714/1714/1725 1713/1713/1724 1710/1710/1721
f 1710/1710/1721 1709/1709/1720 1714/1714/1725
f 1715/1715/1726 1714/1714/1725 1709/1709/1720
f 1709/1709/1720 1708/1708/1719 1715/1715/1726
f 1716/1716/1727 1715/1715/1726 1708/1708/1719
f 1708/1708/1719 1707/1707/1718 1716/1716/1727
f 1715/1715/1726 1716/1716/1727 1717/1717/1728
f 1717/1717/1728 1714/1714/1725 1715/1715/1726
f 1714/1714/1725 1717/1717/1728 1718/1718/1729
f 1718/1718/1729 1713/1713/1724 1714/1714/1725
f 1713/1713/1724 1718/1718/1729 1719/1719/1730
f 1720/1720/1731 1707/1707/1718 1706/1706/1717
f 1706/1706/1717 1705/1705/1716 1720/1720/1731
f 1721/1721/1732 1720/1720/1731 1705/1705/1716
f 1705/1705/1716 1704/1704/1715 1721/1721/1732
f 1722/1722/1733 1721/1721/1732 1704/1704/1715
f 1721/1721/1732 1722/1722/1733 1723/1723/1734
f 1723/1723/1734 1724/1724/1735 1721/1721/1732
f 1720/1720/1731 1721/1721/1732 1724/1724/1735
f 1724/1724/1735 1725/1725/1736 1720/1720/1731
f 1707/1707/1718 1720/1720/1731 1725/1725/1736
f 1725/1725/1736 1716/1716/1727 1707/1707/1718
f 1716/1716/1727 1725/1725/1736 1726/1726/1737
f 1726/1726/1737 1717/1717/1728 1716/1716/1727
f 1727/1727/1738 1726/1726/1737 1725/1725/1736
f 1725/1725/1736 1724/1724/1735 1727/1727/1738
f 1728/1728/1739 1727/1727/1738 1724/1724/1735
f 1724/1724/1735 1723/1723/1734 1728/1728/1739
f 1729/1729/1740 1728/1728/1739 1723/1723/1734
f 1723/1723/1734 1730/1730/1741 1729/1729/1740
f 1731/1731/1742 1730/1730/1741 1723/1723/1734
f 1723/1723/1734 1722/1722/1733 1731/1731/1742
f 1732/1732/1743 1734/1733/1744 1733/1734/1745
f 1733/1734/1745 1735/1735/1746 1732/1732/1743
f 1736/1736/1747 1732/1732/1743 1735/1735/1746
f 1737/1737/1748 1735/1735/1746 1733/1734/1745
f 1733/1734/1745 1738/1738/1749 1737/1737/1748
f 1739/1739/1750 1737/1737/1748 1738/1738/1749
f 1737/1737/1748 1739/1739/1750 1740/1740/1751
f 1740/1740/1751 1741/1741/1752 1737/1737/1748
f 1735/1735/1746 1737/1737/1748 1741/1741/1752
f 1741/1741/1752 1742/1742/1753 1735/1735/1746
f 1736/1736/1747 1735/1735/1746 1742/1742/1753
f 1742/1742/1753 1743/1743/1754 1736/1736/1747
f 1744/1744/1755 1736/1736/1747 1743/1743/1754
f 1745/1745/1756 1743/1743/1754 1742/1742/1753
f 1742/1742/1753 1741/1741/1752 1745/1745/1756
f 1746/1746/1757 1745/1745/1756 1741/1741/1752
f 1741/1741/1752 1747/1747/1758 1746/1746/1757
f 1740/1740/1751 1747/1747/1758 1741/1741/1752
f 1748/1748/1759 1746/1746/1757 1747/1747/1758
f 1747/1747/1758 1749/1749/1760 1748/1748/1759
f 1749/1749/1760 1747/1747/1758 1740/1740/1751
f 1740/1740/1751 1750/1750/1761 1749/1749/1760
f 1751/1751/1762 1750/1750/1761 1740/1740/1751
f 1740/1740/1751 1739/1739/1750 1751/1751/1762
f 1750/1750/1761 1751/1751/1762 1752/1752/1763
f 1752/1752/1763 1753/1753/1764 1750/1750/1761
f 1749/1749/1760 1750/1750/1761 1753/1753/1764
f 1754/1754/1765 1753/1753/1764 1752/1752/1763
f 1749/1749/1760 1753/1753/1764 1755/1755/1766
f 1755/1755/1766 1756/1756/1767 1749/1749/1760
f 1748/1748/1759 1749/1749/1760 1756/1756/1767
f 1756/1756/1767 1757/1757/1768 1748/1748/1759
f 1758/1758/1769 1748/1748/1759 1757/1757/1768
f 1746/1746/1757 1748/1748/1759 1758/1758/1769
f 1758/1758/1769 1759/1759/1770 1746/1746/1757
f 1745/1745/1756 1746/1746/1757 1759/1759/1770
f 1759/1759/1770 1760/1760/1771 1745/1745/1756
f 1743/1743/1754 1745/1745/1756 1760/1760/1771
f 1760/1760/1771 1761/1761/1772 1743/1743/1754
f 1744/1744/1755 1743/1743/1754 1761/1761/1772
f 1761/1761/1772 1762/1762/1773 1744/1744/1755
f 1763/1763/1774 1762/1762/1773 1761/1761/1772
f 1761/1761/1772 1764/1764/1775 1763/1763/1774
f 1764/1764/1775 1761/1761/1772 1760/1760/1771
f 1760/1760/1771 1765/1765/1776 1764/1764/1775
f 1765/1765/1776 1760/1760/1771 1759/1759/1770
f 1759/1759/1770 1766/1766/1777 1765/1765/1776
f 1766/1766/1777 1759/1759/1770 1758/1758/1769
f 1758/1758/1769 1767/1767/1778 1766/1766/1777
f 1767/1767/1778 1758/1758/1769 1757/1757/1768
f 1757/1757/1768 1768/1768/1779 1767/1767/1778
f 1769/1769/1780 1768/1768/1779 1757/1757/1768
f 1757/1757/1768 1756/1756/1767 1769/1769/1780
f 1770/1770/1781 1769/1769/1780 1756/1756/1767
f 1756/1756/1767 1755/1755/1766 1770/1770/1781
f 1771/1771/1782 1770/1770/1781 1755/1755/1766
f 1755/1755/1766 1753/1753/1764 1771/1771/1782
f 1772/1772/1783 1771/1771/1782 1753/1753/1764
f 1753/1753/1764 1754/1754/1765 1772/1772/1783
f 1773/1773/1784 1772/1772/1783 1754/1754/1765
f 1754/1754/1765 1774/1774/1785 1773/1773/1784
f 1772/1772/1783 1773/1773/1784 1775/1775/1786
f 1775/1775/1786 1771/1771/1782 1772/1772/1783
f 1771/1771/1782 1775/1775/1786 1776/1776/1787
f 1776/1776/1787 1770/1770/1781 1771/1771/1782
f 1770/1770/1781 1776/1776/1787 1777/1777/1788
f 1777/1777/1788 1769/1769/1780 1770/1770/1781
f 1769/1769/1780 1777/1777/1788 1778/1778/1789
f 1778/1778/1789 1768/1768/1779 1769/1769/1780
f 1779/1779/1790 1778/1778/1789 1777/1777/1788
f 1777/1777/1788 1780/1780/1791 1779/1779/1790
f 1780/1780/1791 1777/1777/1788 1776/1776/1787
f 1776/1776/1787 1781/1781/1792 1780/1780/1791
f 1781/1781/1792 1776/1776/1787 1775/1775/1786
f 1775/1775/1786 1782/1782/1793 1781/1781/1792
f 1783/1783/1794 1782/1782/1793 1775/1775/1786
f 1775/1775/1786 1773/1773/1784 1783/1783/1794
f 1774/1774/1785 1783/1783/1794 1773/1773/1784
f 1783/1783/1794 1774/1774/1785 1784/1784/1795
f 1784/1784/1795 1785/1785/1796 1783/1783/1794
f 1786/1786/1797 1783/1783/1794 1785/1785/1796
f 1783/1783/1794 1786/1786/1797 1787/1787/1798
f 1787/1787/1798 1782/1782/1793 1783/1783/1794
f 1782/1782/1793 1787/1787/1798 1788/1788/1799
f 1788/1788/1799 1781/1781/1792 1782/1782/1793
f 1781/1781/1792 1788/1788/1799 1789/1789/1800
f 1789/1789/1800 1780/1780/1791 1781/1781/1792
f 1780/1780/1791 1789/1789/1800 1790/1790/1801
f 1790/1790/1801 1779/1779/1790 1780/1780/1791
f 1779/1779/1790 1790/1790/1801 1791/1791/1802
f 1791/1791/1802 1792/1792/1803 1779/1779/1790
f 1778/1778/1789 1779/1779/1790 1792/1792/1803
f 1792/1792/1803 1793/1793/1804 1778/1778/1789
f 1768/1768/1779 1778/1778/1789 1793/1793/1804
f 1794/1794/1805 1793/1793/1804 1792/1792/1803
f 1792/1792/1803 1795/1795/1806 1794/1794/1805
f 1795/1795/1806 1792/1792/1803 1791/1791/1802
f 1791/1791/1802 1796/1796/1807 1795/1795/1806
f 1797/1797/1808 1796/1796/1807 1791/1791/1802
f 1791/1791/1802 1798/1798/1809 1797/1797/1808
f 1798/1798/1809 1791/1791/1802 1790/1790/1801
f 1790/1790/1801 1789/1789/1800 1798/1798/1809
f 1799/1799/1810 1798/1798/1809 1789/1789/1800
f 1789/1789/1800 1788/1788/1799 1799/1799/1810
f 1800/1800/1811 1799/1799/1810 1788/1788/1799
f 1788/1788/1799 1787/1787/1798 1800/1800/1811
f 1801/1801/1812 1800/1800/1811 1787/1787/1798
f 1787/1787/1798 1786/1786/1797 1801/1801/1812
f 1802/1802/1813 1801/1801/1812 1786/1786/1797
f 1786/1786/1797 1803/1803/1814 1802/1802/1813
f 1803/1803/1814 1786/1786/1797 1785/1785/1796
f 1802/1802/1813 1803/1803/1814 1804/1804/1815
f 1804/1804/1815 1805/1805/1816 1802/1802/1813
f 1806/1806/1817 1802/1802/1813 1805/1805/1816
f 1801/1801/1812 1802/1802/1813 1806/1806/1817
f 1806/1806/1817 1807/1807/1818 1801/1801/1812
f 1800/1800/1811 1801/1801/1812 1807/1807/1818
f 1807/1807/1818 1808/1808/1819 1800/1800/1811
f 1799/1799/1810 1800/1800/1811 1808/1808/1819
f 1808/1808/1819 1809/1809/1820 1799/1799/1810
f 1798/1798/1809 1799/1799/1810 1809/1809/1820
f 1809/1809/1820 1810/1810/1821 1798/1798/1809
f 1797/1797/1808 1798/1798/1809 1810/1810/1821
f 1811/1811/1822 1810/1810/1821 1809/1809/1820
f 1809/1809/1820 1808/1808/1819 1811/1811/1822
f 1812/1812/1823 1811/1811/1822 1808/1808/1819
f 1808/1808/1819 1807/1807/1818 1812/1812/1823
f 1813/1813/1824 1812/1812/1823 1807/1807/1818
f 1807/1807/1818 1806/1806/1817 1813/1813/1824
f 1814/1814/1825 1813/1813/1824 1806/1806/1817
f 1806/1806/1817 1805/1805/1816 1814/1814/1825
f 1815/1815/1826 1814/1814/1825 1805/1805/1816
f 1805/1805/1816 1816/1816/1827 1815/1815/1826
f 1816/1816/1827 1805/1805/1816 1804/1804/1815
f 1815/1815/1826 1816/1816/1827 1817/1817/1828
f 1817/1817/1828 1818/1818/1829 1815/1815/1826
f 1814/1814/1825 1815/1815/1826 1818/1818/1829
f 1818/1818/1829 1819/1819/1830 1814/1814/1825
f 1813/1813/1824 1814/1814/1825 1819/1819/1830
f 1819/1819/1830 1820/1820/1831 1813/1813/1824
f 1812/1812/1823 1813/1813/1824 1820/1820/1831
f 1820/1820/1831 1821/1821/1832 1812/1812/1823
f 1811/1811/1822 1812/1812/1823 1821/1821/1832
f 1821/1821/1832 1822/1822/1833 1811/1811/1822
f 1823/1823/1834 1811/1811/1822 1822/1822/1833
f 1810/1810/1821 1811/1811/1822 1823/1823/1834
f 1823/1823/1834 1822/1822/1833 1824/1824/1835
f 1824/1824/1835 1810/1810/1821 1823/1823/1834
f 1810/1810/1821 1824/1824/1835 1825/1825/1836
f 1825/1825/1836 1797/1797/1808 1810/1810/1821
f 1797/1797/1808 1825/1825/1836 1826/1826/1837
f 1826/1826/1837 1796/1796/1807 1797/1797/1808
f 1817/1817/1828 1816/1816/1827 1827/1827/1838
f 1827/1827/1838 1828/1828/1839 1817/1817/1828
f 1818/1818/1829 1817/1817/1828 1828/1828/1839
f 1828/1828/1839 1827/1827/1838 1829/1829/1840
f 1829/1829/1840 1830/1830/1841 1828/1828/1839
f 1831/1831/1842 1828/1828/1839 1830/1830/1841
f 1830/1830/1841 1832/1832/1843 1831/1831/1842
f 1828/1828/1839 1831/1831/1842 1833/1833/1844
f 1833/1833/1844 1834/1834/1845 1828/1828/1839
f 1818/1818/1829 1828/1828/1839 1834/1834/1845
f 1834/1834/1845 1835/1835/1846 1818/1818/1829
f 1819/1819/1830 1818/1818/1829 1835/1835/1846
f 1835/1835/1846 1836/1836/1847 1819/1819/1830
f 1820/1820/1831 1819/1819/1830 1836/1836/1847
f 1836/1836/1847 1837/1837/1848 1820/1820/1831
f 1821/1821/1832 1820/1820/1831 1837/1837/1848
f 1837/1837/1848 1838/1838/1849 1821/1821/1832
f 1822/1822/1833 1821/1821/1832 1838/1838/1849
f 1838/1838/1849 1839/1839/1850 1822/1822/1833
f 1824/1824/1835 1822/1822/1833 1839/1839/1850
f 1840/1840/1851 1839/1839/1850 1838/1838/1849
f 1838/1838/1849 1841/1841/1852 1840/1840/1851
f 1842/1842/1853 1841/1841/1852 1838/1838/1849
f 1838/1838/1849 1837/1837/1848 1842/1842/1853
f 1836/1836/1847 1842/1842/1853 1837/1837/1848
f 1843/1843/1854 1842/1842/1853 1836/1836/1847
f 1836/1836/1847 1835/1835/1846 1843/1843/1854
f 1844/1844/1855 1843/1843/1854 1835/1835/1846
f 1835/1835/1846 1834/1834/1845 1844/1844/1855
f 1833/1833/1844 1844/1844/1855 1834/1834/1845
f 1845/1845/1856 1844/1844/1855 1833/1833/1844
f 1833/1833/1844 1846/1846/1857 1845/1845/1856
f 1846/1846/1857 1833/1833/1844 1831/1831/1842
f 1831/1831/1842 1847/1847/1858 1846/1846/1857
f 1847/1847/1858 1831/1831/1842 1832/1832/1843
f 1832/1832/1843 1848/1848/1859 1847/1847/1858
f 1849/1849/1860 1847/1847/1858 1848/1848/1859
f 1847/1847/1858 1849/1849/1860 1850/1850/1861
f 1850/1850/1861 1846/1846/1857 1847/1847/1858
f 1846/1846/1857 1850/1850/1861 1851/1851/1862
f 1851/1851/1862 1845/1845/1856 1846/1846/1857
f 1845/1845/1856 1851/1851/1862 1852/1852/1863
f 1852/1852/1863 1853/1853/1864 1845/1845/1856
f 1844/1844/1855 1845/1845/1856 1853/1853/1864
f 1853/1853/1864 1843/1843/1854 1844/1844/1855
f 1843/1843/1854 1853/1853/1864 1854/1854/1865
f 1854/1854/1865 1842/1842/1853 1843/1843/1854
f 1842/1842/1853 1854/1854/1865 1855/1855/1866
f 1855/1855/1866 1841/1841/1852 1842/1842/1853
f 1841/1841/1852 1855/1855/1866 1856/1856/1867
f 1856/1856/1867 1840/1840/1851 1841/1841/1852
f 1857/1857/1868 1856/1856/1867 1855/1855/1866
f 1855/1855/1866 1858/1858/1869 1857/1857/1868
f 1859/1859/1870 1858/1858/1869 1855/1855/1866
f 1855/1855/1866 1854/1854/1865 1859/1859/1870
f 1853/1853/1864 1859/1859/1870 1854/1854/1865
f 1859/1859/1870 1853/1853/1864 1852/1852/1863
f 1852/1852/1863 1860/1860/1871 1859/1859/1870
f 1858/1858/1869 1859/1859/1870 1860/1860/1871
f 1861/1861/1872 1860/1860/1871 1852/1852/1863
f 1852/1852/1863 1851/1851/1862 1861/1861/1872
f 1862/1862/1873 1861/1861/1872 1851/1851/1862
f 1851/1851/1862 1850/1850/1861 1862/1862/1873
f 1863/1863/1874 1862/1862/1873 1850/1850/1861
f 1850/1850/1861 1849/1849/1860 1863/1863/1874
f 1864/1864/1875 1863/1863/1874 1849/1849/1860
f 1849/1849/1860 1865/1865/1876 1864/1864/1875
f 1865/1865/1876 1849/1849/1860 1848/1848/1859
f 1864/1864/1875 1865/1865/1876 1866/1866/1877
f 1866/1866/1877 1867/1867/1878 1864/1864/1875
f 1863/1863/1874 1864/1864/1875 1867/1867/1878
f 1867/1867/1878 1868/1868/1879 1863/1863/1874
f 1862/1862/1873 1863/1863/1874 1868/1868/1879
f 1868/1868/1879 1869/1869/1880 1862/1862/1873
f 1861/1861/1872 1862/1862/1873 1869/1869/1880
f 1869/1869/1880 1870/1870/1881 1861/1861/1872
f 1860/1860/1871 1861/1861/1872 1870/1870/1881
f 1870/1870/1881 1871/1871/1882 1860/1860/1871
f 1872/1872/1883 1860/1860/1871 1871/1871/1882
f 1858/1858/1869 1860/1860/1871 1872/1872/1883
f 1872/1872/1883 1873/1873/1884 1858/1858/1869
f 1857/1857/1868 1858/1858/1869 1873/1873/1884
f 1874/1874/1885 1873/1873/1884 1872/1872/1883
f 1872/1872/1883 1871/1871/1882 1874/1874/1885
f 1875/1875/1886 1874/1874/1885 1871/1871/1882
f 1871/1871/1882 1876/1876/1887 1875/1875/1886
f 1876/1876/1887 1871/1871/1882 1870/1870/1881
f 1870/1870/1881 1877/1877/1888 1876/1876/1887
f 1877/1877/1888 1870/1870/1881 1869/1869/1880
f 1869/1869/1880 1878/1878/1889 1877/1877/1888
f 1878/1878/1889 1869/1869/1880 1868/1868/1879
f 1868/1868/1879 1879/1879/1890 1878/1878/1889
f 1879/1879/1890 1868/1868/1879 1867/1867/1878
f 1867/1867/1878 1880/1880/1891 1879/1879/1890
f 1881/1881/1892 1880/1880/1891 1867/1867/1878
f 1867/1867/1878 1866/1866/1877 1881/1881/1892
f 1882/1882/1893 1881/1881/1892 1866/1866/1877
f 1866/1866/1877 1865/1865/1876 1882/1882/1893
f 1881/1881/1892 1882/1882/1893 1883/1883/1894
f 1883/1883/1894 1884/1884/1895 1881/1881/1892
f 1885/1885/1896 1881/1881/1892 1884/1884/1895
f 1881/1881/1892 1885/1885/1896 1886/1886/1897
f 1886/1886/1897 1880/1880/1891 1881/1881/1892
f 1880/1880/1891 1886/1886/1897 1887/1887/1898
f 1887/1887/1898 1879/1879/1890 1880/1880/1891
f 1879/1879/1890 1887/1887/1898 1888/1888/1899
f 1888/1888/1899 1878/1878/1889 1879/1879/1890
f 1878/1878/1889 1888/1888/1899 1889/1889/1900
f 1889/1889/1900 1877/1877/1888 1878/1878/1889
f 1877/1877/1888 1889/1889/1900 1890/1890/1901
f 1890/1890/1901 1876/1876/1887 1877/1877/1888
f 1876/1876/1887 1890/1890/1901 1891/1891/1902
f 1891/1891/1902 1875/1875/1886 1876/1876/1887
f 1892/1892/1903 1891/1891/1902 1890/1890/1901
f 1890/1890/1901 1893/1893/1904 1892/1892/1903
f 1894/1894/1905 1893/1893/1904 1890/1890/1901
f 1890/1890/1901 1889/1889/1900 1894/1894/1905
f 1895/1895/1906 1894/1894/1905 1889/1889/1900
f 1889/1889/1900 1888/1888/1899 1895/1895/1906
f 1896/1896/1907 1895/1895/1906 1888/1888/1899
f 1888/1888/1899 1887/1887/1898 1896/1896/1907
f 1897/1897/1908 1896/1896/1907 1887/1887/1898
f 1887/1887/1898 1886/1886/1897 1897/1897/1908
f 1898/1898/1909 1897/1897/1908 1886/1886/1897
f 1886/1886/1897 1899/1899/1910 1898/1898/1909
f 1899/1899/1910 1886/1886/1897 1885/1885/1896
f 1885/1885/1896 1900/1900/1911 1899/1899/1910
f 1900/1900/1911 1885/1885/1896 1884/1884/1895
f 1899/1899/1910 1900/1900/1911 1901/1901/1912
f 1901/1901/1912 1902/1902/1913 1899/1899/1910
f 1898/1898/1909 1899/1899/1910 1902/1902/1913
f 1902/1902/1913 1903/1903/1914 1898/1898/1909
f 1897/1897/1908 1898/1898/1909 1903/1903/1914
f 1903/1903/1914 1904/1904/1915 1897/1897/1908
f 1896/1896/1907 1897/1897/1908 1904/1904/1915
f 1904/1904/1915 1905/1905/1916 1896/1896/1907
f 1895/1895/1906 1896/1896/1907 1905/1905/1916
f 1905/1905/1916 1906/1906/1917 1895/1895/1906
f 1894/1894/1905 1895/1895/1906 1906/1906/1917
f 1906/1906/1917 1893/1893/1904 1894/1894/1905
f 1907/1907/1918 1893/1893/1904 1906/1906/1917
f 1906/1906/1917 1908/1908/1919 1907/1907/1918
f 1909/1909/1920 1908/1908/1919 1906/1906/1917
f 1906/1906/1917 1910/1910/1921 1909/1909/1920
f 1910/1910/1921 1906/1906/1917 1905/1905/1916
f 1905/1905/1916 1904/1904/1915 1910/1910/1921
f 1911/1911/1922 1910/1910/1921 1904/1904/1915
f 1904/1904/1915 1903/1903/1914 1911/1911/1922
f 1912/1912/1923 1911/1911/1922 1903/1903/1914
f 1903/1903/1914 1902/1902/1913 1912/1912/1923
f 1913/1913/1924 1912/1912/1923 1902/1902/1913
f 1902/1902/1913 1914/1914/1925 1913/1913/1924
f 1914/1914/1925 1902/1902/1913 1901/1901/1912
f 1901/1901/1912 1915/1915/1926 1914/1914/1925
f 1916/1916/1927 1915/1915/1926 1901/1901/1912
f 1901/1901/1912 1900/1900/1911 1916/1916/1927
f 1917/1917/1928 1914/1914/1925 1915/1915/1926
f 1915/1915/1926 1918/1918/1929 1917/1917/1928
f 1914/1914/1925 1917/1917/1928 1919/1919/1930
f 1919/1919/1930 1913/1913/1924 1914/1914/1925
f 1913/1913/1924 1919/1919/1930 1920/1920/1931
f 1920/1920/1931 1912/1912/1923 1913/1913/1924
f 1912/1912/1923 1920/1920/1931 1921/1921/1932
f 1921/1921/1932 1911/1911/1922 1912/1912/1923
f 1911/1911/1922 1921/1921/1932 1922/1922/1933
f 1922/1922/1933 1910/1910/1921 1911/1911/1922
f 1909/1909/1920 1910/1910/1921 1922/1922/1933
f 1922/1922/1933 1923/1923/1934 1909/1909/1920
f 1908/1908/1919 1909/1909/1920 1923/1923/1934
f 1923/1923/1934 1924/1924/1935 1908/1908/1919
f 1925/1925/1936 1924/1924/1935 1923/1923/1934
f 1923/1923/1934 1926/1926/1937 1925/1925/1936
f 1926/1926/1937 1923/1923/1934 1922/1922/1933
f 1922/1922/1933 1921/1921/1932 1926/1926/1937
f 1927/1927/1938 1926/1926/1937 1921/1921/1932
f 1921/1921/1932 1920/1920/1931 1927/1927/1938
f 1928/1928/1939 1927/1927/1938 1920/1920/1931
f 1920/1920/1931 1919/1919/1930 1928/1928/1939
f 1929/1929/1940 1928/1928/1939 1919/1919/1930
f 1919/1919/1930 1917/1917/1928 1929/1929/1940
f 1930/1930/1941 1929/1929/1940 1917/1917/1928
f 1917/1917/1928 1918/1918/1929 1930/1930/1941
f 1931/1931/1942 1930/1930/1941 1918/1918/1929
f 1930/1930/1941 1931/1931/1942 1932/1932/1943
f 1932/1932/1943 1933/1933/1944 1930/1930/1941
f 1934/1934/1945 1930/1930/1941 1933/1933/1944
f 1929/1929/1940 1930/1930/1941 1934/1934/1945
f 1934/1934/1945 1935/1935/1946 1929/1929/1940
f 1928/1928/1939 1929/1929/1940 1935/1935/1946
f 1935/1935/1946 1936/1936/1947 1928/1928/1939
f 1927/1927/1938 1928/1928/1939 1936/1936/1947
f 1936/1936/1947 1937/1937/1948 1927/1927/1938
f 1926/1926/1937 1927/1927/1938 1937/1937/1948
f 1937/1937/1948 1938/1938/1949 1926/1926/1937
f 1925/1925/1936 1926/1926/1937 1938/1938/1949
f 1938/1938/1949 1939/1939/1950 1925/1925/1936
f 1924/1924/1935 1925/1925/1936 1939/1939/1950
f 1939/1939/1950 1938/1938/1949 1940/1940/1951
f 1941/1941/1952 1762/1762/1773 1763/1763/1774
f 1763/1763/1774 1942/1942/1953 1941/1941/1952
f 1943/1943/1954 1942/1942/1953 1763/1763/1774
f 1763/1763/1774 1764/1764/1775 1943/1943/1954
f 1944/1944/1955 1942/1942/1953 1943/1943/1954
f 1943/1943/1954 1945/1945/1956 1944/1944/1955
f 1946/1946/1957 1945/1945/1956 1943/1943/1954
f 1943/1943/1954 1764/1764/1775 1946/1946/1957
f 1947/1947/1958 1945/1945/1956 1946/1946/1957
f 1946/1946/1957 1948/1948/1959 1947/1947/1958
f 1949/1949/1960 1948/1948/1959 1946/1946/1957
f 1946/1946/1957 1764/1764/1775 1949/1949/1960
f 1765/1765/1776 1949/1949/1960 1764/1764/1775
f 1949/1949/1960 1765/1765/1776 1950/1950/1961
f 1950/1950/1961 1948/1948/1959 1949/1949/1960
f 1951/1951/1962 1948/1948/1959 1950/1950/1961
f 1950/1950/1961 1952/1952/1963 1951/1951/1962
f 1953/1953/1964 1952/1952/1963 1950/1950/1961
f 1950/1950/1961 1766/1766/1777 1953/1953/1964
f 1765/1765/1776 1766/1766/1777 1950/1950/1961
f 1953/1953/1964 1766/1766/1777 1767/1767/1778
f 1767/1767/1778 1768/1768/1779 1953/1953/1964
f 1954/1954/1965 1953/1953/1964 1768/1768/1779
f 1952/1952/1963 1953/1953/1964 1954/1954/1965
f 1954/1954/1965 1955/1955/1966 1952/1952/1963
f 1793/1793/1804 1955/1955/1966 1954/1954/1965
f 1954/1954/1965 1768/1768/1779 1793/1793/1804
f 1794/1794/1805 1955/1955/1966 1793/1793/1804
f 1956/1956/1967 1958/1957/1968 1957/1958/1969
f 1957/1958/1969 1959/1959/1970 1956/1956/1967
f 1960/1960/1971 1956/1956/1967 1959/1959/1970
f 1961/1961/1972 1959/1959/1970 1957/1958/1969
f 1962/1962/1973 1960/1960/1971 1959/1959/1970
f 1959/1959/1970 1963/1963/1974 1962/1962/1973
f 1963/1963/1974 1959/1959/1970 1961/1961/1972
f 1961/1961/1972 1964/1964/1975 1963/1963/1974
f 1965/1965/1976 1963/1963/1974 1964/1964/1975
f 1963/1963/1974 1965/1965/1976 1966/1966/1977
f 1966/1966/1977 1967/1967/1978 1963/1963/1974
f 1962/1962/1973 1963/1963/1974 1967/1967/1978
f 1967/1967/1978 1966/1966/1977 1968/1968/1979
f 1968/1968/1979 1969/1969/1980 1967/1967/1978
f 1962/1962/1973 1967/1967/1978 1969/1969/1980
f 1969/1969/1980 1970/1970/1981 1962/1962/1973
f 1971/1971/1982 1962/1962/1973 1970/1970/1981
f 1960/1960/1971 1962/1962/1973 1971/1971/1982
f 1972/1972/1983 1968/1968/1979 1966/1966/1977
f 1966/1966/1977 1973/1973/1984 1972/1972/1983
f 1973/1973/1984 1966/1966/1977 1965/1965/1976
f 1965/1965/1976 1974/1974/1985 1973/1973/1984
f 1974/1974/1985 1965/1965/1976 1964/1964/1975
f 1964/1964/1975 1975/1975/1986 1974/1974/1985
f 1976/1976/1987 1974/1974/1985 1975/1975/1986
f 1974/1974/1985 1976/1976/1987 1977/1977/1988
f 1977/1977/1988 1973/1973/1984 1974/1974/1985
f 1973/1973/1984 1977/1977/1988 1978/1978/1989
f 1978/1978/1989 1972/1972/1983 1973/1973/1984
f 1979/1979/1990 1972/1972/1983 1978/1978/1989
f 1978/1978/1989 1980/1980/1991 1979/1979/1990
f 1980/1980/1991 1978/1978/1989 1977/1977/1988
f 1977/1977/1988 1981/1981/1992 1980/1980/1991
f 1981/1981/1992 1977/1977/1988 1976/1976/1987
f 1976/1976/1987 1982/1982/1993 1981/1981/1992
f 1983/1983/1994 1981/1981/1992 1982/1982/1993
f 1980/1980/1991 1981/1981/1992 1983/1983/1994
f 1983/1983/1994 1982/1982/1993 1984/1984/1995
f 1984/1984/1995 1985/1985/1996 1983/1983/1994
f 1986/1986/1997 1983/1983/1994 1985/1985/1996
f 1983/1983/1994 1986/1986/1997 1987/1987/1998
f 1987/1987/1998 1980/1980/1991 1983/1983/1994
f 1980/1980/1991 1987/1987/1998 1988/1988/1999
f 1988/1988/1999 1979/1979/1990 1980/1980/1991
f 1989/1989/2000 1988/1988/1999 1987/1987/1998
f 1987/1987/1998 1986/1986/1997 1989/1989/2000
f 1990/1990/2001 1989/1989/2000 1986/1986/1997
f 1986/1986/1997 1985/1985/1996 1990/1990/2001
f 1991/1991/2002 1990/1990/2001 1985/1985/1996
f 1990/1990/2001 1991/1991/2002 1992/1992/2003
f 1992/1992/2003 1993/1993/2004 1990/1990/2001
f 1994/1994/2005 1990/1990/2001 1993/1993/2004
f 1989/1989/2000 1990/1990/2001 1994/1994/2005
f 1994/1994/2005 1995/1995/2006 1989/1989/2000
f 1988/1988/1999 1989/1989/2000 1995/1995/2006
f 1996/1996/2007 1995/1995/2006 1994/1994/2005
f 1994/1994/2005 1993/1993/2004 1996/1996/2007
f 1997/1997/2008 1996/1996/2007 1993/1993/2004
f 1993/1993/2004 1992/1992/2003 1997/1997/2008
f 1998/1998/2009 1997/1997/2008 1992/1992/2003
f 1997/1997/2008 1998/1998/2009 1999/1999/2010
f 1999/1999/2010 2000/2000/2011 1997/1997/2008
f 2001/2001/2012 1997/1997/2008 2000/2000/2011
f 1997/1997/2008 2001/2001/2012 2002/2002/2013
f 2002/2002/2013 1996/1996/2007 1997/1997/2008
f 1996/1996/2007 2002/2002/2013 2003/2003/2014
f 2003/2003/2014 1995/1995/2006 1996/1996/2007
f 2004/2004/2015 2003/2003/2014 2002/2002/2013
f 2002/2002/2013 2001/2001/2012 2004/2004/2015
f 2005/2005/2016 2004/2004/2015 2001/2001/2012
f 2001/2001/2012 2006/2006/2017 2005/2005/2016
f 2006/2006/2017 2001/2001/2012 2000/2000/2011
f 2000/2000/2011 2007/2007/2018 2006/2006/2017
f 2007/2007/2018 2000/2000/2011 1999/1999/2010
f 1999/1999/2010 2008/2008/2019 2007/2007/2018
f 2009/2009/2020 2007/2007/2018 2008/2008/2019
f 2007/2007/2018 2009/2009/2020 2010/2010/2021
f 2010/2010/2021 2006/2006/2017 2007/2007/2018
f 2006/2006/2017 2010/2010/2021 2011/2011/2022
f 2011/2011/2022 2005/2005/2016 2006/2006/2017
f 2012/2012/2023 2005/2005/2016 2011/2011/2022
f 2011/2011/2022 2013/2013/2024 2012/2012/2023
f 2014/2014/2025 2013/2013/2024 2011/2011/2022
f 2011/2011/2022 2015/2015/2026 2014/2014/2025
f 2015/2015/2026 2011/2011/2022 2010/2010/2021
f 2010/2010/2021 2009/2009/2020 2015/2015/2026
f 2016/2016/2027 2015/2015/2026 2009/2009/2020
f 2015/2015/2026 2016/2016/2027 2017/2017/2028
f 2017/2017/2028 2014/2014/2025 2015/2015/2026
f 2014/2014/2025 2017/2017/2028 2018/2018/2029
f 2018/2018/2029 2013/2013/2024 2014/2014/2025
f 2019/2019/2030 2013/2013/2024 2018/2018/2029
f 2018/2018/2029 2020/2020/2031 2019/2019/2030
f 2021/2021/2032 2020/2020/2031 2018/2018/2029
f 2018/2018/2029 2022/2022/2033 2021/2021/2032
f 2022/2022/2033 2018/2018/2029 2017/2017/2028
f 2017/2017/2028 2023/2023/2034 2022/2022/2033
f 2024/2024/2035 2023/2023/2034 2017/2017/2028
f 2017/2017/2028 2016/2016/2027 2024/2024/2035
f 2025/2025/2036 2022/2022/2033 2023/2023/2034
f 2023/2023/2034 2026/2026/2037 2025/2025/2036
f 2021/2021/2032 2022/2022/2033 2025/2025/2036
f 2025/2025/2036 2027/2027/2038 2021/2021/2032
f 2020/2020/2031 2021/2021/2032 2027/2027/2038
f 2028/2028/2039 2027/2027/2038 2025/2025/2036
f 2025/2025/2036 2026/2026/2037 2028/2028/2039
f 2027/2027/2038 2028/2028/2039 2029/2029/2040
f 2029/2029/2040 2020/2020/2031 2027/2027/2038
f 2030/2030/2041 2020/2020/2031 2029/2029/2040
f 2029/2029/2040 2031/2031/2042 2030/2030/2041
f 2032/2032/2043 2031/2031/2042 2029/2029/2040
f 2029/2029/2040 2028/2028/2039 2032/2032/2043
f 2033/2033/2044 2032/2032/2043 2028/2028/2039
f 2028/2028/2039 2034/2034/2045 2033/2033/2044
f 2026/2026/2037 2034/2034/2045 2028/2028/2039
f 2035/2035/2046 2032/2032/2043 2033/2033/2044
f 2033/2033/2044 2036/2036/2047 2035/2035/2046
f 2031/2031/2042 2032/2032/2043 2035/2035/2046
f 2037/2037/2048 2035/2035/2046 2036/2036/2047
f 2031/2031/2042 2035/2035/2046 2038/2038/2049
f 2038/2038/2049 2039/2039/2050 2031/2031/2042
f 2030/2030/2041 2031/2031/2042 2039/2039/2050
f 2040/2040/2051 2039/2039/2050 2038/2038/2049
f 2038/2038/2049 2041/2041/2052 2040/2040/2051
f 2042/2042/2053 2041/2041/2052 2038/2038/2049
f 2038/2038/2049 2043/2043/2054 2042/2042/2053
f 2043/2043/2054 2038/2038/2049 2035/2035/2046
f 2035/2035/2046 2037/2037/2048 2043/2043/2054
f 2044/2044/2055 2043/2043/2054 2037/2037/2048
f 2037/2037/2048 2045/2045/2056 2044/2044/2055
f 2043/2043/2054 2044/2044/2055 2046/2046/2057
f 2046/2046/2057 2042/2042/2053 2043/2043/2054
f 2041/2041/2052 2042/2042/2053 2046/2046/2057
f 2046/2046/2057 2047/2047/2058 2041/2041/2052
f 2048/2048/2059 2047/2047/2058 2046/2046/2057
f 2046/2046/2057 2049/2049/2060 2048/2048/2059
f 2050/2050/2061 2049/2049/2060 2046/2046/2057
f 2046/2046/2057 2044/2044/2055 2050/2050/2061
f 2051/2051/2062 2050/2050/2061 2044/2044/2055
f 2044/2044/2055 2045/2045/2056 2051/2051/2062
f 2050/2050/2061 2051/2051/2062 2052/2052/2063
f 2052/2052/2063 2053/2053/2064 2050/2050/2061
f 2049/2049/2060 2050/2050/2061 2053/2053/2064
f 2053/2053/2064 2054/2054/2065 2049/2049/2060
f 2048/2048/2059 2049/2049/2060 2054/2054/2065
f 2055/2055/2066 2054/2054/2065 2053/2053/2064
f 2053/2053/2064 2056/2056/2067 2055/2055/2066
f 2056/2056/2067 2053/2053/2064 2052/2052/2063
f 2052/2052/2063 2057/2057/2068 2056/2056/2067
f 2051/2051/2062 2057/2057/2068 2052/2052/2063
f 2056/2056/2067 2057/2057/2068 2058/2058/2069
f 2058/2058/2069 2059/2059/2070 2056/2056/2067
f 2055/2055/2066 2056/2056/2067 2059/2059/2070
f 2059/2059/2070 2058/2058/2069 2060/2060/2071
f 2060/2060/2071 2061/2061/2072 2059/2059/2070
f 2062/2062/2073 2059/2059/2070 2061/2061/2072
f 2059/2059/2070 2062/2062/2073 2063/2063/2074
f 2063/2063/2074 2055/2055/2066 2059/2059/2070
f 2055/2055/2066 2063/2063/2074 2064/2064/2075
f 2064/2064/2075 2054/2054/2065 2055/2055/2066
f 2065/2065/2076 2064/2064/2075 2063/2063/2074
f 2063/2063/2074 2066/2066/2077 2065/2065/2076
f 2067/2067/2078 2066/2066/2077 2063/2063/2074
f 2063/2063/2074 2062/2062/2073 2067/2067/2078
f 2068/2068/2079 2067/2067/2078 2062/2062/2073
f 2062/2062/2073 2069/2069/2080 2068/2068/2079
f 2069/2069/2080 2062/2062/2073 2061/2061/2072
f 2067/2067/2078 2068/2068/2079 2070/2070/2081
f 2070/2070/2081 2066/2066/2077 2067/2067/2078
f 2066/2066/2077 2070/2070/2081 2071/2071/2082
f 2072/2072/2083 2074/2073/2084 2073/2074/2085
f 2073/2074/2085 2075/2075/2086 2072/2072/2083
f 2076/2076/2087 2072/2072/2083 2075/2075/2086
f 2077/2077/2088 2075/2075/2086 2073/2074/2085
f 2078/2078/2089 2076/2076/2087 2075/2075/2086
f 2075/2075/2086 2077/2077/2088 2079/2079/2090
f 2079/2079/2090 2078/2078/2089 2075/2075/2086
f 2079/2079/2090 2077/2077/2088 2080/2080/2091
f 2080/2080/2091 2081/2081/2092 2079/2079/2090
f 2082/2082/2093 2079/2079/2090 2081/2081/2092
f 2078/2078/2089 2079/2079/2090 2082/2082/2093
f 2082/2082/2093 2083/2083/2094 2078/2078/2089
f 2084/2084/2095 2078/2078/2089 2083/2083/2094
f 2076/2076/2087 2078/2078/2089 2084/2084/2095
f 2085/2085/2096 2083/2083/2094 2082/2082/2093
f 2082/2082/2093 2086/2086/2097 2085/2085/2096
f 2086/2086/2097 2082/2082/2093 2081/2081/2092
f 2081/2081/2092 2087/2087/2098 2086/2086/2097
f 2087/2087/2098 2081/2081/2092 2080/2080/2091
f 2080/2080/2091 2088/2088/2099 2087/2087/2098
f 2089/2089/2100 2087/2087/2098 2088/2088/2099
f 2088/2088/2099 2090/2090/2101 2089/2089/2100
f 2087/2087/2098 2089/2089/2100 2091/2091/2102
f 2091/2091/2102 2092/2092/2103 2087/2087/2098
f 2086/2086/2097 2087/2087/2098 2092/2092/2103
f 2092/2092/2103 2091/2091/2102 2093/2093/2104
f 2093/2093/2104 2086/2086/2097 2092/2092/2103
f 2086/2086/2097 2093/2093/2104 2094/2094/2105
f 2094/2094/2105 2085/2085/2096 2086/2086/2097
f 2095/2095/2106 2093/2093/2104 2091/2091/2102
f 2091/2091/2102 2096/2096/2107 2095/2095/2106
f 2096/2096/2107 2091/2091/2102 2089/2089/2100
f 2089/2089/2100 2097/2097/2108 2096/2096/2107
f 2097/2097/2108 2089/2089/2100 2090/2090/2101
f 2090/2090/2101 2098/2098/2109 2097/2097/2108
f 2099/2099/2110 2097/2097/2108 2098/2098/2109
f 2097/2097/2108 2099/2099/2110 2100/2100/2111
f 2100/2100/2111 2096/2096/2107 2097/2097/2108
f 2101/2101/2112 2100/2100/2111 2099/2099/2110
f 2099/2099/2110 2098/2098/2109 2101/2101/2112
f 2102/2102/2113 2101/2101/2112 2098/2098/2109
f 2101/2101/2112 2102/2102/2113 2103/2103/2114
f 2103/2103/2114 2104/2104/2115 2101/2101/2112
f 2105/2105/2116 2101/2101/2112 2104/2104/2115
f 2101/2101/2112 2105/2105/2116 2106/2106/2117
f 2106/2106/2117 2100/2100/2111 2101/2101/2112
f 2100/2100/2111 2106/2106/2117 2107/2107/2118
f 2107/2107/2118 2096/2096/2107 2100/2100/2111
f 2096/2096/2107 2107/2107/2118 2108/2108/2119
f 2108/2108/2119 2095/2095/2106 2096/2096/2107
f 2109/2109/2120 2107/2107/2118 2106/2106/2117
f 2106/2106/2117 2110/2110/2121 2109/2109/2120
f 2110/2110/2121 2106/2106/2117 2105/2105/2116
f 2105/2105/2116 2111/2111/2122 2110/2110/2121
f 2112/2112/2123 2111/2111/2122 2105/2105/2116
f 2105/2105/2116 2104/2104/2115 2112/2112/2123
f 2103/2103/2114 2112/2112/2123 2104/2104/2115
f 2112/2112/2123 2103/2103/2114 2113/2113/2124
f 2113/2113/2124 2114/2114/2125 2112/2112/2123
f 2111/2111/2122 2112/2112/2123 2114/2114/2125
f 2114/2114/2125 2113/2113/2124 2115/2115/2126
f 2115/2115/2126 2116/2116/2127 2114/2114/2125
f 2117/2117/2128 2114/2114/2125 2116/2116/2127
f 2114/2114/2125 2117/2117/2128 2118/2118/2129
f 2118/2118/2129 2111/2111/2122 2114/2114/2125
f 2111/2111/2122 2118/2118/2129 2119/2119/2130
f 2119/2119/2130 2120/2120/2131 2111/2111/2122
f 2110/2110/2121 2111/2111/2122 2120/2120/2131
f 2121/2121/2132 2119/2119/2130 2118/2118/2129
f 2118/2118/2129 2122/2122/2133 2121/2121/2132
f 2122/2122/2133 2118/2118/2129 2117/2117/2128
f 2117/2117/2128 2123/2123/2134 2122/2122/2133
f 2124/2124/2135 2123/2123/2134 2117/2117/2128
f 2117/2117/2128 2116/2116/2127 2124/2124/2135
f 2123/2123/2134 2124/2124/2135 2125/2125/2136
f 2125/2125/2136 2126/2126/2137 2123/2123/2134
f 2122/2122/2133 2123/2123/2134 2126/2126/2137
f 2126/2126/2137 2121/2121/2132 2122/2122/2133
f 2127/2127/2138 2121/2121/2132 2126/2126/2137
f 2126/2126/2137 2128/2128/2139 2127/2127/2138
f 2129/2129/2140 2128/2128/2139 2126/2126/2137
f 2126/2126/2137 2125/2125/2136 2129/2129/2140
f 2130/2130/2141 2129/2129/2140 2125/2125/2136
f 2129/2129/2140 2130/2130/2141 2131/2131/2142
f 2131/2131/2142 2128/2128/2139 2129/2129/2140
f 2132/2132/2143 2128/2128/2139 2131/2131/2142
f 2131/2131/2142 2133/2133/2144 2132/2132/2143
f 2134/2134/2145 2133/2133/2144 2131/2131/2142
f 2131/2131/2142 2135/2135/2146 2134/2134/2145
f 2135/2135/2146 2131/2131/2142 2130/2130/2141
f 2130/2130/2141 2136/2136/2147 2135/2135/2146
f 2136/2136/2147 2130/2130/2141 2125/2125/2136
f 2125/2125/2136 2137/2137/2148 2136/2136/2147
f 2124/2124/2135 2137/2137/2148 2125/2125/2136
f 2135/2135/2146 2136/2136/2147 2138/2138/2149
f 2138/2138/2149 2139/2139/2150 2135/2135/2146
f 2134/2134/2145 2135/2135/2146 2139/2139/2150
f 2139/2139/2150 2140/2140/2151 2134/2134/2145
f 2133/2133/2144 2134/2134/2145 2140/2140/2151
f 2140/2140/2151 2141/2141/2152 2133/2133/2144
f 2142/2142/2153 2141/2141/2152 2140/2140/2151
f 2140/2140/2151 2143/2143/2154 2142/2142/2153
f 2143/2143/2154 2140/2140/2151 2139/2139/2150
f 2139/2139/2150 2144/2144/2155 2143/2143/2154
f 2144/2144/2155 2139/2139/2150 2138/2138/2149
f 2138/2138/2149 2145/2145/2156 2144/2144/2155
f 2146/2146/2157 2144/2144/2155 2145/2145/2156
f 2144/2144/2155 2146/2146/2157 2147/2147/2158
f 2147/2147/2158 2148/2148/2159 2144/2144/2155
f 2143/2143/2154 2144/2144/2155 2148/2148/2159
f 2148/2148/2159 2149/2149/2160 2143/2143/2154
f 2150/2150/2161 2143/2143/2154 2149/2149/2160
f 2142/2142/2153 2143/2143/2154 2150/2150/2161
f 2151/2151/2162 2150/2150/2161 2149/2149/2160
f 2149/2149/2160 2152/2152/2163 2151/2151/2162
f 2152/2152/2163 2149/2149/2160 2148/2148/2159
f 2148/2148/2159 2147/2147/2158 2152/2152/2163
f 2153/2153/2164 2152/2152/2163 2147/2147/2158
f 2151/2151/2162 2152/2152/2163 2153/2153/2164
f 2153/2153/2164 2147/2147/2158 2154/2154/2165
f 2154/2154/2165 2155/2155/2166 2153/2153/2164
f 2156/2156/2167 2153/2153/2164 2155/2155/2166
f 2155/2155/2166 2157/2157/2168 2156/2156/2167
f 2153/2153/2164 2156/2156/2167 2158/2158/2169
f 2158/2158/2169 2159/2159/2170 2153/2153/2164
f 2151/2151/2162 2153/2153/2164 2159/2159/2170
f 2159/2159/2170 2160/2160/2171 2151/2151/2162
f 2161/2161/2172 2151/2151/2162 2160/2160/2171
f 2150/2150/2161 2151/2151/2162 2161/2161/2172
f 2162/2162/2173 2160/2160/2171 2159/2159/2170
f 2159/2159/2170 2158/2158/2169 2162/2162/2173
f 2163/2163/2174 2162/2162/2173 2158/2158/2169
f 2158/2158/2169 2164/2164/2175 2163/2163/2174
f 2165/2165/2176 2164/2164/2175 2158/2158/2169
f 2158/2158/2169 2156/2156/2167 2165/2165/2176
f 2157/2157/2168 2165/2165/2176 2156/2156/2167
f 2165/2165/2176 2157/2157/2168 2166/2166/2177
f 2166/2166/2177 2167/2167/2178 2165/2165/2176
f 2168/2168/2179 2165/2165/2176 2167/2167/2178
f 2164/2164/2175 2165/2165/2176 2168/2168/2179
f 2168/2168/2179 2163/2163/2174 2164/2164/2175
f 2169/2169/2180 2163/2163/2174 2168/2168/2179
f 2168/2168/2179 2170/2170/2181 2169/2169/2180
f 2171/2171/2182 2170/2170/2181 2168/2168/2179
f 2168/2168/2179 2167/2167/2178 2171/2171/2182
f 2172/2172/2183 2171/2171/2182 2167/2167/2178
f 2167/2167/2178 2166/2166/2177 2172/2172/2183
f 2171/2171/2182 2172/2172/2183 2173/2173/2184
f 2173/2173/2184 2170/2170/2181 2171/2171/2182
f 2173/2173/2184 2172/2172/2183 2174/2174/2185
f 2174/2174/2185 2175/2175/2186 2173/2173/2184
f 2176/2176/2187 2173/2173/2184 2175/2175/2186
f 2173/2173/2184 2176/2176/2187 2177/2177/2188
f 2177/2177/2188 2170/2170/2181 2173/2173/2184
f 2170/2170/2181 2177/2177/2188 2178/2178/2189
f 2178/2178/2189 2169/2169/2180 2170/2170/2181
f 2179/2179/2190 2178/2178/2189 2177/2177/2188
f 2177/2177/2188 2180/2180/2191 2179/2179/2190
f 2176/2176/2187 2180/2180/2191 2177/2177/2188
f 2181/2181/2192 2179/2179/2190 2180/2180/2191
f 2182/2182/2193 2184/2183/2194 2183/2184/2195
f 2183/2184/2195 2185/2185/2196 2182/2182/2193
f 2186/2186/2197 2182/2182/2193 2185/2185/2196
f 2185/2185/2196 2187/2187/2198 2186/2186/2197
f 2188/2188/2199 2187/2187/2198 2185/2185/2196
f 2185/2185/2196 2183/2184/2195 2188/2188/2199
f 2189/2189/2200 2188/2188/2199 2183/2184/2195
f 2190/2190/2201 2188/2188/2199 2189/2189/2200
f 2189/2189/2200 2191/2191/2202 2190/2190/2201
f 2192/2192/2203 2190/2190/2201 2191/2191/2202
f 2190/2190/2201 2192/2192/2203 2193/2193/2204
f 2193/2193/2204 2194/2194/2205 2190/2190/2201
f 2188/2188/2199 2190/2190/2201 2194/2194/2205
f 2194/2194/2205 2195/2195/2206 2188/2188/2199
f 2187/2187/2198 2188/2188/2199 2195/2195/2206
f 2195/2195/2206 2196/2196/2207 2187/2187/2198
f 2197/2197/2208 2196/2196/2207 2195/2195/2206
f 2195/2195/2206 2194/2194/2205 2197/2197/2208
f 2198/2198/2209 2197/2197/2208 2194/2194/2205
f 2194/2194/2205 2199/2199/2210 2198/2198/2209
f 2193/2193/2204 2199/2199/2210 2194/2194/2205
f 2200/2200/2211 2197/2197/2208 2198/2198/2209
f 2198/2198/2209 2201/2201/2212 2200/2200/2211
f 2196/2196/2207 2197/2197/2208 2200/2200/2211
f 2202/2202/2213 2200/2200/2211 2201/2201/2212
f 2203/2203/2214 2196/2196/2207 2200/2200/2211
f 2200/2200/2211 2204/2204/2215 2203/2203/2214
f 2202/2202/2213 2204/2204/2215 2200/2200/2211
f 2203/2203/2214 2204/2204/2215 2205/2205/2216
f 2205/2205/2216 2206/2206/2217 2203/2203/2214
f 2196/2196/2207 2203/2203/2214 2206/2206/2217
f 2206/2206/2217 2207/2207/2218 2196/2196/2207
f 2187/2187/2198 2196/2196/2207 2207/2207/2218
f 2207/2207/2218 2208/2208/2219 2187/2187/2198
f 2186/2186/2197 2187/2187/2198 2208/2208/2219
f 2208/2208/2219 2207/2207/2218 2206/2206/2217
f 2206/2206/2217 2209/2209/2220 2208/2208/2219
f 2210/2210/2221 2209/2209/2220 2206/2206/2217
f 2206/2206/2217 2211/2211/2222 2210/2210/2221
f 2205/2205/2216 2211/2211/2222 2206/2206/2217
f 2212/2212/2223 2210/2210/2221 2211/2211/2222
f 2211/2211/2222 2205/2205/2216 2213/2213/2224
f 2213/2213/2224 2212/2212/2223 2211/2211/2222
f 2214/2214/2225 2213/2213/2224 2205/2205/2216
f 2205/2205/2216 2204/2204/2215 2214/2214/2225
f 2215/2215/2226 2214/2214/2225 2204/2204/2215
f 2204/2204/2215 2202/2202/2213 2215/2215/2226
f 2216/2216/2227 2215/2215/2226 2202/2202/2213
f 2202/2202/2213 2217/2217/2228 2216/2216/2227
f 2215/2215/2226 2216/2216/2227 2218/2218/2229
f 2218/2218/2229 2214/2214/2225 2215/2215/2226
f 2214/2214/2225 2218/2218/2229 2219/2219/2230
f 2219/2219/2230 2213/2213/2224 2214/2214/2225
f 2212/2212/2223 2213/2213/2224 2219/2219/2230
f 2219/2219/2230 2220/2220/2231 2212/2212/2223
f 2221/2221/2232 2220/2220/2231 2219/2219/2230
f 2219/2219/2230 2222/2222/2233 2221/2221/2232
f 2223/2223/2234 2222/2222/2233 2219/2219/2230
f 2219/2219/2230 2218/2218/2229 2223/2223/2234
f 2224/2224/2235 2223/2223/2234 2218/2218/2229
f 2218/2218/2229 2216/2216/2227 2224/2224/2235
f 2225/2225/2236 2224/2224/2235 2216/2216/2227
f 2216/2216/2227 2217/2217/2228 2225/2225/2236
f 2224/2224/2235 2225/2225/2236 2226/2226/2237
f 2226/2226/2237 2223/2223/2234 2224/2224/2235
f 2227/2227/2238 2226/2226/2237 2225/2225/2236
f 2223/2223/2234 2226/2226/2237 2228/2228/2239
f 2228/2228/2239 2229/2229/2240 2223/2223/2234
f 2222/2222/2233 2223/2223/2234 2229/2229/2240
f 2229/2229/2240 2230/2230/2241 2222/2222/2233
f 2221/2221/2232 2222/2222/2233 2230/2230/2241
f 2231/2231/2242 2230/2230/2241 2229/2229/2240
f 2229/2229/2240 2232/2232/2243 2231/2231/2242
f 2233/2233/2244 2232/2232/2243 2229/2229/2240
f 2229/2229/2240 2228/2228/2239 2233/2233/2244
f 2234/2234/2245 2233/2233/2244 2228/2228/2239
f 2228/2228/2239 2226/2226/2237 2234/2234/2245
f 2227/2227/2238 2234/2234/2245 2226/2226/2237
f 2235/2235/2246 2234/2234/2245 2227/2227/2238
f 2227/2227/2238 2236/2236/2247 2235/2235/2246
f 2234/2234/2245 2235/2235/2246 2237/2237/2248
f 2237/2237/2248 2233/2233/2244 2234/2234/2245
f 2233/2233/2244 2237/2237/2248 2238/2238/2249
f 2238/2238/2249 2232/2232/2243 2233/2233/2244
f 2232/2232/2243 2238/2238/2249 2239/2239/2250
f 2239/2239/2250 2231/2231/2242 2232/2232/2243
f 2240/2240/2251 2239/2239/2250 2238/2238/2249
f 2238/2238/2249 2237/2237/2248 2240/2240/2251
f 2241/2241/2252 2240/2240/2251 2237/2237/2248
f 2237/2237/2248 2235/2235/2246 2241/2241/2252
f 2242/2242/2253 2241/2241/2252 2235/2235/2246
f 2235/2235/2246 2236/2236/2247 2242/2242/2253
f 2243/2243/2247 2242/2242/2253 2236/2236/2247
f 2242/2242/2253 2243/2243/2247 2244/2244/2254
f 2244/2244/2254 2241/2241/2252 2242/2242/2253
f 2241/2241/2252 2244/2244/2254 2245/2245/2255
f 2245/2245/2255 2246/2246/2256 2241/2241/2252
f 2240/2240/2251 2241/2241/2252 2246/2246/2256
f 2246/2246/2256 2247/2247/2257 2240/2240/2251
f 2248/2248/2258 2240/2240/2251 2247/2247/2257
f 2239/2239/2250 2240/2240/2251 2248/2248/2258
f 2249/2249/2259 2247/2247/2257 2246/2246/2256
f 2246/2246/2256 2250/2250/2260 2249/2249/2259
f 2251/2251/2261 2250/2250/2260 2246/2246/2256
f 2246/2246/2256 2245/2245/2255 2251/2251/2261
f 2252/2252/2262 2251/2251/2261 2245/2245/2255
f 2245/2245/2255 2244/2244/2254 2252/2252/2262
f 2243/2243/2247 2252/2252/2262 2244/2244/2254
f 2252/2252/2262 2243/2243/2247 2253/2253/2263
f 2253/2253/2263 2254/2254/2264 2252/2252/2262
f 2251/2251/2261 2252/2252/2262 2254/2254/2264
f 2254/2254/2264 2255/2255/2265 2251/2251/2261
f 2250/2250/2260 2251/2251/2261 2255/2255/2265
f 2256/2256/2266 2255/2255/2265 2254/2254/2264
f 2254/2254/2264 2253/2253/2263 2256/2256/2266
f 2257/2257/2263 2256/2256/2266 2253/2253/2263
f 2256/2256/2266 2257/2257/2263 2258/2258/2267
f 2258/2258/2267 2259/2259/2268 2256/2256/2266
f 2255/2255/2265 2256/2256/2266 2259/2259/2268
f 2259/2259/2268 2260/2260/2269 2255/2255/2265
f 2261/2261/2270 2255/2255/2265 2260/2260/2269
f 2250/2250/2260 2255/2255/2265 2261/2261/2270
f 2261/2261/2270 2262/2262/2271 2250/2250/2260
f 2249/2249/2259 2250/2250/2260 2262/2262/2271
f 2263/2263/2272 2262/2262/2271 2261/2261/2270
f 2261/2261/2270 2260/2260/2269 2263/2263/2272
f 2264/2264/2273 2263/2263/2272 2260/2260/2269
f 2260/2260/2269 2259/2259/2268 2264/2264/2273
f 2265/2265/2274 2264/2264/2273 2259/2259/2268
f 2259/2259/2268 2258/2258/2267 2265/2265/2274
f 2266/2266/2275 2265/2265/2274 2258/2258/2267
f 2258/2258/2267 2267/2267/2276 2266/2266/2275
f 2268/2268/2277 2267/2267/2276 2258/2258/2267
f 2258/2258/2267 2257/2257/2263 2268/2268/2277
f 2269/2269/2278 2266/2266/2275 2267/2267/2276
f 2267/2267/2276 2270/2270/2277 2269/2269/2278
f 2266/2266/2275 2269/2269/2278 2271/2271/2279
f 2271/2271/2279 2265/2265/2274 2266/2266/2275
f 2265/2265/2274 2271/2271/2279 2272/2272/2280
f 2272/2272/2280 2264/2264/2273 2265/2265/2274
f 2264/2264/2273 2272/2272/2280 2273/2273/2281
f 2273/2273/2281 2274/2274/2282 2264/2264/2273
f 2263/2263/2272 2264/2264/2273 2274/2274/2282
f 2273/2273/2281 2272/2272/2280 2275/2275/2283
f 2275/2275/2283 2276/2276/2284 2273/2273/2281
f 2275/2275/2283 2272/2272/2280 2271/2271/2279
f 2271/2271/2279 2277/2277/2285 2275/2275/2283
f 2269/2269/2278 2277/2277/2285 2271/2271/2279
f 2278/2278/2286 2275/2275/2283 2277/2277/2285
f 2277/2277/2285 2269/2269/2278 2279/2279/2287
f 2279/2279/2287 2278/2278/2286 2277/2277/2285
f 2280/2280/2288 2279/2279/2287 2269/2269/2278
f 2269/2269/2278 2281/2281/2289 2280/2280/2288
f 2281/2281/2289 2269/2269/2278 2270/2270/2277
f 2280/2280/2288 2281/2281/2289 2282/2282/2290
f 2282/2282/2290 2279/2279/2287 2280/2280/2288
f 2282/2282/2290 2281/2281/2289 2283/2283/2291
f 2283/2283/2291 2284/2284/2292 2282/2282/2290
f 2285/2285/2293 2282/2282/2290 2284/2284/2292
f 2284/2284/2292 2286/2286/2294 2285/2285/2293
f 2287/2287/2295 2285/2285/2293 2286/2286/2294
f 2285/2285/2293 2287/2287/2295 2288/2288/2296
f 2288/2288/2296 2289/2289/2297 2285/2285/2293
f 2282/2282/2290 2285/2285/2293 2289/2289/2297
f 2289/2289/2297 2290/2290/2298 2282/2282/2290
f 2279/2279/2287 2282/2282/2290 2290/2290/2298
f 2290/2290/2298 2291/2291/2299 2279/2279/2287
f 2278/2278/2286 2279/2279/2287 2291/2291/2299
f 2289/2289/2297 2291/2291/2299 2290/2290/2298
f 2278/2278/2286 2291/2291/2299 2292/2292/2300
f 2292/2292/2300 2293/2293/2301 2278/2278/2286
f 2275/2275/2283 2278/2278/2286 2293/2293/2301
f 2293/2293/2301 2276/2276/2284 2275/2275/2283
f 2291/2291/2299 2289/2289/2297 2294/2294/2302
f 2294/2294/2302 2292/2292/2300 2291/2291/2299
f 2295/2295/2303 2294/2294/2302 2289/2289/2297
f 2289/2289/2297 2288/2288/2296 2295/2295/2303
f 2294/2294/2302 2295/2295/2303 2296/2296/2304
f 2296/2296/2304 2292/2292/2300 2294/2294/2302
f 2296/2296/2304 2295/2295/2303 2297/2297/2305
f 2298/2298/2306 2300/2299/2307 2299/2300/2308
f 2299/2300/2308 2301/2301/2309 2298/2298/2306
f 2302/2302/2310 2298/2298/2306 2301/2301/2309
f 2298/2298/2306 2302/2302/2310 2303/2303/2311
f 2303/2303/2311 2300/2299/2307 2298/2298/2306
f 2304/2304/2312 2300/2299/2307 2303/2303/2311
f 2303/2303/2311 2305/2305/2313 2304/2304/2312
f 2306/2306/2314 2304/2304/2312 2305/2305/2313
f 2305/2305/2313 2307/2307/2315 2306/2306/2314
f 2308/2308/2316 2307/2307/2315 2305/2305/2313
f 2305/2305/2313 2309/2309/2317 2308/2308/2316
f 2309/2309/2317 2305/2305/2313 2303/2303/2311
f 2303/2303/2311 2310/2310/2318 2309/2309/2317
f 2310/2310/2318 2303/2303/2311 2302/2302/2310
f 2302/2302/2310 2311/2311/2319 2310/2310/2318
f 2309/2309/2317 2310/2310/2318 2311/2311/2319
f 2311/2311/2319 2312/2312/2320 2309/2309/2317
f 2313/2313/2321 2309/2309/2317 2312/2312/2320
f 2308/2308/2316 2309/2309/2317 2313/2313/2321
f 2314/2314/2322 2313/2313/2321 2312/2312/2320
f 2312/2312/2320 2315/2315/2323 2314/2314/2322
f 2316/2316/2324 2315/2315/2323 2312/2312/2320
f 2312/2312/2320 2311/2311/2319 2316/2316/2324
f 2317/2317/2325 2315/2315/2323 2316/2316/2324
f 2318/2318/2326 2316/2316/2324 2311/2311/2319
f 2311/2311/2319 2319/2319/2327 2318/2318/2326
f 2319/2319/2327 2311/2311/2319 2302/2302/2310
f 2302/2302/2310 2320/2320/2328 2319/2319/2327
f 2321/2321/2329 2320/2320/2328 2302/2302/2310
f 2302/2302/2310 2301/2301/2309 2321/2321/2329
f 2322/2322/2330 2319/2319/2327 2320/2320/2328
f 2320/2320/2328 2323/2323/2331 2322/2322/2330
f 2318/2318/2326 2319/2319/2327 2322/2322/2330
f 2322/2322/2330 2324/2324/2332 2318/2318/2326
f 2316/2316/2324 2318/2318/2326 2324/2324/2332
f 2324/2324/2332 2325/2325/2333 2316/2316/2324
f 2317/2317/2325 2316/2316/2324 2325/2325/2333
f 2325/2325/2333 2326/2326/2334 2317/2317/2325
f 2327/2327/2335 2317/2317/2325 2326/2326/2334
f 2328/2328/2336 2326/2326/2334 2325/2325/2333
f 2325/2325/2333 2324/2324/2332 2328/2328/2336
f 2329/2329/2337 2328/2328/2336 2324/2324/2332
f 2324/2324/2332 2322/2322/2330 2329/2329/2337
f 2330/2330/2338 2329/2329/2337 2322/2322/2330
f 2322/2322/2330 2323/2323/2331 2330/2330/2338
f 2329/2329/2337 2330/2330/2338 2331/2331/2339
f 2331/2331/2339 2328/2328/2336 2329/2329/2337
f 2331/2331/2339 2330/2330/2338 2332/2332/2340
f 2332/2332/2340 2333/2333/2341 2331/2331/2339
f 2334/2334/2342 2331/2331/2339 2333/2333/2341
f 2331/2331/2339 2334/2334/2342 2335/2335/2343
f 2335/2335/2343 2328/2328/2336 2331/2331/2339
f 2328/2328/2336 2335/2335/2343 2336/2336/2344
f 2336/2336/2344 2326/2326/2334 2328/2328/2336
f 2326/2326/2334 2336/2336/2344 2337/2337/2345
f 2337/2337/2345 2327/2327/2335 2326/2326/2334
f 2338/2338/2346 2337/2337/2345 2336/2336/2344
f 2336/2336/2344 2335/2335/2343 2338/2338/2346
f 2339/2339/2347 2338/2338/2346 2335/2335/2343
f 2335/2335/2343 2334/2334/2342 2339/2339/2347
f 2340/2340/2348 2339/2339/2347 2334/2334/2342
f 2334/2334/2342 2333/2333/2341 2340/2340/2348
f 2341/2341/2349 2340/2340/2348 2333/2333/2341
f 2340/2340/2348 2341/2341/2349 2342/2342/2350
f 2342/2342/2350 2339/2339/2347 2340/2340/2348
f 2339/2339/2347 2342/2342/2350 2343/2343/2351
f 2343/2343/2351 2338/2338/2346 2339/2339/2347
f 2338/2338/2346 2343/2343/2351 2344/2344/2352
f 2344/2344/2352 2345/2345/2353 2338/2338/2346
f 2337/2337/2345 2338/2338/2346 2345/2345/2353
f 2346/2346/2354 2345/2345/2353 2344/2344/2352
f 2344/2344/2352 2347/2347/2355 2346/2346/2354
f 2347/2347/2355 2344/2344/2352 2343/2343/2351
f 2343/2343/2351 2348/2348/2356 2347/2347/2355
f 2348/2348/2356 2343/2343/2351 2342/2342/2350
f 2342/2342/2350 2349/2349/2357 2348/2348/2356
f 2341/2341/2349 2349/2349/2357 2342/2342/2350
f 2348/2348/2356 2349/2349/2357 2350/2350/2358
f 2350/2350/2358 2351/2351/2359 2348/2348/2356
f 2352/2352/2360 2348/2348/2356 2351/2351/2359
f 2347/2347/2355 2348/2348/2356 2352/2352/2360
f 2352/2352/2360 2346/2346/2354 2347/2347/2355
f 2346/2346/2354 2352/2352/2360 2353/2353/2361
f 2353/2353/2361 2345/2345/2353 2346/2346/2354
f 2354/2354/2323 2345/2345/2353 2353/2353/2361
f 2353/2353/2361 2355/2355/2362 2354/2354/2323
f 2356/2356/2363 2355/2355/2362 2353/2353/2361
f 2353/2353/2361 2352/2352/2360 2356/2356/2363
f 2357/2357/2364 2356/2356/2363 2352/2352/2360
f 2352/2352/2360 2351/2351/2359 2357/2357/2364
f 2358/2358/2365 2357/2357/2364 2351/2351/2359
f 2351/2351/2359 2350/2350/2358 2358/2358/2365
f 2357/2357/2364 2358/2358/2365 2359/2359/2366
f 2359/2359/2366 2360/2360/2367 2357/2357/2364
f 2361/2361/2368 2357/2357/2364 2360/2360/2367
f 2357/2357/2364 2361/2361/2368 2362/2362/2369
f 2362/2362/2369 2356/2356/2363 2357/2357/2364
f 2356/2356/2363 2362/2362/2369 2363/2363/2370
f 2363/2363/2370 2355/2355/2362 2356/2356/2363
f 2355/2355/2362 2363/2363/2370 2364/2364/2371
f 2364/2364/2371 2354/2354/2323 2355/2355/2362
f 2365/2365/2372 2364/2364/2371 2363/2363/2370
f 2363/2363/2370 2362/2362/2369 2365/2365/2372
f 2366/2366/2373 2365/2365/2372 2362/2362/2369
f 2362/2362/2369 2361/2361/2368 2366/2366/2373
f 2367/2367/2374 2366/2366/2373 2361/2361/2368
f 2361/2361/2368 2360/2360/2367 2367/2367/2374
f 2368/2368/2375 2367/2367/2374 2360/2360/2367
f 2367/2367/2374 2368/2368/2375 2369/2369/2376
f 2369/2369/2376 2366/2366/2373 2367/2367/2374
f 2366/2366/2373 2369/2369/2376 2370/2370/2377
f 2370/2370/2377 2365/2365/2372 2366/2366/2373
f 2365/2365/2372 2370/2370/2377 2371/2371/2378
f 2371/2371/2378 2372/2372/2379 2365/2365/2372
f 2364/2364/2371 2365/2365/2372 2372/2372/2379
f 2373/2373/2380 2372/2372/2379 2371/2371/2378
f 2371/2371/2378 2374/2374/2381 2373/2373/2380
f 2374/2374/2381 2371/2371/2378 2370/2370/2377
f 2370/2370/2377 2369/2369/2376 2374/2374/2381
f 2375/2375/2382 2374/2374/2381 2369/2369/2376
f 2369/2369/2376 2376/2376/2383 2375/2375/2382
f 2368/2368/2375 2376/2376/2383 2369/2369/2376
f 2375/2375/2382 2376/2376/2383 2377/2377/2384
f 2377/2377/2384 2378/2378/2385 2375/2375/2382
f 2374/2374/2381 2375/2375/2382 2378/2378/2385
f 2378/2378/2385 2379/2379/2386 2374/2374/2381
f 2373/2373/2380 2374/2374/2381 2379/2379/2386
f 2379/2379/2386 2380/2380/2387 2373/2373/2380
f 2372/2372/2379 2373/2373/2380 2380/2380/2387
f 2380/2380/2387 2381/2381/2388 2372/2372/2379
f 2382/2382/2389 2381/2381/2388 2380/2380/2387
f 2380/2380/2387 2383/2383/2390 2382/2382/2389
f 2383/2383/2390 2380/2380/2387 2379/2379/2386
f 2379/2379/2386 2378/2378/2385 2383/2383/2390
f 2384/2384/2391 2383/2383/2390 2378/2378/2385
f 2378/2378/2385 2385/2385/2392 2384/2384/2391
f 2377/2377/2384 2385/2385/2392 2378/2378/2385
f 2384/2384/2391 2385/2385/2392 2386/2386/2393
f 2386/2386/2393 2387/2387/2394 2384/2384/2391
f 2388/2388/2395 2384/2384/2391 2387/2387/2394
f 2384/2384/2391 2388/2388/2395 2389/2389/2396
f 2389/2389/2396 2383/2383/2390 2384/2384/2391
f 2383/2383/2390 2389/2389/2396 2390/2390/2397
f 2390/2390/2397 2382/2382/2389 2383/2383/2390
f 2382/2382/2389 2390/2390/2397 2391/2391/2345
f 2391/2391/2345 2381/2381/2388 2382/2382/2389
f 2392/2392/2398 2391/2391/2345 2390/2390/2397
f 2390/2390/2397 2393/2393/2399 2392/2392/2398
f 2393/2393/2399 2390/2390/2397 2389/2389/2396
f 2389/2389/2396 2394/2394/2400 2393/2393/2399
f 2394/2394/2400 2389/2389/2396 2388/2388/2395
f 2388/2388/2395 2395/2395/2401 2394/2394/2400
f 2395/2395/2401 2388/2388/2395 2387/2387/2394
f 2387/2387/2394 2396/2396/2402 2395/2395/2401
f 2397/2397/2403 2395/2395/2401 2396/2396/2402
f 2394/2394/2400 2395/2395/2401 2397/2397/2403
f 2397/2397/2403 2398/2398/2404 2394/2394/2400
f 2393/2393/2399 2394/2394/2400 2398/2398/2404
f 2398/2398/2404 2399/2399/2405 2393/2393/2399
f 2392/2392/2398 2393/2393/2399 2399/2399/2405
f 2399/2399/2405 2400/2400/2406 2392/2392/2398
f 2401/2401/2407 2400/2400/2406 2399/2399/2405
f 2399/2399/2405 2402/2402/2408 2401/2401/2407
f 2402/2402/2408 2399/2399/2405 2398/2398/2404
f 2398/2398/2404 2397/2397/2403 2402/2402/2408
f 2403/2403/2409 2402/2402/2408 2397/2397/2403
f 2402/2402/2408 2403/2403/2409 2404/2404/2410
f 2404/2404/2410 2401/2401/2407 2402/2402/2408
f 2401/2401/2407 2404/2404/2410 2405/2405/2411
f 2405/2405/2411 2406/2406/2412 2401/2401/2407
f 2400/2400/2406 2401/2401/2407 2406/2406/2412
f 2407/2407/2413 2406/2406/2412 2405/2405/2411
f 2405/2405/2411 2408/2408/2414 2407/2407/2413
f 2409/2409/2415 2408/2408/2414 2405/2405/2411
f 2405/2405/2411 2410/2410/2416 2409/2409/2415
f 2410/2410/2416 2405/2405/2411 2404/2404/2410
f 2404/2404/2410 2411/2411/2417 2410/2410/2416
f 2411/2411/2417 2404/2404/2410 2403/2403/2409
f 2403/2403/2409 2412/2412/2418 2411/2411/2417
f 2412/2412/2418 2403/2403/2409 2397/2397/2403
f 2397/2397/2403 2413/2413/2419 2412/2412/2418
f 2396/2396/2402 2413/2413/2419 2397/2397/2403
f 2411/2411/2417 2412/2412/2418 2414/2414/2420
f 2414/2414/2420 2415/2415/2421 2411/2411/2417
f 2416/2416/2422 2411/2411/2417 2415/2415/2421
f 2410/2410/2416 2411/2411/2417 2416/2416/2422
f 2416/2416/2422 2417/2417/2423 2410/2410/2416
f 2409/2409/2415 2410/2410/2416 2417/2417/2423
f 2417/2417/2423 2418/2418/2424 2409/2409/2415
f 2419/2419/2425 2409/2409/2415 2418/2418/2424
f 2408/2408/2414 2409/2409/2415 2419/2419/2425
f 2416/2416/2422 2415/2415/2421 2420/2420/2426
f 2420/2420/2426 2421/2421/2427 2416/2416/2422
f 2417/2417/2423 2416/2416/2422 2421/2421/2427
o mesh0
v -3.825044 0.983791 -0.543078
v -4.953650 0.983792 0.442061
v -4.953650 0.983791 -0.543077
v -3.825044 0.983792 0.683608
v -2.896470 0.983792 0.647414
v -2.896470 0.983791 -0.317595
v -1.967897 0.983792 0.461752
v -1.967897 0.983791 -0.543078
v -1.039323 0.983792 0.523600
v -1.039324 0.983791 -0.379989
v -0.110750 0.983791 -0.543078
v -0.110750 0.983792 0.667724
v 0.817824 0.983792 0.532634
v 0.817824 0.983791 -0.486475
v 1.746397 0.983792 0.354365
v 1.746397 0.983791 -0.750981
v 2.674971 0.983792 0.619679
v 2.674971 0.983791 -0.490552
v 3.603544 0.983791 -0.654327
v 3.603544 0.983792 0.492269
v 4.532118 0.983792 0.783022
v 4.532118 0.983791 -0.673187
v -4.796560 0.973208 -0.780062
v -4.807645 1.017086 -0.760395
v -4.954766 0.973208 -0.765896
v -4.779235 0.973208 -0.414852
v -4.952436 1.017086 -0.747660
v -4.791727 1.017086 -0.431353
v -4.886331 1.017086 -0.418442
v -4.882609 0.973208 -0.400501
v -5.077165 1.017086 -0.713391
v -5.060996 1.017086 -0.432505
v -5.073451 0.973208 -0.416073
v -5.091058 0.973208 -0.727833
v -2.317559 0.973208 -0.780057
v -2.328643 1.017086 -0.760390
v -2.475766 0.973208 -0.765891
v -2.300233 0.973208 -0.414847
v -2.473435 1.017086 -0.747655
v -2.312725 1.017086 -0.431348
v -2.407329 1.017086 -0.418437
v -2.403607 0.973208 -0.400496
v -2.598163 1.017086 -0.713386
v -2.581994 1.017086 -0.432500
v -2.594450 0.973208 -0.416068
v -2.612057 0.973208 -0.727828
v 2.761403 0.973208 -0.780060
v 2.750318 1.017086 -0.760393
v 2.603196 0.973208 -0.765894
v 2.778728 0.973208 -0.414850
v 2.605527 1.017086 -0.747658
v 2.766238 1.017086 -0.431351
v 2.671632 1.017086 -0.418440
v 2.675355 0.973208 -0.400499
v 2.480798 1.017086 -0.713389
v 2.496968 1.017086 -0.432503
v 2.484512 0.973208 -0.416071
v 2.466905 0.973208 -0.727830
v 5.299679 0.973208 -0.734819
v 5.288593 1.017086 -0.715152
v 5.141471 0.973208 -0.720653
v 5.317003 0.973208 -0.369609
v 5.143803 1.017086 -0.702417
v 5.304513 1.017086 -0.386110
v 5.209908 1.017086 -0.373199
v 5.213631 0.973208 -0.355258
v 5.019074 1.017086 -0.668148
v 5.035243 1.017086 -0.387262
v 5.022788 0.973208 -0.370830
v 5.005180 0.973208 -0.682590
v -5.966540 0.973208 -0.690797
v -5.952637 1.017086 -0.675893
v -6.030536 0.973208 -0.604994
v -5.845321 1.017086 -0.682347
v -5.828752 0.973208 -0.697721
v -5.792757 1.017086 -0.623388
v -6.002612 1.017086 -0.598321
v -6.037368 0.973208 -0.502252
v -6.008098 1.017086 -0.505535
v -5.762480 1.017086 -0.536403
v -5.761119 0.973208 -0.632318
v -5.722043 0.973208 -0.535926
v -5.846555 1.017086 -0.439858
v -5.829780 0.973208 -0.429183
v -5.912606 1.017086 -0.341447
v -5.914371 0.973208 -0.320337
v -6.026093 1.017086 -0.406829
v -6.060250 0.973208 -0.392979
v -6.588388 0.973208 -0.137024
v -6.573338 1.017086 -0.151301
v -6.517035 0.973208 -0.015299
v -6.608398 1.017086 -0.315474
v -6.625437 0.973208 -0.315646
v -6.359581 1.017086 -0.324065
v -6.505885 1.017086 -0.039408
v -6.306797 0.973208 -0.030000
v -6.307257 1.017086 -0.052853
v -6.161170 0.973208 -0.063606
v -6.169682 1.017086 -0.083692
v -6.065462 0.973208 -0.261817
v -6.078499 1.017086 -0.265831
v -6.205979 1.017086 -0.319713
v -6.082518 1.017086 -0.480324
v -6.068768 0.973208 -0.495208
v -6.150868 0.973208 -0.593853
v -6.160523 1.017086 -0.582716
v -6.363667 1.017086 -0.609897
v -6.562370 1.017086 -0.531564
v -6.575301 0.973208 -0.546992
v -6.366303 0.973208 -0.634726
v -6.041811 0.973208 -0.031158
v -6.054290 1.017086 -0.007046
v -6.093202 0.973208 -0.060544
v -6.046102 1.017086 0.296905
v -6.032922 0.973208 0.316407
v -6.101239 1.017086 -0.042077
v -6.080587 1.017086 0.359912
v -6.071010 0.973208 0.388473
v -6.172555 1.017087 0.369155
v -6.169865 0.973208 0.418929
v -6.295738 1.017086 -0.039980
v -6.308239 0.973208 -0.068701
v -6.408306 0.973208 -0.023198
v -6.386398 1.017086 -0.000227
v -6.365553 1.017086 0.355737
v -6.385478 0.973208 0.383839
v -4.927085 0.973208 0.046893
v -4.937026 1.017086 0.054160
v -5.066670 0.973208 -0.053346
v -4.775968 1.017086 0.148880
v -4.750387 0.973208 0.147588
v -5.069213 1.017086 0.088955
v -5.064250 1.017086 -0.040144
v -5.190087 0.973208 -0.050984
v -5.176770 1.017086 -0.037876
v -5.278497 0.973208 0.040491
v -5.257407 1.017086 0.048262
v -5.034673 1.017086 0.239222
v -4.754257 1.017086 0.209228
v -4.726549 0.973208 0.211708
v -4.775516 1.017086 0.307216
v -4.749825 0.973208 0.315797
v -5.000215 1.017086 0.353205
v -4.996264 0.973208 0.364559
v -5.164163 1.017087 0.395914
v -5.176075 0.973208 0.409862
v -5.234362 1.017086 0.283428
v -5.263404 1.017086 0.178052
v -5.285019 0.973208 0.178372
v -5.253119 0.973208 0.290331
v -2.412765 0.973208 -0.788016
v -2.416751 1.017086 -0.799189
v -2.305095 0.973208 -0.890435
v -2.504170 1.017086 -0.805966
v -2.509511 0.973208 -0.795397
v -2.483028 1.017086 -0.923450
v -2.319442 1.017086 -0.893548
v -2.290635 0.973208 -1.010336
v -2.306350 1.017086 -1.003992
v -2.327033 0.973208 -1.075998
v -2.339225 1.017086 -1.064464
v -2.411405 0.973208 -1.078122
v -2.415462 1.017086 -1.066403
v -2.517911 0.973208 -1.003592
v -2.511716 1.017086 -0.997730
v -2.588527 0.973208 -0.921261
v -2.575541 1.017086 -0.921882
v -2.564174 1.017086 -0.839456
v -2.575927 0.973208 -0.831771
v -3.479951 0.973208 -0.697657
v -3.467740 1.017086 -0.685016
v -3.536156 0.973208 -0.624879
v -3.373485 1.017086 -0.690490
v -3.358932 0.973208 -0.703531
v -3.327319 1.017086 -0.640481
v -3.511631 1.017086 -0.619219
v -3.542158 0.973208 -0.537732
v -3.516450 1.017086 -0.540518
v -3.300727 1.017086 -0.566700
v -3.299531 0.973208 -0.648055
v -3.265210 0.973208 -0.566296
v -3.374567 1.017086 -0.484810
v -3.359836 0.973208 -0.475756
v -3.432579 1.017086 -0.401338
v -3.434131 0.973208 -0.383432
v -3.532255 1.017086 -0.456795
v -3.562255 0.973208 -0.445047
v -3.495912 0.973208 0.758282
v -3.483558 1.017087 0.773343
v -3.517031 0.973208 0.882757
v -3.303577 1.017087 0.809098
v -3.290813 0.973208 0.798206
v -3.502122 1.017087 0.884973
v -3.281060 1.017087 0.863325
v -3.265137 0.973208 0.858683
v -3.296865 1.017087 1.033693
v -3.503139 1.017087 1.088581
v -3.518129 0.973208 1.109806
v -3.283097 0.973208 1.048660
v -2.780822 0.973208 0.456778
v -2.785256 1.017087 0.474348
v -2.863069 0.973208 0.463500
v -2.723778 1.017087 0.488544
v -2.710872 0.973208 0.474176
v -2.699097 1.017087 0.588208
v -2.857522 1.017087 0.479744
v -3.012157 0.973208 0.523508
v -2.988479 1.017087 0.528389
v -2.792110 1.017087 0.638065
v -2.682898 0.973208 0.596787
v -2.788807 0.973208 0.658244
v -2.934028 1.017087 0.644104
v -2.950322 0.973208 0.665836
v -3.407705 0.973208 -0.364740
v -3.377289 1.017086 -0.334842
v -3.451530 0.973208 -0.367314
v -2.826661 1.017086 -0.236617
v -2.790808 0.973208 -0.250394
v -2.880204 1.017086 0.065789
v -2.745316 1.017086 -0.189281
v -2.699692 0.973208 -0.195186
v -2.752128 1.017086 -0.001506
v -2.686294 0.973208 0.026647
v -2.850981 0.973208 0.102616
v -3.458901 1.017086 -0.100870
v -3.499287 0.973208 -0.091594
v -3.476494 1.017086 -0.166632
v -3.433165 1.017086 -0.329537
v -3.518960 0.973208 -0.168344
v -4.255764 0.973208 -0.654260
v -4.247659 1.017086 -0.649948
v -4.295161 0.973208 -0.540835
v -4.226887 1.017086 -0.673316
v -4.232751 0.973208 -0.679304
v -4.108263 1.017086 -0.665001
v -4.284851 1.017086 -0.541157
v -4.245343 0.973208 -0.355600
v -4.238341 1.017086 -0.366505
v -4.054196 1.017086 -0.608219
v -4.101253 0.973208 -0.670336
v -4.041294 0.973208 -0.609437
v -4.106784 1.017086 -0.359114
v -4.099508 0.973208 -0.347617
v -3.520179 0.973208 0.398412
v -3.555537 1.017087 0.422083
v -3.714131 0.973208 0.406553
v -3.522679 1.017087 0.442000
v -3.478297 0.973208 0.422944
v -3.549109 1.017087 0.520824
v -3.707737 1.017087 0.428783
v -3.798045 0.973208 0.445381
v -3.773597 1.017087 0.460374
v -3.641427 1.017087 0.657261
v -3.511944 0.973208 0.519920
v -3.629531 0.973208 0.687745
v -3.728466 1.017087 0.656067
v -3.740449 0.973208 0.686216
v -3.827666 1.017087 0.634279
v -3.866874 0.973208 0.659337
v -3.841039 1.017087 0.499271
v -3.883972 0.973208 0.493199
v -2.398605 0.973208 0.057560
v -2.408482 1.017086 0.064938
v -2.537282 0.973208 -0.044203
v -2.248471 1.017086 0.161099
v -2.223057 0.973208 0.159788
v -2.539808 1.017086 0.100262
v -2.534877 1.017086 -0.030801
v -2.659896 0.973208 -0.041805
v -2.646665 1.017086 -0.028498
v -2.747730 0.973208 0.051061
v -2.726776 1.017086 0.058950
v -2.505493 1.017086 0.252815
v -2.226903 1.017086 0.222365
v -2.199374 0.973208 0.224883
v -2.248023 1.017086 0.321844
v -2.222500 0.973208 0.330556
v -2.471258 1.017087 0.368533
v -2.467334 0.973208 0.380060
v -2.634140 1.017087 0.411892
v -2.645974 0.973208 0.426052
v -2.703882 1.017086 0.297694
v -2.732736 1.017086 0.190715
v -2.754210 0.973208 0.191040
v -2.722517 0.973208 0.304703
v -4.348142 0.973208 -0.075540
v -4.366484 1.017086 -0.069481
v -4.417834 0.973208 -0.146571
v -4.344339 1.017086 0.057317
v -4.323510 0.973208 0.057208
v -4.440793 1.017086 0.062195
v -4.429330 1.017086 -0.137290
v -4.633936 0.973208 -0.177552
v -4.624324 1.017086 -0.166743
v -4.606442 1.017086 0.073989
v -4.420888 1.017086 0.266811
v -4.408180 0.973208 0.276446
v -4.585941 1.017086 0.312822
v -4.591045 0.973208 0.324483
v -4.692017 1.017086 0.283348
v -4.708614 0.973208 0.293547
v -4.740979 1.017086 0.090028
v -4.703588 1.017086 -0.116445
v -4.721734 0.973208 -0.124962
v -4.763015 0.973208 0.091143
v 2.357378 0.973208 -0.228290
v 2.370059 1.017086 -0.223943
v 2.353515 0.973208 -0.153715
v 2.400308 1.017086 -0.277915
v 2.392487 0.973208 -0.287963
v 2.515213 1.017086 -0.283003
v 2.366690 1.017086 -0.156513
v 2.375021 0.973208 -0.026600
v 2.385126 1.017086 -0.041590
v 2.546874 1.017086 -0.188768
v 2.526002 0.973208 -0.293517
v 2.562862 0.973208 -0.189273
v 2.525241 1.017086 -0.057266
v 2.537822 0.973208 -0.043848
v 2.298140 0.973208 0.456775
v 2.293705 1.017087 0.474345
v 2.215893 0.973208 0.463497
v 2.355184 1.017087 0.488541
v 2.368090 0.973208 0.474173
v 2.379865 1.017087 0.588205
v 2.221439 1.017087 0.479741
v 2.066804 0.973208 0.523505
v 2.090482 1.017087 0.528386
v 2.286851 1.017087 0.638062
v 2.396064 0.973208 0.596784
v 2.290154 0.973208 0.658241
v 2.144933 1.017087 0.644101
v 2.128639 0.973208 0.665833
v 0.823196 0.973208 -0.654263
v 0.831302 1.017086 -0.649951
v 0.783799 0.973208 -0.540838
v 0.852074 1.017086 -0.673319
v 0.846210 0.973208 -0.679307
v 0.970697 1.017086 -0.665004
v 0.794110 1.017086 -0.541160
v 0.833618 0.973208 -0.355603
v 0.840619 1.017086 -0.366508
v 1.024764 1.017086 -0.608222
v 0.977707 0.973208 -0.670339
v 1.037667 0.973208 -0.609440
v 0.972177 1.017086 -0.359117
v 0.979453 0.973208 -0.347620
v 1.516295 0.973208 0.390061
v 1.485256 1.017087 0.410426
v 1.346043 0.973208 0.397065
v 1.514100 1.017087 0.427563
v 1.553059 0.973208 0.411167
v 1.490900 1.017087 0.495381
v 1.351655 1.017087 0.416191
v 1.272381 0.973208 0.430472
v 1.293842 1.017087 0.443371
v 1.409861 1.017087 0.612767
v 1.523523 0.973208 0.494603
v 1.420304 0.973208 0.638994
v 1.333459 1.017087 0.611739
v 1.322940 0.973208 0.637678
v 1.246380 1.017087 0.592993
v 1.211964 0.973208 0.614552
v 1.234642 1.017087 0.476837
v 1.196954 0.973208 0.471613
v 1.769154 0.973208 -0.019962
v 1.786517 1.017086 -0.010064
v 1.702070 0.973208 0.057948
v 1.974278 1.017086 0.023573
v 1.972479 0.973208 0.015181
v 2.019560 1.017086 0.210896
v 1.713909 1.017086 0.062739
v 1.655936 0.973208 0.182675
v 1.681862 1.017086 0.184435
v 1.738450 0.973208 0.428847
v 1.757952 1.017087 0.420627
v 2.128330 0.973208 0.500827
v 2.117986 1.017087 0.489534
v 2.282911 0.973208 0.455926
v 2.260767 1.017087 0.446381
v 2.347919 0.973208 0.321297
v 2.320866 1.017086 0.317163
v 2.226817 1.017086 0.122742
v 2.245980 0.973208 0.118646
v 0.722878 0.973208 -0.175196
v 0.705285 1.017086 -0.169515
v 0.656034 0.973208 -0.241791
v 0.726524 1.017086 -0.050636
v 0.746503 0.973208 -0.050738
v 0.634014 1.017086 -0.046062
v 0.645006 1.017086 -0.233090
v 0.448765 0.973208 -0.270837
v 0.457983 1.017086 -0.260703
v 0.475134 1.017086 -0.035005
v 0.653104 1.017086 0.145775
v 0.665293 0.973208 0.154808
v 0.494798 1.017086 0.188913
v 0.489901 0.973208 0.199845
v 0.393058 1.017086 0.161279
v 0.377138 0.973208 0.170841
v 0.346096 1.017086 -0.019968
v 0.381958 1.017086 -0.213547
v 0.364555 0.973208 -0.221532
v 0.324961 0.973208 -0.018922
v 0.143012 0.973208 -0.788019
v 0.139024 1.017086 -0.799192
v 0.250681 0.973208 -0.890437
v 0.051607 1.017086 -0.805969
v 0.046266 0.973208 -0.795400
v 0.072749 1.017086 -0.923453
v 0.236334 1.017086 -0.893551
v 0.265142 0.973208 -1.010339
v 0.249427 1.017086 -1.003995
v 0.228744 0.973208 -1.076001
v 0.216553 1.017086 -1.064467
v 0.144372 0.973208 -1.078125
v 0.140315 1.017086 -1.066406
v 0.037866 0.973208 -1.003594
v 0.044062 1.017086 -0.997733
v -0.032751 0.973208 -0.921264
v -0.019764 1.017086 -0.921885
v -0.008398 1.017086 -0.839459
v -0.020151 0.973208 -0.831774
v -0.637863 0.973208 -1.055657
v -0.637939 1.017086 -1.028113
v -0.734165 0.973208 -0.998297
v -0.468572 1.017086 -0.930002
v -0.443055 0.973208 -0.940309
v -0.723864 1.017086 -0.985519
v -0.414610 1.017086 -0.856006
v -0.361151 0.973208 -0.850702
v -0.643454 1.017086 -0.665837
v -0.644323 0.973208 -0.629531
v -0.774666 1.017086 -0.885155
v -0.795199 0.973208 -0.887461
v -0.815452 0.973208 -0.748917
v -0.792238 1.017086 -0.767375
v -0.924174 0.973208 -0.697660
v -0.911963 1.017086 -0.685019
v -0.980380 0.973208 -0.624882
v -0.817709 1.017086 -0.690493
v -0.803156 0.973208 -0.703533
v -0.771542 1.017086 -0.640484
v -0.955856 1.017086 -0.619222
v -0.986381 0.973208 -0.537735
v -0.960674 1.017086 -0.540520
v -0.744950 1.017086 -0.566703
v -0.743755 0.973208 -0.648058
v -0.709434 0.973208 -0.566299
v -0.818792 1.017086 -0.484813
v -0.804060 0.973208 -0.475759
v -0.876803 1.017086 -0.401340
v -0.878355 0.973208 -0.383435
v -0.976478 1.017086 -0.456798
v -1.006479 0.973208 -0.445050
v 0.266907 0.973208 0.347915
v 0.258372 1.017086 0.360803
v 0.108602 0.973208 0.370052
v 0.321186 1.017087 0.376397
v 0.336856 0.973208 0.365313
v 0.345687 1.017087 0.553990
v 0.116218 1.017087 0.380639
v -0.054173 0.973208 0.449256
v -0.029949 1.017087 0.451612
v 0.182486 1.017087 0.606685
v 0.364137 0.973208 0.561468
v 0.182393 0.973208 0.620269
v 0.037898 1.017087 0.576986
v 0.021380 0.973208 0.587135
v -0.188968 0.973208 -0.250308
v -0.175216 1.017086 -0.245424
v -0.193158 0.973208 -0.166517
v -0.142411 1.017086 -0.306066
v -0.150893 0.973208 -0.317355
v -0.017798 1.017086 -0.311783
v -0.178870 1.017086 -0.169661
v -0.169833 0.973208 -0.023693
v -0.158876 1.017086 -0.040536
v 0.016540 1.017086 -0.205902
v -0.006096 0.973208 -0.323595
v 0.033880 0.973208 -0.206470
v -0.006921 1.017086 -0.058149
v 0.006724 0.973208 -0.043072
v -0.225045 0.973208 0.456775
v -0.229480 1.017087 0.474345
v -0.307292 0.973208 0.463497
v -0.168001 1.017087 0.488541
v -0.155095 0.973208 0.474173
v -0.143320 1.017087 0.588205
v -0.301746 1.017087 0.479741
v -0.456381 0.973208 0.523505
v -0.432703 1.017087 0.528386
v -0.236334 1.017087 0.638062
v -0.127122 0.973208 0.596784
v -0.233031 0.973208 0.658241
v -0.378252 1.017087 0.644101
v -0.394545 0.973208 0.665833
v -1.699990 0.973208 -0.654263
v -1.691882 1.017086 -0.649951
v -1.739385 0.973208 -0.540838
v -1.671111 1.017086 -0.673319
v -1.676975 0.973208 -0.679307
v -1.552487 1.017086 -0.665004
v -1.729075 1.017086 -0.541160
v -1.689567 0.973208 -0.355603
v -1.682566 1.017086 -0.366508
v -1.498420 1.017086 -0.608222
v -1.545477 0.973208 -0.670339
v -1.485518 0.973208 -0.609440
v -1.551008 1.017086 -0.359117
v -1.543732 0.973208 -0.347620
v -1.006890 0.973208 0.390061
v -1.037929 1.017087 0.410426
v -1.177142 0.973208 0.397065
v -1.009085 1.017087 0.427563
v -0.970126 0.973208 0.411167
v -1.032285 1.017087 0.495381
v -1.171530 1.017087 0.416191
v -1.250803 0.973208 0.430472
v -1.229343 1.017087 0.443371
v -1.113323 1.017087 0.612767
v -0.999661 0.973208 0.494603
v -1.102881 0.973208 0.638994
v -1.189726 1.017087 0.611739
v -1.200245 0.973208 0.637678
v -1.276805 1.017087 0.592993
v -1.311221 0.973208 0.614552
v -1.288544 1.017087 0.476837
v -1.326231 0.973208 0.471613
v -0.728450 0.973208 -0.032240
v -0.712635 1.017086 -0.022811
v -0.789552 0.973208 0.041972
v -0.541616 1.017086 0.009229
v -0.543254 0.973208 0.001235
v -0.500372 1.017086 0.187659
v -0.778769 1.017086 0.046535
v -0.831573 0.973208 0.160778
v -0.807959 1.017086 0.162454
v -0.756416 0.973208 0.395263
v -0.738654 1.017087 0.387433
v -0.401300 0.973208 0.463826
v -0.410722 1.017087 0.453069
v -0.260502 0.973208 0.421057
v -0.280672 1.017087 0.411965
v -0.201291 0.973208 0.292819
v -0.225932 1.017086 0.288881
v -0.311596 1.017086 0.103689
v -0.294140 0.973208 0.099788
v -1.373674 0.973208 0.229441
v -1.389079 1.017086 0.235890
v -1.450119 0.973208 0.151573
v -1.379574 1.017086 0.346866
v -1.363237 0.973208 0.347251
v -1.469344 1.017086 0.351100
v -1.459318 1.017086 0.152530
v -1.650338 0.973208 0.083048
v -1.642023 1.017086 0.098078
v -1.607945 1.017086 0.361556
v -1.466631 1.017087 0.514375
v -1.458373 0.973208 0.525036
v -1.590963 1.017087 0.570811
v -1.594315 0.973208 0.584896
v -1.679692 1.017087 0.545063
v -1.691355 0.973208 0.557528
v -1.760097 1.017087 0.375220
v -1.708376 1.017086 0.142208
v -1.722881 0.973208 0.129868
v -1.779349 0.973208 0.377201
v 4.152313 0.973208 -0.645765
v 4.167421 1.017086 -0.630947
v 4.082764 0.973208 -0.560456
v 4.284050 1.017086 -0.637364
v 4.302058 0.973208 -0.652650
v 4.341176 1.017086 -0.578744
v 4.113111 1.017086 -0.553821
v 4.075339 0.973208 -0.458305
v 4.107150 1.017086 -0.461569
v 4.374079 1.017086 -0.492260
v 4.375559 0.973208 -0.587623
v 4.418026 0.973208 -0.491786
v 4.282710 1.017086 -0.396270
v 4.300939 0.973208 -0.385657
v 4.210928 1.017086 -0.298426
v 4.209009 0.973208 -0.277437
v 4.087593 1.017086 -0.363432
v 4.050471 0.973208 -0.349661
v 5.328367 0.973208 0.393156
v 5.319832 1.017087 0.406044
v 5.170062 0.973208 0.415293
v 5.382645 1.017087 0.421638
v 5.398316 0.973208 0.410554
v 5.407147 1.017087 0.599231
v 5.177678 1.017087 0.425880
v 5.007287 0.973208 0.494497
v 5.031510 1.017087 0.496852
v 5.243946 1.017087 0.651925
v 5.425597 0.973208 0.606709
v 5.243853 0.973208 0.665510
v 5.099359 1.017087 0.622227
v 5.082840 0.973208 0.632376
v 4.844731 0.973208 -0.233221
v 4.859836 1.017086 -0.227484
v 4.840128 0.973208 -0.134790
v 4.895870 1.017086 -0.298722
v 4.886554 0.973208 -0.311983
v 5.032747 1.017086 -0.305437
v 4.855823 1.017086 -0.138483
v 4.865748 0.973208 0.032990
v 4.877784 1.017086 0.013205
v 5.070463 1.017086 -0.181056
v 5.045599 0.973208 -0.319314
v 5.089509 0.973208 -0.181723
v 5.044693 1.017086 -0.007487
v 5.059681 0.973208 0.010224
v 3.361471 0.973208 -0.609023
v 3.369578 1.017086 -0.604710
v 3.322074 0.973208 -0.495597
v 3.390349 1.017086 -0.628079
v 3.384485 0.973208 -0.634066
v 3.508972 1.017086 -0.619763
v 3.332386 1.017086 -0.495919
v 3.371893 0.973208 -0.310362
v 3.378895 1.017086 -0.321267
v 3.563040 1.017086 -0.562981
v 3.515983 0.973208 -0.625098
v 3.575942 0.973208 -0.564199
v 3.510452 1.017086 -0.313877
v 3.517728 0.973208 -0.302379
v 3.274260 0.973208 -0.112617
v 3.255430 1.017086 -0.106058
v 3.202714 0.973208 -0.189509
v 3.278163 1.017086 0.031202
v 3.299547 0.973208 0.031084
v 3.179146 1.017086 0.036483
v 3.190912 1.017086 -0.179463
v 2.980869 0.973208 -0.223047
v 2.990735 1.017086 -0.211346
v 3.009093 1.017086 0.049251
v 3.199579 1.017086 0.257983
v 3.212624 0.973208 0.268413
v 3.030140 1.017086 0.307791
v 3.024899 0.973208 0.320414
v 2.921244 1.017086 0.275884
v 2.904204 0.973208 0.286925
v 2.870980 1.017086 0.066612
v 2.909364 1.017086 -0.156898
v 2.890737 0.973208 -0.166118
v 2.848359 0.973208 0.067820
v 3.687785 0.973208 0.274682
v 3.672382 1.017086 0.281131
v 3.611341 0.973208 0.196814
v 3.681886 1.017087 0.392106
v 3.698223 0.973208 0.392492
v 3.592115 1.017087 0.396341
v 3.602142 1.017086 0.197771
v 3.411123 0.973208 0.128289
v 3.419437 1.017086 0.143319
v 3.453516 1.017087 0.406797
v 3.594829 1.017087 0.559615
v 3.603087 0.973208 0.570276
v 3.470496 1.017087 0.616052
v 3.467145 0.973208 0.630137
v 3.381768 1.017087 0.590304
v 3.370105 0.973208 0.602769
v 3.301363 1.017087 0.420461
v 3.353085 1.017086 0.187449
v 3.338579 0.973208 0.175109
v 3.282111 0.973208 0.422442
v 6.761969 1.092340 -0.652419
v 6.761852 1.160896 -0.639778
v 6.706678 1.082234 -0.579641
v 6.854569 1.177843 -0.645252
v 6.881015 1.114100 -0.658293
v 6.899984 1.186144 -0.595243
v 6.718675 1.153003 -0.573981
v 6.700776 1.081155 -0.492494
v 6.713936 1.152137 -0.495280
v 6.926141 1.190926 -0.521462
v 6.939449 1.124780 -0.602817
v 6.973209 1.130952 -0.521058
v 6.853504 1.177648 -0.439572
v 6.880126 1.113937 -0.430518
v 6.796439 1.167218 -0.356099
v 6.807041 1.100579 -0.338194
v 6.698387 1.149295 -0.411557
v 6.681006 1.077541 -0.399809
v 6.655685 0.973208 0.803520
v 6.668038 1.040668 0.818582
v 6.634566 0.973208 0.927995
v 6.848019 1.040668 0.854336
v 6.860785 0.973208 0.843445
v 6.649476 1.040668 0.930211
v 6.870537 1.040668 0.908563
v 6.886460 0.973208 0.903921
v 6.854732 1.040668 1.078931
v 6.648458 1.040668 1.133820
v 6.633468 0.973208 1.155044
v 6.868501 0.973208 1.093898
v 6.588931 0.973208 0.435302
v 6.557893 1.040668 0.455668
v 6.418679 0.973208 0.442306
v 6.586736 1.040668 0.472804
v 6.625695 0.973208 0.456408
v 6.563536 1.040668 0.540622
v 6.424291 1.017087 0.461432
v 6.345017 0.973208 0.475713
v 6.366478 1.017087 0.488612
v 6.482497 1.040668 0.658008
v 6.596159 0.973208 0.539844
v 6.492939 0.973208 0.684235
v 6.406095 1.017087 0.656980
v 6.395576 0.973208 0.682919
v 6.319016 1.017087 0.638234
v 6.284600 0.973208 0.659793
v 6.307277 1.017087 0.522078
v 6.269590 0.973208 0.516854
v 6.779165 1.092998 0.213440
v 6.787094 1.161889 0.223392
v 6.714234 1.085490 0.291773
v 6.968827 1.182903 0.257211
v 6.975961 1.115753 0.248774
v 7.012654 1.187970 0.445550
v 6.716818 1.153763 0.296590
v 6.669581 1.080327 0.417177
v 6.685800 1.150177 0.418946
v 6.749446 1.089562 0.664683
v 6.759447 1.158693 0.656419
v 7.126809 1.133195 0.737054
v 7.107920 1.198986 0.725699
v 7.276426 1.150495 0.691910
v 7.246118 1.214965 0.682312
v 7.339346 1.157770 0.556550
v 7.304287 1.221691 0.552394
v 7.213257 1.211165 0.356918
v 7.240680 1.146361 0.352800
v 6.116016 0.973208 -0.135066
v 6.130030 1.017086 -0.148437
v 6.182454 0.973208 -0.021070
v 6.097386 1.017086 -0.302185
v 6.081521 0.973208 -0.302346
v 6.329061 1.017086 -0.310231
v 6.192836 1.017086 -0.043648
v 6.378207 0.973208 -0.034838
v 6.377779 1.017086 -0.056239
v 6.513800 0.973208 -0.066310
v 6.505874 1.040667 -0.085121
v 6.602913 0.973208 -0.251935
v 6.590776 1.040667 -0.255694
v 6.472078 1.040667 -0.306154
v 6.587032 1.040667 -0.456568
v 6.599835 0.973208 -0.470506
v 6.523392 0.973208 -0.562888
v 6.514403 1.040667 -0.552458
v 6.325255 1.017086 -0.577912
v 6.140243 1.017086 -0.504554
v 6.128203 0.973208 -0.519002
v 6.322800 0.973208 -0.601165
v 6.588789 0.973208 0.014085
v 6.576309 1.040667 0.038198
v 6.537397 0.973208 -0.015301
v 6.584499 1.040667 0.342149
v 6.597677 0.973208 0.361651
v 6.529361 1.040667 0.003166
v 6.550012 1.040668 0.405155
v 6.559590 0.973208 0.433716
v 6.458045 1.040668 0.414398
v 6.460734 0.973208 0.464172
v 6.334862 1.017086 0.005263
v 6.322360 0.973208 -0.023457
v 6.222293 0.973208 0.022045
v 6.244201 1.017086 0.045016
v 6.265046 1.017087 0.400981
v 6.245121 0.973208 0.429082
v 6.222147 0.973208 0.274682
v 6.206742 1.017086 0.281131
v 6.145702 0.973208 0.196815
v 6.216247 1.017087 0.392107
v 6.232583 0.973208 0.392492
v 6.126476 1.017087 0.396341
v 6.136503 1.017086 0.197772
v 5.945484 0.973208 0.128289
v 5.953798 1.017086 0.143319
v 5.987877 1.017087 0.406797
v 6.129190 1.017087 0.559616
v 6.137448 0.973208 0.570277
v 6.004858 1.017087 0.616052
v 6.001506 0.973208 0.630137
v 5.916129 1.017087 0.590304
v 5.904466 0.973208 0.602769
v 5.835724 1.017087 0.420461
v 5.887445 1.017086 0.187449
v 5.872940 0.973208 0.175109
v 5.816472 0.973208 0.422442
vt 0.6973 2.6484
vt 0.6904 3.0918
vt 0.3096 3.0869
vt 0.2158 2.6465
vt 0.2344 2.2852
vt 0.6084 2.2842
vt 0.2900 1.9209
vt 0.6904 1.9170
vt 0.2627 1.5547
vt 0.6279 1.5498
vt 0.6816 1.1846
vt 0.1719 1.1719
vt 0.2588 0.8164
vt 0.6631 0.8164
vt 0.3359 0.4453
vt 0.7783 0.4707
vt 0.2490 0.0762
vt 0.7002 0.1074
vt 0.7500 -0.2686
vt 0.3027 -0.2891
vt 0.2080 -0.6475
vt 0.7686 -0.6484
vt 0.7773 -0.9570
vt 0.7705 -0.8955
vt 0.7598 -0.9463
vt 0.6240 -0.9648
vt 0.7539 -0.8984
vt 0.6396 -0.9521
vt 0.6348 -0.9209
vt 0.6182 -0.9258
vt 0.7412 -0.8574
vt 0.6387 -0.8643
vt 0.6230 -0.8516
vt 0.7539 -0.8438
vt 0.7773 -0.9570
vt 0.7705 -0.8955
vt 0.7598 -0.9463
vt 0.6240 -0.9648
vt 0.7539 -0.8984
vt 0.6396 -0.9521
vt 0.6348 -0.9209
vt 0.6182 -0.9258
vt 0.7412 -0.8574
vt 0.6387 -0.8643
vt 0.6230 -0.8516
vt 0.7539 -0.8438
vt 0.7773 -0.9570
vt 0.7705 -0.8955
vt 0.7598 -0.9463
vt 0.6240 -0.9648
vt 0.7539 -0.8984
vt 0.6396 -0.9521
vt 0.6348 -0.9209
vt 0.6182 -0.9258
vt 0.7412 -0.8574
vt 0.6387 -0.8643
vt 0.6230 -0.8516
vt 0.7539 -0.8438
vt 0.7773 -0.9570
vt 0.7705 -0.8955
vt 0.7598 -0.9463
vt 0.6240 -0.9648
vt 0.7539 -0.8984
vt 0.6396 -0.9521
vt 0.6348 -0.9209
vt 0.6182 -0.9258
vt 0.7412 -0.8574
vt 0.6387 -0.8643
vt 0.6230 -0.8516
vt 0.7539 -0.8438
vt 0.7451 -0.5068
vt 0.7178 -0.4893
vt 0.7344 -0.5107
vt 0.7363 -0.5391
vt 0.7480 -0.5439
vt 0.7207 -0.5537
vt 0.7139 -0.4971
vt 0.6865 -0.4883
vt 0.6885 -0.4961
vt 0.6973 -0.5625
vt 0.7275 -0.5625
vt 0.6982 -0.5732
vt 0.6719 -0.5400
vt 0.6641 -0.5449
vt 0.6455 -0.5225
vt 0.6299 -0.5225
vt 0.6621 -0.4912
vt 0.6523 -0.4824
vt 0.5449 -0.2959
vt 0.4971 -0.3223
vt 0.5537 -0.3076
vt 0.6143 -0.2959
vt 0.6152 -0.2822
vt 0.6191 -0.3779
vt 0.5117 -0.3311
vt 0.5039 -0.3975
vt 0.5176 -0.3965
vt 0.5176 -0.4502
vt 0.5303 -0.4424
vt 0.5967 -0.4775
vt 0.5986 -0.4668
vt 0.6182 -0.4287
vt 0.6787 -0.4688
vt 0.6885 -0.4814
vt 0.7207 -0.4512
vt 0.7100 -0.4434
vt 0.7197 -0.3760
vt 0.6797 -0.3184
vt 0.6895 -0.3076
vt 0.7354 -0.3740
vt 0.4785 -0.4639
vt 0.4912 -0.4443
vt 0.4688 -0.4570
vt 0.3408 -0.4619
vt 0.3330 -0.4697
vt 0.4834 -0.4395
vt 0.3145 -0.4492
vt 0.3027 -0.4551
vt 0.3096 -0.4150
vt 0.2891 -0.4170
vt 0.4814 -0.3672
vt 0.4932 -0.3613
vt 0.4736 -0.3232
vt 0.4639 -0.3340
vt 0.3145 -0.3428
vt 0.3027 -0.3340
vt 0.4580 -0.9082
vt 0.4971 -0.8564
vt 0.4482 -0.8994
vt 0.4170 -0.9512
vt 0.4189 -0.9727
vt 0.4355 -0.8574
vt 0.4795 -0.8594
vt 0.4951 -0.8115
vt 0.4775 -0.8232
vt 0.4590 -0.7803
vt 0.4482 -0.7979
vt 0.3848 -0.8691
vt 0.3965 -0.9590
vt 0.3936 -0.9814
vt 0.3633 -0.9521
vt 0.3516 -0.9736
vt 0.3467 -0.8809
vt 0.3311 -0.8838
vt 0.3320 -0.8291
vt 0.3125 -0.8193
vt 0.3691 -0.8057
vt 0.4043 -0.7959
vt 0.4043 -0.7783
vt 0.3594 -0.7900
vt 0.7754 -0.9082
vt 0.8184 -0.9492
vt 0.7881 -0.9053
vt 0.7900 -0.8760
vt 0.7773 -0.8711
vt 0.8320 -0.8828
vt 0.8223 -0.9375
vt 0.8691 -0.9541
vt 0.8613 -0.9414
vt 0.8965 -0.9395
vt 0.8838 -0.9307
vt 0.8965 -0.9072
vt 0.8838 -0.9053
vt 0.8652 -0.8662
vt 0.8584 -0.8730
vt 0.8301 -0.8398
vt 0.8311 -0.8516
vt 0.8018 -0.8555
vt 0.7930 -0.8447
vt 0.7451 -0.5068
vt 0.7178 -0.4893
vt 0.7344 -0.5107
vt 0.7363 -0.5391
vt 0.7480 -0.5439
vt 0.7207 -0.5537
vt 0.7139 -0.4971
vt 0.6865 -0.4883
vt 0.6885 -0.4961
vt 0.6973 -0.5625
vt 0.7275 -0.5625
vt 0.6982 -0.5732
vt 0.6719 -0.5400
vt 0.6641 -0.5449
vt 0.6455 -0.5225
vt 0.6299 -0.5225
vt 0.6621 -0.4912
vt 0.6523 -0.4824
vt 0.1406 -0.4941
vt 0.0889 -0.4863
vt 0.1279 -0.5020
vt 0.1152 -0.5645
vt 0.1250 -0.5732
vt 0.0859 -0.4961
vt 0.0957 -0.5732
vt 0.0996 -0.5830
vt 0.0322 -0.5684
vt 0.0107 -0.4961
vt -0.0068 -0.4873
vt 0.0195 -0.5771
vt 0.2715 -0.7676
vt 0.2676 -0.7363
vt 0.2646 -0.7656
vt 0.2588 -0.7881
vt 0.2705 -0.7979
vt 0.2158 -0.7979
vt 0.2627 -0.7383
vt 0.2432 -0.6836
vt 0.2402 -0.6943
vt 0.1934 -0.7637
vt 0.2129 -0.8066
vt 0.1865 -0.7656
vt 0.1904 -0.7109
vt 0.1826 -0.7031
vt 0.6279 -0.5293
vt 0.6289 -0.5137
vt 0.6143 -0.5400
vt 0.5781 -0.7412
vt 0.5840 -0.7529
vt 0.4570 -0.7227
vt 0.5596 -0.7705
vt 0.5625 -0.7861
vt 0.4844 -0.7695
vt 0.4717 -0.7920
vt 0.4395 -0.7324
vt 0.5205 -0.5107
vt 0.5156 -0.4971
vt 0.5469 -0.5039
vt 0.6123 -0.5195
vt 0.5469 -0.4902
vt 0.7295 -0.1943
vt 0.7002 -0.1855
vt 0.7227 -0.2012
vt 0.7314 -0.2080
vt 0.7402 -0.2031
vt 0.7285 -0.2471
vt 0.7002 -0.1943
vt 0.6348 -0.1992
vt 0.6484 -0.2051
vt 0.7090 -0.2656
vt 0.7373 -0.2539
vt 0.7119 -0.2773
vt 0.6465 -0.2490
vt 0.6318 -0.2559
vt 0.2949 -0.4580
vt 0.2920 -0.3926
vt 0.2842 -0.4424
vt 0.2793 -0.4531
vt 0.2881 -0.4717
vt 0.2500 -0.4492
vt 0.2822 -0.3955
vt 0.2803 -0.3643
vt 0.2744 -0.3750
vt 0.2236 -0.4170
vt 0.2510 -0.4648
vt 0.2109 -0.4219
vt 0.2236 -0.3896
vt 0.2109 -0.3848
vt 0.2285 -0.3584
vt 0.2178 -0.3418
vt 0.2637 -0.3545
vt 0.2656 -0.3350
vt 0.4580 -0.9082
vt 0.4971 -0.8564
vt 0.4482 -0.8994
vt 0.4170 -0.9512
vt 0.4189 -0.9727
vt 0.4355 -0.8574
vt 0.4795 -0.8594
vt 0.4951 -0.8115
vt 0.4775 -0.8232
vt 0.4590 -0.7803
vt 0.4482 -0.7979
vt 0.3848 -0.8691
vt 0.3965 -0.9590
vt 0.3936 -0.9814
vt 0.3633 -0.9521
vt 0.3516 -0.9736
vt 0.3467 -0.8809
vt 0.3311 -0.8838
vt 0.3320 -0.8291
vt 0.3125 -0.8193
vt 0.3691 -0.8057
vt 0.4043 -0.7959
vt 0.4043 -0.7783
vt 0.3594 -0.7900
vt 0.5254 -0.1484
vt 0.5518 -0.1260
vt 0.5195 -0.1416
vt 0.4756 -0.1494
vt 0.4756 -0.1562
vt 0.4736 -0.1191
vt 0.5430 -0.1221
vt 0.5615 -0.0566
vt 0.5527 -0.0605
vt 0.4688 -0.0664
vt 0.4023 -0.1260
vt 0.3936 -0.1309
vt 0.3857 -0.0742
vt 0.3750 -0.0723
vt 0.3955 -0.0410
vt 0.3857 -0.0352
vt 0.4629 -0.0244
vt 0.5352 -0.0352
vt 0.5420 -0.0293
vt 0.4609 -0.0166
vt 0.5625 -0.7910
vt 0.5361 -0.7910
vt 0.5586 -0.7979
vt 0.5742 -0.8057
vt 0.5850 -0.8018
vt 0.5762 -0.8369
vt 0.5381 -0.7979
vt 0.4893 -0.7979
vt 0.5029 -0.8027
vt 0.5479 -0.8457
vt 0.5869 -0.8438
vt 0.5498 -0.8555
vt 0.5078 -0.8408
vt 0.4961 -0.8477
vt 0.2715 -0.7676
vt 0.2676 -0.7363
vt 0.2646 -0.7656
vt 0.2588 -0.7881
vt 0.2705 -0.7979
vt 0.2158 -0.7979
vt 0.2627 -0.7383
vt 0.2432 -0.6836
vt 0.2402 -0.6943
vt 0.1934 -0.7637
vt 0.2129 -0.8066
vt 0.1865 -0.7656
vt 0.1904 -0.7109
vt 0.1826 -0.7031
vt 0.7295 -0.1943
vt 0.7002 -0.1855
vt 0.7227 -0.2012
vt 0.7314 -0.2080
vt 0.7402 -0.2031
vt 0.7285 -0.2471
vt 0.7002 -0.1943
vt 0.6348 -0.1992
vt 0.6484 -0.2051
vt 0.7090 -0.2656
vt 0.7373 -0.2539
vt 0.7119 -0.2773
vt 0.6465 -0.2490
vt 0.6318 -0.2559
vt 0.2949 -0.4580
vt 0.2920 -0.3926
vt 0.2842 -0.4424
vt 0.2793 -0.4531
vt 0.2881 -0.4717
vt 0.2500 -0.4492
vt 0.2822 -0.3955
vt 0.2803 -0.3643
vt 0.2744 -0.3750
vt 0.2236 -0.4170
vt 0.2510 -0.4648
vt 0.2109 -0.4219
vt 0.2236 -0.3896
vt 0.2109 -0.3848
vt 0.2285 -0.3584
vt 0.2178 -0.3418
vt 0.2637 -0.3545
vt 0.2656 -0.3350
vt 0.4893 -0.5742
vt 0.4619 -0.5430
vt 0.4736 -0.5859
vt 0.4570 -0.6465
vt 0.4707 -0.6455
vt 0.3916 -0.6611
vt 0.4512 -0.5557
vt 0.4023 -0.5352
vt 0.3994 -0.5537
vt 0.3037 -0.5654
vt 0.3174 -0.5791
vt 0.2773 -0.7021
vt 0.2949 -0.6943
vt 0.2959 -0.7559
vt 0.3105 -0.7393
vt 0.3496 -0.7783
vt 0.3555 -0.7578
vt 0.4238 -0.7275
vt 0.4307 -0.7422
vt 0.5254 -0.1484
vt 0.5518 -0.1260
vt 0.5195 -0.1416
vt 0.4756 -0.1494
vt 0.4756 -0.1562
vt 0.4736 -0.1191
vt 0.5430 -0.1221
vt 0.5615 -0.0566
vt 0.5527 -0.0605
vt 0.4688 -0.0664
vt 0.4023 -0.1260
vt 0.3936 -0.1309
vt 0.3857 -0.0742
vt 0.3750 -0.0723
vt 0.3955 -0.0410
vt 0.3857 -0.0352
vt 0.4629 -0.0244
vt 0.5352 -0.0352
vt 0.5420 -0.0293
vt 0.4609 -0.0166
vt 0.7754 -0.9082
vt 0.8184 -0.9492
vt 0.7881 -0.9053
vt 0.7900 -0.8760
vt 0.7773 -0.8711
vt 0.8320 -0.8828
vt 0.8223 -0.9375
vt 0.8691 -0.9541
vt 0.8613 -0.9414
vt 0.8965 -0.9395
vt 0.8838 -0.9307
vt 0.8965 -0.9072
vt 0.8838 -0.9053
vt 0.8652 -0.8662
vt 0.8584 -0.8730
vt 0.8301 -0.8398
vt 0.8311 -0.8516
vt 0.8018 -0.8555
vt 0.7930 -0.8447
vt 0.8877 -0.6016
vt 0.8633 -0.5645
vt 0.8750 -0.6016
vt 0.8359 -0.6641
vt 0.8408 -0.6768
vt 0.8574 -0.5703
vt 0.8057 -0.6846
vt 0.8037 -0.7090
vt 0.7275 -0.6016
vt 0.7090 -0.6016
vt 0.8164 -0.5527
vt 0.8164 -0.5420
vt 0.7588 -0.5352
vt 0.7676 -0.5469
vt 0.7451 -0.5068
vt 0.7178 -0.4893
vt 0.7344 -0.5107
vt 0.7363 -0.5391
vt 0.7480 -0.5439
vt 0.7207 -0.5537
vt 0.7139 -0.4971
vt 0.6865 -0.4883
vt 0.6885 -0.4961
vt 0.6973 -0.5625
vt 0.7275 -0.5625
vt 0.6982 -0.5732
vt 0.6719 -0.5400
vt 0.6641 -0.5449
vt 0.6455 -0.5225
vt 0.6299 -0.5225
vt 0.6621 -0.4912
vt 0.6523 -0.4824
vt 0.3115 -0.9570
vt 0.3018 -0.8955
vt 0.3018 -0.9502
vt 0.2969 -0.9717
vt 0.3047 -0.9834
vt 0.2363 -0.9805
vt 0.2939 -0.9014
vt 0.2676 -0.8340
vt 0.2666 -0.8516
vt 0.2158 -0.9248
vt 0.2305 -0.9951
vt 0.2041 -0.9258
vt 0.2266 -0.8750
vt 0.2178 -0.8633
vt 0.5625 -0.7910
vt 0.5361 -0.7910
vt 0.5586 -0.7979
vt 0.5742 -0.8057
vt 0.5850 -0.8018
vt 0.5762 -0.8369
vt 0.5381 -0.7979
vt 0.4893 -0.7979
vt 0.5029 -0.8027
vt 0.5479 -0.8457
vt 0.5869 -0.8438
vt 0.5498 -0.8555
vt 0.5078 -0.8408
vt 0.4961 -0.8477
vt 0.2715 -0.7676
vt 0.2676 -0.7363
vt 0.2646 -0.7656
vt 0.2588 -0.7881
vt 0.2705 -0.7979
vt 0.2158 -0.7979
vt 0.2627 -0.7383
vt 0.2432 -0.6836
vt 0.2402 -0.6943
vt 0.1934 -0.7637
vt 0.2129 -0.8066
vt 0.1865 -0.7656
vt 0.1904 -0.7109
vt 0.1826 -0.7031
vt 0.7295 -0.1943
vt 0.7002 -0.1855
vt 0.7227 -0.2012
vt 0.7314 -0.2080
vt 0.7402 -0.2031
vt 0.7285 -0.2471
vt 0.7002 -0.1943
vt 0.6348 -0.1992
vt 0.6484 -0.2051
vt 0.7090 -0.2656
vt 0.7373 -0.2539
vt 0.7119 -0.2773
vt 0.6465 -0.2490
vt 0.6318 -0.2559
vt 0.2949 -0.4580
vt 0.2920 -0.3926
vt 0.2842 -0.4424
vt 0.2793 -0.4531
vt 0.2881 -0.4717
vt 0.2500 -0.4492
vt 0.2822 -0.3955
vt 0.2803 -0.3643
vt 0.2744 -0.3750
vt 0.2236 -0.4170
vt 0.2510 -0.4648
vt 0.2109 -0.4219
vt 0.2236 -0.3896
vt 0.2109 -0.3848
vt 0.2285 -0.3584
vt 0.2178 -0.3418
vt 0.2637 -0.3545
vt 0.2656 -0.3350
vt 0.4893 -0.5742
vt 0.4619 -0.5430
vt 0.4736 -0.5859
vt 0.4570 -0.6465
vt 0.4707 -0.6455
vt 0.3916 -0.6611
vt 0.4512 -0.5557
vt 0.4023 -0.5352
vt 0.3994 -0.5537
vt 0.3037 -0.5654
vt 0.3174 -0.5791
vt 0.2773 -0.7021
vt 0.2949 -0.6943
vt 0.2959 -0.7559
vt 0.3105 -0.7393
vt 0.3496 -0.7783
vt 0.3555 -0.7578
vt 0.4238 -0.7275
vt 0.4307 -0.7422
vt 0.3828 -0.3076
vt 0.4150 -0.2773
vt 0.3730 -0.2930
vt 0.3340 -0.2969
vt 0.3330 -0.3125
vt 0.3320 -0.2666
vt 0.4023 -0.2695
vt 0.4424 -0.2002
vt 0.4219 -0.2080
vt 0.3281 -0.2197
vt 0.2734 -0.2686
vt 0.2578 -0.2764
vt 0.2529 -0.2266
vt 0.2324 -0.2246
vt 0.2617 -0.1963
vt 0.2432 -0.1865
vt 0.3223 -0.1689
vt 0.4053 -0.1855
vt 0.4229 -0.1729
vt 0.3184 -0.1523
vt 0.7451 -0.5068
vt 0.7178 -0.4893
vt 0.7344 -0.5107
vt 0.7363 -0.5391
vt 0.7480 -0.5439
vt 0.7207 -0.5537
vt 0.7139 -0.4971
vt 0.6865 -0.4883
vt 0.6885 -0.4961
vt 0.6973 -0.5625
vt 0.7275 -0.5625
vt 0.6982 -0.5732
vt 0.6719 -0.5400
vt 0.6641 -0.5449
vt 0.6455 -0.5225
vt 0.6299 -0.5225
vt 0.6621 -0.4912
vt 0.6523 -0.4824
vt 0.3115 -0.9570
vt 0.3018 -0.8955
vt 0.3018 -0.9502
vt 0.2969 -0.9717
vt 0.3047 -0.9834
vt 0.2363 -0.9805
vt 0.2939 -0.9014
vt 0.2676 -0.8340
vt 0.2666 -0.8516
vt 0.2158 -0.9248
vt 0.2305 -0.9951
vt 0.2041 -0.9258
vt 0.2266 -0.8750
vt 0.2178 -0.8633
vt 0.5625 -0.7910
vt 0.5361 -0.7910
vt 0.5586 -0.7979
vt 0.5742 -0.8057
vt 0.5850 -0.8018
vt 0.5762 -0.8369
vt 0.5381 -0.7979
vt 0.4893 -0.7979
vt 0.5029 -0.8027
vt 0.5479 -0.8457
vt 0.5869 -0.8438
vt 0.5498 -0.8555
vt 0.5078 -0.8408
vt 0.4961 -0.8477
vt 0.7295 -0.1943
vt 0.7002 -0.1855
vt 0.7227 -0.2012
vt 0.7314 -0.2080
vt 0.7402 -0.2031
vt 0.7285 -0.2471
vt 0.7002 -0.1943
vt 0.6348 -0.1992
vt 0.6484 -0.2051
vt 0.7090 -0.2656
vt 0.7373 -0.2539
vt 0.7119 -0.2773
vt 0.6465 -0.2490
vt 0.6318 -0.2559
vt 0.5254 -0.1484
vt 0.5518 -0.1260
vt 0.5195 -0.1416
vt 0.4756 -0.1494
vt 0.4756 -0.1562
vt 0.4736 -0.1191
vt 0.5430 -0.1221
vt 0.5615 -0.0566
vt 0.5527 -0.0605
vt 0.4688 -0.0664
vt 0.4023 -0.1260
vt 0.3936 -0.1309
vt 0.3857 -0.0742
vt 0.3750 -0.0723
vt 0.3955 -0.0410
vt 0.3857 -0.0352
vt 0.4629 -0.0244
vt 0.5352 -0.0352
vt 0.5420 -0.0293
vt 0.4609 -0.0166
vt 0.3828 -0.3076
vt 0.4150 -0.2773
vt 0.3730 -0.2930
vt 0.3340 -0.2969
vt 0.3330 -0.3125
vt 0.3320 -0.2666
vt 0.4023 -0.2695
vt 0.4424 -0.2002
vt 0.4219 -0.2080
vt 0.3281 -0.2197
vt 0.2734 -0.2686
vt 0.2578 -0.2764
vt 0.2529 -0.2266
vt 0.2324 -0.2246
vt 0.2617 -0.1963
vt 0.2432 -0.1865
vt 0.3223 -0.1689
vt 0.4053 -0.1855
vt 0.4229 -0.1729
vt 0.3184 -0.1523
vt 0.7451 -0.5068
vt 0.7178 -0.4893
vt 0.7344 -0.5107
vt 0.7363 -0.5391
vt 0.7480 -0.5439
vt 0.7207 -0.5537
vt 0.7139 -0.4971
vt 0.6865 -0.4883
vt 0.6885 -0.4961
vt 0.6973 -0.5625
vt 0.7275 -0.5625
vt 0.6982 -0.5732
vt 0.6719 -0.5400
vt 0.6641 -0.5449
vt 0.6455 -0.5225
vt 0.6299 -0.5225
vt 0.6621 -0.4912
vt 0.6523 -0.4824
vt 0.1406 -0.4941
vt 0.0889 -0.4863
vt 0.1279 -0.5020
vt 0.1152 -0.5645
vt 0.1250 -0.5732
vt 0.0859 -0.4961
vt 0.0957 -0.5732
vt 0.0996 -0.5830
vt 0.0322 -0.5684
vt 0.0107 -0.4961
vt -0.0068 -0.4873
vt 0.0195 -0.5771
vt 0.2949 -0.4580
vt 0.2920 -0.3926
vt 0.2842 -0.4424
vt 0.2793 -0.4531
vt 0.2881 -0.4717
vt 0.2500 -0.4492
vt 0.2822 -0.3955
vt 0.2803 -0.3643
vt 0.2744 -0.3750
vt 0.2236 -0.4170
vt 0.2510 -0.4648
vt 0.2109 -0.4219
vt 0.2236 -0.3896
vt 0.2109 -0.3848
vt 0.2285 -0.3584
vt 0.2178 -0.3418
vt 0.2637 -0.3545
vt 0.2656 -0.3350
vt 0.4893 -0.5742
vt 0.4619 -0.5430
vt 0.4736 -0.5859
vt 0.4570 -0.6465
vt 0.4707 -0.6455
vt 0.3916 -0.6611
vt 0.4512 -0.5557
vt 0.4023 -0.5352
vt 0.3994 -0.5537
vt 0.3037 -0.5654
vt 0.3174 -0.5791
vt 0.2773 -0.7021
vt 0.2949 -0.6943
vt 0.2959 -0.7559
vt 0.3105 -0.7393
vt 0.3496 -0.7783
vt 0.3555 -0.7578
vt 0.4238 -0.7275
vt 0.4307 -0.7422
vt 0.5449 -0.2959
vt 0.4971 -0.3223
vt 0.5537 -0.3076
vt 0.6143 -0.2959
vt 0.6152 -0.2822
vt 0.6191 -0.3779
vt 0.5117 -0.3311
vt 0.5039 -0.3975
vt 0.5176 -0.3965
vt 0.5176 -0.4502
vt 0.5303 -0.4424
vt 0.5967 -0.4775
vt 0.5986 -0.4668
vt 0.6182 -0.4287
vt 0.6787 -0.4688
vt 0.6885 -0.4814
vt 0.7207 -0.4512
vt 0.7100 -0.4434
vt 0.7197 -0.3760
vt 0.6797 -0.3184
vt 0.6895 -0.3076
vt 0.7354 -0.3740
vt 0.4785 -0.4639
vt 0.4912 -0.4443
vt 0.4688 -0.4570
vt 0.3408 -0.4619
vt 0.3330 -0.4697
vt 0.4834 -0.4395
vt 0.3145 -0.4492
vt 0.3027 -0.4551
vt 0.3096 -0.4150
vt 0.2891 -0.4170
vt 0.4814 -0.3672
vt 0.4932 -0.3613
vt 0.4736 -0.3232
vt 0.4639 -0.3340
vt 0.3145 -0.3428
vt 0.3027 -0.3340
vt 0.3828 -0.3076
vt 0.4150 -0.2773
vt 0.3730 -0.2930
vt 0.3340 -0.2969
vt 0.3330 -0.3125
vt 0.3320 -0.2666
vt 0.4023 -0.2695
vt 0.4424 -0.2002
vt 0.4219 -0.2080
vt 0.3281 -0.2197
vt 0.2734 -0.2686
vt 0.2578 -0.2764
vt 0.2529 -0.2266
vt 0.2324 -0.2246
vt 0.2617 -0.1963
vt 0.2432 -0.1865
vt 0.3223 -0.1689
vt 0.4053 -0.1855
vt 0.4229 -0.1729
vt 0.3184 -0.1523
vn 0.8540 0.0111 -0.5202
vn -0.7071 0.0111 -0.7070
vn 0.5434 0.0111 0.8394
vn 0.8176 0.0111 -0.5757
vn 0.5219 0.0111 -0.8530
vn 0.7071 0.0111 -0.7070
vn 0.6088 0.0111 -0.7933
vn 0.6602 0.0111 -0.7510
vn 0.8446 0.0111 -0.5353
vn 0.6228 0.0111 -0.7823
vn 0.7138 0.0111 -0.7003
vn 0.4361 0.0111 -0.8998
vn 0.5386 0.0111 -0.8425
vn 0.7668 0.0111 -0.6417
vn 0.7042 0.0111 -0.7099
vn 0.8000 0.0111 -0.5999
vn 0.7734 0.0111 -0.6338
vn 0.5567 0.0111 -0.8306
vn 0.8148 0.0111 -0.5796
vn -0.4635 0.0111 -0.8860
vn 0.7212 0.0111 0.6926
vn -0.5863 -0.7796 -0.2201
vn 0.7538 -0.5001 -0.4261
vn -0.6089 0.0339 0.7925
vn -0.5552 -0.7863 0.2711
vn -0.0595 0.2260 0.9723
vn -0.8387 -0.1400 -0.5262
vn 0.8690 -0.4804 0.1185
vn 0.8712 -0.3858 0.3035
vn 0.4623 -0.7451 -0.4808
vn -0.2638 -0.7228 -0.6388
vn 0.4251 -0.6625 0.6168
vn 0.5393 -0.8166 -0.2059
vn 0.4622 -0.7451 -0.4808
vn 0.5392 -0.8166 -0.2060
vn -0.5862 -0.7796 -0.2203
vn -0.8388 -0.1400 -0.5262
vn 0.5392 -0.8166 -0.2059
vn 0.6524 -0.7407 -0.1605
vn 0.0140 -0.4144 -0.9100
vn -0.2340 -0.9024 -0.3617
vn 0.7801 -0.3143 0.5410
vn -0.7138 -0.5838 -0.3868
vn 0.5379 -0.6455 0.5422
vn -0.3696 -0.8745 0.3141
vn -0.3274 -0.1737 -0.9288
vn 0.9002 -0.1962 -0.3889
vn -0.1019 -0.8449 0.5251
vn -0.2011 -0.1772 -0.9634
vn -0.1602 -0.5842 0.7957
vn 0.6118 -0.3097 -0.7278
vn 0.1105 -0.4576 0.8823
vn -0.7711 -0.0926 -0.6300
vn 0.8506 -0.3919 -0.3507
vn -0.3359 -0.5629 -0.7552
vn 0.4591 -0.3286 0.8254
vn -0.1370 -0.4296 0.8925
vn 0.6170 -0.5758 0.5365
vn 0.9811 0.1396 -0.1338
vn 0.5636 -0.3161 -0.7632
vn -0.0734 -0.5664 -0.8208
vn -0.0710 0.0111 0.9974
vn 0.7917 -0.0629 -0.6077
vn -0.8108 -0.3593 0.4621
vn 0.0783 0.3546 -0.9317
vn -0.5551 -0.7719 0.3098
vn -0.1025 -0.9239 0.3687
vn -0.0074 -0.6548 0.7557
vn -0.9764 0.1529 -0.1526
vn -0.5125 0.0111 -0.8586
vn -0.9055 0.0923 0.4141
vn -0.0583 -0.5219 -0.8510
vn -0.5154 -0.7654 -0.3855
vn 0.3262 -0.9405 0.0952
vn 0.3852 -0.6793 -0.6246
vn 0.0497 -0.8948 -0.4436
vn 0.4665 -0.7843 -0.4090
vn 0.8663 -0.4493 -0.2183
vn -0.1780 -0.4631 -0.8682
vn -0.7125 -0.5096 -0.4824
vn -0.9894 0.1077 0.0977
vn -0.4429 0.0005 -0.8965
vn 0.0458 -0.5757 0.8164
vn 0.0627 0.0064 0.9980
vn -0.3622 0.0818 -0.9285
vn -0.5789 -0.5755 0.5777
vn 0.6823 -0.5200 0.5138
vn -0.9727 0.0850 0.2161
vn 0.0913 -0.6882 -0.7197
vn 0.8496 -0.3379 -0.4050
vn 0.4154 -0.6682 -0.6172
vn 0.5368 -0.0724 0.8406
vn 0.7178 -0.5621 0.4109
vn 0.4792 -0.2635 0.8372
vn -0.2817 -0.7361 -0.6154
vn -0.6128 -0.7846 -0.0942
vn -0.8712 0.4054 0.2770
vn 0.3898 -0.4385 0.8098
vn -0.2392 -0.5019 -0.8312
vn -0.6665 0.0111 0.7454
vn -0.3537 0.1678 0.9202
vn 0.6784 -0.7262 -0.1110
vn 0.2834 0.2454 0.9270
vn 0.1188 -0.6130 -0.7811
vn 0.8960 -0.0782 0.4372
vn -0.2980 0.0111 -0.9545
vn 0.3122 -0.9448 0.0993
vn 0.0672 -0.5420 0.8377
vn 0.1078 -0.0989 -0.9892
vn -0.5392 -0.7979 0.2695
vn 0.9406 -0.1894 -0.2817
vn -0.6311 -0.6415 0.4361
vn -0.1430 -0.9891 0.0351
vn 0.6648 -0.7421 0.0852
vn 0.0775 -0.1696 -0.9825
vn -0.3220 -0.7930 -0.5172
vn -0.1440 -0.4073 0.9019
vn -0.1090 -0.4057 0.9075
vn -0.6873 -0.7145 -0.1304
vn -0.2309 -0.7996 0.5544
vn 0.2284 -0.9544 0.1922
vn -0.6834 -0.1911 -0.7046
vn 0.6178 -0.7609 0.1985
vn 0.4559 0.0111 -0.8899
vn 0.3620 -0.9233 -0.1282
vn -0.0686 -0.5349 -0.8422
vn 0.1752 -0.9167 0.3591
vn -0.5536 -0.7696 -0.3183
vn 0.4167 -0.8498 0.3228
vn 0.6846 -0.7276 0.0446
vn 0.6996 -0.6320 -0.3333
vn 0.2882 -0.8749 -0.3891
vn 0.7583 0.3900 0.5224
vn 0.2752 -0.7748 -0.5692
vn -0.1640 -0.9573 0.2381
vn 0.9601 -0.0577 -0.2737
vn 0.2490 -0.7080 0.6608
vn 0.6463 -0.7577 -0.0903
vn -0.0021 -0.4851 -0.8745
vn -0.1962 -0.9186 -0.3431
vn 0.7304 -0.2640 0.6299
vn -0.6827 -0.6592 -0.3153
vn 0.5012 -0.6592 0.5606
vn -0.3213 -0.8906 0.3219
vn -0.3526 -0.2109 -0.9117
vn 0.9150 -0.1934 -0.3540
vn -0.2064 -0.8083 -0.5515
vn -0.1508 -0.2497 -0.9565
vn -0.1859 -0.6191 0.7630
vn 0.6180 -0.3127 -0.7213
vn 0.0924 -0.5435 0.8343
vn -0.7832 -0.1129 -0.6114
vn 0.7891 -0.4713 -0.3939
vn -0.2641 -0.5433 -0.7969
vn 0.4362 -0.3655 0.8223
vn 0.6677 -0.7008 0.2511
vn -0.2245 -0.5057 -0.8330
vn -0.4245 -0.9035 -0.0587
vn 0.4441 -0.5708 0.6907
vn -0.4314 -0.7415 -0.5139
vn -0.0948 -0.8087 0.5805
vn 0.0933 -0.9832 0.1568
vn -0.0004 -0.5222 -0.8528
vn -0.2061 0.2048 -0.9569
vn 0.2923 -0.9561 0.0208
vn 0.5863 -0.4936 0.6424
vn -0.5411 -0.8197 0.1881
vn -0.8128 -0.4898 -0.3155
vn 0.7303 -0.5844 -0.3539
vn -0.4197 0.3463 0.8390
vn 0.1727 -0.3071 0.9359
vn -0.3544 -0.6713 -0.6509
vn -0.9056 -0.2037 -0.3719
vn -0.6317 -0.7296 -0.2620
vn 0.4920 -0.7959 -0.3529
vn 0.7431 -0.2113 0.6350
vn -0.4305 -0.7586 0.4891
vn -0.4477 -0.8031 0.3932
vn -0.7472 -0.5951 0.2958
vn -0.6661 -0.5670 -0.4846
vn 0.5970 -0.5621 0.5724
vn -0.8187 -0.2420 -0.5208
vn 0.7206 -0.5573 -0.4125
vn 0.3406 0.1747 0.9238
vn 0.9244 -0.2646 0.2748
vn -0.6728 -0.4001 -0.6223
vn -0.9300 -0.3626 0.0607
vn -0.0961 -0.8035 -0.5875
vn -0.5220 -0.2490 -0.8158
vn -0.2678 -0.0532 -0.9620
vn -0.3923 -0.4489 0.8028
vn 0.9860 -0.0060 0.1669
vn -0.6748 -0.6010 -0.4284
vn 0.5657 -0.2457 0.7872
vn 0.7569 -0.1924 -0.6246
vn 0.8550 -0.2653 -0.4456
vn -0.0853 -0.4280 -0.8998
vn 0.1220 -0.8250 -0.5518
vn 0.1365 -0.6785 -0.7218
vn -0.4332 -0.8892 -0.1472
vn -0.6981 -0.1457 0.7010
vn 0.6674 -0.6908 0.2781
vn 0.5989 -0.6760 0.4293
vn 0.9878 -0.1489 -0.0455
vn 0.5024 -0.8474 0.1717
vn -0.1636 -0.8677 -0.4694
vn -0.8562 -0.4367 -0.2763
vn -0.5600 -0.8284 -0.0134
vn -0.3813 -0.6337 -0.6731
vn -0.2393 0.3697 -0.8978
vn -0.6600 -0.6932 -0.2896
vn -0.8542 -0.1836 -0.4865
vn 0.7850 -0.4754 -0.3972
vn -0.6054 0.2230 0.7640
vn -0.3511 -0.3496 0.8686
vn -0.4190 -0.3662 -0.8309
vn -0.4185 -0.0719 -0.9054
vn -0.5878 -0.7412 -0.3242
vn 0.4777 -0.4306 -0.7657
vn 0.5990 0.1160 0.7923
vn -0.9498 -0.3115 -0.0295
vn -0.0148 -0.2468 0.9690
vn -0.7444 -0.5673 0.3522
vn -0.9625 -0.1161 -0.2452
vn 0.8781 -0.1017 0.4676
vn 0.3325 -0.7428 0.5811
vn 0.6817 -0.2103 0.7008
vn 0.3483 0.0136 0.9373
vn 0.3033 -0.5637 -0.7683
vn -0.2730 -0.7311 -0.6253
vn -0.6111 -0.7859 -0.0946
vn -0.8691 0.4111 0.2752
vn 0.3784 -0.4409 0.8139
vn -0.2382 -0.4997 -0.8328
vn -0.6657 0.0111 0.7462
vn -0.3496 0.1617 0.9228
vn 0.6732 -0.7307 -0.1135
vn 0.2813 0.2416 0.9287
vn 0.1069 -0.6040 -0.7898
vn 0.8996 -0.0788 0.4296
vn -0.2833 0.0111 -0.9590
vn 0.3185 -0.9422 0.1038
vn 0.0741 -0.5421 0.8371
vn 0.0928 -0.0999 -0.9907
vn -0.5332 -0.8006 0.2732
vn 0.9413 -0.1900 -0.2791
vn -0.6280 -0.6368 0.4473
vn -0.1228 -0.9916 0.0414
vn 0.6686 -0.7392 0.0809
vn 0.0916 -0.1695 -0.9813
vn -0.3179 -0.7903 -0.5238
vn -0.1460 -0.4088 0.9009
vn -0.1172 -0.3999 0.9090
vn -0.0698 -0.4813 -0.8738
vn -0.5508 -0.7771 -0.3047
vn -0.9987 0.0510 -0.0072
vn -0.5721 -0.2613 -0.7775
vn 0.0315 -0.5599 0.8279
vn 0.3166 0.0111 0.9485
vn -0.3404 0.0871 0.9362
vn 0.7465 -0.6620 0.0671
vn 0.1516 0.2764 0.9490
vn 0.9869 0.0111 -0.1612
vn -0.9728 -0.1452 -0.1807
vn -0.5467 -0.8272 0.1297
vn 0.9172 -0.1529 -0.3680
vn 0.7857 -0.6185 0.0073
vn 0.2491 -0.9165 0.3132
vn 0.4132 -0.6385 0.6493
vn 0.4649 -0.3328 -0.8204
vn 0.7302 0.1753 0.6603
vn 0.3268 -0.7749 -0.5410
vn -0.0991 -0.5282 -0.8433
vn -0.0101 -0.6729 -0.7397
vn -0.1681 -0.5359 0.8274
vn -0.3032 -0.9352 -0.1829
vn -0.4496 0.1380 0.8825
vn 0.6413 -0.7591 0.1119
vn 0.1454 -0.9511 0.2727
vn 0.9619 -0.0670 -0.2652
vn 0.5109 -0.7645 0.3931
vn -0.1552 -0.8559 -0.4932
vn -0.7556 -0.3564 -0.5496
vn -0.5712 -0.7919 -0.2158
vn 0.0020 -0.6089 0.7933
vn -0.0932 0.2199 -0.9711
vn -0.6129 -0.7901 0.0009
vn -0.4198 0.3463 0.8390
vn -0.4478 -0.8031 0.3931
vn 0.1366 -0.6785 -0.7218
vn -0.4333 -0.8891 -0.1473
vn -0.6982 -0.1457 0.7010
vn -0.8561 -0.4367 -0.2763
vn -0.8178 -0.3015 -0.4903
vn 0.7633 -0.5464 -0.3446
vn -0.6332 0.2038 0.7466
vn -0.4252 -0.3191 0.8470
vn -0.4278 -0.3705 -0.8244
vn -0.4157 -0.0676 -0.9070
vn -0.6124 -0.7499 -0.2502
vn 0.4633 -0.5235 -0.7151
vn 0.5935 0.1216 0.7956
vn -0.9376 -0.3467 -0.0266
vn 0.0284 -0.3096 0.9504
vn -0.7192 -0.6318 0.2891
vn -0.9381 -0.0930 -0.3337
vn 0.8522 -0.2185 0.4755
vn 0.3427 -0.7845 0.5168
vn 0.6276 -0.2201 0.7468
vn 0.3079 0.0089 0.9514
vn 0.2952 -0.6119 -0.7338
vn 0.7076 -0.6914 0.1456
vn 0.0633 -0.7249 -0.6859
vn -0.3931 -0.8994 -0.1914
vn 0.7718 -0.0778 0.6311
vn -0.6208 -0.7605 -0.1907
vn -0.2608 0.0111 -0.9653
vn -0.3754 -0.9238 -0.0748
vn -0.0196 -0.5429 -0.8395
vn -0.1943 -0.8194 -0.5394
vn 0.4929 -0.6539 0.5740
vn -0.4842 -0.7385 -0.4693
vn 0.8017 -0.5972 0.0239
vn 0.2514 -0.8350 0.4895
vn -0.5054 -0.7813 0.3663
vn -0.6018 0.1717 -0.7800
vn -0.1064 -0.6173 0.7795
vn -0.5779 -0.4296 -0.6939
vn -0.9762 -0.1824 -0.1176
vn -0.3793 -0.6942 -0.6118
vn -0.0786 -0.5099 -0.8566
vn -0.5483 -0.7884 -0.2790
vn -0.9987 0.0476 -0.0178
vn -0.5675 -0.2675 -0.7787
vn 0.0144 -0.5802 0.8144
vn 0.3063 0.0111 0.9519
vn -0.3378 0.0871 0.9372
vn 0.7404 -0.6670 0.0825
vn 0.1638 0.2781 0.9465
vn 0.9883 0.0111 -0.1518
vn -0.9726 -0.1562 -0.1723
vn -0.5564 -0.8248 0.1007
vn 0.9159 -0.1568 -0.3696
vn 0.7775 -0.6289 -0.0024
vn 0.2433 -0.9259 0.2889
vn 0.4203 -0.6685 0.6135
vn 0.4725 -0.3314 -0.8167
vn 0.7325 0.1774 0.6572
vn 0.3325 -0.7975 -0.5034
vn -0.0845 -0.5357 -0.8402
vn 0.1752 -0.9167 0.3592
vn 0.6996 -0.6321 -0.3333
vn 0.2882 -0.8749 -0.3892
vn 0.2750 -0.7748 -0.5693
vn -0.9163 -0.3977 -0.0466
vn 0.3389 -0.7677 -0.5439
vn 0.0847 -0.7318 -0.6762
vn 0.6166 -0.1851 0.7652
vn -0.3427 -0.3221 -0.8825
vn -0.3576 -0.9191 0.1655
vn 0.1578 -0.9573 0.2421
vn -0.1307 -0.7198 0.6817
vn 0.7551 -0.1165 -0.6452
vn 0.9805 -0.1963 -0.0107
vn -0.1417 -0.7237 -0.6755
vn -0.1275 -0.4823 -0.8667
vn 0.2632 -0.3652 0.8929
vn -0.3665 -0.8481 -0.3827
vn -0.1962 -0.9186 -0.3432
vn 0.7304 -0.2639 0.6299
vn -0.7942 -0.5810 -0.1781
vn 0.6595 -0.7149 -0.2323
vn 0.3896 -0.7346 -0.5554
vn 0.1039 -0.3100 0.9450
vn -0.4282 -0.6357 -0.6423
vn -0.8084 -0.1380 -0.5723
vn -0.5970 -0.7906 -0.1361
vn 0.4703 -0.7860 -0.4013
vn 0.6135 -0.7872 -0.0626
vn -0.3485 -0.8345 0.4267
vn -0.5491 -0.8133 0.1925
vn 0.8254 -0.5628 0.0430
vn -0.5580 -0.2277 -0.7980
vn 0.4599 -0.7193 0.5206
vn -0.0287 -0.6406 -0.7674
vn -0.1859 -0.5185 0.8346
vn -0.3385 -0.9275 -0.1585
vn -0.4264 0.1496 0.8921
vn 0.6399 -0.7655 0.0675
vn 0.1448 -0.9621 0.2312
vn 0.9588 -0.0670 -0.2759
vn 0.5098 -0.7080 0.4887
vn -0.1753 -0.8673 -0.4659
vn -0.7533 -0.3487 -0.5577
vn -0.5715 -0.7711 -0.2807
vn 0.0247 -0.5982 0.8010
vn -0.1299 0.2045 -0.9702
vn -0.5997 -0.7978 0.0620
vn 0.6675 -0.6908 0.2781
vn 0.0284 -0.3097 0.9504
vn 0.7022 -0.6873 0.1859
vn 0.0555 -0.7429 -0.6671
vn -0.3544 -0.9189 -0.1731
vn 0.7482 -0.0673 0.6600
vn -0.6105 -0.7721 -0.1767
vn -0.2293 0.0111 -0.9733
vn -0.3579 -0.9300 -0.0832
vn -0.0174 -0.5573 -0.8301
vn -0.1891 -0.8296 -0.5254
vn 0.4792 -0.6907 0.5415
vn -0.4485 -0.7554 -0.4777
vn 0.7912 -0.6116 -0.0035
vn 0.2315 -0.8556 0.4630
vn -0.4998 -0.7997 0.3327
vn -0.6073 0.1698 -0.7761
vn -0.1064 -0.6191 0.7781
vn -0.5888 -0.4136 -0.6944
vn -0.9784 -0.1771 -0.1066
vn -0.3708 -0.7229 -0.5831
vn -0.1024 -0.5581 -0.8234
vn -0.4669 -0.8557 -0.2233
vn -0.9954 0.0897 0.0350
vn -0.4415 -0.2418 -0.8641
vn -0.0364 -0.6493 0.7596
vn 0.2222 0.0111 0.9749
vn -0.3472 0.0776 0.9346
vn -0.7750 -0.6132 0.1529
vn -0.0825 0.2287 0.9700
vn 0.9565 0.0111 -0.2916
vn -0.9791 -0.0281 -0.2012
vn -0.4500 -0.8518 0.2682
vn 0.8328 -0.1794 -0.5237
vn 0.8189 -0.5703 -0.0646
vn 0.1748 -0.9273 0.3309
vn 0.3869 -0.7335 0.5588
vn 0.3377 -0.4471 -0.8283
vn 0.6822 0.1930 0.7052
vn 0.2952 -0.7666 -0.5702
vn 0.0979 -0.5177 0.8499
vn 0.6590 -0.7308 -0.1777
vn 0.0504 -0.3970 -0.9165
vn -0.2641 -0.8831 -0.3879
vn 0.8146 -0.2852 0.5051
vn -0.7335 -0.5583 -0.3875
vn 0.5840 -0.6320 0.5094
vn -0.4063 -0.8668 0.2889
vn -0.3057 -0.1431 -0.9413
vn 0.8986 -0.1993 -0.3908
vn -0.1060 -0.8081 -0.5794
vn -0.2638 -0.1540 -0.9522
vn -0.1682 -0.5897 0.7899
vn 0.6549 -0.3043 -0.6917
vn 0.0669 -0.4484 0.8913
vn -0.7931 -0.0856 -0.6031
vn 0.8692 -0.3800 -0.3165
vn -0.3861 -0.5887 -0.7102
vn 0.4944 -0.3309 0.8038
vn 0.1038 -0.3099 0.9451
vn -0.5491 -0.8133 0.1924
vn -0.0630 -0.5912 -0.8041
vn -0.2039 -0.4870 0.8492
vn -0.3849 -0.9140 -0.1282
vn -0.3822 0.1658 0.9091
vn 0.6375 -0.7704 0.0092
vn 0.1322 -0.9766 0.1697
vn 0.9512 -0.0648 -0.3017
vn 0.5182 -0.6206 0.5884
vn -0.2028 -0.8823 -0.4248
vn -0.7618 -0.3195 -0.5636
vn -0.5738 -0.7167 -0.3963
vn 0.0624 -0.5754 0.8155
vn -0.1654 0.1660 -0.9722
vn -0.5876 -0.7958 0.1462
vn -0.2393 0.3696 -0.8978
vn -0.0612 -0.4544 -0.8887
vn -0.5419 -0.7678 -0.3417
vn -0.9977 0.0669 -0.0075
vn -0.5753 -0.2563 -0.7768
vn 0.0484 -0.5483 0.8349
vn 0.3404 0.0111 0.9402
vn -0.3481 0.0723 0.9347
vn 0.7507 -0.6582 0.0567
vn 0.1220 0.2688 0.9554
vn 0.9830 0.0111 -0.1830
vn -0.9694 -0.1188 -0.2149
vn -0.5330 -0.8301 0.1641
vn 0.9122 -0.1591 -0.3775
vn 0.7985 -0.6017 0.0171
vn 0.2694 -0.8992 0.3448
vn 0.4078 -0.6045 0.6843
vn 0.4649 -0.3232 -0.8243
vn 0.7135 0.1694 0.6799
vn 0.3059 -0.7556 -0.5792
vn -0.1139 -0.5119 -0.8515
vn -0.0364 -0.6494 0.7596
vn -0.0827 0.2286 0.9700
vn 0.8207 -0.5588 0.1189
vn 0.2342 -0.7238 -0.6491
vn 0.1405 -0.9275 -0.3465
vn 0.5135 0.0499 0.8566
vn -0.4049 -0.9007 -0.1577
vn 0.4243 -0.5812 0.6943
vn -0.0869 -0.9341 0.3463
vn -0.2717 -0.5499 -0.7898
vn 0.9661 0.0698 -0.2487
vn -0.2376 -0.8603 -0.4510
vn -0.0158 -0.4545 -0.8906
vn -0.2084 -0.7013 0.6817
vn 0.6021 -0.2327 -0.7638
vn 0.2178 -0.6510 0.7271
vn -0.7549 -0.3671 -0.5435
vn 0.7757 -0.3319 -0.5368
vn 0.0635 -0.3369 -0.9394
vn 0.4769 -0.5573 0.6797
vn 0.6716 -0.6035 0.4299
vn -0.1511 -0.6155 -0.7735
vn -0.3117 -0.9478 -0.0677
vn 0.2952 -0.4783 0.8271
vn -0.4469 -0.8494 -0.2806
vn -0.0046 -0.8182 0.5749
vn -0.0265 -0.9851 0.1699
vn -0.0760 -0.6240 -0.7777
vn -0.1322 0.2627 -0.9558
vn 0.3304 -0.9232 -0.1964
vn 0.5638 -0.7828 0.2634
vn -0.6019 -0.7983 -0.0186
vn -0.7270 -0.5830 -0.3626
vn 0.7342 -0.5854 -0.3438
vn -0.6344 0.0787 0.7690
vn -0.6356 -0.1685 0.7534
vn -0.3978 -0.4373 -0.8066
vn -0.4434 -0.1557 -0.8827
vn -0.5236 -0.7683 -0.3682
vn 0.4633 -0.5234 -0.7151
vn 0.5934 0.2022 0.7791
vn -0.7717 -0.6273 -0.1046
vn 0.0857 -0.5539 0.8281
vn -0.6868 -0.7223 0.0814
vn -0.9370 -0.1479 -0.3166
vn 0.7818 -0.5202 0.3436
vn 0.2939 -0.8226 -0.4867
vn -0.0322 -0.9883 -0.1488
vn 0.6525 0.1181 0.7485
vn -0.4406 -0.8901 -0.1169
vn -0.2915 -0.0925 -0.9521
vn -0.2679 -0.9632 -0.0194
vn 0.1709 -0.6751 -0.7176
vn -0.0411 -0.8581 -0.5119
vn 0.6134 -0.7543 0.2341
vn -0.2441 -0.8252 -0.5094
vn 0.8607 -0.4903 -0.1372
vn 0.4748 -0.7890 0.3899
vn -0.3963 -0.8995 0.1840
vn -0.6747 0.0854 -0.7332
vn -0.1379 -0.6334 0.7614
vn -0.5754 -0.5205 -0.6309
vn -0.9281 -0.3542 -0.1147
vn -0.2742 -0.8427 -0.4633
vn -0.1359 -0.4646 0.8750
vn 0.6007 -0.6254 0.4981
vn 0.9822 0.1527 -0.1092
vn 0.5744 -0.3077 -0.7585
vn -0.0589 -0.5782 -0.8137
vn -0.0363 0.0386 0.9986
vn 0.7925 -0.0746 -0.6053
vn -0.8012 -0.3960 0.4487
vn 0.0377 0.4849 -0.8737
vn -0.5840 -0.8090 0.0668
vn 0.0146 -0.9976 0.0676
vn -0.1087 -0.7481 0.6546
vn -0.9760 0.1795 -0.1230
vn -0.5164 -0.1915 -0.8347
vn -0.8960 0.1274 0.4254
vn -0.1595 -0.6892 -0.7068
vn -0.5035 -0.8467 -0.1722
vn 0.2535 -0.9443 0.2097
vn 0.4700 -0.6349 -0.6132
vn 0.0598 -0.9016 -0.4285
vn 0.4630 -0.8037 -0.3737
vn 0.8424 -0.5044 -0.1897
vn -0.2489 -0.6956 -0.6740
vn -0.6389 -0.7065 -0.3044
vn -0.9725 0.0188 -0.2321
vn -0.4037 0.0044 -0.9149
vn -0.0306 -0.7028 0.7108
vn 0.0286 -0.0130 0.9995
vn -0.4024 0.1172 -0.9079
vn -0.5161 -0.7646 0.3861
vn -0.9099 -0.3927 -0.1333
vn 0.9752 -0.0140 0.2208
vn 0.1776 -0.6336 -0.7530
vn 0.8244 -0.3708 -0.4277
vn 0.5316 -0.0219 0.8467
vn 0.7489 -0.4884 0.4478
vn -0.4669 -0.8557 -0.2234
vn -0.0365 -0.6494 0.7595
vn -0.7749 -0.6132 0.1529
vn 0.2951 -0.7666 -0.5702
usemtl AM_A_1000_0
s 1
f 2422/2422/2428 2424/2423/2429 2423/2424/2430
f 2423/2424/2430 2425/2425/2431 2422/2422/2428
f 2426/2426/2432 2422/2422/2428 2425/2425/2431
f 2427/2427/2433 2422/2422/2428 2426/2426/2432
f 2426/2426/2432 2428/2428/2434 2427/2427/2433
f 2429/2429/2435 2427/2427/2433 2428/2428/2434
f 2428/2428/2434 2430/2430/2436 2429/2429/2435
f 2431/2431/2433 2429/2429/2435 2430/2430/2436
f 2430/2430/2436 2432/2432/2437 2431/2431/2433
f 2432/2432/2437 2430/2430/2436 2433/2433/2438
f 2433/2433/2438 2434/2434/2439 2432/2432/2437
f 2435/2435/2440 2432/2432/2437 2434/2434/2439
f 2434/2434/2439 2436/2436/2441 2435/2435/2440
f 2437/2437/2442 2435/2435/2440 2436/2436/2441
f 2436/2436/2441 2438/2438/2443 2437/2437/2442
f 2439/2439/2444 2437/2437/2442 2438/2438/2443
f 2438/2438/2443 2440/2440/2445 2439/2439/2444
f 2440/2440/2445 2438/2438/2443 2441/2441/2446
f 2441/2441/2446 2442/2442/2447 2440/2440/2445
f 2443/2443/2448 2440/2440/2445 2442/2442/2447
f 2444/2444/2449 2446/2445/2450 2445/2446/2451
f 2445/2446/2451 2447/2447/2452 2444/2444/2449
f 2445/2446/2451 2446/2445/2450 2448/2448/2453
f 2448/2448/2453 2449/2449/2454 2445/2446/2451
f 2447/2447/2452 2445/2446/2451 2449/2449/2454
f 2449/2449/2454 2450/2450/2455 2447/2447/2452
f 2448/2448/2453 2450/2450/2455 2449/2449/2454
f 2451/2451/2456 2447/2447/2452 2450/2450/2455
f 2452/2452/2457 2450/2450/2455 2448/2448/2453
f 2453/2453/2458 2451/2451/2456 2450/2450/2455
f 2450/2450/2455 2452/2452/2457 2453/2453/2458
f 2454/2454/2459 2451/2451/2456 2453/2453/2458
f 2453/2453/2458 2452/2452/2457 2454/2454/2459
f 2455/2455/2460 2454/2454/2459 2452/2452/2457
f 2452/2452/2457 2448/2448/2453 2455/2455/2460
f 2446/2445/2450 2455/2455/2460 2448/2448/2453
f 2456/2456/2449 2458/2457/2450 2457/2458/2451
f 2457/2458/2451 2459/2459/2452 2456/2456/2449
f 2457/2458/2451 2458/2457/2450 2460/2460/2453
f 2460/2460/2453 2461/2461/2454 2457/2458/2451
f 2459/2459/2452 2457/2458/2451 2461/2461/2454
f 2461/2461/2454 2462/2462/2455 2459/2459/2452
f 2460/2460/2453 2462/2462/2455 2461/2461/2454
f 2463/2463/2456 2459/2459/2452 2462/2462/2455
f 2464/2464/2461 2462/2462/2455 2460/2460/2453
f 2465/2465/2458 2463/2463/2456 2462/2462/2455
f 2462/2462/2455 2464/2464/2461 2465/2465/2458
f 2466/2466/2459 2463/2463/2456 2465/2465/2458
f 2465/2465/2458 2464/2464/2461 2466/2466/2459
f 2467/2467/2462 2466/2466/2459 2464/2464/2461
f 2464/2464/2461 2460/2460/2453 2467/2467/2462
f 2458/2457/2450 2467/2467/2462 2460/2460/2453
f 2468/2468/2463 2470/2469/2450 2469/2470/2451
f 2469/2470/2451 2471/2471/2452 2468/2468/2463
f 2469/2470/2451 2470/2469/2450 2472/2472/2453
f 2472/2472/2453 2473/2473/2464 2469/2470/2451
f 2471/2471/2452 2469/2470/2451 2473/2473/2464
f 2473/2473/2464 2474/2474/2455 2471/2471/2452
f 2472/2472/2453 2474/2474/2455 2473/2473/2464
f 2475/2475/2456 2471/2471/2452 2474/2474/2455
f 2476/2476/2457 2474/2474/2455 2472/2472/2453
f 2477/2477/2458 2475/2475/2456 2474/2474/2455
f 2474/2474/2455 2476/2476/2457 2477/2477/2458
f 2478/2478/2459 2475/2475/2456 2477/2477/2458
f 2477/2477/2458 2476/2476/2457 2478/2478/2459
f 2479/2479/2465 2478/2478/2459 2476/2476/2457
f 2476/2476/2457 2472/2472/2453 2479/2479/2465
f 2470/2469/2450 2479/2479/2465 2472/2472/2453
f 2480/2480/2449 2482/2481/2450 2481/2482/2451
f 2481/2482/2451 2483/2483/2452 2480/2480/2449
f 2481/2482/2451 2482/2481/2450 2484/2484/2453
f 2484/2484/2453 2485/2485/2464 2481/2482/2451
f 2483/2483/2452 2481/2482/2451 2485/2485/2464
f 2485/2485/2464 2486/2486/2455 2483/2483/2452
f 2484/2484/2453 2486/2486/2455 2485/2485/2464
f 2487/2487/2456 2483/2483/2452 2486/2486/2455
f 2488/2488/2461 2486/2486/2455 2484/2484/2453
f 2489/2489/2458 2487/2487/2456 2486/2486/2455
f 2486/2486/2455 2488/2488/2461 2489/2489/2458
f 2490/2490/2459 2487/2487/2456 2489/2489/2458
f 2489/2489/2458 2488/2488/2461 2490/2490/2459
f 2491/2491/2462 2490/2490/2459 2488/2488/2461
f 2488/2488/2461 2484/2484/2453 2491/2491/2462
f 2482/2481/2450 2491/2491/2462 2484/2484/2453
f 2492/2492/2466 2494/2493/2467 2493/2494/2468
f 2493/2494/2468 2495/2495/2469 2492/2492/2466
f 2496/2496/2470 2492/2492/2466 2495/2495/2469
f 2495/2495/2469 2493/2494/2468 2497/2497/2471
f 2497/2497/2471 2496/2496/2470 2495/2495/2469
f 2498/2498/2472 2497/2497/2471 2493/2494/2468
f 2493/2494/2468 2494/2493/2467 2498/2498/2472
f 2499/2499/2473 2498/2498/2472 2494/2493/2467
f 2498/2498/2472 2499/2499/2473 2500/2500/2474
f 2500/2500/2474 2501/2501/2475 2498/2498/2472
f 2497/2497/2471 2498/2498/2472 2501/2501/2475
f 2501/2501/2475 2502/2502/2476 2497/2497/2471
f 2496/2496/2470 2497/2497/2471 2502/2502/2476
f 2503/2503/2477 2502/2502/2476 2501/2501/2475
f 2501/2501/2475 2504/2504/2478 2503/2503/2477
f 2500/2500/2474 2504/2504/2478 2501/2501/2475
f 2505/2505/2479 2503/2503/2477 2504/2504/2478
f 2504/2504/2478 2500/2500/2474 2506/2506/2480
f 2506/2506/2480 2505/2505/2479 2504/2504/2478
f 2507/2507/2481 2505/2505/2479 2506/2506/2480
f 2506/2506/2480 2508/2508/2482 2507/2507/2481
f 2508/2508/2482 2506/2506/2480 2500/2500/2474
f 2500/2500/2474 2509/2509/2483 2508/2508/2482
f 2509/2509/2483 2500/2500/2474 2499/2499/2473
f 2507/2507/2481 2508/2508/2482 2509/2509/2483
f 2510/2510/2484 2512/2511/2485 2511/2512/2486
f 2511/2512/2486 2513/2513/2487 2510/2510/2484
f 2514/2514/2488 2510/2510/2484 2513/2513/2487
f 2515/2515/2489 2513/2513/2487 2511/2512/2486
f 2511/2512/2486 2516/2516/2490 2515/2515/2489
f 2516/2516/2490 2511/2512/2486 2512/2511/2485
f 2512/2511/2485 2517/2517/2491 2516/2516/2490
f 2518/2518/2492 2516/2516/2490 2517/2517/2491
f 2515/2515/2489 2516/2516/2490 2518/2518/2492
f 2519/2519/2493 2518/2518/2492 2517/2517/2491
f 2520/2520/2494 2515/2515/2489 2518/2518/2492
f 2518/2518/2492 2519/2519/2493 2520/2520/2494
f 2521/2521/2495 2520/2520/2494 2519/2519/2493
f 2520/2520/2494 2521/2521/2495 2522/2522/2496
f 2522/2522/2496 2523/2523/2497 2520/2520/2494
f 2515/2515/2489 2520/2520/2494 2523/2523/2497
f 2524/2524/2498 2523/2523/2497 2522/2522/2496
f 2522/2522/2496 2525/2525/2499 2524/2524/2498
f 2525/2525/2499 2522/2522/2496 2521/2521/2495
f 2524/2524/2498 2525/2525/2499 2526/2526/2500
f 2526/2526/2500 2527/2527/2501 2524/2524/2498
f 2523/2523/2497 2524/2524/2498 2527/2527/2501
f 2527/2527/2501 2515/2515/2489 2523/2523/2497
f 2515/2515/2489 2527/2527/2501 2528/2528/2502
f 2528/2528/2502 2529/2529/2503 2515/2515/2489
f 2513/2513/2487 2515/2515/2489 2529/2529/2503
f 2529/2529/2503 2514/2514/2488 2513/2513/2487
f 2530/2530/2504 2514/2514/2488 2529/2529/2503
f 2529/2529/2503 2528/2528/2502 2530/2530/2504
f 2531/2531/2505 2530/2530/2504 2528/2528/2502
f 2528/2528/2502 2527/2527/2501 2531/2531/2505
f 2526/2526/2500 2531/2531/2505 2527/2527/2501
f 2532/2532/2506 2534/2533/2507 2533/2534/2508
f 2533/2534/2508 2535/2535/2509 2532/2532/2506
f 2536/2536/2510 2532/2532/2506 2535/2535/2509
f 2537/2537/2511 2535/2535/2509 2533/2534/2508
f 2533/2534/2508 2534/2533/2507 2537/2537/2511
f 2535/2535/2509 2537/2537/2511 2538/2538/2512
f 2538/2538/2512 2536/2536/2510 2535/2535/2509
f 2539/2539/2513 2536/2536/2510 2538/2538/2512
f 2538/2538/2512 2540/2540/2514 2539/2539/2513
f 2537/2537/2511 2540/2540/2514 2538/2538/2512
f 2541/2541/2515 2539/2539/2513 2540/2540/2514
f 2542/2542/2516 2540/2540/2514 2537/2537/2511
f 2537/2537/2511 2543/2543/2517 2542/2542/2516
f 2543/2543/2517 2537/2537/2511 2534/2533/2507
f 2542/2542/2516 2543/2543/2517 2544/2544/2518
f 2544/2544/2518 2545/2545/2519 2542/2542/2516
f 2540/2540/2514 2542/2542/2516 2545/2545/2519
f 2545/2545/2519 2546/2546/2520 2540/2540/2514
f 2541/2541/2515 2540/2540/2514 2546/2546/2520
f 2546/2546/2520 2547/2547/2521 2541/2541/2515
f 2547/2547/2521 2546/2546/2520 2545/2545/2519
f 2545/2545/2519 2544/2544/2518 2547/2547/2521
f 2548/2548/2522 2550/2549/2523 2549/2550/2524
f 2549/2550/2524 2551/2551/2525 2548/2548/2522
f 2552/2552/2526 2548/2548/2522 2551/2551/2525
f 2553/2553/2527 2551/2551/2525 2549/2550/2524
f 2549/2550/2524 2554/2554/2528 2553/2553/2527
f 2554/2554/2528 2549/2550/2524 2550/2549/2523
f 2550/2549/2523 2555/2555/2529 2554/2554/2528
f 2556/2556/2530 2554/2554/2528 2555/2555/2529
f 2553/2553/2527 2554/2554/2528 2556/2556/2530
f 2556/2556/2530 2555/2555/2529 2557/2557/2531
f 2557/2557/2531 2558/2558/2532 2556/2556/2530
f 2553/2553/2527 2556/2556/2530 2558/2558/2532
f 2558/2558/2532 2559/2559/2533 2553/2553/2527
f 2551/2551/2525 2553/2553/2527 2559/2559/2533
f 2559/2559/2533 2560/2560/2534 2551/2551/2525
f 2552/2552/2526 2551/2551/2525 2560/2560/2534
f 2560/2560/2534 2561/2561/2535 2552/2552/2526
f 2562/2562/2536 2561/2561/2535 2560/2560/2534
f 2560/2560/2534 2559/2559/2533 2562/2562/2536
f 2563/2563/2537 2561/2561/2535 2562/2562/2536
f 2562/2562/2536 2564/2564/2538 2563/2563/2537
f 2559/2559/2533 2564/2564/2538 2562/2562/2536
f 2565/2565/2539 2563/2563/2537 2564/2564/2538
f 2564/2564/2538 2559/2559/2533 2566/2566/2540
f 2566/2566/2540 2565/2565/2539 2564/2564/2538
f 2567/2567/2541 2565/2565/2539 2566/2566/2540
f 2566/2566/2540 2568/2568/2542 2567/2567/2541
f 2568/2568/2542 2566/2566/2540 2559/2559/2533
f 2559/2559/2533 2569/2569/2543 2568/2568/2542
f 2569/2569/2543 2559/2559/2533 2558/2558/2532
f 2558/2558/2532 2570/2570/2544 2569/2569/2543
f 2570/2570/2544 2558/2558/2532 2557/2557/2531
f 2569/2569/2543 2570/2570/2544 2571/2571/2545
f 2571/2571/2545 2568/2568/2542 2569/2569/2543
f 2567/2567/2541 2568/2568/2542 2571/2571/2545
f 2572/2572/2546 2574/2573/2547 2573/2574/2548
f 2573/2574/2548 2575/2575/2549 2572/2572/2546
f 2576/2576/2550 2572/2572/2546 2575/2575/2549
f 2577/2577/2551 2575/2575/2549 2573/2574/2548
f 2573/2574/2548 2578/2578/2552 2577/2577/2551
f 2578/2578/2552 2573/2574/2548 2574/2573/2547
f 2574/2573/2547 2579/2579/2553 2578/2578/2552
f 2580/2580/2554 2578/2578/2552 2579/2579/2553
f 2577/2577/2551 2578/2578/2552 2580/2580/2554
f 2580/2580/2554 2579/2579/2553 2581/2581/2555
f 2581/2581/2555 2582/2582/2556 2580/2580/2554
f 2577/2577/2551 2580/2580/2554 2582/2582/2556
f 2583/2583/2557 2582/2582/2556 2581/2581/2555
f 2584/2584/2558 2577/2577/2551 2582/2582/2556
f 2582/2582/2556 2583/2583/2557 2584/2584/2558
f 2585/2585/2559 2584/2584/2558 2583/2583/2557
f 2584/2584/2558 2585/2585/2559 2586/2586/2560
f 2586/2586/2560 2577/2577/2551 2584/2584/2558
f 2587/2587/2561 2586/2586/2560 2585/2585/2559
f 2588/2588/2562 2577/2577/2551 2586/2586/2560
f 2586/2586/2560 2587/2587/2561 2588/2588/2562
f 2577/2577/2551 2588/2588/2562 2589/2589/2563
f 2589/2589/2563 2575/2575/2549 2577/2577/2551
f 2576/2576/2550 2575/2575/2549 2589/2589/2563
f 2589/2589/2563 2590/2590/2564 2576/2576/2550
f 2590/2590/2564 2589/2589/2563 2588/2588/2562
f 2588/2588/2562 2587/2587/2561 2590/2590/2564
f 2591/2591/2565 2593/2592/2566 2592/2593/2567
f 2592/2593/2567 2594/2594/2568 2591/2591/2565
f 2595/2595/2569 2591/2591/2565 2594/2594/2568
f 2594/2594/2568 2592/2593/2567 2596/2596/2570
f 2596/2596/2570 2595/2595/2569 2594/2594/2568
f 2597/2597/2571 2596/2596/2570 2592/2593/2567
f 2592/2593/2567 2593/2592/2566 2597/2597/2571
f 2598/2598/2572 2597/2597/2571 2593/2592/2566
f 2597/2597/2571 2598/2598/2572 2599/2599/2573
f 2599/2599/2573 2600/2600/2574 2597/2597/2571
f 2596/2596/2570 2597/2597/2571 2600/2600/2574
f 2600/2600/2574 2601/2601/2575 2596/2596/2570
f 2595/2595/2569 2596/2596/2570 2601/2601/2575
f 2602/2602/2576 2601/2601/2575 2600/2600/2574
f 2600/2600/2574 2603/2603/2577 2602/2602/2576
f 2599/2599/2573 2603/2603/2577 2600/2600/2574
f 2604/2604/2578 2602/2602/2576 2603/2603/2577
f 2603/2603/2577 2599/2599/2573 2605/2605/2579
f 2605/2605/2579 2604/2604/2578 2603/2603/2577
f 2606/2606/2580 2604/2604/2578 2605/2605/2579
f 2605/2605/2579 2607/2607/2581 2606/2606/2580
f 2607/2607/2581 2605/2605/2579 2599/2599/2573
f 2599/2599/2573 2608/2608/2582 2607/2607/2581
f 2608/2608/2582 2599/2599/2573 2598/2598/2572
f 2606/2606/2580 2607/2607/2581 2608/2608/2582
f 2609/2609/2583 2611/2610/2584 2610/2611/2585
f 2610/2611/2585 2612/2612/2586 2609/2609/2583
f 2613/2613/2587 2609/2609/2583 2612/2612/2586
f 2614/2614/2588 2612/2612/2586 2610/2611/2585
f 2610/2611/2585 2611/2610/2584 2614/2614/2588
f 2612/2612/2586 2614/2614/2588 2615/2615/2589
f 2615/2615/2589 2613/2613/2587 2612/2612/2586
f 2616/2616/2590 2613/2613/2587 2615/2615/2589
f 2615/2615/2589 2617/2617/2591 2616/2616/2590
f 2618/2618/2592 2617/2617/2591 2615/2615/2589
f 2615/2615/2589 2614/2614/2588 2618/2618/2592
f 2619/2619/2593 2618/2618/2592 2614/2614/2588
f 2614/2614/2588 2611/2610/2584 2619/2619/2593
f 2618/2618/2592 2619/2619/2593 2620/2620/2594
f 2620/2620/2594 2617/2617/2591 2618/2618/2592
f 2616/2616/2590 2617/2617/2591 2620/2620/2594
f 2621/2621/2595 2623/2622/2596 2622/2623/2597
f 2622/2623/2597 2624/2624/2598 2621/2621/2595
f 2625/2625/2599 2621/2621/2595 2624/2624/2598
f 2624/2624/2598 2622/2623/2597 2626/2626/2600
f 2626/2626/2600 2625/2625/2599 2624/2624/2598
f 2627/2627/2601 2626/2626/2600 2622/2623/2597
f 2622/2623/2597 2623/2622/2596 2627/2627/2601
f 2628/2628/2602 2627/2627/2601 2623/2622/2596
f 2627/2627/2601 2628/2628/2602 2629/2629/2603
f 2629/2629/2603 2630/2630/2604 2627/2627/2601
f 2626/2626/2600 2627/2627/2601 2630/2630/2604
f 2630/2630/2604 2631/2631/2605 2626/2626/2600
f 2625/2625/2599 2626/2626/2600 2631/2631/2605
f 2632/2632/2606 2631/2631/2605 2630/2630/2604
f 2630/2630/2604 2633/2633/2607 2632/2632/2606
f 2629/2629/2603 2633/2633/2607 2630/2630/2604
f 2634/2634/2608 2632/2632/2606 2633/2633/2607
f 2633/2633/2607 2629/2629/2603 2634/2634/2608
f 2628/2628/2602 2634/2634/2608 2629/2629/2603
f 2635/2635/2609 2637/2636/2610 2636/2637/2611
f 2636/2637/2611 2638/2638/2612 2635/2635/2609
f 2639/2639/2613 2635/2635/2609 2638/2638/2612
f 2638/2638/2612 2636/2637/2611 2640/2640/2614
f 2640/2640/2614 2641/2641/2615 2638/2638/2612
f 2639/2639/2613 2638/2638/2612 2641/2641/2615
f 2641/2641/2615 2642/2642/2616 2639/2639/2613
f 2643/2643/2617 2642/2642/2616 2641/2641/2615
f 2641/2641/2615 2640/2640/2614 2643/2643/2617
f 2644/2644/2618 2642/2642/2616 2643/2643/2617
f 2643/2643/2617 2640/2640/2614 2644/2644/2618
f 2645/2645/2619 2644/2644/2618 2640/2640/2614
f 2640/2640/2614 2646/2646/2620 2645/2645/2619
f 2636/2637/2611 2646/2646/2620 2640/2640/2614
f 2647/2647/2621 2645/2645/2619 2646/2646/2620
f 2646/2646/2620 2648/2648/2622 2647/2647/2621
f 2648/2648/2622 2646/2646/2620 2636/2637/2611
f 2636/2637/2611 2649/2649/2623 2648/2648/2622
f 2649/2649/2623 2636/2637/2611 2637/2636/2610
f 2637/2636/2610 2650/2650/2624 2649/2649/2623
f 2648/2648/2622 2649/2649/2623 2650/2650/2624
f 2650/2650/2624 2647/2647/2621 2648/2648/2622
f 2651/2651/2625 2653/2652/2626 2652/2653/2627
f 2652/2653/2627 2654/2654/2628 2651/2651/2625
f 2655/2655/2629 2651/2651/2625 2654/2654/2628
f 2654/2654/2628 2652/2653/2627 2656/2656/2630
f 2656/2656/2630 2655/2655/2629 2654/2654/2628
f 2657/2657/2631 2656/2656/2630 2652/2653/2627
f 2652/2653/2627 2653/2652/2626 2657/2657/2631
f 2658/2658/2632 2657/2657/2631 2653/2652/2626
f 2657/2657/2631 2658/2658/2632 2659/2659/2633
f 2659/2659/2633 2660/2660/2634 2657/2657/2631
f 2656/2656/2630 2657/2657/2631 2660/2660/2634
f 2660/2660/2634 2661/2661/2635 2656/2656/2630
f 2655/2655/2629 2656/2656/2630 2661/2661/2635
f 2662/2662/2636 2661/2661/2635 2660/2660/2634
f 2660/2660/2634 2663/2663/2637 2662/2662/2636
f 2659/2659/2633 2663/2663/2637 2660/2660/2634
f 2664/2664/2638 2662/2662/2636 2663/2663/2637
f 2663/2663/2637 2659/2659/2633 2664/2664/2638
f 2658/2658/2632 2664/2664/2638 2659/2659/2633
f 2665/2665/2639 2667/2666/2640 2666/2667/2641
f 2666/2667/2641 2668/2668/2642 2665/2665/2639
f 2669/2669/2643 2665/2665/2639 2668/2668/2642
f 2668/2668/2642 2666/2667/2641 2670/2670/2644
f 2670/2670/2644 2669/2669/2643 2668/2668/2642
f 2671/2671/2645 2670/2670/2644 2666/2667/2641
f 2666/2667/2641 2667/2666/2640 2671/2671/2645
f 2672/2672/2646 2671/2671/2645 2667/2666/2640
f 2671/2671/2645 2672/2672/2646 2673/2673/2647
f 2673/2673/2647 2674/2674/2648 2671/2671/2645
f 2670/2670/2644 2671/2671/2645 2674/2674/2648
f 2674/2674/2648 2675/2675/2649 2670/2670/2644
f 2669/2669/2643 2670/2670/2644 2675/2675/2649
f 2676/2676/2650 2675/2675/2649 2674/2674/2648
f 2674/2674/2648 2677/2677/2651 2676/2676/2650
f 2673/2673/2647 2677/2677/2651 2674/2674/2648
f 2678/2678/2652 2676/2676/2650 2677/2677/2651
f 2677/2677/2651 2673/2673/2647 2679/2679/2653
f 2679/2679/2653 2678/2678/2652 2677/2677/2651
f 2680/2680/2654 2678/2678/2652 2679/2679/2653
f 2679/2679/2653 2681/2681/2655 2680/2680/2654
f 2681/2681/2655 2679/2679/2653 2673/2673/2647
f 2673/2673/2647 2682/2682/2656 2681/2681/2655
f 2682/2682/2656 2673/2673/2647 2672/2672/2646
f 2680/2680/2654 2681/2681/2655 2682/2682/2656
f 2683/2683/2657 2685/2684/2658 2684/2685/2659
f 2684/2685/2659 2686/2686/2660 2683/2683/2657
f 2687/2687/2661 2683/2683/2657 2686/2686/2660
f 2688/2688/2662 2686/2686/2660 2684/2685/2659
f 2684/2685/2659 2689/2689/2663 2688/2688/2662
f 2689/2689/2663 2684/2685/2659 2685/2684/2658
f 2685/2684/2658 2690/2690/2664 2689/2689/2663
f 2691/2691/2665 2689/2689/2663 2690/2690/2664
f 2688/2688/2662 2689/2689/2663 2691/2691/2665
f 2691/2691/2665 2690/2690/2664 2692/2692/2666
f 2692/2692/2666 2693/2693/2667 2691/2691/2665
f 2688/2688/2662 2691/2691/2665 2693/2693/2667
f 2693/2693/2667 2694/2694/2668 2688/2688/2662
f 2686/2686/2660 2688/2688/2662 2694/2694/2668
f 2694/2694/2668 2695/2695/2669 2686/2686/2660
f 2687/2687/2661 2686/2686/2660 2695/2695/2669
f 2695/2695/2669 2696/2696/2670 2687/2687/2661
f 2697/2697/2671 2696/2696/2670 2695/2695/2669
f 2695/2695/2669 2694/2694/2668 2697/2697/2671
f 2698/2698/2672 2696/2696/2670 2697/2697/2671
f 2697/2697/2671 2699/2699/2673 2698/2698/2672
f 2694/2694/2668 2699/2699/2673 2697/2697/2671
f 2700/2700/2674 2698/2698/2672 2699/2699/2673
f 2699/2699/2673 2694/2694/2668 2701/2701/2675
f 2701/2701/2675 2700/2700/2674 2699/2699/2673
f 2702/2702/2676 2700/2700/2674 2701/2701/2675
f 2701/2701/2675 2703/2703/2677 2702/2702/2676
f 2703/2703/2677 2701/2701/2675 2694/2694/2668
f 2694/2694/2668 2704/2704/2678 2703/2703/2677
f 2704/2704/2678 2694/2694/2668 2693/2693/2667
f 2693/2693/2667 2705/2705/2679 2704/2704/2678
f 2705/2705/2679 2693/2693/2667 2692/2692/2666
f 2704/2704/2678 2705/2705/2679 2706/2706/2680
f 2706/2706/2680 2703/2703/2677 2704/2704/2678
f 2702/2702/2676 2703/2703/2677 2706/2706/2680
f 2707/2707/2681 2709/2708/2682 2708/2709/2683
f 2708/2709/2683 2710/2710/2684 2707/2707/2681
f 2711/2711/2685 2707/2707/2681 2710/2710/2684
f 2712/2712/2686 2710/2710/2684 2708/2709/2683
f 2708/2709/2683 2713/2713/2687 2712/2712/2686
f 2713/2713/2687 2708/2709/2683 2709/2708/2682
f 2709/2708/2682 2714/2714/2688 2713/2713/2687
f 2715/2715/2689 2713/2713/2687 2714/2714/2688
f 2713/2713/2687 2715/2715/2689 2716/2716/2690
f 2716/2716/2690 2712/2712/2686 2713/2713/2687
f 2712/2712/2686 2716/2716/2690 2717/2717/2691
f 2717/2717/2691 2710/2710/2684 2712/2712/2686
f 2711/2711/2685 2710/2710/2684 2717/2717/2691
f 2717/2717/2691 2718/2718/2692 2711/2711/2685
f 2719/2719/2693 2718/2718/2692 2717/2717/2691
f 2717/2717/2691 2716/2716/2690 2719/2719/2693
f 2720/2720/2694 2718/2718/2692 2719/2719/2693
f 2719/2719/2693 2716/2716/2690 2721/2721/2695
f 2721/2721/2695 2720/2720/2694 2719/2719/2693
f 2722/2722/2696 2720/2720/2694 2721/2721/2695
f 2721/2721/2695 2723/2723/2697 2722/2722/2696
f 2723/2723/2697 2721/2721/2695 2716/2716/2690
f 2716/2716/2690 2724/2724/2698 2723/2723/2697
f 2724/2724/2698 2716/2716/2690 2715/2715/2689
f 2715/2715/2689 2725/2725/2699 2724/2724/2698
f 2725/2725/2699 2715/2715/2689 2714/2714/2688
f 2724/2724/2698 2725/2725/2699 2726/2726/2700
f 2726/2726/2700 2723/2723/2697 2724/2724/2698
f 2722/2722/2696 2723/2723/2697 2726/2726/2700
f 2727/2727/2701 2729/2728/2702 2728/2729/2703
f 2728/2729/2703 2730/2730/2704 2727/2727/2701
f 2731/2731/2705 2727/2727/2701 2730/2730/2704
f 2730/2730/2704 2728/2729/2703 2732/2732/2706
f 2732/2732/2706 2731/2731/2705 2730/2730/2704
f 2733/2733/2707 2732/2732/2706 2728/2729/2703
f 2728/2729/2703 2729/2728/2702 2733/2733/2707
f 2734/2734/2708 2733/2733/2707 2729/2728/2702
f 2733/2733/2707 2734/2734/2708 2735/2735/2709
f 2735/2735/2709 2736/2736/2710 2733/2733/2707
f 2732/2732/2706 2733/2733/2707 2736/2736/2710
f 2736/2736/2710 2737/2737/2711 2732/2732/2706
f 2731/2731/2705 2732/2732/2706 2737/2737/2711
f 2738/2738/2712 2737/2737/2711 2736/2736/2710
f 2736/2736/2710 2739/2739/2713 2738/2738/2712
f 2735/2735/2709 2739/2739/2713 2736/2736/2710
f 2740/2740/2714 2738/2738/2712 2739/2739/2713
f 2739/2739/2713 2735/2735/2709 2740/2740/2714
f 2734/2734/2708 2740/2740/2714 2735/2735/2709
f 2741/2741/2595 2743/2742/2596 2742/2743/2715
f 2742/2743/2715 2744/2744/2598 2741/2741/2595
f 2745/2745/2599 2741/2741/2595 2744/2744/2598
f 2744/2744/2598 2742/2743/2715 2746/2746/2600
f 2746/2746/2600 2745/2745/2599 2744/2744/2598
f 2747/2747/2601 2746/2746/2600 2742/2743/2715
f 2742/2743/2715 2743/2742/2596 2747/2747/2601
f 2748/2748/2602 2747/2747/2601 2743/2742/2596
f 2747/2747/2601 2748/2748/2602 2749/2749/2603
f 2749/2749/2603 2750/2750/2604 2747/2747/2601
f 2746/2746/2600 2747/2747/2601 2750/2750/2604
f 2750/2750/2604 2751/2751/2716 2746/2746/2600
f 2745/2745/2599 2746/2746/2600 2751/2751/2716
f 2752/2752/2606 2751/2751/2716 2750/2750/2604
f 2750/2750/2604 2753/2753/2607 2752/2752/2606
f 2749/2749/2603 2753/2753/2607 2750/2750/2604
f 2754/2754/2608 2752/2752/2606 2753/2753/2607
f 2753/2753/2607 2749/2749/2603 2754/2754/2608
f 2748/2748/2602 2754/2754/2608 2749/2749/2603
f 2755/2755/2625 2757/2756/2717 2756/2757/2718
f 2756/2757/2718 2758/2758/2719 2755/2755/2625
f 2759/2759/2629 2755/2755/2625 2758/2758/2719
f 2758/2758/2719 2756/2757/2718 2760/2760/2630
f 2760/2760/2630 2759/2759/2629 2758/2758/2719
f 2761/2761/2631 2760/2760/2630 2756/2757/2718
f 2756/2757/2718 2757/2756/2717 2761/2761/2631
f 2762/2762/2632 2761/2761/2631 2757/2756/2717
f 2761/2761/2631 2762/2762/2632 2763/2763/2633
f 2763/2763/2633 2764/2764/2720 2761/2761/2631
f 2760/2760/2630 2761/2761/2631 2764/2764/2720
f 2764/2764/2720 2765/2765/2635 2760/2760/2630
f 2759/2759/2629 2760/2760/2630 2765/2765/2635
f 2766/2766/2636 2765/2765/2635 2764/2764/2720
f 2764/2764/2720 2767/2767/2637 2766/2766/2636
f 2763/2763/2633 2767/2767/2637 2764/2764/2720
f 2768/2768/2638 2766/2766/2636 2767/2767/2637
f 2767/2767/2637 2763/2763/2633 2768/2768/2638
f 2762/2762/2632 2768/2768/2638 2763/2763/2633
f 2769/2769/2721 2771/2770/2722 2770/2771/2723
f 2770/2771/2723 2772/2772/2724 2769/2769/2721
f 2773/2773/2725 2769/2769/2721 2772/2772/2724
f 2772/2772/2724 2770/2771/2723 2774/2774/2726
f 2774/2774/2726 2773/2773/2725 2772/2772/2724
f 2775/2775/2727 2774/2774/2726 2770/2771/2723
f 2770/2771/2723 2771/2770/2722 2775/2775/2727
f 2776/2776/2728 2775/2775/2727 2771/2770/2722
f 2775/2775/2727 2776/2776/2728 2777/2777/2729
f 2777/2777/2729 2778/2778/2730 2775/2775/2727
f 2774/2774/2726 2775/2775/2727 2778/2778/2730
f 2778/2778/2730 2779/2779/2731 2774/2774/2726
f 2773/2773/2725 2774/2774/2726 2779/2779/2731
f 2780/2780/2732 2779/2779/2731 2778/2778/2730
f 2778/2778/2730 2781/2781/2733 2780/2780/2732
f 2777/2777/2729 2781/2781/2733 2778/2778/2730
f 2782/2782/2734 2780/2780/2732 2781/2781/2733
f 2781/2781/2733 2777/2777/2729 2783/2783/2735
f 2783/2783/2735 2782/2782/2734 2781/2781/2733
f 2784/2784/2736 2782/2782/2734 2783/2783/2735
f 2783/2783/2735 2785/2785/2737 2784/2784/2736
f 2785/2785/2737 2783/2783/2735 2777/2777/2729
f 2777/2777/2729 2786/2786/2738 2785/2785/2737
f 2786/2786/2738 2777/2777/2729 2776/2776/2728
f 2784/2784/2736 2785/2785/2737 2786/2786/2738
f 2787/2787/2739 2789/2788/2740 2788/2789/2741
f 2788/2789/2741 2790/2790/2742 2787/2787/2739
f 2791/2791/2743 2787/2787/2739 2790/2790/2742
f 2792/2792/2744 2790/2790/2742 2788/2789/2741
f 2788/2789/2741 2793/2793/2745 2792/2792/2744
f 2793/2793/2745 2788/2789/2741 2789/2788/2740
f 2789/2788/2740 2794/2794/2746 2793/2793/2745
f 2795/2795/2747 2793/2793/2745 2794/2794/2746
f 2792/2792/2744 2793/2793/2745 2795/2795/2747
f 2795/2795/2747 2794/2794/2746 2796/2796/2748
f 2796/2796/2748 2797/2797/2749 2795/2795/2747
f 2792/2792/2744 2795/2795/2747 2797/2797/2749
f 2798/2798/2750 2797/2797/2749 2796/2796/2748
f 2799/2799/2751 2792/2792/2744 2797/2797/2749
f 2797/2797/2749 2798/2798/2750 2799/2799/2751
f 2800/2800/2752 2799/2799/2751 2798/2798/2750
f 2799/2799/2751 2800/2800/2752 2801/2801/2753
f 2801/2801/2753 2792/2792/2744 2799/2799/2751
f 2802/2802/2754 2801/2801/2753 2800/2800/2752
f 2803/2803/2755 2792/2792/2744 2801/2801/2753
f 2801/2801/2753 2802/2802/2754 2803/2803/2755
f 2792/2792/2744 2803/2803/2755 2804/2804/2756
f 2804/2804/2756 2790/2790/2742 2792/2792/2744
f 2791/2791/2743 2790/2790/2742 2804/2804/2756
f 2804/2804/2756 2805/2805/2757 2791/2791/2743
f 2805/2805/2757 2804/2804/2756 2803/2803/2755
f 2803/2803/2755 2802/2802/2754 2805/2805/2757
f 2806/2806/2758 2808/2807/2759 2807/2808/2760
f 2807/2808/2760 2809/2809/2761 2806/2806/2758
f 2810/2810/2762 2806/2806/2758 2809/2809/2761
f 2811/2811/2763 2809/2809/2761 2807/2808/2760
f 2807/2808/2760 2812/2812/2764 2811/2811/2763
f 2812/2812/2764 2807/2808/2760 2808/2807/2759
f 2808/2807/2759 2813/2813/2765 2812/2812/2764
f 2814/2814/2766 2812/2812/2764 2813/2813/2765
f 2812/2812/2764 2814/2814/2766 2815/2815/2767
f 2815/2815/2767 2811/2811/2763 2812/2812/2764
f 2811/2811/2763 2815/2815/2767 2816/2816/2768
f 2816/2816/2768 2809/2809/2761 2811/2811/2763
f 2810/2810/2762 2809/2809/2761 2816/2816/2768
f 2816/2816/2768 2817/2817/2769 2810/2810/2762
f 2818/2818/2770 2817/2817/2769 2816/2816/2768
f 2816/2816/2768 2815/2815/2767 2818/2818/2770
f 2819/2819/2771 2817/2817/2769 2818/2818/2770
f 2818/2818/2770 2815/2815/2767 2820/2820/2772
f 2820/2820/2772 2819/2819/2771 2818/2818/2770
f 2821/2821/2773 2819/2819/2771 2820/2820/2772
f 2820/2820/2772 2822/2822/2774 2821/2821/2773
f 2822/2822/2774 2820/2820/2772 2815/2815/2767
f 2815/2815/2767 2823/2823/2775 2822/2822/2774
f 2823/2823/2775 2815/2815/2767 2814/2814/2766
f 2814/2814/2766 2824/2824/2776 2823/2823/2775
f 2824/2824/2776 2814/2814/2766 2813/2813/2765
f 2823/2823/2775 2824/2824/2776 2825/2825/2777
f 2825/2825/2777 2822/2822/2774 2823/2823/2775
f 2821/2821/2773 2822/2822/2774 2825/2825/2777
f 2826/2826/2546 2828/2827/2547 2827/2828/2548
f 2827/2828/2548 2829/2829/2549 2826/2826/2546
f 2830/2830/2550 2826/2826/2546 2829/2829/2549
f 2831/2831/2551 2829/2829/2549 2827/2828/2548
f 2827/2828/2548 2832/2832/2552 2831/2831/2551
f 2832/2832/2552 2827/2828/2548 2828/2827/2547
f 2828/2827/2547 2833/2833/2553 2832/2832/2552
f 2834/2834/2778 2832/2832/2552 2833/2833/2553
f 2831/2831/2551 2832/2832/2552 2834/2834/2778
f 2834/2834/2778 2833/2833/2553 2835/2835/2555
f 2835/2835/2555 2836/2836/2556 2834/2834/2778
f 2831/2831/2551 2834/2834/2778 2836/2836/2556
f 2837/2837/2557 2836/2836/2556 2835/2835/2555
f 2838/2838/2779 2831/2831/2551 2836/2836/2556
f 2836/2836/2556 2837/2837/2557 2838/2838/2779
f 2839/2839/2780 2838/2838/2779 2837/2837/2557
f 2838/2838/2779 2839/2839/2780 2840/2840/2560
f 2840/2840/2560 2831/2831/2551 2838/2838/2779
f 2841/2841/2781 2840/2840/2560 2839/2839/2780
f 2842/2842/2562 2831/2831/2551 2840/2840/2560
f 2840/2840/2560 2841/2841/2781 2842/2842/2562
f 2831/2831/2551 2842/2842/2562 2843/2843/2563
f 2843/2843/2563 2829/2829/2549 2831/2831/2551
f 2830/2830/2550 2829/2829/2549 2843/2843/2563
f 2843/2843/2563 2844/2844/2564 2830/2830/2550
f 2844/2844/2564 2843/2843/2563 2842/2842/2562
f 2842/2842/2562 2841/2841/2781 2844/2844/2564
f 2845/2845/2782 2847/2846/2783 2846/2847/2784
f 2846/2847/2784 2848/2848/2785 2845/2845/2782
f 2849/2849/2786 2845/2845/2782 2848/2848/2785
f 2850/2850/2787 2848/2848/2785 2846/2847/2784
f 2846/2847/2784 2847/2846/2783 2850/2850/2787
f 2848/2848/2785 2850/2850/2787 2851/2851/2788
f 2851/2851/2788 2849/2849/2786 2848/2848/2785
f 2852/2852/2789 2849/2849/2786 2851/2851/2788
f 2851/2851/2788 2853/2853/2790 2852/2852/2789
f 2850/2850/2787 2853/2853/2790 2851/2851/2788
f 2854/2854/2791 2852/2852/2789 2853/2853/2790
f 2855/2855/2792 2853/2853/2790 2850/2850/2787
f 2850/2850/2787 2856/2856/2793 2855/2855/2792
f 2856/2856/2793 2850/2850/2787 2847/2846/2783
f 2855/2855/2792 2856/2856/2793 2857/2857/2794
f 2857/2857/2794 2858/2858/2795 2855/2855/2792
f 2853/2853/2790 2855/2855/2792 2858/2858/2795
f 2858/2858/2795 2857/2857/2794 2854/2854/2791
f 2854/2854/2791 2853/2853/2790 2858/2858/2795
f 2859/2859/2565 2861/2860/2566 2860/2861/2796
f 2860/2861/2796 2862/2862/2797 2859/2859/2565
f 2863/2863/2569 2859/2859/2565 2862/2862/2797
f 2862/2862/2797 2860/2861/2796 2864/2864/2570
f 2864/2864/2570 2863/2863/2569 2862/2862/2797
f 2865/2865/2571 2864/2864/2570 2860/2861/2796
f 2860/2861/2796 2861/2860/2566 2865/2865/2571
f 2866/2866/2572 2865/2865/2571 2861/2860/2566
f 2865/2865/2571 2866/2866/2572 2867/2867/2573
f 2867/2867/2573 2868/2868/2574 2865/2865/2571
f 2864/2864/2570 2865/2865/2571 2868/2868/2574
f 2868/2868/2574 2869/2869/2575 2864/2864/2570
f 2863/2863/2569 2864/2864/2570 2869/2869/2575
f 2870/2870/2576 2869/2869/2575 2868/2868/2574
f 2868/2868/2574 2871/2871/2577 2870/2870/2576
f 2867/2867/2573 2871/2871/2577 2868/2868/2574
f 2872/2872/2578 2870/2870/2576 2871/2871/2577
f 2871/2871/2577 2867/2867/2573 2873/2873/2579
f 2873/2873/2579 2872/2872/2578 2871/2871/2577
f 2874/2874/2580 2872/2872/2578 2873/2873/2579
f 2873/2873/2579 2875/2875/2581 2874/2874/2580
f 2875/2875/2581 2873/2873/2579 2867/2867/2573
f 2867/2867/2573 2876/2876/2582 2875/2875/2581
f 2876/2876/2582 2867/2867/2573 2866/2866/2572
f 2874/2874/2580 2875/2875/2581 2876/2876/2582
f 2877/2877/2798 2879/2878/2799 2878/2879/2800
f 2878/2879/2800 2880/2880/2801 2877/2877/2798
f 2881/2881/2802 2877/2877/2798 2880/2880/2801
f 2880/2880/2801 2878/2879/2800 2882/2882/2803
f 2882/2882/2803 2881/2881/2802 2880/2880/2801
f 2883/2883/2804 2882/2882/2803 2878/2879/2800
f 2878/2879/2800 2879/2878/2799 2883/2883/2804
f 2884/2884/2805 2883/2883/2804 2879/2878/2799
f 2883/2883/2804 2884/2884/2805 2885/2885/2806
f 2885/2885/2806 2886/2886/2807 2883/2883/2804
f 2882/2882/2803 2883/2883/2804 2886/2886/2807
f 2886/2886/2807 2887/2887/2808 2882/2882/2803
f 2881/2881/2802 2882/2882/2803 2887/2887/2808
f 2888/2888/2809 2887/2887/2808 2886/2886/2807
f 2886/2886/2807 2889/2889/2810 2888/2888/2809
f 2885/2885/2806 2889/2889/2810 2886/2886/2807
f 2890/2890/2811 2888/2888/2809 2889/2889/2810
f 2889/2889/2810 2885/2885/2806 2890/2890/2811
f 2884/2884/2805 2890/2890/2811 2885/2885/2806
f 2891/2891/2812 2893/2892/2813 2892/2893/2814
f 2892/2893/2814 2894/2894/2815 2891/2891/2812
f 2895/2895/2816 2891/2891/2812 2894/2894/2815
f 2894/2894/2815 2892/2893/2814 2896/2896/2817
f 2896/2896/2817 2895/2895/2816 2894/2894/2815
f 2897/2897/2818 2896/2896/2817 2892/2893/2814
f 2892/2893/2814 2893/2892/2813 2897/2897/2818
f 2898/2898/2819 2897/2897/2818 2893/2892/2813
f 2897/2897/2818 2898/2898/2819 2899/2899/2820
f 2899/2899/2820 2900/2900/2821 2897/2897/2818
f 2896/2896/2817 2897/2897/2818 2900/2900/2821
f 2900/2900/2821 2901/2901/2822 2896/2896/2817
f 2895/2895/2816 2896/2896/2817 2901/2901/2822
f 2902/2902/2823 2901/2901/2822 2900/2900/2821
f 2900/2900/2821 2903/2903/2824 2902/2902/2823
f 2899/2899/2820 2903/2903/2824 2900/2900/2821
f 2904/2904/2825 2902/2902/2823 2903/2903/2824
f 2903/2903/2824 2899/2899/2820 2904/2904/2825
f 2898/2898/2819 2904/2904/2825 2899/2899/2820
f 2905/2905/2595 2907/2906/2596 2906/2907/2715
f 2906/2907/2715 2908/2908/2598 2905/2905/2595
f 2909/2909/2599 2905/2905/2595 2908/2908/2598
f 2908/2908/2598 2906/2907/2715 2910/2910/2600
f 2910/2910/2600 2909/2909/2599 2908/2908/2598
f 2911/2911/2601 2910/2910/2600 2906/2907/2715
f 2906/2907/2715 2907/2906/2596 2911/2911/2601
f 2912/2912/2602 2911/2911/2601 2907/2906/2596
f 2911/2911/2601 2912/2912/2602 2913/2913/2603
f 2913/2913/2603 2914/2914/2604 2911/2911/2601
f 2910/2910/2600 2911/2911/2601 2914/2914/2604
f 2914/2914/2604 2915/2915/2716 2910/2910/2600
f 2909/2909/2599 2910/2910/2600 2915/2915/2716
f 2916/2916/2606 2915/2915/2716 2914/2914/2604
f 2914/2914/2604 2917/2917/2607 2916/2916/2606
f 2913/2913/2603 2917/2917/2607 2914/2914/2604
f 2918/2918/2608 2916/2916/2606 2917/2917/2607
f 2917/2917/2607 2913/2913/2603 2918/2918/2608
f 2912/2912/2602 2918/2918/2608 2913/2913/2603
f 2919/2919/2625 2921/2920/2626 2920/2921/2718
f 2920/2921/2718 2922/2922/2628 2919/2919/2625
f 2923/2923/2826 2919/2919/2625 2922/2922/2628
f 2922/2922/2628 2920/2921/2718 2924/2924/2630
f 2924/2924/2630 2923/2923/2826 2922/2922/2628
f 2925/2925/2631 2924/2924/2630 2920/2921/2718
f 2920/2921/2718 2921/2920/2626 2925/2925/2631
f 2926/2926/2632 2925/2925/2631 2921/2920/2626
f 2925/2925/2631 2926/2926/2632 2927/2927/2633
f 2927/2927/2633 2928/2928/2720 2925/2925/2631
f 2924/2924/2630 2925/2925/2631 2928/2928/2720
f 2928/2928/2720 2929/2929/2635 2924/2924/2630
f 2923/2923/2826 2924/2924/2630 2929/2929/2635
f 2930/2930/2636 2929/2929/2635 2928/2928/2720
f 2928/2928/2720 2931/2931/2637 2930/2930/2636
f 2927/2927/2633 2931/2931/2637 2928/2928/2720
f 2932/2932/2638 2930/2930/2636 2931/2931/2637
f 2931/2931/2637 2927/2927/2633 2932/2932/2638
f 2926/2926/2632 2932/2932/2638 2927/2927/2633
f 2933/2933/2721 2935/2934/2722 2934/2935/2723
f 2934/2935/2723 2936/2936/2724 2933/2933/2721
f 2937/2937/2725 2933/2933/2721 2936/2936/2724
f 2936/2936/2724 2934/2935/2723 2938/2938/2726
f 2938/2938/2726 2937/2937/2725 2936/2936/2724
f 2939/2939/2727 2938/2938/2726 2934/2935/2723
f 2934/2935/2723 2935/2934/2722 2939/2939/2727
f 2940/2940/2728 2939/2939/2727 2935/2934/2722
f 2939/2939/2727 2940/2940/2728 2941/2941/2729
f 2941/2941/2729 2942/2942/2730 2939/2939/2727
f 2938/2938/2726 2939/2939/2727 2942/2942/2730
f 2942/2942/2730 2943/2943/2827 2938/2938/2726
f 2937/2937/2725 2938/2938/2726 2943/2943/2827
f 2944/2944/2732 2943/2943/2827 2942/2942/2730
f 2942/2942/2730 2945/2945/2733 2944/2944/2732
f 2941/2941/2729 2945/2945/2733 2942/2942/2730
f 2946/2946/2734 2944/2944/2732 2945/2945/2733
f 2945/2945/2733 2941/2941/2729 2947/2947/2735
f 2947/2947/2735 2946/2946/2734 2945/2945/2733
f 2948/2948/2736 2946/2946/2734 2947/2947/2735
f 2947/2947/2735 2949/2949/2737 2948/2948/2736
f 2949/2949/2737 2947/2947/2735 2941/2941/2729
f 2941/2941/2729 2950/2950/2738 2949/2949/2737
f 2950/2950/2738 2941/2941/2729 2940/2940/2728
f 2948/2948/2736 2949/2949/2737 2950/2950/2738
f 2951/2951/2828 2953/2952/2829 2952/2953/2830
f 2952/2953/2830 2954/2954/2831 2951/2951/2828
f 2955/2955/2832 2951/2951/2828 2954/2954/2831
f 2956/2956/2833 2954/2954/2831 2952/2953/2830
f 2952/2953/2830 2957/2957/2834 2956/2956/2833
f 2957/2957/2834 2952/2953/2830 2953/2952/2829
f 2953/2952/2829 2958/2958/2835 2957/2957/2834
f 2959/2959/2836 2957/2957/2834 2958/2958/2835
f 2956/2956/2833 2957/2957/2834 2959/2959/2836
f 2959/2959/2836 2958/2958/2835 2960/2960/2837
f 2960/2960/2837 2961/2961/2838 2959/2959/2836
f 2956/2956/2833 2959/2959/2836 2961/2961/2838
f 2962/2962/2839 2961/2961/2838 2960/2960/2837
f 2963/2963/2840 2956/2956/2833 2961/2961/2838
f 2961/2961/2838 2962/2962/2839 2963/2963/2840
f 2964/2964/2841 2963/2963/2840 2962/2962/2839
f 2963/2963/2840 2964/2964/2841 2965/2965/2842
f 2965/2965/2842 2956/2956/2833 2963/2963/2840
f 2966/2966/2843 2965/2965/2842 2964/2964/2841
f 2967/2967/2844 2956/2956/2833 2965/2965/2842
f 2965/2965/2842 2966/2966/2843 2967/2967/2844
f 2956/2956/2833 2967/2967/2844 2968/2968/2845
f 2968/2968/2845 2954/2954/2831 2956/2956/2833
f 2955/2955/2832 2954/2954/2831 2968/2968/2845
f 2968/2968/2845 2969/2969/2846 2955/2955/2832
f 2969/2969/2846 2968/2968/2845 2967/2967/2844
f 2967/2967/2844 2966/2966/2843 2969/2969/2846
f 2970/2970/2847 2972/2971/2848 2971/2972/2849
f 2971/2972/2849 2973/2973/2850 2970/2970/2847
f 2974/2974/2851 2970/2970/2847 2973/2973/2850
f 2975/2975/2852 2973/2973/2850 2971/2972/2849
f 2971/2972/2849 2976/2976/2853 2975/2975/2852
f 2976/2976/2853 2971/2972/2849 2972/2971/2848
f 2972/2971/2848 2977/2977/2854 2976/2976/2853
f 2978/2978/2855 2976/2976/2853 2977/2977/2854
f 2976/2976/2853 2978/2978/2855 2979/2979/2856
f 2979/2979/2856 2975/2975/2852 2976/2976/2853
f 2975/2975/2852 2979/2979/2856 2980/2980/2857
f 2980/2980/2857 2973/2973/2850 2975/2975/2852
f 2974/2974/2851 2973/2973/2850 2980/2980/2857
f 2980/2980/2857 2981/2981/2858 2974/2974/2851
f 2982/2982/2859 2981/2981/2858 2980/2980/2857
f 2980/2980/2857 2979/2979/2856 2982/2982/2859
f 2983/2983/2860 2981/2981/2858 2982/2982/2859
f 2982/2982/2859 2979/2979/2856 2984/2984/2861
f 2984/2984/2861 2983/2983/2860 2982/2982/2859
f 2985/2985/2862 2983/2983/2860 2984/2984/2861
f 2984/2984/2861 2986/2986/2863 2985/2985/2862
f 2986/2986/2863 2984/2984/2861 2979/2979/2856
f 2979/2979/2856 2987/2987/2864 2986/2986/2863
f 2987/2987/2864 2979/2979/2856 2978/2978/2855
f 2978/2978/2855 2988/2988/2865 2987/2987/2864
f 2988/2988/2865 2978/2978/2855 2977/2977/2854
f 2987/2987/2864 2988/2988/2865 2989/2989/2866
f 2989/2989/2866 2986/2986/2863 2987/2987/2864
f 2985/2985/2862 2986/2986/2863 2989/2989/2866
f 2990/2990/2867 2992/2991/2868 2991/2992/2869
f 2991/2992/2869 2993/2993/2870 2990/2990/2867
f 2994/2994/2871 2990/2990/2867 2993/2993/2870
f 2993/2993/2870 2991/2992/2869 2995/2995/2872
f 2995/2995/2872 2994/2994/2871 2993/2993/2870
f 2996/2996/2873 2995/2995/2872 2991/2992/2869
f 2991/2992/2869 2992/2991/2868 2996/2996/2873
f 2997/2997/2874 2996/2996/2873 2992/2991/2868
f 2996/2996/2873 2997/2997/2874 2998/2998/2875
f 2998/2998/2875 2999/2999/2876 2996/2996/2873
f 2995/2995/2872 2996/2996/2873 2999/2999/2876
f 2999/2999/2876 3000/3000/2877 2995/2995/2872
f 2994/2994/2871 2995/2995/2872 3000/3000/2877
f 3001/3001/2878 3000/3000/2877 2999/2999/2876
f 2999/2999/2876 3002/3002/2879 3001/3001/2878
f 2998/2998/2875 3002/3002/2879 2999/2999/2876
f 3003/3003/2880 3001/3001/2878 3002/3002/2879
f 3002/3002/2879 2998/2998/2875 3004/3004/2881
f 3004/3004/2881 3003/3003/2880 3002/3002/2879
f 3005/3005/2882 3003/3003/2880 3004/3004/2881
f 3004/3004/2881 3006/3006/2883 3005/3005/2882
f 3006/3006/2883 3004/3004/2881 2998/2998/2875
f 2998/2998/2875 3007/3007/2884 3006/3006/2883
f 3007/3007/2884 2998/2998/2875 2997/2997/2874
f 3005/3005/2882 3006/3006/2883 3007/3007/2884
f 3008/3008/2798 3010/3009/2799 3009/3010/2800
f 3009/3010/2800 3011/3011/2885 3008/3008/2798
f 3012/3012/2802 3008/3008/2798 3011/3011/2885
f 3011/3011/2885 3009/3010/2800 3013/3013/2803
f 3013/3013/2803 3012/3012/2802 3011/3011/2885
f 3014/3014/2804 3013/3013/2803 3009/3010/2800
f 3009/3010/2800 3010/3009/2799 3014/3014/2804
f 3015/3015/2805 3014/3014/2804 3010/3009/2799
f 3014/3014/2804 3015/3015/2805 3016/3016/2806
f 3016/3016/2806 3017/3017/2807 3014/3014/2804
f 3013/3013/2803 3014/3014/2804 3017/3017/2807
f 3017/3017/2807 3018/3018/2886 3013/3013/2803
f 3012/3012/2802 3013/3013/2803 3018/3018/2886
f 3019/3019/2809 3018/3018/2886 3017/3017/2807
f 3017/3017/2807 3020/3020/2810 3019/3019/2809
f 3016/3016/2806 3020/3020/2810 3017/3017/2807
f 3021/3021/2811 3019/3019/2809 3020/3020/2810
f 3020/3020/2810 3016/3016/2806 3021/3021/2811
f 3015/3015/2805 3021/3021/2811 3016/3016/2806
f 3022/3022/2887 3024/3023/2888 3023/3024/2889
f 3023/3024/2889 3025/3025/2890 3022/3022/2887
f 3026/3026/2891 3022/3022/2887 3025/3025/2890
f 3025/3025/2890 3023/3024/2889 3027/3027/2892
f 3027/3027/2892 3026/3026/2891 3025/3025/2890
f 3028/3028/2893 3027/3027/2892 3023/3024/2889
f 3023/3024/2889 3024/3023/2888 3028/3028/2893
f 3029/3029/2894 3028/3028/2893 3024/3023/2888
f 3028/3028/2893 3029/3029/2894 3030/3030/2895
f 3030/3030/2895 3031/3031/2896 3028/3028/2893
f 3027/3027/2892 3028/3028/2893 3031/3031/2896
f 3031/3031/2896 3032/3032/2897 3027/3027/2892
f 3026/3026/2891 3027/3027/2892 3032/3032/2897
f 3033/3033/2898 3032/3032/2897 3031/3031/2896
f 3031/3031/2896 3034/3034/2899 3033/3033/2898
f 3030/3030/2895 3034/3034/2899 3031/3031/2896
f 3035/3035/2900 3033/3033/2898 3034/3034/2899
f 3034/3034/2899 3030/3030/2895 3035/3035/2900
f 3029/3029/2894 3035/3035/2900 3030/3030/2895
f 3036/3036/2625 3038/3037/2626 3037/3038/2718
f 3037/3038/2718 3039/3039/2628 3036/3036/2625
f 3040/3040/2826 3036/3036/2625 3039/3039/2628
f 3039/3039/2628 3037/3038/2718 3041/3041/2630
f 3041/3041/2630 3040/3040/2826 3039/3039/2628
f 3042/3042/2631 3041/3041/2630 3037/3038/2718
f 3037/3038/2718 3038/3037/2626 3042/3042/2631
f 3043/3043/2632 3042/3042/2631 3038/3037/2626
f 3042/3042/2631 3043/3043/2632 3044/3044/2633
f 3044/3044/2633 3045/3045/2720 3042/3042/2631
f 3041/3041/2630 3042/3042/2631 3045/3045/2720
f 3045/3045/2720 3046/3046/2635 3041/3041/2630
f 3040/3040/2826 3041/3041/2630 3046/3046/2635
f 3047/3047/2636 3046/3046/2635 3045/3045/2720
f 3045/3045/2720 3048/3048/2901 3047/3047/2636
f 3044/3044/2633 3048/3048/2901 3045/3045/2720
f 3049/3049/2638 3047/3047/2636 3048/3048/2901
f 3048/3048/2901 3044/3044/2633 3049/3049/2638
f 3043/3043/2632 3049/3049/2638 3044/3044/2633
f 3050/3050/2902 3052/3051/2903 3051/3052/2904
f 3051/3052/2904 3053/3053/2905 3050/3050/2902
f 3054/3054/2906 3050/3050/2902 3053/3053/2905
f 3055/3055/2907 3053/3053/2905 3051/3052/2904
f 3051/3052/2904 3056/3056/2908 3055/3055/2907
f 3056/3056/2908 3051/3052/2904 3052/3051/2903
f 3052/3051/2903 3057/3057/2909 3056/3056/2908
f 3058/3058/2910 3056/3056/2908 3057/3057/2909
f 3056/3056/2908 3058/3058/2910 3059/3059/2911
f 3059/3059/2911 3055/3055/2907 3056/3056/2908
f 3055/3055/2907 3059/3059/2911 3060/3060/2912
f 3060/3060/2912 3053/3053/2905 3055/3055/2907
f 3054/3054/2906 3053/3053/2905 3060/3060/2912
f 3060/3060/2912 3061/3061/2913 3054/3054/2906
f 3062/3062/2914 3061/3061/2913 3060/3060/2912
f 3060/3060/2912 3059/3059/2911 3062/3062/2914
f 3063/3063/2915 3061/3061/2913 3062/3062/2914
f 3062/3062/2914 3059/3059/2911 3064/3064/2916
f 3064/3064/2916 3063/3063/2915 3062/3062/2914
f 3065/3065/2917 3063/3063/2915 3064/3064/2916
f 3064/3064/2916 3066/3066/2918 3065/3065/2917
f 3066/3066/2918 3064/3064/2916 3059/3059/2911
f 3059/3059/2911 3067/3067/2919 3066/3066/2918
f 3067/3067/2919 3059/3059/2911 3058/3058/2910
f 3058/3058/2910 3068/3068/2920 3067/3067/2919
f 3068/3068/2920 3058/3058/2910 3057/3057/2909
f 3067/3067/2919 3068/3068/2920 3069/3069/2921
f 3069/3069/2921 3066/3066/2918 3067/3067/2919
f 3065/3065/2917 3066/3066/2918 3069/3069/2921
f 3070/3070/2847 3072/3071/2848 3071/3072/2849
f 3071/3072/2849 3073/3073/2850 3070/3070/2847
f 3074/3074/2922 3070/3070/2847 3073/3073/2850
f 3075/3075/2852 3073/3073/2850 3071/3072/2849
f 3071/3072/2849 3076/3076/2853 3075/3075/2852
f 3076/3076/2853 3071/3072/2849 3072/3071/2848
f 3072/3071/2848 3077/3077/2854 3076/3076/2853
f 3078/3078/2923 3076/3076/2853 3077/3077/2854
f 3076/3076/2853 3078/3078/2923 3079/3079/2856
f 3079/3079/2856 3075/3075/2852 3076/3076/2853
f 3075/3075/2852 3079/3079/2856 3080/3080/2857
f 3080/3080/2857 3073/3073/2850 3075/3075/2852
f 3074/3074/2922 3073/3073/2850 3080/3080/2857
f 3080/3080/2857 3081/3081/2858 3074/3074/2922
f 3082/3082/2859 3081/3081/2858 3080/3080/2857
f 3080/3080/2857 3079/3079/2856 3082/3082/2859
f 3083/3083/2860 3081/3081/2858 3082/3082/2859
f 3082/3082/2859 3079/3079/2856 3084/3084/2861
f 3084/3084/2861 3083/3083/2860 3082/3082/2859
f 3085/3085/2862 3083/3083/2860 3084/3084/2861
f 3084/3084/2861 3086/3086/2863 3085/3085/2862
f 3086/3086/2863 3084/3084/2861 3079/3079/2856
f 3079/3079/2856 3087/3087/2864 3086/3086/2863
f 3087/3087/2864 3079/3079/2856 3078/3078/2923
f 3078/3078/2923 3088/3088/2865 3087/3087/2864
f 3088/3088/2865 3078/3078/2923 3077/3077/2854
f 3087/3087/2864 3088/3088/2865 3089/3089/2866
f 3089/3089/2866 3086/3086/2863 3087/3087/2864
f 3085/3085/2862 3086/3086/2863 3089/3089/2866
f 3090/3090/2924 3092/3091/2925 3091/3092/2926
f 3091/3092/2926 3093/3093/2927 3090/3090/2924
f 3094/3094/2928 3090/3090/2924 3093/3093/2927
f 3093/3093/2927 3091/3092/2926 3095/3095/2929
f 3095/3095/2929 3094/3094/2928 3093/3093/2927
f 3096/3096/2930 3095/3095/2929 3091/3092/2926
f 3091/3092/2926 3092/3091/2925 3096/3096/2930
f 3097/3097/2931 3096/3096/2930 3092/3091/2925
f 3096/3096/2930 3097/3097/2931 3098/3098/2932
f 3098/3098/2932 3099/3099/2933 3096/3096/2930
f 3095/3095/2929 3096/3096/2930 3099/3099/2933
f 3099/3099/2933 3100/3100/2934 3095/3095/2929
f 3094/3094/2928 3095/3095/2929 3100/3100/2934
f 3101/3101/2935 3100/3100/2934 3099/3099/2933
f 3099/3099/2933 3102/3102/2936 3101/3101/2935
f 3098/3098/2932 3102/3102/2936 3099/3099/2933
f 3103/3103/2937 3101/3101/2935 3102/3102/2936
f 3102/3102/2936 3098/3098/2932 3104/3104/2938
f 3104/3104/2938 3103/3103/2937 3102/3102/2936
f 3105/3105/2939 3103/3103/2937 3104/3104/2938
f 3104/3104/2938 3106/3106/2940 3105/3105/2939
f 3106/3106/2940 3104/3104/2938 3098/3098/2932
f 3098/3098/2932 3107/3107/2941 3106/3106/2940
f 3107/3107/2941 3098/3098/2932 3097/3097/2931
f 3105/3105/2939 3106/3106/2940 3107/3107/2941
f 3108/3108/2942 3110/3109/2943 3109/3110/2944
f 3109/3110/2944 3111/3111/2945 3108/3108/2942
f 3112/3112/2946 3108/3108/2942 3111/3111/2945
f 3113/3113/2947 3111/3111/2945 3109/3110/2944
f 3109/3110/2944 3110/3109/2943 3113/3113/2947
f 3111/3111/2945 3113/3113/2947 3114/3114/2948
f 3114/3114/2948 3112/3112/2946 3111/3111/2945
f 3115/3115/2949 3112/3112/2946 3114/3114/2948
f 3114/3114/2948 3116/3116/2950 3115/3115/2949
f 3117/3117/2951 3116/3116/2950 3114/3114/2948
f 3114/3114/2948 3113/3113/2947 3117/3117/2951
f 3118/3118/2952 3117/3117/2951 3113/3113/2947
f 3113/3113/2947 3110/3109/2943 3118/3118/2952
f 3117/3117/2951 3118/3118/2952 3119/3119/2953
f 3119/3119/2953 3116/3116/2950 3117/3117/2951
f 3115/3115/2949 3116/3116/2950 3119/3119/2953
f 3120/3120/2954 3122/3121/2955 3121/3122/2956
f 3121/3122/2956 3123/3123/2957 3120/3120/2954
f 3124/3124/2958 3120/3120/2954 3123/3123/2957
f 3123/3123/2957 3121/3122/2956 3125/3125/2959
f 3125/3125/2959 3124/3124/2958 3123/3123/2957
f 3126/3126/2960 3125/3125/2959 3121/3122/2956
f 3121/3122/2956 3122/3121/2955 3126/3126/2960
f 3127/3127/2961 3126/3126/2960 3122/3121/2955
f 3126/3126/2960 3127/3127/2961 3128/3128/2962
f 3128/3128/2962 3129/3129/2963 3126/3126/2960
f 3125/3125/2959 3126/3126/2960 3129/3129/2963
f 3129/3129/2963 3130/3130/2964 3125/3125/2959
f 3124/3124/2958 3125/3125/2959 3130/3130/2964
f 3131/3131/2965 3130/3130/2964 3129/3129/2963
f 3129/3129/2963 3132/3132/2966 3131/3131/2965
f 3128/3128/2962 3132/3132/2966 3129/3129/2963
f 3133/3133/2734 3131/3131/2965 3132/3132/2966
f 3132/3132/2966 3128/3128/2962 3134/3134/2735
f 3134/3134/2735 3133/3133/2734 3132/3132/2966
f 3135/3135/2736 3133/3133/2734 3134/3134/2735
f 3134/3134/2735 3136/3136/2737 3135/3135/2736
f 3136/3136/2737 3134/3134/2735 3128/3128/2962
f 3128/3128/2962 3137/3137/2738 3136/3136/2737
f 3137/3137/2738 3128/3128/2962 3127/3127/2961
f 3135/3135/2736 3136/3136/2737 3137/3137/2738
f 3138/3138/2967 3140/3139/2968 3139/3140/2969
f 3139/3140/2969 3141/3141/2970 3138/3138/2967
f 3142/3142/2971 3138/3138/2967 3141/3141/2970
f 3143/3143/2972 3141/3141/2970 3139/3140/2969
f 3139/3140/2969 3144/3144/2973 3143/3143/2972
f 3144/3144/2973 3139/3140/2969 3140/3139/2968
f 3140/3139/2968 3145/3145/2974 3144/3144/2973
f 3146/3146/2975 3144/3144/2973 3145/3145/2974
f 3143/3143/2972 3144/3144/2973 3146/3146/2975
f 3146/3146/2975 3145/3145/2974 3147/3147/2976
f 3147/3147/2976 3148/3148/2977 3146/3146/2975
f 3143/3143/2972 3146/3146/2975 3148/3148/2977
f 3149/3149/2978 3148/3148/2977 3147/3147/2976
f 3150/3150/2979 3143/3143/2972 3148/3148/2977
f 3148/3148/2977 3149/3149/2978 3150/3150/2979
f 3151/3151/2980 3150/3150/2979 3149/3149/2978
f 3150/3150/2979 3151/3151/2980 3152/3152/2981
f 3152/3152/2981 3143/3143/2972 3150/3150/2979
f 3153/3153/2982 3152/3152/2981 3151/3151/2980
f 3154/3154/2983 3143/3143/2972 3152/3152/2981
f 3152/3152/2981 3153/3153/2982 3154/3154/2983
f 3143/3143/2972 3154/3154/2983 3155/3155/2984
f 3155/3155/2984 3141/3141/2970 3143/3143/2972
f 3142/3142/2971 3141/3141/2970 3155/3155/2984
f 3155/3155/2984 3156/3156/2985 3142/3142/2971
f 3156/3156/2985 3155/3155/2984 3154/3154/2983
f 3154/3154/2983 3153/3153/2982 3156/3156/2985
f 3157/3157/2986 3159/3158/2987 3158/3159/2988
f 3158/3159/2988 3160/3160/2989 3157/3157/2986
f 3161/3161/2990 3157/3157/2986 3160/3160/2989
f 3162/3162/2991 3160/3160/2989 3158/3159/2988
f 3158/3159/2988 3163/3163/2992 3162/3162/2991
f 3163/3163/2992 3158/3159/2988 3159/3158/2987
f 3159/3158/2987 3164/3164/2993 3163/3163/2992
f 3165/3165/2994 3163/3163/2992 3164/3164/2993
f 3162/3162/2991 3163/3163/2992 3165/3165/2994
f 3166/3166/2995 3165/3165/2994 3164/3164/2993
f 3167/3167/2996 3162/3162/2991 3165/3165/2994
f 3165/3165/2994 3166/3166/2995 3167/3167/2996
f 3168/3168/2997 3167/3167/2996 3166/3166/2995
f 3167/3167/2996 3168/3168/2997 3169/3169/2998
f 3169/3169/2998 3170/3170/2999 3167/3167/2996
f 3162/3162/2991 3167/3167/2996 3170/3170/2999
f 3171/3171/3000 3170/3170/2999 3169/3169/2998
f 3169/3169/2998 3172/3172/3001 3171/3171/3000
f 3172/3172/3001 3169/3169/2998 3168/3168/2997
f 3171/3171/3000 3172/3172/3001 3173/3173/3002
f 3173/3173/3002 3174/3174/3003 3171/3171/3000
f 3170/3170/2999 3171/3171/3000 3174/3174/3003
f 3174/3174/3003 3162/3162/2991 3170/3170/2999
f 3162/3162/2991 3174/3174/3003 3175/3175/3004
f 3175/3175/3004 3176/3176/3005 3162/3162/2991
f 3160/3160/2989 3162/3162/2991 3176/3176/3005
f 3176/3176/3005 3161/3161/2990 3160/3160/2989
f 3177/3177/3006 3161/3161/2990 3176/3176/3005
f 3176/3176/3005 3175/3175/3004 3177/3177/3006
f 3178/3178/3007 3177/3177/3006 3175/3175/3004
f 3175/3175/3004 3174/3174/3003 3178/3178/3007
f 3173/3173/3002 3178/3178/3007 3174/3174/3003
f 3179/3179/3008 3181/3180/3009 3180/3181/3010
f 3180/3181/3010 3182/3182/3011 3179/3179/3008
f 3183/3183/3012 3179/3179/3008 3182/3182/3011
f 3184/3184/3013 3182/3182/3011 3180/3181/3010
f 3180/3181/3010 3181/3180/3009 3184/3184/3013
f 3182/3182/3011 3184/3184/3013 3185/3185/3014
f 3185/3185/3014 3183/3183/3012 3182/3182/3011
f 3186/3186/3015 3183/3183/3012 3185/3185/3014
f 3185/3185/3014 3187/3187/3016 3186/3186/3015
f 3184/3184/3013 3187/3187/3016 3185/3185/3014
f 3188/3188/3017 3186/3186/3015 3187/3187/3016
f 3189/3189/3018 3187/3187/3016 3184/3184/3013
f 3184/3184/3013 3190/3190/3019 3189/3189/3018
f 3190/3190/3019 3184/3184/3013 3181/3180/3009
f 3189/3189/3018 3190/3190/3019 3191/3191/2518
f 3191/3191/2518 3192/3192/3020 3189/3189/3018
f 3187/3187/3016 3189/3189/3018 3192/3192/3020
f 3192/3192/3020 3193/3193/3021 3187/3187/3016
f 3188/3188/3017 3187/3187/3016 3193/3193/3021
f 3193/3193/3021 3194/3194/2521 3188/3188/3017
f 3194/3194/2521 3193/3193/3021 3192/3192/3020
f 3192/3192/3020 3191/3191/2518 3194/3194/2521
f 3195/3195/2847 3197/3196/3022 3196/3197/2849
f 3196/3197/2849 3198/3198/2850 3195/3195/2847
f 3199/3199/3023 3195/3195/2847 3198/3198/2850
f 3200/3200/2852 3198/3198/2850 3196/3197/2849
f 3196/3197/2849 3201/3201/2853 3200/3200/2852
f 3201/3201/2853 3196/3197/2849 3197/3196/3022
f 3197/3196/3022 3202/3202/3024 3201/3201/2853
f 3203/3203/2923 3201/3201/2853 3202/3202/3024
f 3201/3201/2853 3203/3203/2923 3204/3204/2856
f 3204/3204/2856 3200/3200/2852 3201/3201/2853
f 3200/3200/2852 3204/3204/2856 3205/3205/2857
f 3205/3205/2857 3198/3198/2850 3200/3200/2852
f 3199/3199/3023 3198/3198/2850 3205/3205/2857
f 3205/3205/2857 3206/3206/2858 3199/3199/3023
f 3207/3207/2859 3206/3206/2858 3205/3205/2857
f 3205/3205/2857 3204/3204/2856 3207/3207/2859
f 3208/3208/2860 3206/3206/2858 3207/3207/2859
f 3207/3207/2859 3204/3204/2856 3209/3209/2861
f 3209/3209/2861 3208/3208/2860 3207/3207/2859
f 3210/3210/2862 3208/3208/2860 3209/3209/2861
f 3209/3209/2861 3211/3211/2863 3210/3210/2862
f 3211/3211/2863 3209/3209/2861 3204/3204/2856
f 3204/3204/2856 3212/3212/2864 3211/3211/2863
f 3212/3212/2864 3204/3204/2856 3203/3203/2923
f 3203/3203/2923 3213/3213/3025 3212/3212/2864
f 3213/3213/3025 3203/3203/2923 3202/3202/3024
f 3212/3212/2864 3213/3213/3025 3214/3214/2866
f 3214/3214/2866 3211/3211/2863 3212/3212/2864
f 3210/3210/2862 3211/3211/2863 3214/3214/2866
o mesh2
v 7.214347 0.129881 1.938202
v 7.144724 0.119170 1.675687
v 7.219821 0.177158 1.675687
v 7.239541 0.086918 1.938202
v 7.198005 0.042368 1.675687
v 7.273100 0.100355 1.675687
v 7.275050 0.119356 1.938202
v 7.249857 0.162319 1.938202
v 7.352059 0.169185 2.878986
v 7.219821 0.177158 1.675687
v 7.249857 0.162319 1.938202
v 7.214347 0.129881 1.938202
v 7.273100 0.100355 1.675687
v 1.106084 0.277829 1.710302
v 1.090837 0.187061 1.907455
v 0.983283 0.157192 1.710302
v 1.193208 0.118049 1.710302
v 1.024272 -0.122548 3.045393
v 1.142552 0.093659 1.907455
v 1.017947 0.116540 1.907455
v -2.306099 0.201409 1.711551
v -2.327241 0.106223 1.897084
v -2.381658 0.146525 1.711551
v -2.252492 0.128717 1.711551
v -2.381049 -0.122548 2.504763
v -2.367358 0.077275 1.897084
v -2.298778 0.067882 1.897084
v 1.795331 0.360799 1.593414
v 1.794631 0.271976 1.699574
v 1.680440 0.245918 1.593414
v 1.904912 0.245229 1.593414
v -1.858056 0.539125 1.596946
v -1.853600 0.476577 1.861689
v -1.928325 0.464082 1.596946
v -1.791892 0.463632 1.596946
v -1.838209 0.358654 2.706996
v -1.888999 0.437673 1.861689
v -1.820268 0.437440 1.861689
v -2.418193 0.636751 1.543833
v -2.449084 0.517343 1.928012
v -2.520343 0.517723 1.543833
v -2.391800 0.567001 1.928012
v -2.309501 0.516512 2.942461
v -2.324289 0.517260 1.543833
v -2.391800 0.567001 1.928012
v -2.339141 0.517150 1.928012
v -2.449084 0.517343 1.928012
v -2.426438 0.398232 1.543833
v -2.520343 0.517723 1.543833
v -2.396423 0.467492 1.928012
v -2.309501 0.516512 2.942461
v -2.396423 0.467492 1.928012
v -2.324289 0.517260 1.543833
v -2.339141 0.517150 1.928012
v -1.317790 0.154899 1.836540
v -1.438613 0.107347 1.512222
v -1.340775 0.212083 1.512222
v -1.351105 -0.007660 1.512222
v -1.272066 0.094807 1.836540
v -1.253266 0.097076 1.512222
v -1.039648 0.302231 2.849035
v -1.266668 0.209625 1.836540
v -1.220944 0.149533 1.836540
v -1.340775 0.212083 1.512222
v -1.266668 0.209625 1.836540
v -1.317790 0.154899 1.836540
v -1.253266 0.097076 1.512222
v -0.990190 0.544740 1.600148
v -1.056822 0.490744 1.821562
v -1.049595 0.485102 1.600148
v -1.026396 0.458527 1.821562
v -1.255550 0.379720 2.536886
v -1.088722 0.458719 1.821562
v -1.088722 0.458719 1.821562
v -1.049595 0.485102 1.600148
v -1.056822 0.490744 1.821562
v -1.058296 0.426502 1.821562
v -0.992933 0.425108 1.600148
v -1.255550 0.379720 2.536886
v -1.026396 0.458527 1.821562
v -0.933530 0.484745 1.600148
v -0.990190 0.544740 1.600148
v -0.546887 0.201409 1.621719
v -0.568029 0.106223 1.807252
v -0.622445 0.146525 1.621719
v -0.493280 0.128717 1.621719
v -0.621837 -0.122548 2.414931
v -0.608146 0.077275 1.807252
v -0.539566 0.067882 1.807252
v -0.576741 0.422879 1.611971
v -0.577472 0.393549 1.820412
v -0.630945 0.364234 1.611971
v -0.548172 0.363817 1.820412
v -0.527030 0.364006 1.611971
v -0.548172 0.363817 1.820412
v -0.576741 0.422879 1.611971
v -0.580121 0.334201 1.820412
v -0.581235 0.305361 1.611971
v -0.578225 0.363140 2.496816
v -0.577472 0.393549 1.820412
v -0.609421 0.363932 1.820412
v -0.630945 0.364234 1.611971
v -0.393261 0.224120 1.968849
v -0.334652 0.130441 1.589180
v -0.450627 0.244658 1.589180
v -0.316426 0.150805 1.969359
v -0.200487 0.089870 4.083670
v -0.316426 0.150805 1.969359
v -0.204981 0.234457 1.589180
v -0.230519 0.217573 1.968895
v -0.179172 0.163483 1.574747
v -0.202638 0.054822 1.760280
v -0.288057 0.076343 1.574747
v -0.101919 0.048070 1.574747
v -0.258963 -0.197962 2.367959
v -0.260082 0.005213 1.760280
v -0.161882 -0.010884 1.760280
v 0.116871 0.131894 1.839265
v 0.000884 0.083906 1.520717
v 0.073883 0.157380 1.520717
v 0.066175 0.003228 1.520717
v 0.144946 0.096395 1.839265
v 0.139177 0.076701 1.520717
v 0.376323 0.280324 2.845990
v 0.148260 0.164222 1.839265
v 0.176336 0.128723 1.839265
v 0.073883 0.157380 1.520717
v 0.148260 0.164222 1.839265
v 0.116871 0.131894 1.839265
v 0.139177 0.076701 1.520717
v 0.998321 0.119708 2.592325
v 1.074285 0.405305 1.829258
v 1.125637 0.347683 1.829258
v 1.001907 0.361799 1.829258
v 0.947429 0.393277 1.714881
v 1.081816 0.475874 1.714881
v 1.177162 0.366477 1.714880
v 2.314028 0.482804 1.663363
v 2.338341 0.375157 1.921523
v 2.172377 0.359044 1.663363
v 2.449131 0.358302 1.663363
v 0.542893 0.086216 1.789923
v 0.473269 0.075505 1.527408
v 0.548365 0.133493 1.527408
v 0.568086 0.043253 1.789923
v 0.526549 -0.001297 1.527408
v 0.601644 0.056690 1.527408
v 0.603595 0.075691 1.789923
v 0.578402 0.118653 1.789923
v 0.680604 0.125520 2.730708
v 0.548365 0.133493 1.527408
v 0.578402 0.118653 1.789923
v 0.542893 0.086216 1.789923
v 0.601644 0.056690 1.527408
v 1.177162 0.366477 1.714880
v 1.125637 0.347683 1.829258
v 1.074285 0.405305 1.829258
v 1.042775 0.283880 1.714881
v 1.053258 0.304178 1.829258
v 0.998321 0.119708 2.592325
v 1.001907 0.361799 1.829258
v 0.947429 0.393277 1.714881
v 0.469964 0.544421 1.581795
v 0.469264 0.455598 1.687955
v 0.355073 0.429539 1.581795
v 0.579545 0.428851 1.581795
v -7.210431 0.201409 1.688366
v -7.231574 0.106223 1.873899
v -7.285990 0.146525 1.688366
v -7.156825 0.128717 1.688366
v -7.285381 -0.122548 2.481578
v -7.271690 0.077275 1.873899
v -7.203110 0.067882 1.873899
v -3.109002 0.360799 1.814611
v -3.109702 0.271976 1.920770
v -3.223893 0.245918 1.814611
v -2.999421 0.245229 1.814611
v -6.762389 0.539125 1.597844
v -6.757933 0.476577 1.862587
v -6.832657 0.464082 1.597844
v -6.696225 0.463632 1.597844
v -6.742542 0.358654 2.707894
v -6.793332 0.437673 1.862587
v -6.724600 0.437440 1.862587
v -7.322526 0.601653 1.663783
v -7.353416 0.482245 2.047962
v -7.424675 0.482624 1.663783
v -7.296133 0.531903 2.047962
v -7.213833 0.481413 3.062412
v -7.228621 0.482162 1.663783
v -7.296133 0.531903 2.047962
v -7.243474 0.482052 2.047962
v -7.353416 0.482245 2.047962
v -7.330770 0.363133 1.663783
v -7.424675 0.482624 1.663783
v -7.300756 0.432394 2.047962
v -7.213833 0.481413 3.062412
v -7.300756 0.432394 2.047962
v -7.228621 0.482162 1.663783
v -7.243474 0.482052 2.047962
v -6.222123 0.154899 1.836774
v -6.342946 0.107347 1.512456
v -6.245107 0.212083 1.512456
v -6.255439 -0.007660 1.512456
v -6.176398 0.094807 1.836774
v -6.157598 0.097076 1.512456
v -5.943981 0.302231 2.849268
v -6.171000 0.209625 1.836774
v -6.125277 0.149533 1.836774
v -6.245107 0.212083 1.512456
v -6.171000 0.209625 1.836774
v -6.222123 0.154899 1.836774
v -6.157598 0.097076 1.512456
v -5.894522 0.544740 1.542214
v -5.961154 0.490744 1.763628
v -5.953928 0.485102 1.542214
v -5.930728 0.458527 1.763628
v -6.159882 0.379720 2.478953
v -5.993054 0.458719 1.763628
v -5.993054 0.458719 1.763628
v -5.953928 0.485102 1.542214
v -5.961154 0.490744 1.763628
v -5.962627 0.426502 1.763628
v -5.897265 0.425108 1.542214
v -6.159882 0.379720 2.478953
v -5.930728 0.458527 1.763628
v -5.837862 0.484745 1.542214
v -5.894522 0.544740 1.542214
v -5.451220 0.201409 1.607813
v -5.472361 0.106223 1.793346
v -5.526778 0.146525 1.607813
v -5.397612 0.128717 1.607813
v -5.526170 -0.122548 2.401025
v -5.512478 0.077275 1.793346
v -5.443899 0.067882 1.793346
v -5.481073 0.422879 1.612281
v -5.481805 0.393549 1.820723
v -5.535278 0.364234 1.612281
v -5.452506 0.363817 1.820723
v -5.431363 0.364006 1.612281
v -5.452506 0.363817 1.820723
v -5.481073 0.422879 1.612281
v -5.484454 0.334201 1.820723
v -5.485567 0.305361 1.612282
v -5.482559 0.363140 2.497127
v -5.481805 0.393549 1.820723
v -5.513753 0.363932 1.820723
v -5.535278 0.364234 1.612281
v -5.297593 0.224120 2.007352
v -5.238984 0.130441 1.627682
v -5.354959 0.244658 1.627682
v -5.220759 0.150805 2.007862
v -5.104821 0.089871 3.971206
v -5.220759 0.150805 2.007862
v -5.109315 0.234457 1.627682
v -5.134851 0.217573 2.007398
v -5.083504 0.163483 1.651395
v -5.106971 0.054822 1.836928
v -5.192390 0.076343 1.651395
v -5.006252 0.048070 1.651395
v -5.163295 -0.197962 2.444607
v -5.164414 0.005213 1.836928
v -5.066215 -0.010884 1.836928
v -4.787462 0.276356 1.973771
v -4.903449 0.228368 1.655223
v -4.830449 0.301842 1.655223
v -4.838157 0.147690 1.655223
v -4.759387 0.240857 1.973771
v -4.765155 0.221163 1.655223
v -4.528011 0.424786 2.980496
v -4.756072 0.308685 1.973771
v -4.727997 0.273186 1.973771
v -4.830449 0.301842 1.655223
v -4.756072 0.308685 1.973771
v -4.787462 0.276356 1.973771
v -4.765155 0.221163 1.655223
v -3.855124 0.119708 2.447510
v -3.779160 0.405305 1.684444
v -3.727808 0.347683 1.684444
v -3.851538 0.361799 1.684444
v -3.906016 0.393277 1.570066
v -3.771630 0.475874 1.570066
v -3.676284 0.366477 1.570066
v -3.824592 0.130750 1.954354
v -3.880062 -0.122548 2.895139
v -3.876150 0.080698 1.954354
v -3.788012 0.064459 1.954354
v -3.802401 0.243373 1.560048
v -3.896624 0.152382 1.560048
v -3.735552 0.122859 1.560048
v -2.590305 0.482804 1.765905
v -2.565992 0.375157 2.024065
v -2.731956 0.359044 1.765905
v -2.455202 0.358302 1.765905
v -4.361440 0.086216 1.846529
v -4.431064 0.075505 1.584014
v -4.355968 0.133493 1.584014
v -4.336246 0.043253 1.846529
v -4.377784 -0.001297 1.584014
v -4.302689 0.056690 1.584014
v -4.300738 0.075691 1.846529
v -4.325931 0.118653 1.846529
v -4.223729 0.125520 2.787313
v -4.355968 0.133493 1.584014
v -4.325931 0.118653 1.846529
v -4.361440 0.086216 1.846529
v -4.302689 0.056690 1.584014
v -3.676284 0.366477 1.570066
v -3.727808 0.347683 1.684444
v -3.779160 0.405305 1.684444
v -3.810670 0.283880 1.570066
v -3.800187 0.304178 1.684444
v -3.855124 0.119708 2.447510
v -3.851538 0.361799 1.684444
v -3.906016 0.393277 1.570066
v -4.477272 0.544421 1.612294
v -4.477971 0.455598 1.718453
v -4.592163 0.429539 1.612294
v -4.367691 0.428851 1.612294
v 2.661307 0.201409 1.670005
v 2.640165 0.106223 1.855538
v 2.585749 0.146525 1.670005
v 2.714915 0.128717 1.670005
v 2.586357 -0.122548 2.463217
v 2.600048 0.077275 1.855538
v 2.668628 0.067882 1.855538
v 6.762738 0.360799 1.623589
v 6.762038 0.271976 1.729749
v 6.647847 0.245918 1.623589
v 6.872319 0.245229 1.623589
v 3.109350 0.539125 1.611658
v 3.113807 0.476577 1.876401
v 3.039082 0.464082 1.611658
v 3.175514 0.463632 1.611658
v 3.129197 0.358654 2.721708
v 3.078408 0.437673 1.876401
v 3.147138 0.437440 1.876401
v 2.549214 0.586869 1.663363
v 2.518323 0.467460 2.047541
v 2.447063 0.467840 1.663363
v 2.575606 0.517119 2.047541
v 2.657905 0.466629 3.061991
v 2.643117 0.467377 1.663363
v 2.575606 0.517119 2.047541
v 2.628265 0.467267 2.047541
v 2.518323 0.467460 2.047541
v 2.540969 0.348349 1.663363
v 2.447063 0.467840 1.663363
v 2.570982 0.417609 2.047541
v 2.657905 0.466629 3.061991
v 2.570982 0.417609 2.047541
v 2.643117 0.467377 1.663363
v 2.628265 0.467267 2.047541
v 3.649617 0.154899 1.836540
v 3.528793 0.107347 1.512221
v 3.626631 0.212083 1.512222
v 3.616301 -0.007660 1.512222
v 3.695340 0.094807 1.836540
v 3.714140 0.097076 1.512222
v 3.927759 0.302231 2.849035
v 3.700738 0.209625 1.836540
v 3.746462 0.149533 1.836540
v 3.626631 0.212083 1.512222
v 3.700738 0.209625 1.836540
v 3.649617 0.154899 1.836540
v 3.714140 0.097076 1.512222
v 3.977217 0.544740 1.565046
v 3.910584 0.490744 1.786460
v 3.917811 0.485102 1.565046
v 3.941010 0.458527 1.786460
v 3.711857 0.379720 2.501785
v 3.878684 0.458719 1.786460
v 3.878684 0.458719 1.786460
v 3.917811 0.485102 1.565046
v 3.910584 0.490744 1.786460
v 3.909111 0.426502 1.786460
v 3.974473 0.425108 1.565046
v 3.711857 0.379720 2.501785
v 3.941010 0.458527 1.786460
v 4.033877 0.484745 1.565046
v 3.977217 0.544740 1.565046
v 4.420519 0.201409 1.621718
v 4.399378 0.106223 1.807251
v 4.344962 0.146525 1.621718
v 4.474127 0.128717 1.621718
v 4.345570 -0.122548 2.414931
v 4.359260 0.077275 1.807251
v 4.427841 0.067882 1.807252
v 4.390666 0.422879 1.677275
v 4.389934 0.393549 1.885716
v 4.336462 0.364234 1.677275
v 4.419233 0.363817 1.885716
v 4.440376 0.364006 1.677275
v 4.419233 0.363817 1.885716
v 4.390666 0.422879 1.677275
v 4.387285 0.334201 1.885716
v 4.386172 0.305361 1.677275
v 4.389182 0.363140 2.562120
v 4.389934 0.393549 1.885716
v 4.357985 0.363932 1.885716
v 4.336462 0.364234 1.677275
v 4.574147 0.224120 1.975644
v 4.632755 0.130441 1.595975
v 4.516780 0.244658 1.595975
v 4.650980 0.150805 1.976154
v 4.766921 0.089871 4.551066
v 4.650980 0.150805 1.976154
v 4.762425 0.234457 1.595975
v 4.736888 0.217573 1.975690
v 4.788235 0.163483 1.631205
v 4.764769 0.054822 1.816738
v 4.679349 0.076343 1.631205
v 4.865487 0.048070 1.631205
v 4.708443 -0.197963 2.424417
v 4.707325 0.005213 1.816738
v 4.805524 -0.010884 1.816738
v 5.084277 0.276356 1.875341
v 4.968291 0.228368 1.556792
v 5.041290 0.301842 1.556792
v 5.033582 0.147690 1.556792
v 5.112352 0.240857 1.875341
v 5.106584 0.221163 1.556792
v 5.343729 0.424786 2.882066
v 5.115667 0.308684 1.875341
v 5.143743 0.273186 1.875341
v 5.041290 0.301842 1.556792
v 5.115667 0.308684 1.875341
v 5.084277 0.276356 1.875341
v 5.106584 0.221163 1.556792
v 5.965727 0.119708 2.491319
v 6.041692 0.405305 1.728253
v 6.093044 0.347683 1.728253
v 5.969314 0.361799 1.728253
v 5.914835 0.393277 1.613875
v 6.049222 0.475875 1.613875
v 6.144568 0.366477 1.613875
v 6.047148 0.130750 2.023216
v 5.991678 -0.122548 2.964000
v 5.995590 0.080698 2.023216
v 6.083728 0.064459 2.023216
v 6.069339 0.243373 1.628910
v 5.975117 0.152382 1.628910
v 6.136189 0.122859 1.628910
v 7.281435 0.482804 1.663363
v 7.305748 0.375157 1.921523
v 7.139784 0.359044 1.663363
v 7.416538 0.358302 1.663362
v 5.510300 0.086216 1.789923
v 5.440676 0.075505 1.527408
v 5.515772 0.133493 1.527408
v 5.535492 0.043253 1.789923
v 5.493957 -0.001297 1.527408
v 5.569052 0.056690 1.527408
v 5.571002 0.075691 1.789923
v 5.545808 0.118653 1.789923
v 5.648011 0.125520 2.730707
v 5.515772 0.133493 1.527408
v 5.545808 0.118653 1.789923
v 5.510300 0.086216 1.789923
v 5.569052 0.056690 1.527408
v 6.144568 0.366477 1.613875
v 6.093044 0.347683 1.728253
v 6.041692 0.405305 1.728253
v 6.010181 0.283880 1.613875
v 6.020665 0.304178 1.728253
v 5.965727 0.119708 2.491319
v 5.969314 0.361799 1.728253
v 5.914835 0.393277 1.613875
v 5.394470 0.544421 1.528417
v 5.393769 0.455598 1.634577
v 5.279579 0.429539 1.528417
v 5.504051 0.428851 1.528417
v 7.249856 0.162317 -1.938202
v 7.219820 0.177156 -1.675686
v 7.214346 0.129879 -1.938202
v 7.273098 0.100354 -1.675686
v 7.144723 0.119169 -1.675686
v 7.214346 0.129879 -1.938202
v 7.219820 0.177156 -1.675686
v 7.239540 0.086917 -1.938202
v 7.198003 0.042366 -1.675686
v 7.273098 0.100354 -1.675686
v 7.275048 0.119354 -1.938202
v 7.249856 0.162317 -1.938202
v 7.352058 0.169183 -2.878985
v 1.090837 0.187060 -1.776957
v 1.106083 0.277828 -1.579804
v 0.983283 0.157190 -1.579804
v 1.193208 0.118048 -1.579804
v 1.024271 -0.122551 -2.914894
v 1.142551 0.093657 -1.776957
v 1.017946 0.116539 -1.776957
v -2.298779 0.067881 -1.779737
v -2.328051 0.073831 -1.594204
v -2.252493 0.128715 -1.594204
v -2.338897 0.038933 -1.779737
v -2.381050 -0.122550 -2.387416
v -2.367359 0.077273 -1.779737
v -2.381658 0.146523 -1.594204
v 1.794631 0.271975 -1.744286
v 1.795331 0.360798 -1.638127
v 1.680440 0.245916 -1.638127
v 1.904912 0.245228 -1.638127
v -1.853601 0.476575 -1.876398
v -1.858057 0.539123 -1.611656
v -1.928325 0.464081 -1.611656
v -1.791893 0.463631 -1.611656
v -1.838210 0.358651 -2.721705
v -1.888999 0.437671 -1.876398
v -1.820269 0.437438 -1.876398
v -2.449084 0.517341 -1.928009
v -2.418193 0.636750 -1.543830
v -2.520343 0.517721 -1.543830
v -2.391801 0.567000 -1.928009
v -2.309501 0.516509 -2.942458
v -2.391801 0.567000 -1.928009
v -2.324290 0.517258 -1.543830
v -2.339142 0.517148 -1.928009
v -2.426438 0.398230 -1.543830
v -2.449084 0.517341 -1.928009
v -2.520343 0.517721 -1.543830
v -2.396424 0.467490 -1.928009
v -2.309501 0.516509 -2.942458
v -2.324290 0.517258 -1.543830
v -2.396424 0.467490 -1.928009
v -2.339142 0.517148 -1.928009
v -1.266669 0.209624 -1.836537
v -1.340775 0.212082 -1.512219
v -1.317791 0.154898 -1.836537
v -1.253267 0.097074 -1.512219
v -1.438614 0.107345 -1.512219
v -1.317791 0.154898 -1.836537
v -1.340775 0.212082 -1.512219
v -1.351106 -0.007661 -1.512219
v -1.272067 0.094805 -1.836537
v -1.253267 0.097074 -1.512219
v -1.039648 0.302228 -2.849032
v -1.266669 0.209624 -1.836537
v -1.220945 0.149531 -1.836537
v -1.049596 0.485101 -1.565044
v -1.088723 0.458717 -1.786458
v -1.056823 0.490742 -1.786458
v -1.058296 0.426500 -1.786458
v -1.255551 0.379718 -2.501782
v -0.992934 0.425106 -1.565044
v -1.026396 0.458525 -1.786458
v -0.933530 0.484744 -1.565044
v -0.990190 0.544739 -1.565044
v -1.056823 0.490742 -1.786458
v -0.990190 0.544739 -1.565044
v -1.049596 0.485101 -1.565044
v -1.026396 0.458525 -1.786458
v -1.255551 0.379718 -2.501782
v -1.088723 0.458717 -1.786458
v -0.539566 0.067881 -1.807249
v -0.568838 0.073831 -1.621716
v -0.493280 0.128715 -1.621716
v -0.579684 0.038933 -1.807249
v -0.621837 -0.122550 -2.414928
v -0.608146 0.077273 -1.807249
v -0.622445 0.146523 -1.621716
v -0.577473 0.393547 -1.820410
v -0.576741 0.422877 -1.611968
v -0.630945 0.364232 -1.611968
v -0.548173 0.363816 -1.820410
v -0.548173 0.363816 -1.820410
v -0.527030 0.364004 -1.611968
v -0.576741 0.422877 -1.611968
v -0.580122 0.334199 -1.820410
v -0.581235 0.305360 -1.611968
v -0.578225 0.363137 -2.496814
v -0.577473 0.393547 -1.820410
v -0.609421 0.363931 -1.820410
v -0.630945 0.364232 -1.611968
v -0.334652 0.130440 -1.560315
v -0.393261 0.224119 -1.939984
v -0.450627 0.244656 -1.560315
v -0.316426 0.150803 -1.940494
v -0.200488 0.089867 -4.054805
v -0.204982 0.234456 -1.560315
v -0.316426 0.150803 -1.940494
v -0.230519 0.217571 -1.940030
v -0.202638 0.054820 -1.816736
v -0.179172 0.163482 -1.631203
v -0.288058 0.076342 -1.631203
v -0.101920 0.048068 -1.631203
v -0.258964 -0.197965 -2.424415
v -0.260082 0.005211 -1.816736
v -0.161883 -0.010885 -1.816736
v 0.148260 0.164221 -1.875338
v 0.073883 0.157378 -1.556790
v 0.116870 0.131892 -1.875338
v 0.139177 0.076700 -1.556790
v 0.000883 0.083905 -1.556790
v 0.116870 0.131892 -1.875338
v 0.073883 0.157378 -1.556790
v 0.066175 0.003227 -1.556790
v 0.144945 0.096393 -1.875338
v 0.139177 0.076700 -1.556790
v 0.376322 0.280321 -2.882064
v 0.148260 0.164221 -1.875338
v 0.176335 0.128722 -1.875338
v 2.338341 0.375155 -1.921521
v 2.172377 0.359042 -1.663361
v 2.268882 0.314511 -1.921521
v 2.314028 0.482802 -1.663361
v 2.449131 0.358300 -1.663361
v 2.404588 0.314147 -1.921521
v 2.404588 0.314147 -1.921521
v 2.307485 0.234541 -1.663361
v 2.449131 0.358300 -1.663361
v 2.335132 0.253503 -1.921521
v 2.414677 0.181302 -2.662386
v 2.338341 0.375155 -1.921521
v 2.268882 0.314511 -1.921521
v 2.172377 0.359042 -1.663361
v 0.578401 0.118652 -1.789920
v 0.548365 0.133491 -1.527406
v 0.542892 0.086214 -1.789920
v 0.601644 0.056689 -1.527406
v 0.473269 0.075504 -1.527406
v 0.542892 0.086214 -1.789920
v 0.548365 0.133491 -1.527406
v 0.568085 0.043252 -1.789920
v 0.526549 -0.001299 -1.527406
v 0.601644 0.056689 -1.527406
v 0.603594 0.075689 -1.789920
v 0.578401 0.118652 -1.789920
v 0.680604 0.125518 -2.730705
v 1.125636 0.347682 -1.687070
v 1.042775 0.283878 -1.572692
v 1.177161 0.366475 -1.572693
v 1.053258 0.304177 -1.687070
v 0.998320 0.119706 -2.450136
v 1.001906 0.361798 -1.687070
v 0.947429 0.393275 -1.572693
v 0.469263 0.455596 -1.706965
v 0.469963 0.544420 -1.600805
v 0.355072 0.429538 -1.600805
v 0.579544 0.428850 -1.600805
v -7.203111 0.067881 -1.861737
v -7.232384 0.073831 -1.676204
v -7.156826 0.128715 -1.676204
v -7.243228 0.038933 -1.861737
v -7.285382 -0.122550 -2.469416
v -7.271692 0.077273 -1.861737
v -7.285990 0.146523 -1.676204
v -3.109702 0.271975 -1.727391
v -3.109002 0.360798 -1.621232
v -3.223893 0.245916 -1.621231
v -2.999421 0.245228 -1.621231
v -6.757934 0.476575 -1.862583
v -6.762390 0.539123 -1.597840
v -6.832658 0.464081 -1.597840
v -6.696225 0.463631 -1.597840
v -6.742542 0.358651 -2.707890
v -6.793332 0.437671 -1.862583
v -6.724601 0.437438 -1.862583
v -7.353417 0.482243 -2.047957
v -7.322526 0.601652 -1.663779
v -7.424676 0.482623 -1.663779
v -7.296134 0.531901 -2.047957
v -7.213835 0.481411 -3.062407
v -7.296134 0.531901 -2.047957
v -7.228622 0.482160 -1.663779
v -7.243475 0.482050 -2.047957
v -7.330771 0.363132 -1.663779
v -7.353417 0.482243 -2.047957
v -7.424676 0.482623 -1.663779
v -7.300757 0.432392 -2.047957
v -7.213835 0.481411 -3.062407
v -7.228622 0.482160 -1.663779
v -7.300757 0.432392 -2.047957
v -7.243475 0.482050 -2.047957
v -6.171001 0.209624 -1.836770
v -6.245108 0.212082 -1.512451
v -6.222124 0.154898 -1.836769
v -6.157600 0.097074 -1.512451
v -6.342947 0.107345 -1.512451
v -6.222124 0.154898 -1.836769
v -6.245108 0.212082 -1.512451
v -6.255440 -0.007661 -1.512451
v -6.176399 0.094805 -1.836770
v -6.157600 0.097074 -1.512451
v -5.943982 0.302228 -2.849264
v -6.171001 0.209624 -1.836770
v -6.125278 0.149531 -1.836770
v -5.953929 0.485101 -1.542210
v -5.993055 0.458717 -1.763624
v -5.961155 0.490742 -1.763624
v -5.962628 0.426500 -1.763624
v -6.159883 0.379718 -2.478948
v -5.897266 0.425106 -1.542210
v -5.930729 0.458525 -1.763624
v -5.837863 0.484744 -1.542210
v -5.894523 0.544739 -1.542210
v -5.961155 0.490742 -1.763624
v -5.894523 0.544739 -1.542210
v -5.953929 0.485101 -1.542210
v -5.930729 0.458525 -1.763624
v -6.159883 0.379718 -2.478948
v -5.993055 0.458717 -1.763624
v -5.443900 0.067881 -1.793342
v -5.473172 0.073831 -1.607808
v -5.397613 0.128715 -1.607808
v -5.484017 0.038933 -1.793342
v -5.526172 -0.122550 -2.401021
v -5.512479 0.077273 -1.793342
v -5.526779 0.146523 -1.607808
v -5.481806 0.393547 -1.819292
v -5.481074 0.422877 -1.610851
v -5.535279 0.364232 -1.610851
v -5.452507 0.363816 -1.819292
v -5.452507 0.363816 -1.819292
v -5.431364 0.364004 -1.610851
v -5.481074 0.422877 -1.610851
v -5.484455 0.334199 -1.819292
v -5.485568 0.305360 -1.610851
v -5.482560 0.363137 -2.495696
v -5.481806 0.393547 -1.819292
v -5.513754 0.363931 -1.819292
v -5.535279 0.364232 -1.610851
v -5.238985 0.130440 -1.627678
v -5.297594 0.224119 -2.007348
v -5.354960 0.244656 -1.627678
v -5.220760 0.150803 -2.007858
v -5.104822 0.089867 -3.971202
v -5.109316 0.234456 -1.627678
v -5.220760 0.150803 -2.007858
v -5.134852 0.217571 -2.007393
v -5.106972 0.054820 -1.895724
v -5.083506 0.163482 -1.710191
v -5.192391 0.076342 -1.710191
v -5.006253 0.048068 -1.710191
v -5.163296 -0.197964 -2.503403
v -5.164415 0.005211 -1.895724
v -5.066216 -0.010885 -1.895724
v -4.756073 0.308683 -2.074790
v -4.830450 0.301840 -1.756242
v -4.787463 0.276354 -2.074790
v -4.765156 0.221162 -1.756242
v -4.903450 0.228367 -1.756242
v -4.787463 0.276354 -2.074790
v -4.830450 0.301840 -1.756242
v -4.838158 0.147689 -1.756242
v -4.759387 0.240856 -2.074790
v -4.765156 0.221162 -1.756242
v -4.528012 0.424783 -3.081516
v -4.756073 0.308683 -2.074790
v -4.727998 0.273184 -2.074790
v -3.880063 -0.122551 -2.883591
v -3.824593 0.130748 -1.942806
v -3.876151 0.080697 -1.942806
v -3.788013 0.064457 -1.942806
v -3.802402 0.243371 -1.548501
v -3.896625 0.152380 -1.548501
v -3.735552 0.122857 -1.548501
v -2.565992 0.375155 -1.831750
v -2.731956 0.359042 -1.573589
v -2.635451 0.314511 -1.831750
v -2.590305 0.482802 -1.573589
v -2.455202 0.358300 -1.573589
v -2.499745 0.314147 -1.831750
v -2.499745 0.314147 -1.831750
v -2.596848 0.234541 -1.573589
v -2.455202 0.358300 -1.573589
v -2.569201 0.253503 -1.831750
v -2.489656 0.181302 -2.572614
v -2.565992 0.375155 -1.831750
v -2.635451 0.314511 -1.831750
v -2.731956 0.359042 -1.573589
v -4.325932 0.118652 -2.029677
v -4.355969 0.133491 -1.767162
v -4.361441 0.086214 -2.029677
v -4.302690 0.056689 -1.767162
v -4.431065 0.075504 -1.767162
v -4.361441 0.086214 -2.029677
v -4.355969 0.133491 -1.767162
v -4.336247 0.043252 -2.029677
v -4.377785 -0.001299 -1.767162
v -4.302690 0.056689 -1.767162
v -4.300739 0.075689 -2.029677
v -4.325932 0.118652 -2.029677
v -4.223730 0.125518 -2.970462
v -3.727809 0.347682 -1.659506
v -3.810671 0.283878 -1.545128
v -3.676285 0.366475 -1.545128
v -3.800188 0.304177 -1.659505
v -3.855125 0.119706 -2.422572
v -3.851540 0.361798 -1.659506
v -3.906017 0.393275 -1.545128
v -4.477972 0.455596 -1.871335
v -4.477273 0.544420 -1.765175
v -4.592164 0.429538 -1.765175
v -4.367692 0.428850 -1.765175
v 2.668628 0.067881 -1.855536
v 2.639355 0.073831 -1.670003
v 2.714914 0.128715 -1.670003
v 2.628510 0.038933 -1.855536
v 2.586357 -0.122550 -2.463215
v 2.600048 0.077273 -1.855536
v 2.585748 0.146523 -1.670003
v 6.762037 0.271975 -1.729748
v 6.762737 0.360798 -1.623588
v 6.647846 0.245916 -1.623588
v 6.872318 0.245228 -1.623588
v 3.113806 0.476575 -1.876399
v 3.109349 0.539123 -1.611657
v 3.039081 0.464081 -1.611657
v 3.175514 0.463631 -1.611657
v 3.129196 0.358651 -2.721706
v 3.078407 0.437671 -1.876399
v 3.147137 0.437438 -1.876399
v 2.518323 0.467459 -2.047539
v 2.549213 0.586867 -1.663361
v 2.447063 0.467839 -1.663361
v 2.575606 0.517117 -2.047539
v 2.657905 0.466627 -3.061989
v 2.575606 0.517117 -2.047539
v 2.643116 0.467376 -1.663361
v 2.628265 0.467266 -2.047539
v 2.540968 0.348347 -1.663361
v 2.518323 0.467459 -2.047539
v 2.447063 0.467839 -1.663361
v 2.570982 0.417607 -2.047539
v 2.657905 0.466627 -3.061989
v 2.643116 0.467376 -1.663361
v 2.570982 0.417607 -2.047539
v 2.628265 0.467266 -2.047539
v 3.700738 0.209624 -1.836538
v 3.626631 0.212082 -1.512220
v 3.649616 0.154898 -1.836538
v 3.714139 0.097074 -1.512220
v 3.528792 0.107345 -1.512220
v 3.649616 0.154898 -1.836538
v 3.626631 0.212082 -1.512220
v 3.616301 -0.007661 -1.512220
v 3.695340 0.094805 -1.836538
v 3.714139 0.097074 -1.512220
v 3.927758 0.302228 -2.849033
v 3.700738 0.209624 -1.836538
v 3.746462 0.149531 -1.836538
v 3.917811 0.485101 -1.565045
v 3.878684 0.458717 -1.786459
v 3.910584 0.490742 -1.786459
v 3.909111 0.426500 -1.786459
v 3.711856 0.379718 -2.501783
v 3.974473 0.425106 -1.565045
v 3.941010 0.458525 -1.786459
v 4.033876 0.484744 -1.565045
v 3.977216 0.544739 -1.565045
v 3.910584 0.490742 -1.786459
v 3.977216 0.544739 -1.565045
v 3.917811 0.485101 -1.565045
v 3.941010 0.458525 -1.786459
v 3.711856 0.379718 -2.501783
v 3.878684 0.458717 -1.786459
v 4.427840 0.067881 -1.807250
v 4.398568 0.073831 -1.621717
v 4.474127 0.128715 -1.621717
v 4.387723 0.038933 -1.807250
v 4.345569 -0.122550 -2.414929
v 4.359261 0.077273 -1.807250
v 4.344960 0.146523 -1.621717
v 4.389934 0.393547 -1.820411
v 4.390665 0.422877 -1.611969
v 4.336461 0.364232 -1.611969
v 4.419234 0.363816 -1.820411
v 4.419234 0.363816 -1.820411
v 4.440376 0.364004 -1.611969
v 4.390665 0.422877 -1.611969
v 4.387285 0.334199 -1.820411
v 4.386172 0.305360 -1.611969
v 4.389181 0.363137 -2.496814
v 4.389934 0.393547 -1.820411
v 4.357985 0.363931 -1.820411
v 4.336461 0.364232 -1.611969
v 4.632755 0.130440 -1.595973
v 4.574146 0.224119 -1.975643
v 4.516779 0.244656 -1.595973
v 4.650980 0.150803 -1.976153
v 4.766918 0.089867 -4.551065
v 4.762424 0.234456 -1.595973
v 4.650980 0.150803 -1.976153
v 4.736887 0.217571 -1.975688
v 4.764768 0.054820 -1.816737
v 4.788234 0.163482 -1.631204
v 4.679349 0.076342 -1.631204
v 4.865487 0.048068 -1.631204
v 4.708443 -0.197965 -2.424416
v 4.707325 0.005211 -1.816737
v 4.805523 -0.010885 -1.816737
v 5.115666 0.308683 -1.875339
v 5.041289 0.301840 -1.556791
v 5.084277 0.276354 -1.875339
v 5.106582 0.221162 -1.556791
v 4.968289 0.228367 -1.556791
v 5.084277 0.276354 -1.875339
v 5.041289 0.301840 -1.556791
v 5.033580 0.147689 -1.556791
v 5.112352 0.240856 -1.875339
v 5.106582 0.221162 -1.556791
v 5.343728 0.424783 -2.882065
v 5.115666 0.308683 -1.875339
v 5.143742 0.273184 -1.875339
v 5.991677 -0.122551 -2.963999
v 6.047147 0.130748 -2.023215
v 5.995589 0.080697 -2.023215
v 6.083726 0.064457 -2.023215
v 6.069338 0.243371 -1.628909
v 5.975116 0.152380 -1.628909
v 6.136188 0.122857 -1.628909
v 7.305748 0.375155 -1.921522
v 7.139783 0.359042 -1.663362
v 7.236289 0.314511 -1.921522
v 7.281435 0.482802 -1.663362
v 7.416537 0.358300 -1.663362
v 7.371994 0.314147 -1.921522
v 7.371994 0.314147 -1.921522
v 7.274891 0.234541 -1.663362
v 7.416537 0.358300 -1.663362
v 7.302538 0.253503 -1.921522
v 7.382084 0.181302 -2.662387
v 7.305748 0.375155 -1.921522
v 7.236289 0.314511 -1.921522
v 7.139783 0.359042 -1.663362
v 5.545807 0.118652 -1.789921
v 5.515770 0.133491 -1.527407
v 5.510299 0.086214 -1.789921
v 5.569050 0.056689 -1.527407
v 5.440674 0.075504 -1.527406
v 5.510299 0.086214 -1.789921
v 5.515770 0.133491 -1.527407
v 5.535491 0.043252 -1.789921
v 5.493955 -0.001299 -1.527406
v 5.569050 0.056689 -1.527407
v 5.571001 0.075689 -1.789921
v 5.545807 0.118652 -1.789921
v 5.648010 0.125518 -2.730706
v 6.093043 0.347682 -1.728252
v 6.010181 0.283878 -1.613874
v 6.144568 0.366475 -1.613874
v 6.020664 0.304177 -1.728252
v 5.965727 0.119706 -2.491318
v 5.969313 0.361798 -1.728252
v 5.914835 0.393275 -1.613874
v 5.393768 0.455597 -1.634576
v 5.394468 0.544420 -1.528416
v 5.279577 0.429538 -1.528416
v 5.504049 0.428850 -1.528416
v -4.949890 0.397516 1.671199
v -4.975252 0.422049 1.799685
v -4.972394 0.516903 1.671199
v -5.066042 0.417933 1.671199
v -4.984917 0.488607 1.799685
v -5.040021 0.430611 1.799685
v -5.012806 0.461997 2.236226
v -3.177135 0.377418 1.800760
v -3.202497 0.401950 1.929246
v -3.199640 0.496805 1.800760
v -3.293287 0.397835 1.800760
v -3.212161 0.468508 1.929246
v -3.267266 0.410513 1.929246
v -3.240051 0.441899 2.365787
v -1.706730 0.023500 1.561449
v -1.732092 0.048033 1.689935
v -1.729235 0.142887 1.561449
v -1.822882 0.043917 1.561449
v -1.741756 0.114591 1.689935
v -1.796861 0.056595 1.689935
v -1.769646 0.087981 2.126476
v 0.442824 0.076264 1.547847
v 0.417461 0.100797 1.676333
v 0.420319 0.195651 1.547847
v 0.326672 0.096681 1.547847
v 0.407797 0.167354 1.676333
v 0.352693 0.109359 1.676333
v 0.379907 0.140745 2.112874
v 5.847213 0.079034 1.601019
v 5.821851 0.103567 1.729505
v 5.824709 0.198421 1.601019
v 5.731061 0.099451 1.601019
v 5.812187 0.170125 1.729505
v 5.757082 0.112129 1.729505
v 5.784297 0.143515 2.166046
v 4.930138 0.287921 1.622678
v 4.904776 0.312453 1.751164
v 4.907633 0.407308 1.622678
v 4.813987 0.308338 1.622678
v 4.895112 0.379011 1.751164
v 4.840007 0.321016 1.751164
v 4.867222 0.352402 2.187706
v 0.072223 0.260953 1.547828
v 0.046861 0.285485 1.676314
v 0.049719 0.380340 1.547828
v -0.043928 0.281370 1.547828
v 0.037197 0.352043 1.676314
v -0.017908 0.294048 1.676314
v 0.009307 0.325434 2.112855
v -7.029043 0.020467 1.717015
v -7.054406 0.045000 1.845501
v -7.051548 0.139855 1.717015
v -7.145195 0.040885 1.717015
v -7.064070 0.111558 1.845501
v -7.119174 0.053563 1.845501
v -7.091960 0.084949 2.282042
v -6.234080 0.384975 1.505182
v -6.259442 0.409508 1.633668
v -6.256585 0.504362 1.505182
v -6.350232 0.405392 1.505182
v -6.269106 0.476066 1.633668
v -6.324211 0.418070 1.633668
v -6.296996 0.449456 2.070210
v -4.050369 0.055225 1.576900
v -4.075732 0.079759 1.705386
v -4.072874 0.174613 1.576900
v -4.166521 0.075643 1.576900
v -4.085396 0.146317 1.705386
v -4.140501 0.088321 1.705386
v -4.113286 0.119707 2.141927
v -1.345600 0.374195 1.615632
v -1.370962 0.398728 1.744118
v -1.368104 0.493582 1.615632
v -1.461752 0.394612 1.615632
v -1.380626 0.465286 1.744118
v -1.435731 0.407290 1.744118
v -1.408516 0.438676 2.180659
v 1.017947 0.116540 1.907455
v 0.983283 0.157192 1.710302
v 1.090837 0.187061 1.907455
v 1.070409 -0.002587 1.710302
v 1.193208 0.118049 1.710302
v 1.142552 0.093659 1.907455
v 1.069662 0.023138 1.907455
v 1.024272 -0.122548 3.045393
v -2.367358 0.077275 1.897084
v -2.381658 0.146525 1.711551
v -2.327241 0.106223 1.897084
v -2.328050 0.073832 1.711551
v -2.252492 0.128717 1.711551
v -2.298778 0.067882 1.897084
v -2.338896 0.038934 1.897084
v -2.381049 -0.122548 2.504763
v -0.825365 0.059303 1.650431
v -0.850727 0.083836 1.778917
v -0.847870 0.178690 1.650431
v -0.941517 0.079720 1.650431
v -0.860392 0.150394 1.778917
v -0.915496 0.092398 1.778917
v -0.888282 0.123784 2.215458
v 2.100492 0.350605 1.656077
v 2.075129 0.375138 1.784563
v 2.077987 0.469993 1.656077
v 1.984340 0.371023 1.656077
v 2.065465 0.441696 1.784563
v 2.010360 0.383701 1.784563
v 2.037575 0.415087 2.221104
v 1.597402 0.043260 1.626759
v 1.572040 0.067793 1.755245
v 1.574898 0.162647 1.626759
v 1.481250 0.063677 1.626759
v 1.562376 0.134351 1.755245
v 1.507271 0.076355 1.755245
v 1.534486 0.107741 2.191787
v 1.738393 0.219430 1.699574
v 1.680440 0.245918 1.593414
v 1.794631 0.271976 1.699574
v 1.790025 0.130348 1.593414
v 1.837602 0.140370 2.563316
v 1.792034 0.166569 1.699574
v 1.848270 0.219115 1.699573
v 1.904912 0.245229 1.593414
v -2.173432 0.329171 1.711888
v -2.198795 0.353704 1.840374
v -2.195937 0.448559 1.711888
v -2.289584 0.349589 1.711888
v -2.208458 0.420262 1.840374
v -2.263563 0.362267 1.840374
v -2.236348 0.393653 2.276915
v -1.542349 0.151559 1.546575
v -1.567712 0.176092 1.675061
v -1.564854 0.270946 1.546575
v -1.658501 0.171976 1.546575
v -1.577375 0.242650 1.675061
v -1.632480 0.184654 1.675061
v -1.605265 0.216040 2.111603
v -1.888999 0.437673 1.861689
v -1.928325 0.464082 1.596946
v -1.853600 0.476577 1.861689
v -1.862160 0.388590 1.596946
v -1.791892 0.463632 1.596946
v -1.820268 0.437440 1.861689
v -1.855667 0.398536 1.861689
v -1.838209 0.358654 2.706996
v 0.297065 0.200596 1.508043
v 0.271702 0.225129 1.636530
v 0.274560 0.319983 1.508043
v 0.180913 0.221014 1.508043
v 0.262039 0.291687 1.636530
v 0.206934 0.233691 1.636530
v 0.234149 0.265077 2.073071
v 2.095756 0.104921 1.609024
v 2.070393 0.129454 1.737510
v 2.073251 0.224308 1.609024
v 1.979604 0.125338 1.609024
v 2.060729 0.196012 1.737510
v 2.005625 0.138016 1.737510
v 2.032839 0.169402 2.174051
v 1.423835 0.244714 1.703127
v 1.398473 0.269247 1.831613
v 1.401330 0.364101 1.703127
v 1.307683 0.265131 1.703127
v 1.388809 0.335805 1.831613
v 1.333704 0.277809 1.831613
v 1.360919 0.309195 2.268154
v 0.759495 0.108857 1.664976
v 0.734132 0.133390 1.793462
v 0.736990 0.228244 1.664976
v 0.643343 0.129274 1.664976
v 0.724469 0.199948 1.793462
v 0.669364 0.141952 1.793462
v 0.696579 0.173338 2.230003
v 0.017305 0.048148 1.560364
v -0.008058 0.072680 1.688850
v -0.005200 0.167535 1.560364
v -0.098847 0.068565 1.560364
v -0.017721 0.139238 1.688850
v -0.072826 0.081243 1.688850
v -0.045611 0.112629 2.125391
v -0.714448 0.394328 1.659040
v -0.739811 0.418861 1.787525
v -0.736953 0.513716 1.659039
v -0.830600 0.414746 1.659039
v -0.749474 0.485419 1.787525
v -0.804579 0.427423 1.787525
v -0.777364 0.458810 2.224067
v -1.939593 0.134078 1.613737
v -1.964955 0.158611 1.742223
v -1.962098 0.253465 1.613737
v -2.055744 0.154495 1.613737
v -1.974619 0.225169 1.742223
v -2.029723 0.167173 1.742223
v -2.002509 0.198559 2.178764
v -0.608146 0.077275 1.807252
v -0.622445 0.146525 1.621719
v -0.568029 0.106223 1.807252
v -0.568838 0.073832 1.621719
v -0.493280 0.128717 1.621719
v -0.539566 0.067882 1.807252
v -0.579683 0.038934 1.807252
v -0.621837 -0.122548 2.414931
v -0.450627 0.244658 1.589180
v -0.320959 0.348674 1.589180
v -0.307355 0.290889 1.968385
v -0.204981 0.234457 1.589180
v -0.307355 0.290889 1.968385
v -0.230519 0.217573 1.968895
v -0.200487 0.089870 4.083670
v -0.393261 0.224120 1.968849
v -0.260082 0.005213 1.760280
v -0.288057 0.076343 1.574747
v -0.202638 0.054822 1.760280
v -0.210804 -0.039069 1.574747
v -0.101919 0.048070 1.574747
v -0.161882 -0.010884 1.760280
v -0.219326 -0.060493 1.760280
v -0.258963 -0.197962 2.367959
v 2.268883 0.314512 1.921524
v 2.172377 0.359044 1.663363
v 2.338341 0.375157 1.921523
v 2.307485 0.234542 1.663363
v 2.414678 0.181304 2.662388
v 2.335133 0.253505 1.921523
v 2.404589 0.314149 1.921523
v 2.449131 0.358302 1.663363
v 0.413026 0.403052 1.687955
v 0.355073 0.429539 1.581795
v 0.469264 0.455598 1.687955
v 0.464658 0.313970 1.581795
v 0.512235 0.323992 2.551697
v 0.466667 0.350191 1.687955
v 0.522903 0.402737 1.687955
v 0.579545 0.428851 1.581795
v -7.271690 0.077275 1.873899
v -7.285990 0.146525 1.688366
v -7.231574 0.106223 1.873899
v -7.232382 0.073832 1.688366
v -7.156825 0.128717 1.688366
v -7.203110 0.067882 1.873899
v -7.243227 0.038934 1.873899
v -7.285381 -0.122548 2.481578
v -5.729698 0.059303 1.516348
v -5.755060 0.083836 1.644834
v -5.752203 0.178690 1.516348
v -5.845850 0.079720 1.516348
v -5.764724 0.150394 1.644834
v -5.819829 0.092398 1.644834
v -5.792614 0.123784 2.081375
v -2.803841 0.350605 1.839004
v -2.829204 0.375138 1.967490
v -2.826346 0.469993 1.839004
v -2.919993 0.371023 1.839004
v -2.838868 0.441696 1.967490
v -2.893973 0.383701 1.967490
v -2.866757 0.415087 2.404031
v -3.306931 0.043260 1.775630
v -3.332293 0.067793 1.904116
v -3.329435 0.162647 1.775630
v -3.423083 0.063677 1.775630
v -3.341957 0.134351 1.904116
v -3.397062 0.076355 1.904116
v -3.369846 0.107741 2.340657
v -3.165940 0.219430 1.920770
v -3.223893 0.245918 1.814611
v -3.109702 0.271976 1.920770
v -3.114308 0.130348 1.814611
v -3.066730 0.140370 2.784513
v -3.112299 0.166569 1.920770
v -3.056063 0.219115 1.920770
v -2.999421 0.245229 1.814611
v -7.077763 0.329171 1.690594
v -7.103127 0.353704 1.819080
v -7.100269 0.448559 1.690594
v -7.193915 0.349589 1.690594
v -7.112790 0.420262 1.819080
v -7.167895 0.362267 1.819080
v -7.140680 0.393653 2.255622
v -6.446681 0.151559 1.535301
v -6.472044 0.176092 1.663787
v -6.469186 0.270946 1.535301
v -6.562833 0.171976 1.535301
v -6.481707 0.242650 1.663787
v -6.536812 0.184654 1.663787
v -6.509598 0.216040 2.100328
v -6.793332 0.437673 1.862587
v -6.832657 0.464082 1.597844
v -6.757933 0.476577 1.862587
v -6.766493 0.388590 1.597844
v -6.696225 0.463632 1.597844
v -6.724600 0.437440 1.862587
v -6.759999 0.398536 1.862587
v -6.742542 0.358654 2.707894
v -4.669673 0.273491 1.653976
v -4.695034 0.298024 1.782462
v -4.692177 0.392878 1.653976
v -4.785824 0.293908 1.653976
v -4.704698 0.364582 1.782462
v -4.759803 0.306586 1.782462
v -4.732589 0.337972 2.219004
v -2.808578 0.104921 1.822969
v -2.833941 0.129454 1.951455
v -2.831083 0.224308 1.822969
v -2.924730 0.125338 1.822969
v -2.843605 0.196012 1.951455
v -2.898709 0.138016 1.951455
v -2.871494 0.169402 2.387996
v -3.480498 0.244714 1.713907
v -3.505860 0.269247 1.842393
v -3.503003 0.364101 1.713907
v -3.596649 0.265131 1.713907
v -3.515524 0.335805 1.842393
v -3.570629 0.277809 1.842393
v -3.543414 0.309195 2.278934
v -4.144839 0.244714 1.596747
v -4.170201 0.269247 1.725233
v -4.167344 0.364101 1.596746
v -4.260990 0.265131 1.596747
v -4.179865 0.335805 1.725232
v -4.234970 0.277809 1.725233
v -4.207755 0.309195 2.161774
v -4.887027 0.048148 1.646285
v -4.912391 0.072681 1.774771
v -4.909533 0.167535 1.646285
v -5.003180 0.068565 1.646285
v -4.922055 0.139238 1.774771
v -4.977159 0.081243 1.774771
v -4.949944 0.112629 2.211312
v -5.618781 0.394328 1.571094
v -5.644145 0.418861 1.699580
v -5.641286 0.513716 1.571094
v -5.734933 0.414746 1.571094
v -5.653807 0.485419 1.699580
v -5.708912 0.427423 1.699580
v -5.681696 0.458810 2.136121
v -6.843926 0.134078 1.652197
v -6.869288 0.158611 1.780683
v -6.866430 0.253465 1.652197
v -6.960076 0.154495 1.652197
v -6.878951 0.225169 1.780683
v -6.934056 0.167173 1.780683
v -6.906842 0.198559 2.217225
v -5.512478 0.077275 1.793346
v -5.526778 0.146525 1.607813
v -5.472361 0.106223 1.793346
v -5.473171 0.073832 1.607813
v -5.397612 0.128717 1.607813
v -5.443899 0.067882 1.793346
v -5.484016 0.038934 1.793346
v -5.526170 -0.122548 2.401025
v -5.354959 0.244658 1.627682
v -5.225292 0.348674 1.627682
v -5.211688 0.290889 2.006887
v -5.109315 0.234457 1.627682
v -5.211688 0.290889 2.006887
v -5.134851 0.217573 2.007398
v -5.104821 0.089871 3.971206
v -5.297593 0.224120 2.007352
v -5.164414 0.005213 1.836928
v -5.192390 0.076343 1.651395
v -5.106971 0.054822 1.836928
v -5.115138 -0.039069 1.651395
v -5.006252 0.048070 1.651395
v -5.066215 -0.010884 1.836928
v -5.123660 -0.060493 1.836928
v -5.163295 -0.197962 2.444607
v -3.839570 0.014407 1.954354
v -3.880062 -0.122548 2.895139
v -3.788012 0.064459 1.954354
v -3.876150 0.080698 1.954354
v -3.829773 0.031868 1.560048
v -3.735552 0.122859 1.560048
v -3.824592 0.130750 1.954354
v -3.896624 0.152382 1.560048
v -2.635451 0.314512 2.024065
v -2.731956 0.359044 1.765905
v -2.565992 0.375157 2.024065
v -2.596848 0.234542 1.765905
v -2.489655 0.181304 2.764930
v -2.569200 0.253505 2.024065
v -2.499744 0.314149 2.024066
v -2.455202 0.358302 1.765905
v -4.534209 0.403052 1.718453
v -4.592163 0.429539 1.612294
v -4.477971 0.455598 1.718453
v -4.482578 0.313970 1.612294
v -4.434999 0.323992 2.582196
v -4.480568 0.350191 1.718453
v -4.424332 0.402737 1.718453
v -4.367691 0.428851 1.612294
v 2.600048 0.077275 1.855538
v 2.585749 0.146525 1.670005
v 2.640165 0.106223 1.855538
v 2.639356 0.073832 1.670005
v 2.714915 0.128717 1.670005
v 2.668628 0.067882 1.855538
v 2.628510 0.038934 1.855538
v 2.586357 -0.122548 2.463217
v 4.142041 0.059303 1.594091
v 4.116679 0.083836 1.722577
v 4.119536 0.178690 1.594091
v 4.025889 0.079720 1.594091
v 4.107015 0.150394 1.722577
v 4.051909 0.092398 1.722577
v 4.079125 0.123784 2.159118
v 7.067899 0.350605 1.656077
v 7.042537 0.375138 1.784562
v 7.045394 0.469993 1.656077
v 6.951746 0.371023 1.656077
v 7.032872 0.441696 1.784562
v 6.977767 0.383701 1.784562
v 7.004982 0.415087 2.221104
v 6.564809 0.043260 1.537971
v 6.539447 0.067793 1.666458
v 6.542304 0.162647 1.537971
v 6.448657 0.063677 1.537971
v 6.529783 0.134351 1.666458
v 6.474678 0.076355 1.666458
v 6.501893 0.107741 2.102999
v 6.705801 0.219430 1.729749
v 6.647847 0.245918 1.623589
v 6.762038 0.271976 1.729749
v 6.757432 0.130348 1.623589
v 6.805009 0.140370 2.593491
v 6.759440 0.166569 1.729749
v 6.815677 0.219115 1.729749
v 6.872319 0.245229 1.623589
v 2.793975 0.329171 1.646764
v 2.768612 0.353704 1.775250
v 2.771470 0.448559 1.646764
v 2.677823 0.349589 1.646764
v 2.758949 0.420262 1.775250
v 2.703843 0.362267 1.775250
v 2.731058 0.393653 2.211791
v 3.425057 0.151559 1.546575
v 3.399695 0.176092 1.675061
v 3.402553 0.270946 1.546575
v 3.308905 0.171976 1.546575
v 3.390031 0.242650 1.675061
v 3.334927 0.184654 1.675061
v 3.362141 0.216040 2.111602
v 3.078408 0.437673 1.876401
v 3.039082 0.464082 1.611658
v 3.113807 0.476577 1.876401
v 3.105247 0.388590 1.611658
v 3.175514 0.463632 1.611658
v 3.147138 0.437440 1.876401
v 3.111739 0.398536 1.876401
v 3.129197 0.358654 2.721708
v 5.202068 0.273491 1.562461
v 5.176705 0.298024 1.690947
v 5.179564 0.392878 1.562461
v 5.085917 0.293908 1.562461
v 5.167041 0.364582 1.690947
v 5.111936 0.306586 1.690947
v 5.139151 0.337972 2.127488
v 7.063162 0.104921 1.609023
v 7.037800 0.129454 1.737509
v 7.040658 0.224308 1.609023
v 6.947011 0.125338 1.609023
v 7.028137 0.196012 1.737509
v 6.973032 0.138016 1.737509
v 7.000246 0.169402 2.174050
v 6.391242 0.244714 1.555158
v 6.365879 0.269247 1.683644
v 6.368737 0.364101 1.555158
v 6.275091 0.265131 1.555158
v 6.356216 0.335805 1.683644
v 6.301111 0.277809 1.683644
v 6.328326 0.309195 2.120186
v 5.726901 0.244714 1.584245
v 5.701539 0.269247 1.712731
v 5.704396 0.364101 1.584245
v 5.610750 0.265131 1.584245
v 5.691875 0.335805 1.712731
v 5.636770 0.277809 1.712731
v 5.663985 0.309195 2.149272
v 4.984712 0.048148 1.562461
v 4.959349 0.072681 1.690947
v 4.962207 0.167535 1.562461
v 4.868561 0.068565 1.562461
v 4.949686 0.139238 1.690947
v 4.894581 0.081243 1.690947
v 4.921796 0.112629 2.127488
v 4.252959 0.394328 1.588176
v 4.227595 0.418861 1.716662
v 4.230453 0.513716 1.588176
v 4.136806 0.414746 1.588176
v 4.217932 0.485419 1.716662
v 4.162827 0.427423 1.716662
v 4.190042 0.458810 2.153203
v 3.027814 0.134078 1.613737
v 3.002451 0.158611 1.742223
v 3.005309 0.253465 1.613737
v 2.911662 0.154495 1.613737
v 2.992787 0.225169 1.742223
v 2.937682 0.167173 1.742223
v 2.964897 0.198559 2.178764
v 4.359260 0.077275 1.807251
v 4.344962 0.146525 1.621718
v 4.399378 0.106223 1.807251
v 4.398569 0.073832 1.621718
v 4.474127 0.128717 1.621718
v 4.427841 0.067882 1.807252
v 4.387723 0.038934 1.807252
v 4.345570 -0.122548 2.414931
v 4.516780 0.244658 1.595975
v 4.646448 0.348674 1.595975
v 4.660052 0.290889 1.975180
v 4.762425 0.234457 1.595975
v 4.660052 0.290889 1.975180
v 4.736888 0.217573 1.975690
v 4.766921 0.089871 4.551066
v 4.574147 0.224120 1.975644
v 4.707325 0.005213 1.816738
v 4.679349 0.076343 1.631205
v 4.764769 0.054822 1.816738
v 4.756602 -0.039069 1.631205
v 4.865487 0.048070 1.631205
v 4.805524 -0.010884 1.816738
v 4.748081 -0.060493 1.816738
v 4.708443 -0.197963 2.424417
v 6.032170 0.014407 2.023216
v 5.991678 -0.122548 2.964000
v 6.083728 0.064459 2.023216
v 5.995590 0.080698 2.023216
v 6.041967 0.031869 1.628910
v 6.136189 0.122859 1.628910
v 6.047148 0.130750 2.023216
v 5.975117 0.152382 1.628910
v 7.236289 0.314512 1.921523
v 7.139784 0.359044 1.663363
v 7.305748 0.375157 1.921523
v 7.274892 0.234542 1.663363
v 7.382084 0.181304 2.662387
v 7.302540 0.253505 1.921523
v 7.371996 0.314149 1.921523
v 7.416538 0.358302 1.663362
v 5.337531 0.403052 1.634577
v 5.279579 0.429539 1.528417
v 5.393769 0.455598 1.634577
v 5.389163 0.313970 1.528417
v 5.436740 0.323992 2.498319
v 5.391172 0.350191 1.634577
v 5.447408 0.402737 1.634577
v 5.504051 0.428851 1.528417
v -4.975253 0.422047 -1.854601
v -4.949891 0.397514 -1.726115
v -4.972395 0.516902 -1.726115
v -5.066043 0.417932 -1.726114
v -4.984917 0.488605 -1.854601
v -5.040022 0.430609 -1.854601
v -5.012807 0.461995 -2.291142
v -3.202498 0.401949 -1.748747
v -3.177135 0.377416 -1.620261
v -3.199640 0.496803 -1.620261
v -3.293288 0.397833 -1.620261
v -3.212162 0.468507 -1.748747
v -3.267267 0.410511 -1.748747
v -3.240052 0.441897 -2.185288
v -1.732093 0.048031 -1.816649
v -1.706730 0.023498 -1.688164
v -1.729235 0.142886 -1.688164
v -1.822882 0.043916 -1.688164
v -1.741757 0.114589 -1.816649
v -1.796861 0.056593 -1.816649
v -1.769647 0.087979 -2.253191
v 0.417461 0.100795 -1.729503
v 0.442823 0.076262 -1.601017
v 0.420318 0.195650 -1.601017
v 0.326671 0.096680 -1.601017
v 0.407797 0.167353 -1.729503
v 0.352692 0.109357 -1.729503
v 0.379907 0.140743 -2.166044
v 5.821850 0.103565 -1.729504
v 5.847212 0.079032 -1.601018
v 5.824708 0.198420 -1.601018
v 5.731061 0.099450 -1.601018
v 5.812187 0.170123 -1.729504
v 5.757082 0.112127 -1.729504
v 5.784297 0.143513 -2.166045
v 4.904776 0.312452 -1.751163
v 4.930138 0.287919 -1.622677
v 4.907633 0.407306 -1.622677
v 4.813986 0.308336 -1.622677
v 4.895111 0.379010 -1.751163
v 4.840006 0.321014 -1.751163
v 4.867221 0.352400 -2.187704
v 0.046861 0.285484 -1.736850
v 0.072223 0.260951 -1.608363
v 0.049718 0.380338 -1.608364
v -0.043929 0.281368 -1.608363
v 0.037197 0.352042 -1.736850
v -0.017908 0.294046 -1.736850
v 0.009307 0.325432 -2.173391
v -7.054407 0.044999 -1.811902
v -7.029045 0.020466 -1.683416
v -7.051549 0.139853 -1.683416
v -7.145197 0.040883 -1.683416
v -7.064071 0.111557 -1.811902
v -7.119176 0.053561 -1.811902
v -7.091961 0.084947 -2.248444
v -6.259443 0.409506 -1.633664
v -6.234081 0.384973 -1.505178
v -6.256586 0.504361 -1.505178
v -6.350233 0.405391 -1.505178
v -6.269107 0.476064 -1.633664
v -6.324212 0.418068 -1.633664
v -6.296997 0.449454 -2.070205
v -4.075733 0.079757 -1.886015
v -4.050370 0.055224 -1.757529
v -4.072875 0.174611 -1.757529
v -4.166523 0.075641 -1.757529
v -4.085397 0.146315 -1.886015
v -4.140501 0.088319 -1.886015
v -4.113287 0.119705 -2.322556
v -1.370963 0.398726 -1.836403
v -1.345600 0.374193 -1.707917
v -1.368105 0.493580 -1.707917
v -1.461752 0.394610 -1.707917
v -1.380627 0.465284 -1.836403
v -1.435732 0.407288 -1.836403
v -1.408517 0.438674 -2.272944
v 0.983283 0.157190 -1.579804
v 1.017946 0.116539 -1.776957
v 1.090837 0.187060 -1.776957
v 1.142551 0.093657 -1.776957
v 1.193208 0.118048 -1.579804
v 1.070409 -0.002589 -1.579804
v 1.069661 0.023136 -1.776957
v 1.024271 -0.122551 -2.914894
v -2.367359 0.077273 -1.779737
v -2.327242 0.106221 -1.779737
v -2.381658 0.146523 -1.594204
v -2.381050 -0.122550 -2.387416
v -2.306100 0.201408 -1.594204
v -2.298779 0.067881 -1.779737
v -2.252493 0.128715 -1.594204
v -0.850728 0.083834 -1.836403
v -0.825365 0.059301 -1.707917
v -0.847870 0.178689 -1.707917
v -0.941517 0.079719 -1.707917
v -0.860392 0.150392 -1.836403
v -0.915497 0.092397 -1.836403
v -0.888282 0.123782 -2.272944
v 2.075129 0.375137 -1.784561
v 2.100492 0.350604 -1.656075
v 2.077987 0.469991 -1.656075
v 1.984339 0.371021 -1.656075
v 2.065464 0.441695 -1.784561
v 2.010360 0.383699 -1.784561
v 2.037574 0.415085 -2.221102
v 1.572039 0.067791 -1.755243
v 1.597402 0.043258 -1.626757
v 1.574897 0.162646 -1.626757
v 1.481250 0.063676 -1.626757
v 1.562375 0.134349 -1.755243
v 1.507270 0.076353 -1.755243
v 1.534485 0.107739 -2.191784
v 1.680440 0.245916 -1.638127
v 1.738393 0.219428 -1.744286
v 1.794631 0.271975 -1.744286
v 1.790025 0.130347 -1.638127
v 1.837602 0.140368 -2.608028
v 1.792033 0.166568 -1.744286
v 1.848269 0.219114 -1.744286
v 1.904912 0.245228 -1.638127
v -2.198796 0.353703 -1.738767
v -2.173432 0.329170 -1.610281
v -2.195938 0.448557 -1.610281
v -2.289584 0.349587 -1.610281
v -2.208459 0.420261 -1.738767
v -2.263564 0.362265 -1.738767
v -2.236349 0.393651 -2.175308
v -1.567712 0.176090 -1.675058
v -1.542349 0.151557 -1.546572
v -1.564854 0.270945 -1.546572
v -1.658501 0.171975 -1.546572
v -1.577375 0.242648 -1.675058
v -1.632480 0.184652 -1.675058
v -1.605266 0.216038 -2.111599
v -1.928325 0.464081 -1.611656
v -1.888999 0.437671 -1.876398
v -1.853601 0.476575 -1.876398
v -1.820269 0.437438 -1.876398
v -1.791893 0.463631 -1.611656
v -1.862160 0.388589 -1.611656
v -1.855668 0.398534 -1.876398
v -1.838210 0.358651 -2.721705
v 0.271702 0.225127 -1.791353
v 0.297065 0.200595 -1.662866
v 0.274560 0.319982 -1.662866
v 0.180913 0.221012 -1.662866
v 0.262038 0.291685 -1.791353
v 0.206933 0.233690 -1.791353
v 0.234148 0.265076 -2.227894
v 2.070393 0.129452 -1.737507
v 2.095755 0.104919 -1.609021
v 2.073251 0.224307 -1.609021
v 1.979604 0.125337 -1.609021
v 2.060729 0.196010 -1.737507
v 2.005624 0.138014 -1.737507
v 2.032839 0.169400 -2.174048
v 1.398472 0.269245 -1.683643
v 1.423835 0.244712 -1.555156
v 1.401330 0.364100 -1.555157
v 1.307683 0.265130 -1.555156
v 1.388808 0.335803 -1.683643
v 1.333704 0.277807 -1.683643
v 1.360918 0.309193 -2.120183
v 0.734132 0.133388 -1.674708
v 0.759494 0.108855 -1.546222
v 0.736990 0.228243 -1.546222
v 0.643343 0.129273 -1.546222
v 0.724468 0.199946 -1.674708
v 0.669363 0.141950 -1.674708
v 0.696578 0.173336 -2.111249
v -0.008058 0.072679 -1.690945
v 0.017305 0.048146 -1.562459
v -0.005200 0.167533 -1.562459
v -0.098847 0.068563 -1.562459
v -0.017722 0.139237 -1.690945
v -0.072827 0.081241 -1.690945
v -0.045612 0.112627 -2.127486
v -0.739811 0.418860 -1.716660
v -0.714448 0.394327 -1.588174
v -0.736953 0.513714 -1.588174
v -0.830600 0.414744 -1.588174
v -0.749475 0.485418 -1.716660
v -0.804580 0.427422 -1.716660
v -0.777365 0.458808 -2.153201
v -1.964956 0.158609 -1.742220
v -1.939593 0.134076 -1.613734
v -1.962098 0.253464 -1.613734
v -2.055745 0.154494 -1.613734
v -1.974619 0.225167 -1.742220
v -2.029724 0.167171 -1.742220
v -2.002509 0.198557 -2.178761
v -0.608146 0.077273 -1.807249
v -0.568029 0.106221 -1.807249
v -0.622445 0.146523 -1.621716
v -0.621837 -0.122550 -2.414928
v -0.546887 0.201408 -1.621716
v -0.539566 0.067881 -1.807249
v -0.493280 0.128715 -1.621716
v -0.393261 0.224119 -1.939984
v -0.307355 0.290887 -1.939520
v -0.450627 0.244656 -1.560315
v -0.200488 0.089867 -4.054805
v -0.320959 0.348673 -1.560315
v -0.230519 0.217571 -1.940030
v -0.307355 0.290887 -1.939520
v -0.204982 0.234456 -1.560315
v -0.288058 0.076342 -1.631203
v -0.260082 0.005211 -1.816736
v -0.202638 0.054820 -1.816736
v -0.161883 -0.010885 -1.816736
v -0.101920 0.048068 -1.631203
v -0.210805 -0.039071 -1.631203
v -0.219326 -0.060494 -1.816736
v -0.258964 -0.197965 -2.424415
v 0.998320 0.119706 -2.450136
v 1.074285 0.405303 -1.687070
v 1.001906 0.361798 -1.687070
v 1.125636 0.347682 -1.687070
v 0.947429 0.393275 -1.572693
v 1.177161 0.366475 -1.572693
v 1.081815 0.475873 -1.572693
v 0.355072 0.429538 -1.600805
v 0.413025 0.403050 -1.706965
v 0.469263 0.455596 -1.706965
v 0.464657 0.313969 -1.600805
v 0.512234 0.323990 -2.570707
v 0.466666 0.350189 -1.706965
v 0.522902 0.402735 -1.706965
v 0.579544 0.428850 -1.600805
v -7.271692 0.077273 -1.861737
v -7.231575 0.106221 -1.861737
v -7.285990 0.146523 -1.676204
v -7.285382 -0.122550 -2.469416
v -7.210432 0.201408 -1.676204
v -7.203111 0.067881 -1.861737
v -7.156826 0.128715 -1.676204
v -5.755061 0.083834 -1.644830
v -5.729699 0.059301 -1.516344
v -5.752203 0.178689 -1.516344
v -5.845851 0.079719 -1.516344
v -5.764725 0.150392 -1.644830
v -5.819830 0.092397 -1.644830
v -5.792615 0.123782 -2.081372
v -2.829204 0.375137 -1.769653
v -2.803842 0.350604 -1.641167
v -2.826346 0.469991 -1.641167
v -2.919994 0.371021 -1.641167
v -2.838868 0.441695 -1.769653
v -2.893973 0.383699 -1.769653
v -2.866759 0.415085 -2.206194
v -3.332294 0.067791 -1.723617
v -3.306931 0.043258 -1.595131
v -3.329436 0.162646 -1.595131
v -3.423083 0.063676 -1.595131
v -3.341958 0.134349 -1.723617
v -3.397063 0.076353 -1.723617
v -3.369848 0.107739 -2.160158
v -3.223893 0.245916 -1.621231
v -3.165940 0.219428 -1.727391
v -3.109702 0.271975 -1.727391
v -3.114308 0.130347 -1.621231
v -3.066731 0.140368 -2.591133
v -3.112300 0.166568 -1.727391
v -3.056064 0.219114 -1.727391
v -2.999421 0.245228 -1.621231
v -7.103128 0.353703 -1.819076
v -7.077765 0.329170 -1.690590
v -7.100270 0.448557 -1.690590
v -7.193916 0.349587 -1.690590
v -7.112792 0.420261 -1.819076
v -7.167896 0.362265 -1.819076
v -7.140681 0.393651 -2.255617
v -6.472044 0.176090 -1.663782
v -6.446682 0.151557 -1.535296
v -6.469187 0.270945 -1.535296
v -6.562834 0.171975 -1.535296
v -6.481708 0.242648 -1.663782
v -6.536813 0.184652 -1.663782
v -6.509599 0.216038 -2.100324
v -6.832658 0.464081 -1.597840
v -6.793332 0.437671 -1.862583
v -6.757934 0.476575 -1.862583
v -6.724601 0.437438 -1.862583
v -6.696225 0.463631 -1.597840
v -6.766493 0.388589 -1.597840
v -6.760000 0.398534 -1.862583
v -6.742542 0.358651 -2.707890
v -4.695035 0.298022 -1.889456
v -4.669674 0.273489 -1.760969
v -4.692178 0.392877 -1.760970
v -4.785825 0.293907 -1.760969
v -4.704699 0.364580 -1.889456
v -4.759804 0.306585 -1.889455
v -4.732589 0.337970 -2.325997
v -2.833941 0.129452 -1.753618
v -2.808579 0.104919 -1.625132
v -2.831084 0.224307 -1.625132
v -2.924730 0.125337 -1.625131
v -2.843605 0.196010 -1.753617
v -2.898710 0.138015 -1.753617
v -2.871495 0.169400 -2.190159
v -3.505861 0.269245 -1.719917
v -3.480499 0.244712 -1.591431
v -3.503003 0.364100 -1.591431
v -3.596650 0.265130 -1.591431
v -3.515525 0.335803 -1.719917
v -3.570630 0.277807 -1.719917
v -3.543415 0.309193 -2.156458
v -4.170202 0.269245 -1.901583
v -4.144840 0.244712 -1.773097
v -4.167345 0.364100 -1.773097
v -4.260991 0.265130 -1.773097
v -4.179866 0.335803 -1.901583
v -4.234971 0.277807 -1.901583
v -4.207756 0.309193 -2.338124
v -4.912392 0.072679 -1.889455
v -4.887028 0.048146 -1.760969
v -4.909534 0.167533 -1.760969
v -5.003181 0.068563 -1.760969
v -4.922056 0.139237 -1.889455
v -4.977160 0.081241 -1.889455
v -4.949945 0.112627 -2.325997
v -5.644145 0.418860 -1.699576
v -5.618783 0.394327 -1.571090
v -5.641288 0.513714 -1.571090
v -5.734935 0.414744 -1.571090
v -5.653808 0.485418 -1.699576
v -5.708913 0.427422 -1.699576
v -5.681698 0.458808 -2.136117
v -6.869289 0.158609 -1.780679
v -6.843926 0.134077 -1.652193
v -6.866431 0.253464 -1.652193
v -6.960078 0.154494 -1.652193
v -6.878953 0.225167 -1.780679
v -6.934057 0.167171 -1.780679
v -6.906842 0.198557 -2.217220
v -5.512479 0.077273 -1.793342
v -5.472362 0.106221 -1.793342
v -5.526779 0.146523 -1.607808
v -5.526172 -0.122550 -2.401021
v -5.451221 0.201408 -1.607808
v -5.443900 0.067881 -1.793342
v -5.397613 0.128715 -1.607808
v -5.297594 0.224119 -2.007348
v -5.211688 0.290887 -2.006883
v -5.354960 0.244656 -1.627678
v -5.104822 0.089867 -3.971202
v -5.225293 0.348673 -1.627678
v -5.134852 0.217571 -2.007393
v -5.211688 0.290887 -2.006883
v -5.109316 0.234456 -1.627678
v -5.192391 0.076342 -1.710191
v -5.164415 0.005211 -1.895724
v -5.106972 0.054820 -1.895724
v -5.066216 -0.010885 -1.895724
v -5.006253 0.048068 -1.710191
v -5.115139 -0.039071 -1.710191
v -5.123661 -0.060494 -1.895724
v -5.163296 -0.197964 -2.503403
v -3.855125 0.119706 -2.422572
v -3.779161 0.405303 -1.659506
v -3.851540 0.361798 -1.659506
v -3.727809 0.347682 -1.659506
v -3.906017 0.393275 -1.545128
v -3.676285 0.366475 -1.545128
v -3.771631 0.475873 -1.545128
v -3.880063 -0.122551 -2.883591
v -3.839571 0.014406 -1.942807
v -3.788013 0.064457 -1.942806
v -3.876151 0.080697 -1.942806
v -3.829774 0.031867 -1.548501
v -3.735552 0.122857 -1.548501
v -3.824593 0.130748 -1.942806
v -3.896625 0.152380 -1.548501
v -4.592164 0.429538 -1.765175
v -4.534210 0.403050 -1.871335
v -4.477972 0.455596 -1.871335
v -4.482579 0.313968 -1.765175
v -4.435000 0.323990 -2.735077
v -4.480569 0.350189 -1.871335
v -4.424333 0.402735 -1.871335
v -4.367692 0.428850 -1.765175
v 2.600048 0.077273 -1.855536
v 2.640165 0.106221 -1.855536
v 2.585748 0.146523 -1.670003
v 2.586357 -0.122550 -2.463215
v 2.661307 0.201408 -1.670003
v 2.668628 0.067881 -1.855536
v 2.714914 0.128715 -1.670003
v 4.116679 0.083834 -1.722576
v 4.142041 0.059301 -1.594090
v 4.119537 0.178689 -1.594090
v 4.025889 0.079719 -1.594090
v 4.107015 0.150392 -1.722576
v 4.051910 0.092397 -1.722576
v 4.079124 0.123782 -2.159117
v 7.042535 0.375137 -1.784562
v 7.067898 0.350604 -1.656076
v 7.045393 0.469991 -1.656076
v 6.951746 0.371021 -1.656076
v 7.032871 0.441695 -1.784562
v 6.977767 0.383699 -1.784562
v 7.004982 0.415085 -2.221103
v 6.539446 0.067791 -1.666456
v 6.564808 0.043258 -1.537970
v 6.542304 0.162646 -1.537970
v 6.448656 0.063676 -1.537970
v 6.529782 0.134349 -1.666456
v 6.474677 0.076353 -1.666456
v 6.501892 0.107739 -2.102998
v 6.647846 0.245916 -1.623588
v 6.705799 0.219428 -1.729748
v 6.762037 0.271975 -1.729748
v 6.757431 0.130347 -1.623588
v 6.805008 0.140368 -2.593490
v 6.759440 0.166568 -1.729748
v 6.815676 0.219114 -1.729748
v 6.872318 0.245228 -1.623588
v 2.768611 0.353703 -1.775248
v 2.793974 0.329170 -1.646762
v 2.771469 0.448557 -1.646762
v 2.677822 0.349587 -1.646762
v 2.758948 0.420261 -1.775248
v 2.703843 0.362265 -1.775248
v 2.731057 0.393651 -2.211789
v 3.399695 0.176090 -1.675059
v 3.425057 0.151557 -1.546573
v 3.402552 0.270945 -1.546573
v 3.308905 0.171975 -1.546573
v 3.390031 0.242648 -1.675059
v 3.334926 0.184652 -1.675059
v 3.362141 0.216038 -2.111600
v 3.039081 0.464081 -1.611657
v 3.078407 0.437671 -1.876399
v 3.113806 0.476575 -1.876399
v 3.147137 0.437438 -1.876399
v 3.175514 0.463631 -1.611657
v 3.105247 0.388589 -1.611657
v 3.111739 0.398534 -1.876399
v 3.129196 0.358651 -2.721706
v 5.176705 0.298022 -1.690946
v 5.202066 0.273490 -1.562459
v 5.179562 0.392877 -1.562460
v 5.085915 0.293907 -1.562459
v 5.167041 0.364580 -1.690946
v 5.111935 0.306585 -1.690946
v 5.139151 0.337970 -2.127487
v 7.037798 0.129452 -1.737508
v 7.063161 0.104919 -1.609022
v 7.040656 0.224307 -1.609022
v 6.947010 0.125337 -1.609022
v 7.028135 0.196010 -1.737508
v 6.973031 0.138014 -1.737508
v 7.000246 0.169400 -2.174049
v 6.365878 0.269245 -1.683643
v 6.391240 0.244712 -1.555157
v 6.368735 0.364100 -1.555157
v 6.275089 0.265130 -1.555157
v 6.356215 0.335803 -1.683643
v 6.301110 0.277807 -1.683643
v 6.328325 0.309193 -2.120184
v 5.701538 0.269245 -1.712730
v 5.726900 0.244712 -1.584244
v 5.704395 0.364100 -1.584244
v 5.610749 0.265130 -1.584244
v 5.691874 0.335803 -1.712730
v 5.636769 0.277807 -1.712730
v 5.663984 0.309193 -2.149271
v 4.959348 0.072679 -1.690946
v 4.984711 0.048146 -1.562459
v 4.962205 0.167533 -1.562459
v 4.868559 0.068563 -1.562459
v 4.949685 0.139237 -1.690946
v 4.894580 0.081241 -1.690946
v 4.921795 0.112627 -2.127487
v 4.227595 0.418860 -1.716661
v 4.252958 0.394327 -1.588175
v 4.230453 0.513714 -1.588175
v 4.136807 0.414744 -1.588175
v 4.217932 0.485418 -1.716661
v 4.162827 0.427422 -1.716661
v 4.190042 0.458808 -2.153202
v 3.002450 0.158609 -1.742221
v 3.027813 0.134076 -1.613735
v 3.005308 0.253464 -1.613735
v 2.911661 0.154494 -1.613735
v 2.992787 0.225167 -1.742221
v 2.937682 0.167171 -1.742221
v 2.964897 0.198557 -2.178762
v 4.359261 0.077273 -1.807250
v 4.399378 0.106221 -1.807250
v 4.344960 0.146523 -1.621717
v 4.345569 -0.122550 -2.414929
v 4.420519 0.201408 -1.621717
v 4.427840 0.067881 -1.807250
v 4.474127 0.128715 -1.621717
v 4.574146 0.224119 -1.975643
v 4.660051 0.290887 -1.975178
v 4.516779 0.244656 -1.595973
v 4.766918 0.089867 -4.551065
v 4.646447 0.348673 -1.595973
v 4.736887 0.217571 -1.975688
v 4.660051 0.290887 -1.975178
v 4.762424 0.234456 -1.595973
v 4.679349 0.076342 -1.631204
v 4.707325 0.005211 -1.816737
v 4.764768 0.054820 -1.816737
v 4.805523 -0.010885 -1.816737
v 4.865487 0.048068 -1.631204
v 4.756601 -0.039071 -1.631203
v 4.748080 -0.060494 -1.816736
v 4.708443 -0.197965 -2.424416
v 5.965727 0.119706 -2.491318
v 6.041691 0.405303 -1.728252
v 5.969313 0.361798 -1.728252
v 6.093043 0.347682 -1.728252
v 5.914835 0.393275 -1.613874
v 6.144568 0.366475 -1.613874
v 6.049222 0.475873 -1.613874
v 5.991677 -0.122551 -2.963999
v 6.032169 0.014406 -2.023215
v 6.083726 0.064457 -2.023215
v 5.995589 0.080697 -2.023215
v 6.041966 0.031867 -1.628909
v 6.136188 0.122857 -1.628909
v 6.047147 0.130748 -2.023215
v 5.975116 0.152380 -1.628909
v 5.279577 0.429538 -1.528416
v 5.337530 0.403050 -1.634576
v 5.393768 0.455597 -1.634576
v 5.389162 0.313969 -1.528416
v 5.436739 0.323990 -2.498318
v 5.391171 0.350189 -1.634576
v 5.447407 0.402736 -1.634576
v 5.504049 0.428850 -1.528416
vt 0.7500 -0.4863
vt 0.9365 -0.5146
vt 0.9365 -0.4717
vt 0.7490 -0.5176
vt 0.9355 -0.5137
vt 0.9365 -0.5518
vt 0.7500 -0.5459
vt 0.7500 -0.5186
vt 0.1904 -0.5293
vt 0.9365 -0.5146
vt 0.7500 -0.4863
vt 0.7500 -0.5186
vt 0.9365 -0.5518
vt 0.9365 -0.5146
vt 0.9365 -0.4717
vt 0.8428 -0.5166
vt 0.9365 -0.5518
vt 0.1904 -0.5293
vt 0.8438 -0.5488
vt 0.8438 -0.4785
vt 0.9365 -0.5146
vt 0.9365 -0.4717
vt 0.7500 -0.5186
vt 0.9365 -0.5518
vt 0.7500 -0.4863
vt 0.1904 -0.5293
vt 0.7500 -0.5459
vt 0.9365 -0.5146
vt 0.9365 -0.4717
vt 0.7500 -0.5186
vt 0.9365 -0.5518
vt 0.9365 -0.5146
vt 0.9365 -0.4717
vt 0.7500 -0.5186
vt 0.9365 -0.5518
vt 0.7500 -0.4863
vt 0.1904 -0.5293
vt 0.7500 -0.5459
vt 0.9365 -0.5146
vt 0.9365 -0.4717
vt 0.7500 -0.4863
vt 0.7500 -0.5186
vt 0.1904 -0.5293
vt 0.9365 -0.5518
vt 0.7500 -0.5186
vt 0.7500 -0.5459
vt 0.7500 -0.4863
vt 0.9365 -0.4717
vt 0.9355 -0.5137
vt 0.7490 -0.5176
vt 0.1904 -0.5293
vt 0.7490 -0.5176
vt 0.9365 -0.5518
vt 0.7500 -0.5459
vt 0.7500 -0.4863
vt 0.9365 -0.5146
vt 0.9365 -0.4717
vt 0.9355 -0.5137
vt 0.7490 -0.5176
vt 0.9365 -0.5518
vt 0.1904 -0.5293
vt 0.7500 -0.5186
vt 0.7500 -0.5459
vt 0.9365 -0.5146
vt 0.7500 -0.4863
vt 0.7500 -0.5186
vt 0.9365 -0.5518
vt 0.9365 -0.5146
vt 0.9365 -0.4717
vt 0.7500 -0.5186
vt 0.7500 -0.5459
vt 0.1904 -0.5293
vt 0.7500 -0.4863
vt 0.7500 -0.4863
vt 0.7500 -0.5186
vt 0.9365 -0.4717
vt 0.7490 -0.5176
vt 0.9355 -0.5137
vt 0.1904 -0.5293
vt 0.7500 -0.5459
vt 0.9365 -0.5518
vt 0.9365 -0.5146
vt 0.9365 -0.5146
vt 0.9365 -0.4717
vt 0.7500 -0.5186
vt 0.9365 -0.5518
vt 0.7500 -0.4863
vt 0.1904 -0.5293
vt 0.7500 -0.5459
vt 0.9365 -0.5146
vt 0.9365 -0.4717
vt 0.7500 -0.5186
vt 0.7500 -0.5459
vt 0.9365 -0.5518
vt 0.9365 -0.5146
vt 0.7500 -0.5459
vt 0.7490 -0.5176
vt 0.9355 -0.5137
vt 0.1904 -0.5293
vt 0.7500 -0.5186
vt 0.7500 -0.4863
vt 0.9365 -0.4717
vt 0.8438 -0.4785
vt 0.9365 -0.4717
vt 0.9355 -0.5137
vt 0.8428 -0.5156
vt 0.1904 -0.5293
vt 0.8428 -0.5156
vt 0.9365 -0.5518
vt 0.8438 -0.5488
vt 0.9365 -0.5146
vt 0.9365 -0.4717
vt 0.7500 -0.5186
vt 0.9365 -0.5518
vt 0.7500 -0.4863
vt 0.1904 -0.5293
vt 0.7500 -0.5459
vt 0.7500 -0.4863
vt 0.9365 -0.5146
vt 0.9365 -0.4717
vt 0.9355 -0.5137
vt 0.7490 -0.5176
vt 0.9365 -0.5518
vt 0.1904 -0.5293
vt 0.7500 -0.5186
vt 0.7500 -0.5459
vt 0.9365 -0.5146
vt 0.7500 -0.4863
vt 0.7500 -0.5186
vt 0.9365 -0.5518
vt 0.1904 -0.5293
vt 0.7500 -0.5459
vt 0.7500 -0.5186
vt 0.7500 -0.4863
vt 0.9365 -0.4717
vt 0.9365 -0.5146
vt 0.9365 -0.5518
vt 0.9365 -0.5146
vt 0.9365 -0.4717
vt 0.7500 -0.5186
vt 0.9365 -0.5518
vt 0.7500 -0.4863
vt 0.9365 -0.5146
vt 0.9365 -0.4717
vt 0.7490 -0.5176
vt 0.9355 -0.5137
vt 0.9365 -0.5518
vt 0.7500 -0.5459
vt 0.7500 -0.5186
vt 0.1904 -0.5293
vt 0.9365 -0.5146
vt 0.7500 -0.4863
vt 0.7500 -0.5186
vt 0.9365 -0.5518
vt 0.9365 -0.5518
vt 0.7500 -0.5186
vt 0.7500 -0.5459
vt 0.9355 -0.5137
vt 0.7490 -0.5176
vt 0.1904 -0.5293
vt 0.7500 -0.4863
vt 0.9365 -0.4717
vt 0.9365 -0.5146
vt 0.9365 -0.4717
vt 0.7500 -0.5186
vt 0.9365 -0.5518
vt 0.9365 -0.5146
vt 0.9365 -0.4717
vt 0.7500 -0.5186
vt 0.9365 -0.5518
vt 0.7500 -0.4863
vt 0.1904 -0.5293
vt 0.7500 -0.5459
vt 0.9365 -0.5146
vt 0.9365 -0.4717
vt 0.7500 -0.5186
vt 0.9365 -0.5518
vt 0.9365 -0.5146
vt 0.9365 -0.4717
vt 0.7500 -0.5186
vt 0.9365 -0.5518
vt 0.7500 -0.4863
vt 0.1904 -0.5293
vt 0.7500 -0.5459
vt 0.9365 -0.5146
vt 0.9365 -0.4717
vt 0.7500 -0.4863
vt 0.7500 -0.5186
vt 0.1904 -0.5293
vt 0.9365 -0.5518
vt 0.7500 -0.5186
vt 0.7500 -0.5459
vt 0.7500 -0.4863
vt 0.9365 -0.4717
vt 0.9355 -0.5137
vt 0.7490 -0.5176
vt 0.1904 -0.5293
vt 0.7490 -0.5176
vt 0.9365 -0.5518
vt 0.7500 -0.5459
vt 0.7500 -0.4863
vt 0.9365 -0.5146
vt 0.9365 -0.4717
vt 0.9355 -0.5137
vt 0.7490 -0.5176
vt 0.9365 -0.5518
vt 0.1904 -0.5293
vt 0.7500 -0.5186
vt 0.7500 -0.5459
vt 0.9365 -0.5146
vt 0.7500 -0.4863
vt 0.7500 -0.5186
vt 0.9365 -0.5518
vt 0.9365 -0.5146
vt 0.9365 -0.4717
vt 0.7500 -0.5186
vt 0.7500 -0.5459
vt 0.1904 -0.5293
vt 0.7500 -0.4863
vt 0.7500 -0.4863
vt 0.7500 -0.5186
vt 0.9365 -0.4717
vt 0.7490 -0.5176
vt 0.9355 -0.5137
vt 0.1904 -0.5293
vt 0.7500 -0.5459
vt 0.9365 -0.5518
vt 0.9365 -0.5146
vt 0.9365 -0.5146
vt 0.9365 -0.4717
vt 0.7500 -0.5186
vt 0.9365 -0.5518
vt 0.7500 -0.4863
vt 0.1904 -0.5293
vt 0.7500 -0.5459
vt 0.9365 -0.5146
vt 0.9365 -0.4717
vt 0.7500 -0.5186
vt 0.7500 -0.5459
vt 0.9365 -0.5518
vt 0.9365 -0.5146
vt 0.7500 -0.5459
vt 0.7490 -0.5176
vt 0.9355 -0.5137
vt 0.1904 -0.5293
vt 0.7500 -0.5186
vt 0.7500 -0.4863
vt 0.9365 -0.4717
vt 0.8438 -0.4785
vt 0.9365 -0.4717
vt 0.9355 -0.5137
vt 0.8428 -0.5156
vt 0.1904 -0.5293
vt 0.8428 -0.5156
vt 0.9365 -0.5518
vt 0.8438 -0.5488
vt 0.9365 -0.5146
vt 0.9365 -0.4717
vt 0.7500 -0.5186
vt 0.9365 -0.5518
vt 0.7500 -0.4863
vt 0.1904 -0.5293
vt 0.7500 -0.5459
vt 0.7500 -0.4863
vt 0.9365 -0.5146
vt 0.9365 -0.4717
vt 0.9355 -0.5137
vt 0.7490 -0.5176
vt 0.9365 -0.5518
vt 0.1904 -0.5293
vt 0.7500 -0.5186
vt 0.7500 -0.5459
vt 0.9365 -0.5146
vt 0.7500 -0.4863
vt 0.7500 -0.5186
vt 0.9365 -0.5518
vt 0.1904 -0.5293
vt 0.7500 -0.5459
vt 0.7500 -0.5186
vt 0.7500 -0.4863
vt 0.9365 -0.4717
vt 0.9365 -0.5146
vt 0.9365 -0.5518
vt 0.7500 -0.5186
vt 0.7500 -0.4863
vt 0.1904 -0.5293
vt 0.7500 -0.5459
vt 0.9365 -0.5146
vt 0.9365 -0.4717
vt 0.9365 -0.5518
vt 0.9365 -0.5146
vt 0.9365 -0.4717
vt 0.7500 -0.5186
vt 0.9365 -0.5518
vt 0.7500 -0.4863
vt 0.9365 -0.5146
vt 0.9365 -0.4717
vt 0.7490 -0.5176
vt 0.9355 -0.5137
vt 0.9365 -0.5518
vt 0.7500 -0.5459
vt 0.7500 -0.5186
vt 0.1904 -0.5293
vt 0.9365 -0.5146
vt 0.7500 -0.4863
vt 0.7500 -0.5186
vt 0.9365 -0.5518
vt 0.9365 -0.5518
vt 0.7500 -0.5186
vt 0.7500 -0.5459
vt 0.9355 -0.5137
vt 0.7490 -0.5176
vt 0.1904 -0.5293
vt 0.7500 -0.4863
vt 0.9365 -0.4717
vt 0.9365 -0.5146
vt 0.9365 -0.4717
vt 0.7500 -0.5186
vt 0.9365 -0.5518
vt 0.9365 -0.5146
vt 0.9365 -0.4717
vt 0.7500 -0.5186
vt 0.9365 -0.5518
vt 0.7500 -0.4863
vt 0.1904 -0.5293
vt 0.7500 -0.5459
vt 0.9365 -0.5146
vt 0.9365 -0.4717
vt 0.7500 -0.5186
vt 0.9365 -0.5518
vt 0.9365 -0.5146
vt 0.9365 -0.4717
vt 0.7500 -0.5186
vt 0.9365 -0.5518
vt 0.7500 -0.4863
vt 0.1904 -0.5293
vt 0.7500 -0.5459
vt 0.9365 -0.5146
vt 0.9365 -0.4717
vt 0.7500 -0.4863
vt 0.7500 -0.5186
vt 0.1904 -0.5293
vt 0.9365 -0.5518
vt 0.7500 -0.5186
vt 0.7500 -0.5459
vt 0.7500 -0.4863
vt 0.9365 -0.4717
vt 0.9355 -0.5137
vt 0.7490 -0.5176
vt 0.1904 -0.5293
vt 0.7490 -0.5176
vt 0.9365 -0.5518
vt 0.7500 -0.5459
vt 0.7500 -0.4863
vt 0.9365 -0.5146
vt 0.9365 -0.4717
vt 0.9355 -0.5137
vt 0.7490 -0.5176
vt 0.9365 -0.5518
vt 0.1904 -0.5293
vt 0.7500 -0.5186
vt 0.7500 -0.5459
vt 0.9365 -0.5146
vt 0.7500 -0.4863
vt 0.7500 -0.5186
vt 0.9365 -0.5518
vt 0.9365 -0.5146
vt 0.9365 -0.4717
vt 0.7500 -0.5186
vt 0.7500 -0.5459
vt 0.1904 -0.5293
vt 0.7500 -0.4863
vt 0.7500 -0.4863
vt 0.7500 -0.5186
vt 0.9365 -0.4717
vt 0.7490 -0.5176
vt 0.9355 -0.5137
vt 0.1904 -0.5293
vt 0.7500 -0.5459
vt 0.9365 -0.5518
vt 0.9365 -0.5146
vt 0.9365 -0.5146
vt 0.9365 -0.4717
vt 0.7500 -0.5186
vt 0.9365 -0.5518
vt 0.7500 -0.4863
vt 0.1904 -0.5293
vt 0.7500 -0.5459
vt 0.9365 -0.5146
vt 0.9365 -0.4717
vt 0.7500 -0.5186
vt 0.7500 -0.5459
vt 0.9365 -0.5518
vt 0.9365 -0.5146
vt 0.7500 -0.5459
vt 0.7490 -0.5176
vt 0.9355 -0.5137
vt 0.1904 -0.5293
vt 0.7500 -0.5186
vt 0.7500 -0.4863
vt 0.9365 -0.4717
vt 0.8438 -0.4785
vt 0.9365 -0.4717
vt 0.9355 -0.5137
vt 0.8428 -0.5156
vt 0.1904 -0.5293
vt 0.8428 -0.5156
vt 0.9365 -0.5518
vt 0.8438 -0.5488
vt 0.9365 -0.5146
vt 0.9365 -0.4717
vt 0.7500 -0.5186
vt 0.9365 -0.5518
vt 0.7500 -0.4863
vt 0.1904 -0.5293
vt 0.7500 -0.5459
vt 0.7500 -0.4863
vt 0.9365 -0.5146
vt 0.9365 -0.4717
vt 0.9355 -0.5137
vt 0.7490 -0.5176
vt 0.9365 -0.5518
vt 0.1904 -0.5293
vt 0.7500 -0.5186
vt 0.7500 -0.5459
vt 0.9365 -0.5146
vt 0.7500 -0.4863
vt 0.7500 -0.5186
vt 0.9365 -0.5518
vt 0.1904 -0.5293
vt 0.7500 -0.5459
vt 0.7500 -0.5186
vt 0.7500 -0.4863
vt 0.9365 -0.4717
vt 0.9365 -0.5146
vt 0.9365 -0.5518
vt 0.7500 -0.5186
vt 0.7500 -0.4863
vt 0.1904 -0.5293
vt 0.7500 -0.5459
vt 0.9365 -0.5146
vt 0.9365 -0.4717
vt 0.9365 -0.5518
vt 0.9365 -0.5146
vt 0.9365 -0.4717
vt 0.7500 -0.5186
vt 0.9365 -0.5518
vt 0.7500 -0.4863
vt 0.9365 -0.5146
vt 0.9365 -0.4717
vt 0.7490 -0.5176
vt 0.9355 -0.5137
vt 0.9365 -0.5518
vt 0.7500 -0.5459
vt 0.7500 -0.5186
vt 0.1904 -0.5293
vt 0.9365 -0.5146
vt 0.7500 -0.4863
vt 0.7500 -0.5186
vt 0.9365 -0.5518
vt 0.9365 -0.5518
vt 0.7500 -0.5186
vt 0.7500 -0.5459
vt 0.9355 -0.5137
vt 0.7490 -0.5176
vt 0.1904 -0.5293
vt 0.7500 -0.4863
vt 0.9365 -0.4717
vt 0.9365 -0.5146
vt 0.9365 -0.4717
vt 0.7500 -0.5186
vt 0.9365 -0.5518
vt 0.7500 -0.5186
vt 0.7500 -0.4863
vt 0.9365 -0.5146
vt 0.9365 -0.5518
vt 0.9365 -0.4717
vt 0.9365 -0.5146
vt 0.7500 -0.4863
vt 0.7490 -0.5176
vt 0.9355 -0.5137
vt 0.9365 -0.5518
vt 0.7500 -0.5459
vt 0.7500 -0.5186
vt 0.1904 -0.5293
vt 0.8428 -0.5166
vt 0.9365 -0.4717
vt 0.9365 -0.5146
vt 0.9365 -0.5518
vt 0.8438 -0.5488
vt 0.1904 -0.5293
vt 0.8438 -0.4785
vt 0.7500 -0.5459
vt 0.9365 -0.5518
vt 0.9355 -0.5137
vt 0.7490 -0.5176
vt 0.1904 -0.5293
vt 0.7500 -0.4863
vt 0.9365 -0.4717
vt 0.7500 -0.5186
vt 0.9365 -0.4717
vt 0.9365 -0.5146
vt 0.9365 -0.5518
vt 0.7500 -0.5186
vt 0.9365 -0.4717
vt 0.9365 -0.5146
vt 0.9365 -0.5518
vt 0.1904 -0.5293
vt 0.7500 -0.4863
vt 0.7500 -0.5459
vt 0.7500 -0.4863
vt 0.9365 -0.4717
vt 0.9365 -0.5146
vt 0.7500 -0.5186
vt 0.1904 -0.5293
vt 0.7500 -0.5186
vt 0.9365 -0.5518
vt 0.7500 -0.5459
vt 0.9355 -0.5137
vt 0.9365 -0.4717
vt 0.7500 -0.4863
vt 0.7490 -0.5176
vt 0.1904 -0.5293
vt 0.9365 -0.5518
vt 0.7490 -0.5176
vt 0.7500 -0.5459
vt 0.7500 -0.5186
vt 0.7500 -0.4863
vt 0.9365 -0.5146
vt 0.9365 -0.5518
vt 0.9365 -0.4717
vt 0.9365 -0.5146
vt 0.7500 -0.4863
vt 0.9355 -0.5137
vt 0.7490 -0.5176
vt 0.9365 -0.5518
vt 0.1904 -0.5293
vt 0.7500 -0.5186
vt 0.7500 -0.5459
vt 0.9365 -0.4717
vt 0.7500 -0.5186
vt 0.7500 -0.4863
vt 0.7490 -0.5176
vt 0.1904 -0.5293
vt 0.9355 -0.5137
vt 0.7500 -0.5459
vt 0.9365 -0.5518
vt 0.9365 -0.5146
vt 0.7500 -0.5186
vt 0.9365 -0.4717
vt 0.9365 -0.5146
vt 0.7500 -0.5459
vt 0.1904 -0.5293
vt 0.7500 -0.4863
vt 0.7500 -0.5459
vt 0.9365 -0.5518
vt 0.9355 -0.5137
vt 0.7490 -0.5176
vt 0.1904 -0.5293
vt 0.7500 -0.4863
vt 0.9365 -0.4717
vt 0.7500 -0.5186
vt 0.9365 -0.4717
vt 0.9365 -0.5146
vt 0.7500 -0.5459
vt 0.7500 -0.5459
vt 0.9365 -0.5146
vt 0.9365 -0.5518
vt 0.7490 -0.5176
vt 0.9355 -0.5137
vt 0.1904 -0.5293
vt 0.7500 -0.5186
vt 0.7500 -0.4863
vt 0.9365 -0.4717
vt 0.9355 -0.5137
vt 0.9365 -0.4717
vt 0.8438 -0.4785
vt 0.8428 -0.5156
vt 0.1904 -0.5293
vt 0.9365 -0.5518
vt 0.8428 -0.5156
vt 0.8438 -0.5488
vt 0.7500 -0.5186
vt 0.9365 -0.4717
vt 0.9365 -0.5146
vt 0.9365 -0.5518
vt 0.1904 -0.5293
vt 0.7500 -0.4863
vt 0.7500 -0.5459
vt 0.7500 -0.5186
vt 0.7500 -0.4863
vt 0.9365 -0.5146
vt 0.9365 -0.5518
vt 0.9365 -0.4717
vt 0.9365 -0.5146
vt 0.7500 -0.4863
vt 0.9355 -0.5137
vt 0.7490 -0.5176
vt 0.9365 -0.5518
vt 0.1904 -0.5293
vt 0.7500 -0.5186
vt 0.7500 -0.5459
vt 0.7500 -0.5186
vt 0.7500 -0.4863
vt 0.9365 -0.4717
vt 0.9365 -0.5146
vt 0.9365 -0.5518
vt 0.7500 -0.5459
vt 0.7500 -0.5459
vt 0.9365 -0.5518
vt 0.9355 -0.5137
vt 0.7490 -0.5176
vt 0.1904 -0.5293
vt 0.7500 -0.5186
vt 0.7500 -0.4863
vt 0.9365 -0.4717
vt 0.7500 -0.5186
vt 0.7500 -0.4863
vt 0.9365 -0.5146
vt 0.9365 -0.5518
vt 0.9365 -0.4717
vt 0.9365 -0.5146
vt 0.7500 -0.4863
vt 0.7490 -0.5176
vt 0.9355 -0.5137
vt 0.9365 -0.5518
vt 0.7500 -0.5459
vt 0.7500 -0.5186
vt 0.1904 -0.5293
vt 0.7500 -0.5459
vt 0.9365 -0.5518
vt 0.9355 -0.5137
vt 0.7490 -0.5176
vt 0.1904 -0.5293
vt 0.7500 -0.4863
vt 0.9365 -0.4717
vt 0.7500 -0.5186
vt 0.9365 -0.4717
vt 0.9365 -0.5146
vt 0.9365 -0.5518
vt 0.7500 -0.5459
vt 0.9365 -0.5518
vt 0.9355 -0.5137
vt 0.7490 -0.5176
vt 0.1904 -0.5293
vt 0.7500 -0.4863
vt 0.9365 -0.4717
vt 0.7500 -0.5186
vt 0.9365 -0.4717
vt 0.9365 -0.5146
vt 0.9365 -0.5518
vt 0.7500 -0.5186
vt 0.9365 -0.4717
vt 0.9365 -0.5146
vt 0.9365 -0.5518
vt 0.1904 -0.5293
vt 0.7500 -0.4863
vt 0.7500 -0.5459
vt 0.7500 -0.4863
vt 0.9365 -0.4717
vt 0.9365 -0.5146
vt 0.7500 -0.5186
vt 0.1904 -0.5293
vt 0.7500 -0.5186
vt 0.9365 -0.5518
vt 0.7500 -0.5459
vt 0.9355 -0.5137
vt 0.9365 -0.4717
vt 0.7500 -0.4863
vt 0.7490 -0.5176
vt 0.1904 -0.5293
vt 0.9365 -0.5518
vt 0.7490 -0.5176
vt 0.7500 -0.5459
vt 0.7500 -0.5186
vt 0.7500 -0.4863
vt 0.9365 -0.5146
vt 0.9365 -0.5518
vt 0.9365 -0.4717
vt 0.9365 -0.5146
vt 0.7500 -0.4863
vt 0.9355 -0.5137
vt 0.7490 -0.5176
vt 0.9365 -0.5518
vt 0.1904 -0.5293
vt 0.7500 -0.5186
vt 0.7500 -0.5459
vt 0.9365 -0.4717
vt 0.7500 -0.5186
vt 0.7500 -0.4863
vt 0.7490 -0.5176
vt 0.1904 -0.5293
vt 0.9355 -0.5137
vt 0.7500 -0.5459
vt 0.9365 -0.5518
vt 0.9365 -0.5146
vt 0.7500 -0.5186
vt 0.9365 -0.4717
vt 0.9365 -0.5146
vt 0.7500 -0.5459
vt 0.1904 -0.5293
vt 0.7500 -0.4863
vt 0.7500 -0.5459
vt 0.9365 -0.5518
vt 0.9355 -0.5137
vt 0.7490 -0.5176
vt 0.1904 -0.5293
vt 0.7500 -0.4863
vt 0.9365 -0.4717
vt 0.7500 -0.5186
vt 0.9365 -0.4717
vt 0.9365 -0.5146
vt 0.7500 -0.5459
vt 0.7500 -0.5459
vt 0.9365 -0.5146
vt 0.9365 -0.5518
vt 0.7490 -0.5176
vt 0.9355 -0.5137
vt 0.1904 -0.5293
vt 0.7500 -0.5186
vt 0.7500 -0.4863
vt 0.9365 -0.4717
vt 0.9355 -0.5137
vt 0.9365 -0.4717
vt 0.8438 -0.4785
vt 0.8428 -0.5156
vt 0.1904 -0.5293
vt 0.9365 -0.5518
vt 0.8428 -0.5156
vt 0.8438 -0.5488
vt 0.7500 -0.5186
vt 0.9365 -0.4717
vt 0.9365 -0.5146
vt 0.9365 -0.5518
vt 0.1904 -0.5293
vt 0.7500 -0.4863
vt 0.7500 -0.5459
vt 0.7500 -0.5186
vt 0.7500 -0.4863
vt 0.9365 -0.5146
vt 0.9365 -0.5518
vt 0.9365 -0.4717
vt 0.9365 -0.5146
vt 0.7500 -0.4863
vt 0.9355 -0.5137
vt 0.7490 -0.5176
vt 0.9365 -0.5518
vt 0.1904 -0.5293
vt 0.7500 -0.5186
vt 0.7500 -0.5459
vt 0.1904 -0.5293
vt 0.7500 -0.4863
vt 0.7500 -0.5186
vt 0.7500 -0.5459
vt 0.9365 -0.4717
vt 0.9365 -0.5146
vt 0.9365 -0.5518
vt 0.7500 -0.5186
vt 0.7500 -0.4863
vt 0.9365 -0.4717
vt 0.9365 -0.5146
vt 0.9365 -0.5518
vt 0.7500 -0.5459
vt 0.7500 -0.5459
vt 0.9365 -0.5518
vt 0.9355 -0.5137
vt 0.7490 -0.5176
vt 0.1904 -0.5293
vt 0.7500 -0.5186
vt 0.7500 -0.4863
vt 0.9365 -0.4717
vt 0.7500 -0.5186
vt 0.7500 -0.4863
vt 0.9365 -0.5146
vt 0.9365 -0.5518
vt 0.9365 -0.4717
vt 0.9365 -0.5146
vt 0.7500 -0.4863
vt 0.7490 -0.5176
vt 0.9355 -0.5137
vt 0.9365 -0.5518
vt 0.7500 -0.5459
vt 0.7500 -0.5186
vt 0.1904 -0.5293
vt 0.7500 -0.5459
vt 0.9365 -0.5518
vt 0.9355 -0.5137
vt 0.7490 -0.5176
vt 0.1904 -0.5293
vt 0.7500 -0.4863
vt 0.9365 -0.4717
vt 0.7500 -0.5186
vt 0.9365 -0.4717
vt 0.9365 -0.5146
vt 0.9365 -0.5518
vt 0.7500 -0.5459
vt 0.9365 -0.5518
vt 0.9355 -0.5137
vt 0.7490 -0.5176
vt 0.1904 -0.5293
vt 0.7500 -0.4863
vt 0.9365 -0.4717
vt 0.7500 -0.5186
vt 0.9365 -0.4717
vt 0.9365 -0.5146
vt 0.9365 -0.5518
vt 0.7500 -0.5186
vt 0.9365 -0.4717
vt 0.9365 -0.5146
vt 0.9365 -0.5518
vt 0.1904 -0.5293
vt 0.7500 -0.4863
vt 0.7500 -0.5459
vt 0.7500 -0.4863
vt 0.9365 -0.4717
vt 0.9365 -0.5146
vt 0.7500 -0.5186
vt 0.1904 -0.5293
vt 0.7500 -0.5186
vt 0.9365 -0.5518
vt 0.7500 -0.5459
vt 0.9355 -0.5137
vt 0.9365 -0.4717
vt 0.7500 -0.4863
vt 0.7490 -0.5176
vt 0.1904 -0.5293
vt 0.9365 -0.5518
vt 0.7490 -0.5176
vt 0.7500 -0.5459
vt 0.7500 -0.5186
vt 0.7500 -0.4863
vt 0.9365 -0.5146
vt 0.9365 -0.5518
vt 0.9365 -0.4717
vt 0.9365 -0.5146
vt 0.7500 -0.4863
vt 0.9355 -0.5137
vt 0.7490 -0.5176
vt 0.9365 -0.5518
vt 0.1904 -0.5293
vt 0.7500 -0.5186
vt 0.7500 -0.5459
vt 0.9365 -0.4717
vt 0.7500 -0.5186
vt 0.7500 -0.4863
vt 0.7490 -0.5176
vt 0.1904 -0.5293
vt 0.9355 -0.5137
vt 0.7500 -0.5459
vt 0.9365 -0.5518
vt 0.9365 -0.5146
vt 0.7500 -0.5186
vt 0.9365 -0.4717
vt 0.9365 -0.5146
vt 0.7500 -0.5459
vt 0.1904 -0.5293
vt 0.7500 -0.4863
vt 0.7500 -0.5459
vt 0.9365 -0.5518
vt 0.9355 -0.5137
vt 0.7490 -0.5176
vt 0.1904 -0.5293
vt 0.7500 -0.4863
vt 0.9365 -0.4717
vt 0.7500 -0.5186
vt 0.9365 -0.4717
vt 0.9365 -0.5146
vt 0.7500 -0.5459
vt 0.7500 -0.5459
vt 0.9365 -0.5146
vt 0.9365 -0.5518
vt 0.7490 -0.5176
vt 0.9355 -0.5137
vt 0.1904 -0.5293
vt 0.7500 -0.5186
vt 0.7500 -0.4863
vt 0.9365 -0.4717
vt 0.9355 -0.5137
vt 0.9365 -0.4717
vt 0.8438 -0.4785
vt 0.8428 -0.5156
vt 0.1904 -0.5293
vt 0.9365 -0.5518
vt 0.8428 -0.5156
vt 0.8438 -0.5488
vt 0.7500 -0.5186
vt 0.9365 -0.4717
vt 0.9365 -0.5146
vt 0.9365 -0.5518
vt 0.1904 -0.5293
vt 0.7500 -0.4863
vt 0.7500 -0.5459
vt 0.7500 -0.5186
vt 0.7500 -0.4863
vt 0.9365 -0.5146
vt 0.9365 -0.5518
vt 0.9365 -0.4717
vt 0.9365 -0.5146
vt 0.7500 -0.4863
vt 0.9355 -0.5137
vt 0.7490 -0.5176
vt 0.9365 -0.5518
vt 0.1904 -0.5293
vt 0.7500 -0.5186
vt 0.7500 -0.5459
vt 0.1904 -0.5293
vt 0.7500 -0.4863
vt 0.7500 -0.5186
vt 0.7500 -0.5459
vt 0.9365 -0.4717
vt 0.9365 -0.5146
vt 0.9365 -0.5518
vt 0.7500 -0.5186
vt 0.7500 -0.4863
vt 0.9365 -0.4717
vt 0.9365 -0.5146
vt 0.9365 -0.5518
vt 0.7500 -0.5459
vt 0.7500 -0.5459
vt 0.9365 -0.5518
vt 0.9355 -0.5137
vt 0.7490 -0.5176
vt 0.1904 -0.5293
vt 0.7500 -0.5186
vt 0.7500 -0.4863
vt 0.9365 -0.4717
vt 0.7500 -0.5186
vt 0.7500 -0.4863
vt 0.9365 -0.5146
vt 0.9365 -0.5518
vt 0.9365 -0.4717
vt 0.9365 -0.5146
vt 0.7500 -0.4863
vt 0.7490 -0.5176
vt 0.9355 -0.5137
vt 0.9365 -0.5518
vt 0.7500 -0.5459
vt 0.7500 -0.5186
vt 0.1904 -0.5293
vt 0.7500 -0.5459
vt 0.9365 -0.5518
vt 0.9355 -0.5137
vt 0.7490 -0.5176
vt 0.1904 -0.5293
vt 0.7500 -0.4863
vt 0.9365 -0.4717
vt 0.7500 -0.5186
vt 0.9365 -0.4717
vt 0.9365 -0.5146
vt 0.9365 -0.5518
vt 0.9355 -0.5137
vt 0.9365 -0.5518
vt 0.7490 -0.5176
vt 0.9365 -0.4717
vt 0.7500 -0.5459
vt 0.7500 -0.4863
vt 0.1904 -0.5293
vt 0.9355 -0.5137
vt 0.9365 -0.5518
vt 0.7490 -0.5176
vt 0.9365 -0.4717
vt 0.7500 -0.5459
vt 0.7500 -0.4863
vt 0.1904 -0.5293
vt 0.9355 -0.5137
vt 0.9365 -0.5518
vt 0.7490 -0.5176
vt 0.9365 -0.4717
vt 0.7500 -0.5459
vt 0.7500 -0.4863
vt 0.1904 -0.5293
vt 0.9355 -0.5137
vt 0.9365 -0.5518
vt 0.7490 -0.5176
vt 0.9365 -0.4717
vt 0.7500 -0.5459
vt 0.7500 -0.4863
vt 0.1904 -0.5293
vt 0.9355 -0.5137
vt 0.9365 -0.5518
vt 0.7490 -0.5176
vt 0.9365 -0.4717
vt 0.7500 -0.5459
vt 0.7500 -0.4863
vt 0.1904 -0.5293
vt 0.9355 -0.5137
vt 0.9365 -0.5518
vt 0.7490 -0.5176
vt 0.9365 -0.4717
vt 0.7500 -0.5459
vt 0.7500 -0.4863
vt 0.1904 -0.5293
vt 0.9355 -0.5137
vt 0.9365 -0.5518
vt 0.7490 -0.5176
vt 0.9365 -0.4717
vt 0.7500 -0.5459
vt 0.7500 -0.4863
vt 0.1904 -0.5293
vt 0.9355 -0.5137
vt 0.9365 -0.5518
vt 0.7490 -0.5176
vt 0.9365 -0.4717
vt 0.7500 -0.5459
vt 0.7500 -0.4863
vt 0.1904 -0.5293
vt 0.9355 -0.5137
vt 0.9365 -0.5518
vt 0.7490 -0.5176
vt 0.9365 -0.4717
vt 0.7500 -0.5459
vt 0.7500 -0.4863
vt 0.1904 -0.5293
vt 0.9355 -0.5137
vt 0.9365 -0.5518
vt 0.7490 -0.5176
vt 0.9365 -0.4717
vt 0.7500 -0.5459
vt 0.7500 -0.4863
vt 0.1904 -0.5293
vt 0.9355 -0.5137
vt 0.9365 -0.5518
vt 0.7490 -0.5176
vt 0.9365 -0.4717
vt 0.7500 -0.5459
vt 0.7500 -0.4863
vt 0.1904 -0.5293
vt 0.8438 -0.4785
vt 0.8428 -0.5166
vt 0.9365 -0.4717
vt 0.9355 -0.5137
vt 0.9365 -0.5518
vt 0.8438 -0.5488
vt 0.8428 -0.5156
vt 0.1904 -0.5293
vt 0.7500 -0.4863
vt 0.7500 -0.5186
vt 0.9365 -0.4717
vt 0.9355 -0.5137
vt 0.9365 -0.5518
vt 0.7500 -0.5459
vt 0.7490 -0.5176
vt 0.1904 -0.5293
vt 0.9355 -0.5137
vt 0.9365 -0.5518
vt 0.7490 -0.5176
vt 0.9365 -0.4717
vt 0.7500 -0.5459
vt 0.7500 -0.4863
vt 0.1904 -0.5293
vt 0.9355 -0.5137
vt 0.9365 -0.5518
vt 0.7490 -0.5176
vt 0.9365 -0.4717
vt 0.7500 -0.5459
vt 0.7500 -0.4863
vt 0.1904 -0.5293
vt 0.9355 -0.5137
vt 0.9365 -0.5518
vt 0.7490 -0.5176
vt 0.9365 -0.4717
vt 0.7500 -0.5459
vt 0.7500 -0.4863
vt 0.1904 -0.5293
vt 0.7500 -0.4863
vt 0.7500 -0.5186
vt 0.9365 -0.4717
vt 0.9355 -0.5137
vt 0.1904 -0.5293
vt 0.7490 -0.5176
vt 0.7500 -0.5459
vt 0.9365 -0.5518
vt 0.9355 -0.5137
vt 0.9365 -0.5518
vt 0.7490 -0.5176
vt 0.9365 -0.4717
vt 0.7500 -0.5459
vt 0.7500 -0.4863
vt 0.1904 -0.5293
vt 0.9355 -0.5137
vt 0.9365 -0.5518
vt 0.7490 -0.5176
vt 0.9365 -0.4717
vt 0.7500 -0.5459
vt 0.7500 -0.4863
vt 0.1904 -0.5293
vt 0.7500 -0.4863
vt 0.7500 -0.5186
vt 0.9365 -0.4717
vt 0.9355 -0.5137
vt 0.9365 -0.5518
vt 0.7500 -0.5459
vt 0.7490 -0.5176
vt 0.1904 -0.5293
vt 0.9355 -0.5137
vt 0.9365 -0.5518
vt 0.7490 -0.5176
vt 0.9365 -0.4717
vt 0.7500 -0.5459
vt 0.7500 -0.4863
vt 0.1904 -0.5293
vt 0.9355 -0.5137
vt 0.9365 -0.5518
vt 0.7490 -0.5176
vt 0.9365 -0.4717
vt 0.7500 -0.5459
vt 0.7500 -0.4863
vt 0.1904 -0.5293
vt 0.9355 -0.5137
vt 0.9365 -0.5518
vt 0.7490 -0.5176
vt 0.9365 -0.4717
vt 0.7500 -0.5459
vt 0.7500 -0.4863
vt 0.1904 -0.5293
vt 0.9355 -0.5137
vt 0.9365 -0.5518
vt 0.7490 -0.5176
vt 0.9365 -0.4717
vt 0.7500 -0.5459
vt 0.7500 -0.4863
vt 0.1904 -0.5293
vt 0.9355 -0.5137
vt 0.9365 -0.5518
vt 0.7490 -0.5176
vt 0.9365 -0.4717
vt 0.7500 -0.5459
vt 0.7500 -0.4863
vt 0.1904 -0.5293
vt 0.9355 -0.5137
vt 0.9365 -0.5518
vt 0.7490 -0.5176
vt 0.9365 -0.4717
vt 0.7500 -0.5459
vt 0.7500 -0.4863
vt 0.1904 -0.5293
vt 0.9355 -0.5137
vt 0.9365 -0.5518
vt 0.7490 -0.5176
vt 0.9365 -0.4717
vt 0.7500 -0.5459
vt 0.7500 -0.4863
vt 0.1904 -0.5293
vt 0.7500 -0.4863
vt 0.7500 -0.5186
vt 0.9365 -0.4717
vt 0.9355 -0.5137
vt 0.9365 -0.5518
vt 0.7500 -0.5459
vt 0.7490 -0.5176
vt 0.1904 -0.5293
vt 0.9365 -0.4717
vt 0.8428 -0.5166
vt 0.9365 -0.5146
vt 0.9365 -0.5518
vt 0.8428 -0.5166
vt 0.8438 -0.5488
vt 0.1904 -0.5293
vt 0.8438 -0.4785
vt 0.7500 -0.4863
vt 0.7500 -0.5186
vt 0.9365 -0.4717
vt 0.9355 -0.5137
vt 0.9365 -0.5518
vt 0.7500 -0.5459
vt 0.7490 -0.5176
vt 0.1904 -0.5293
vt 0.7500 -0.4863
vt 0.7500 -0.5186
vt 0.9365 -0.4717
vt 0.9355 -0.5137
vt 0.1904 -0.5293
vt 0.7490 -0.5176
vt 0.7500 -0.5459
vt 0.9365 -0.5518
vt 0.7500 -0.4863
vt 0.7500 -0.5186
vt 0.9365 -0.4717
vt 0.9355 -0.5137
vt 0.1904 -0.5293
vt 0.7490 -0.5176
vt 0.7500 -0.5459
vt 0.9365 -0.5518
vt 0.7500 -0.4863
vt 0.7500 -0.5186
vt 0.9365 -0.4717
vt 0.9355 -0.5137
vt 0.9365 -0.5518
vt 0.7500 -0.5459
vt 0.7490 -0.5176
vt 0.1904 -0.5293
vt 0.9355 -0.5137
vt 0.9365 -0.5518
vt 0.7490 -0.5176
vt 0.9365 -0.4717
vt 0.7500 -0.5459
vt 0.7500 -0.4863
vt 0.1904 -0.5293
vt 0.9355 -0.5137
vt 0.9365 -0.5518
vt 0.7490 -0.5176
vt 0.9365 -0.4717
vt 0.7500 -0.5459
vt 0.7500 -0.4863
vt 0.1904 -0.5293
vt 0.9355 -0.5137
vt 0.9365 -0.5518
vt 0.7490 -0.5176
vt 0.9365 -0.4717
vt 0.7500 -0.5459
vt 0.7500 -0.4863
vt 0.1904 -0.5293
vt 0.7500 -0.4863
vt 0.7500 -0.5186
vt 0.9365 -0.4717
vt 0.9355 -0.5137
vt 0.1904 -0.5293
vt 0.7490 -0.5176
vt 0.7500 -0.5459
vt 0.9365 -0.5518
vt 0.9355 -0.5137
vt 0.9365 -0.5518
vt 0.7490 -0.5176
vt 0.9365 -0.4717
vt 0.7500 -0.5459
vt 0.7500 -0.4863
vt 0.1904 -0.5293
vt 0.9355 -0.5137
vt 0.9365 -0.5518
vt 0.7490 -0.5176
vt 0.9365 -0.4717
vt 0.7500 -0.5459
vt 0.7500 -0.4863
vt 0.1904 -0.5293
vt 0.7500 -0.4863
vt 0.7500 -0.5186
vt 0.9365 -0.4717
vt 0.9355 -0.5137
vt 0.9365 -0.5518
vt 0.7500 -0.5459
vt 0.7490 -0.5176
vt 0.1904 -0.5293
vt 0.9355 -0.5137
vt 0.9365 -0.5518
vt 0.7490 -0.5176
vt 0.9365 -0.4717
vt 0.7500 -0.5459
vt 0.7500 -0.4863
vt 0.1904 -0.5293
vt 0.9355 -0.5137
vt 0.9365 -0.5518
vt 0.7490 -0.5176
vt 0.9365 -0.4717
vt 0.7500 -0.5459
vt 0.7500 -0.4863
vt 0.1904 -0.5293
vt 0.9355 -0.5137
vt 0.9365 -0.5518
vt 0.7490 -0.5176
vt 0.9365 -0.4717
vt 0.7500 -0.5459
vt 0.7500 -0.4863
vt 0.1904 -0.5293
vt 0.9355 -0.5137
vt 0.9365 -0.5518
vt 0.7490 -0.5176
vt 0.9365 -0.4717
vt 0.7500 -0.5459
vt 0.7500 -0.4863
vt 0.1904 -0.5293
vt 0.9355 -0.5137
vt 0.9365 -0.5518
vt 0.7490 -0.5176
vt 0.9365 -0.4717
vt 0.7500 -0.5459
vt 0.7500 -0.4863
vt 0.1904 -0.5293
vt 0.9355 -0.5137
vt 0.9365 -0.5518
vt 0.7490 -0.5176
vt 0.9365 -0.4717
vt 0.7500 -0.5459
vt 0.7500 -0.4863
vt 0.1904 -0.5293
vt 0.9355 -0.5137
vt 0.9365 -0.5518
vt 0.7490 -0.5176
vt 0.9365 -0.4717
vt 0.7500 -0.5459
vt 0.7500 -0.4863
vt 0.1904 -0.5293
vt 0.7500 -0.4863
vt 0.7500 -0.5186
vt 0.9365 -0.4717
vt 0.9355 -0.5137
vt 0.9365 -0.5518
vt 0.7500 -0.5459
vt 0.7490 -0.5176
vt 0.1904 -0.5293
vt 0.9365 -0.4717
vt 0.8428 -0.5166
vt 0.9365 -0.5146
vt 0.9365 -0.5518
vt 0.8428 -0.5166
vt 0.8438 -0.5488
vt 0.1904 -0.5293
vt 0.8438 -0.4785
vt 0.7500 -0.4863
vt 0.7500 -0.5186
vt 0.9365 -0.4717
vt 0.9355 -0.5137
vt 0.9365 -0.5518
vt 0.7500 -0.5459
vt 0.7490 -0.5176
vt 0.1904 -0.5293
vt 0.7490 -0.5176
vt 0.7500 -0.5459
vt 0.1904 -0.5293
vt 0.7500 -0.4863
vt 0.9355 -0.5137
vt 0.9365 -0.5518
vt 0.7500 -0.5186
vt 0.9365 -0.4717
vt 0.7500 -0.4863
vt 0.7500 -0.5186
vt 0.9365 -0.4717
vt 0.9355 -0.5137
vt 0.1904 -0.5293
vt 0.7490 -0.5176
vt 0.7500 -0.5459
vt 0.9365 -0.5518
vt 0.7500 -0.4863
vt 0.7500 -0.5186
vt 0.9365 -0.4717
vt 0.9355 -0.5137
vt 0.1904 -0.5293
vt 0.7490 -0.5176
vt 0.7500 -0.5459
vt 0.9365 -0.5518
vt 0.7500 -0.4863
vt 0.7500 -0.5186
vt 0.9365 -0.4717
vt 0.9355 -0.5137
vt 0.9365 -0.5518
vt 0.7500 -0.5459
vt 0.7490 -0.5176
vt 0.1904 -0.5293
vt 0.9355 -0.5137
vt 0.9365 -0.5518
vt 0.7490 -0.5176
vt 0.9365 -0.4717
vt 0.7500 -0.5459
vt 0.7500 -0.4863
vt 0.1904 -0.5293
vt 0.9355 -0.5137
vt 0.9365 -0.5518
vt 0.7490 -0.5176
vt 0.9365 -0.4717
vt 0.7500 -0.5459
vt 0.7500 -0.4863
vt 0.1904 -0.5293
vt 0.9355 -0.5137
vt 0.9365 -0.5518
vt 0.7490 -0.5176
vt 0.9365 -0.4717
vt 0.7500 -0.5459
vt 0.7500 -0.4863
vt 0.1904 -0.5293
vt 0.7500 -0.4863
vt 0.7500 -0.5186
vt 0.9365 -0.4717
vt 0.9355 -0.5137
vt 0.1904 -0.5293
vt 0.7490 -0.5176
vt 0.7500 -0.5459
vt 0.9365 -0.5518
vt 0.9355 -0.5137
vt 0.9365 -0.5518
vt 0.7490 -0.5176
vt 0.9365 -0.4717
vt 0.7500 -0.5459
vt 0.7500 -0.4863
vt 0.1904 -0.5293
vt 0.9355 -0.5137
vt 0.9365 -0.5518
vt 0.7490 -0.5176
vt 0.9365 -0.4717
vt 0.7500 -0.5459
vt 0.7500 -0.4863
vt 0.1904 -0.5293
vt 0.7500 -0.4863
vt 0.7500 -0.5186
vt 0.9365 -0.4717
vt 0.9355 -0.5137
vt 0.9365 -0.5518
vt 0.7500 -0.5459
vt 0.7490 -0.5176
vt 0.1904 -0.5293
vt 0.9355 -0.5137
vt 0.9365 -0.5518
vt 0.7490 -0.5176
vt 0.9365 -0.4717
vt 0.7500 -0.5459
vt 0.7500 -0.4863
vt 0.1904 -0.5293
vt 0.9355 -0.5137
vt 0.9365 -0.5518
vt 0.7490 -0.5176
vt 0.9365 -0.4717
vt 0.7500 -0.5459
vt 0.7500 -0.4863
vt 0.1904 -0.5293
vt 0.9355 -0.5137
vt 0.9365 -0.5518
vt 0.7490 -0.5176
vt 0.9365 -0.4717
vt 0.7500 -0.5459
vt 0.7500 -0.4863
vt 0.1904 -0.5293
vt 0.9355 -0.5137
vt 0.9365 -0.5518
vt 0.7490 -0.5176
vt 0.9365 -0.4717
vt 0.7500 -0.5459
vt 0.7500 -0.4863
vt 0.1904 -0.5293
vt 0.9355 -0.5137
vt 0.9365 -0.5518
vt 0.7490 -0.5176
vt 0.9365 -0.4717
vt 0.7500 -0.5459
vt 0.7500 -0.4863
vt 0.1904 -0.5293
vt 0.9355 -0.5137
vt 0.9365 -0.5518
vt 0.7490 -0.5176
vt 0.9365 -0.4717
vt 0.7500 -0.5459
vt 0.7500 -0.4863
vt 0.1904 -0.5293
vt 0.9355 -0.5137
vt 0.9365 -0.5518
vt 0.7490 -0.5176
vt 0.9365 -0.4717
vt 0.7500 -0.5459
vt 0.7500 -0.4863
vt 0.1904 -0.5293
vt 0.7500 -0.4863
vt 0.7500 -0.5186
vt 0.9365 -0.4717
vt 0.9355 -0.5137
vt 0.9365 -0.5518
vt 0.7500 -0.5459
vt 0.7490 -0.5176
vt 0.1904 -0.5293
vt 0.9365 -0.4717
vt 0.8428 -0.5166
vt 0.9365 -0.5146
vt 0.9365 -0.5518
vt 0.8428 -0.5166
vt 0.8438 -0.5488
vt 0.1904 -0.5293
vt 0.8438 -0.4785
vt 0.7500 -0.4863
vt 0.7500 -0.5186
vt 0.9365 -0.4717
vt 0.9355 -0.5137
vt 0.9365 -0.5518
vt 0.7500 -0.5459
vt 0.7490 -0.5176
vt 0.1904 -0.5293
vt 0.7490 -0.5176
vt 0.7500 -0.5459
vt 0.1904 -0.5293
vt 0.7500 -0.4863
vt 0.9355 -0.5137
vt 0.9365 -0.5518
vt 0.7500 -0.5186
vt 0.9365 -0.4717
vt 0.7500 -0.4863
vt 0.7500 -0.5186
vt 0.9365 -0.4717
vt 0.9355 -0.5137
vt 0.1904 -0.5293
vt 0.7490 -0.5176
vt 0.7500 -0.5459
vt 0.9365 -0.5518
vt 0.7500 -0.4863
vt 0.7500 -0.5186
vt 0.9365 -0.4717
vt 0.9355 -0.5137
vt 0.1904 -0.5293
vt 0.7490 -0.5176
vt 0.7500 -0.5459
vt 0.9365 -0.5518
vt 0.7490 -0.5176
vt 0.9365 -0.5518
vt 0.9355 -0.5137
vt 0.9365 -0.4717
vt 0.7500 -0.5459
vt 0.7500 -0.4863
vt 0.1904 -0.5293
vt 0.7490 -0.5176
vt 0.9365 -0.5518
vt 0.9355 -0.5137
vt 0.9365 -0.4717
vt 0.7500 -0.5459
vt 0.7500 -0.4863
vt 0.1904 -0.5293
vt 0.7490 -0.5176
vt 0.9365 -0.5518
vt 0.9355 -0.5137
vt 0.9365 -0.4717
vt 0.7500 -0.5459
vt 0.7500 -0.4863
vt 0.1904 -0.5293
vt 0.7490 -0.5176
vt 0.9365 -0.5518
vt 0.9355 -0.5137
vt 0.9365 -0.4717
vt 0.7500 -0.5459
vt 0.7500 -0.4863
vt 0.1904 -0.5293
vt 0.7490 -0.5176
vt 0.9365 -0.5518
vt 0.9355 -0.5137
vt 0.9365 -0.4717
vt 0.7500 -0.5459
vt 0.7500 -0.4863
vt 0.1904 -0.5293
vt 0.7490 -0.5176
vt 0.9365 -0.5518
vt 0.9355 -0.5137
vt 0.9365 -0.4717
vt 0.7500 -0.5459
vt 0.7500 -0.4863
vt 0.1904 -0.5293
vt 0.7490 -0.5176
vt 0.9365 -0.5518
vt 0.9355 -0.5137
vt 0.9365 -0.4717
vt 0.7500 -0.5459
vt 0.7500 -0.4863
vt 0.1904 -0.5293
vt 0.7490 -0.5176
vt 0.9365 -0.5518
vt 0.9355 -0.5137
vt 0.9365 -0.4717
vt 0.7500 -0.5459
vt 0.7500 -0.4863
vt 0.1904 -0.5293
vt 0.7490 -0.5176
vt 0.9365 -0.5518
vt 0.9355 -0.5137
vt 0.9365 -0.4717
vt 0.7500 -0.5459
vt 0.7500 -0.4863
vt 0.1904 -0.5293
vt 0.7490 -0.5176
vt 0.9365 -0.5518
vt 0.9355 -0.5137
vt 0.9365 -0.4717
vt 0.7500 -0.5459
vt 0.7500 -0.4863
vt 0.1904 -0.5293
vt 0.7490 -0.5176
vt 0.9365 -0.5518
vt 0.9355 -0.5137
vt 0.9365 -0.4717
vt 0.7500 -0.5459
vt 0.7500 -0.4863
vt 0.1904 -0.5293
vt 0.9365 -0.4717
vt 0.8428 -0.5166
vt 0.8438 -0.4785
vt 0.8438 -0.5488
vt 0.9365 -0.5518
vt 0.9355 -0.5137
vt 0.8428 -0.5156
vt 0.1904 -0.5293
vt 0.7500 -0.4863
vt 0.9365 -0.4717
vt 0.7500 -0.5186
vt 0.1904 -0.5293
vt 0.9365 -0.5146
vt 0.7500 -0.5459
vt 0.9365 -0.5518
vt 0.7490 -0.5176
vt 0.9365 -0.5518
vt 0.9355 -0.5137
vt 0.9365 -0.4717
vt 0.7500 -0.5459
vt 0.7500 -0.4863
vt 0.1904 -0.5293
vt 0.7490 -0.5176
vt 0.9365 -0.5518
vt 0.9355 -0.5137
vt 0.9365 -0.4717
vt 0.7500 -0.5459
vt 0.7500 -0.4863
vt 0.1904 -0.5293
vt 0.7490 -0.5176
vt 0.9365 -0.5518
vt 0.9355 -0.5137
vt 0.9365 -0.4717
vt 0.7500 -0.5459
vt 0.7500 -0.4863
vt 0.1904 -0.5293
vt 0.9365 -0.4717
vt 0.7500 -0.5186
vt 0.7500 -0.4863
vt 0.9355 -0.5137
vt 0.1904 -0.5293
vt 0.7490 -0.5176
vt 0.7500 -0.5459
vt 0.9365 -0.5518
vt 0.7490 -0.5176
vt 0.9365 -0.5518
vt 0.9355 -0.5137
vt 0.9365 -0.4717
vt 0.7500 -0.5459
vt 0.7500 -0.4863
vt 0.1904 -0.5293
vt 0.7490 -0.5176
vt 0.9365 -0.5518
vt 0.9355 -0.5137
vt 0.9365 -0.4717
vt 0.7500 -0.5459
vt 0.7500 -0.4863
vt 0.1904 -0.5293
vt 0.9365 -0.4717
vt 0.7500 -0.5186
vt 0.7500 -0.4863
vt 0.7500 -0.5459
vt 0.9365 -0.5518
vt 0.9355 -0.5137
vt 0.7490 -0.5176
vt 0.1904 -0.5293
vt 0.7490 -0.5176
vt 0.9365 -0.5518
vt 0.9355 -0.5137
vt 0.9365 -0.4717
vt 0.7500 -0.5459
vt 0.7500 -0.4863
vt 0.1904 -0.5293
vt 0.7490 -0.5176
vt 0.9365 -0.5518
vt 0.9355 -0.5137
vt 0.9365 -0.4717
vt 0.7500 -0.5459
vt 0.7500 -0.4863
vt 0.1904 -0.5293
vt 0.7490 -0.5176
vt 0.9365 -0.5518
vt 0.9355 -0.5137
vt 0.9365 -0.4717
vt 0.7500 -0.5459
vt 0.7500 -0.4863
vt 0.1904 -0.5293
vt 0.7490 -0.5176
vt 0.9365 -0.5518
vt 0.9355 -0.5137
vt 0.9365 -0.4717
vt 0.7500 -0.5459
vt 0.7500 -0.4863
vt 0.1904 -0.5293
vt 0.7490 -0.5176
vt 0.9365 -0.5518
vt 0.9355 -0.5137
vt 0.9365 -0.4717
vt 0.7500 -0.5459
vt 0.7500 -0.4863
vt 0.1904 -0.5293
vt 0.7490 -0.5176
vt 0.9365 -0.5518
vt 0.9355 -0.5137
vt 0.9365 -0.4717
vt 0.7500 -0.5459
vt 0.7500 -0.4863
vt 0.1904 -0.5293
vt 0.7490 -0.5176
vt 0.9365 -0.5518
vt 0.9355 -0.5137
vt 0.9365 -0.4717
vt 0.7500 -0.5459
vt 0.7500 -0.4863
vt 0.1904 -0.5293
vt 0.7500 -0.4863
vt 0.9365 -0.4717
vt 0.7500 -0.5186
vt 0.1904 -0.5293
vt 0.9365 -0.5146
vt 0.7500 -0.5459
vt 0.9365 -0.5518
vt 0.8438 -0.4785
vt 0.9365 -0.4717
vt 0.8428 -0.5166
vt 0.1904 -0.5293
vt 0.9365 -0.5146
vt 0.8438 -0.5488
vt 0.8428 -0.5166
vt 0.9365 -0.5518
vt 0.9365 -0.4717
vt 0.7500 -0.5186
vt 0.7500 -0.4863
vt 0.7500 -0.5459
vt 0.9365 -0.5518
vt 0.9355 -0.5137
vt 0.7490 -0.5176
vt 0.1904 -0.5293
vt 0.1904 -0.5293
vt 0.7500 -0.4863
vt 0.7500 -0.5186
vt 0.7500 -0.5459
vt 0.9365 -0.4717
vt 0.9365 -0.5518
vt 0.9365 -0.5146
vt 0.9365 -0.4717
vt 0.7500 -0.5186
vt 0.7500 -0.4863
vt 0.9355 -0.5137
vt 0.1904 -0.5293
vt 0.7490 -0.5176
vt 0.7500 -0.5459
vt 0.9365 -0.5518
vt 0.7500 -0.4863
vt 0.9365 -0.4717
vt 0.7500 -0.5186
vt 0.1904 -0.5293
vt 0.9365 -0.5146
vt 0.7500 -0.5459
vt 0.9365 -0.5518
vt 0.7490 -0.5176
vt 0.9365 -0.5518
vt 0.9355 -0.5137
vt 0.9365 -0.4717
vt 0.7500 -0.5459
vt 0.7500 -0.4863
vt 0.1904 -0.5293
vt 0.7490 -0.5176
vt 0.9365 -0.5518
vt 0.9355 -0.5137
vt 0.9365 -0.4717
vt 0.7500 -0.5459
vt 0.7500 -0.4863
vt 0.1904 -0.5293
vt 0.7490 -0.5176
vt 0.9365 -0.5518
vt 0.9355 -0.5137
vt 0.9365 -0.4717
vt 0.7500 -0.5459
vt 0.7500 -0.4863
vt 0.1904 -0.5293
vt 0.9365 -0.4717
vt 0.7500 -0.5186
vt 0.7500 -0.4863
vt 0.9355 -0.5137
vt 0.1904 -0.5293
vt 0.7490 -0.5176
vt 0.7500 -0.5459
vt 0.9365 -0.5518
vt 0.7490 -0.5176
vt 0.9365 -0.5518
vt 0.9355 -0.5137
vt 0.9365 -0.4717
vt 0.7500 -0.5459
vt 0.7500 -0.4863
vt 0.1904 -0.5293
vt 0.7490 -0.5176
vt 0.9365 -0.5518
vt 0.9355 -0.5137
vt 0.9365 -0.4717
vt 0.7500 -0.5459
vt 0.7500 -0.4863
vt 0.1904 -0.5293
vt 0.9365 -0.4717
vt 0.7500 -0.5186
vt 0.7500 -0.4863
vt 0.7500 -0.5459
vt 0.9365 -0.5518
vt 0.9355 -0.5137
vt 0.7490 -0.5176
vt 0.1904 -0.5293
vt 0.7490 -0.5176
vt 0.9365 -0.5518
vt 0.9355 -0.5137
vt 0.9365 -0.4717
vt 0.7500 -0.5459
vt 0.7500 -0.4863
vt 0.1904 -0.5293
vt 0.7490 -0.5176
vt 0.9365 -0.5518
vt 0.9355 -0.5137
vt 0.9365 -0.4717
vt 0.7500 -0.5459
vt 0.7500 -0.4863
vt 0.1904 -0.5293
vt 0.7490 -0.5176
vt 0.9365 -0.5518
vt 0.9355 -0.5137
vt 0.9365 -0.4717
vt 0.7500 -0.5459
vt 0.7500 -0.4863
vt 0.1904 -0.5293
vt 0.7490 -0.5176
vt 0.9365 -0.5518
vt 0.9355 -0.5137
vt 0.9365 -0.4717
vt 0.7500 -0.5459
vt 0.7500 -0.4863
vt 0.1904 -0.5293
vt 0.7490 -0.5176
vt 0.9365 -0.5518
vt 0.9355 -0.5137
vt 0.9365 -0.4717
vt 0.7500 -0.5459
vt 0.7500 -0.4863
vt 0.1904 -0.5293
vt 0.7490 -0.5176
vt 0.9365 -0.5518
vt 0.9355 -0.5137
vt 0.9365 -0.4717
vt 0.7500 -0.5459
vt 0.7500 -0.4863
vt 0.1904 -0.5293
vt 0.7490 -0.5176
vt 0.9365 -0.5518
vt 0.9355 -0.5137
vt 0.9365 -0.4717
vt 0.7500 -0.5459
vt 0.7500 -0.4863
vt 0.1904 -0.5293
vt 0.7500 -0.4863
vt 0.9365 -0.4717
vt 0.7500 -0.5186
vt 0.1904 -0.5293
vt 0.9365 -0.5146
vt 0.7500 -0.5459
vt 0.9365 -0.5518
vt 0.8438 -0.4785
vt 0.9365 -0.4717
vt 0.8428 -0.5166
vt 0.1904 -0.5293
vt 0.9365 -0.5146
vt 0.8438 -0.5488
vt 0.8428 -0.5166
vt 0.9365 -0.5518
vt 0.9365 -0.4717
vt 0.7500 -0.5186
vt 0.7500 -0.4863
vt 0.7500 -0.5459
vt 0.9365 -0.5518
vt 0.9355 -0.5137
vt 0.7490 -0.5176
vt 0.1904 -0.5293
vt 0.1904 -0.5293
vt 0.7500 -0.4863
vt 0.7500 -0.5186
vt 0.7500 -0.5459
vt 0.9365 -0.4717
vt 0.9365 -0.5518
vt 0.9365 -0.5146
vt 0.1904 -0.5293
vt 0.7500 -0.5459
vt 0.7490 -0.5176
vt 0.7500 -0.4863
vt 0.9355 -0.5137
vt 0.9365 -0.5518
vt 0.7500 -0.5186
vt 0.9365 -0.4717
vt 0.9365 -0.4717
vt 0.7500 -0.5186
vt 0.7500 -0.4863
vt 0.9355 -0.5137
vt 0.1904 -0.5293
vt 0.7490 -0.5176
vt 0.7500 -0.5459
vt 0.9365 -0.5518
vt 0.7500 -0.4863
vt 0.9365 -0.4717
vt 0.7500 -0.5186
vt 0.1904 -0.5293
vt 0.9365 -0.5146
vt 0.7500 -0.5459
vt 0.9365 -0.5518
vt 0.7490 -0.5176
vt 0.9365 -0.5518
vt 0.9355 -0.5137
vt 0.9365 -0.4717
vt 0.7500 -0.5459
vt 0.7500 -0.4863
vt 0.1904 -0.5293
vt 0.7490 -0.5176
vt 0.9365 -0.5518
vt 0.9355 -0.5137
vt 0.9365 -0.4717
vt 0.7500 -0.5459
vt 0.7500 -0.4863
vt 0.1904 -0.5293
vt 0.7490 -0.5176
vt 0.9365 -0.5518
vt 0.9355 -0.5137
vt 0.9365 -0.4717
vt 0.7500 -0.5459
vt 0.7500 -0.4863
vt 0.1904 -0.5293
vt 0.9365 -0.4717
vt 0.7500 -0.5186
vt 0.7500 -0.4863
vt 0.9355 -0.5137
vt 0.1904 -0.5293
vt 0.7490 -0.5176
vt 0.7500 -0.5459
vt 0.9365 -0.5518
vt 0.7490 -0.5176
vt 0.9365 -0.5518
vt 0.9355 -0.5137
vt 0.9365 -0.4717
vt 0.7500 -0.5459
vt 0.7500 -0.4863
vt 0.1904 -0.5293
vt 0.7490 -0.5176
vt 0.9365 -0.5518
vt 0.9355 -0.5137
vt 0.9365 -0.4717
vt 0.7500 -0.5459
vt 0.7500 -0.4863
vt 0.1904 -0.5293
vt 0.9365 -0.4717
vt 0.7500 -0.5186
vt 0.7500 -0.4863
vt 0.7500 -0.5459
vt 0.9365 -0.5518
vt 0.9355 -0.5137
vt 0.7490 -0.5176
vt 0.1904 -0.5293
vt 0.7490 -0.5176
vt 0.9365 -0.5518
vt 0.9355 -0.5137
vt 0.9365 -0.4717
vt 0.7500 -0.5459
vt 0.7500 -0.4863
vt 0.1904 -0.5293
vt 0.7490 -0.5176
vt 0.9365 -0.5518
vt 0.9355 -0.5137
vt 0.9365 -0.4717
vt 0.7500 -0.5459
vt 0.7500 -0.4863
vt 0.1904 -0.5293
vt 0.7490 -0.5176
vt 0.9365 -0.5518
vt 0.9355 -0.5137
vt 0.9365 -0.4717
vt 0.7500 -0.5459
vt 0.7500 -0.4863
vt 0.1904 -0.5293
vt 0.7490 -0.5176
vt 0.9365 -0.5518
vt 0.9355 -0.5137
vt 0.9365 -0.4717
vt 0.7500 -0.5459
vt 0.7500 -0.4863
vt 0.1904 -0.5293
vt 0.7490 -0.5176
vt 0.9365 -0.5518
vt 0.9355 -0.5137
vt 0.9365 -0.4717
vt 0.7500 -0.5459
vt 0.7500 -0.4863
vt 0.1904 -0.5293
vt 0.7490 -0.5176
vt 0.9365 -0.5518
vt 0.9355 -0.5137
vt 0.9365 -0.4717
vt 0.7500 -0.5459
vt 0.7500 -0.4863
vt 0.1904 -0.5293
vt 0.7490 -0.5176
vt 0.9365 -0.5518
vt 0.9355 -0.5137
vt 0.9365 -0.4717
vt 0.7500 -0.5459
vt 0.7500 -0.4863
vt 0.1904 -0.5293
vt 0.7500 -0.4863
vt 0.9365 -0.4717
vt 0.7500 -0.5186
vt 0.1904 -0.5293
vt 0.9365 -0.5146
vt 0.7500 -0.5459
vt 0.9365 -0.5518
vt 0.8438 -0.4785
vt 0.9365 -0.4717
vt 0.8428 -0.5166
vt 0.1904 -0.5293
vt 0.9365 -0.5146
vt 0.8438 -0.5488
vt 0.8428 -0.5166
vt 0.9365 -0.5518
vt 0.9365 -0.4717
vt 0.7500 -0.5186
vt 0.7500 -0.4863
vt 0.7500 -0.5459
vt 0.9365 -0.5518
vt 0.9355 -0.5137
vt 0.7490 -0.5176
vt 0.1904 -0.5293
vt 0.1904 -0.5293
vt 0.7500 -0.4863
vt 0.7500 -0.5186
vt 0.7500 -0.5459
vt 0.9365 -0.4717
vt 0.9365 -0.5518
vt 0.9365 -0.5146
vt 0.1904 -0.5293
vt 0.7500 -0.5459
vt 0.7490 -0.5176
vt 0.7500 -0.4863
vt 0.9355 -0.5137
vt 0.9365 -0.5518
vt 0.7500 -0.5186
vt 0.9365 -0.4717
vt 0.9365 -0.4717
vt 0.7500 -0.5186
vt 0.7500 -0.4863
vt 0.9355 -0.5137
vt 0.1904 -0.5293
vt 0.7490 -0.5176
vt 0.7500 -0.5459
vt 0.9365 -0.5518
vn 0.6004 0.4269 0.6762
vn 0.7892 0.1653 0.5914
vn 0.4316 -0.6221 -0.6532
vn -0.7113 0.6456 -0.2780
vn 0.5742 0.6128 -0.5429
vn -0.4022 -0.8261 -0.3947
vn -0.3648 0.7465 0.5565
vn -0.0301 -0.9035 0.4275
vn -0.4221 0.5708 -0.7043
vn -0.3509 0.8702 -0.3460
vn 0.1666 0.7575 0.6312
vn 0.8797 0.2924 0.3750
vn -0.7675 0.5463 0.3353
vn -0.6726 -0.4000 -0.6226
vn -0.9918 -0.1193 -0.0448
vn -0.7112 -0.1452 -0.6878
vn 0.8829 -0.4067 -0.2347
vn 0.6856 -0.6742 -0.2746
vn 0.1727 -0.9094 0.3785
vn -0.5862 -0.6071 -0.5365
vn -0.2407 -0.9111 0.3345
vn -0.7693 -0.2255 -0.5977
vn -0.9650 0.2105 -0.1563
vn -0.8113 0.2597 -0.5238
vn 0.9449 0.0534 -0.3228
vn -0.7181 -0.3670 -0.5913
vn -0.4897 -0.8618 0.1322
vn 0.7444 -0.5747 -0.3399
vn 0.3966 -0.8951 0.2037
vn -0.9207 -0.2111 -0.3283
vn -0.9934 0.1075 -0.0403
vn -0.8838 -0.1339 -0.4483
vn 0.9954 0.0715 -0.0632
vn -0.5418 -0.6225 -0.5648
vn -0.9534 -0.1599 -0.2558
vn -0.8064 -0.0511 -0.5892
vn 0.9237 -0.2234 -0.3112
vn -0.4855 -0.7269 -0.4856
vn -0.2148 -0.8786 0.4264
vn -0.6917 -0.7036 -0.1630
vn 0.2178 -0.8932 0.3935
vn 0.8268 0.2799 0.4879
vn -0.8978 -0.0562 -0.4368
vn -0.6627 0.1668 0.7301
vn 0.0058 0.6492 0.7606
vn -0.6860 -0.7184 0.1151
vn 0.1159 -0.8261 0.5515
vn 0.0007 0.9835 -0.1811
vn 0.2384 -0.7495 0.6176
vn -0.6980 -0.0242 0.7156
vn -0.6963 -0.7165 0.0408
vn 0.8588 -0.1089 0.5006
vn -0.0083 0.7914 0.6112
vn 0.8223 -0.3377 0.4580
vn -0.0283 -0.6697 0.7421
vn -0.6777 -0.7110 0.1875
vn 0.2793 0.7579 0.5896
vn -0.0786 -0.9797 -0.1846
vn 0.8599 0.1389 -0.4912
vn 0.7037 -0.1087 0.7022
vn -0.6921 -0.7128 0.1139
vn 0.7175 0.1904 0.6700
vn 0.8023 0.3733 0.4657
vn 0.4392 0.6739 -0.5942
vn 0.7310 0.2474 -0.6360
vn -0.1649 0.6739 0.7202
vn -0.2982 -0.8632 -0.4074
vn 0.2881 -0.6161 -0.7331
vn 0.0985 -0.7574 0.6455
vn -0.6017 -0.5898 -0.5387
vn -0.6475 0.7260 -0.2318
vn -0.0573 0.6546 0.7538
vn 0.9141 0.2159 0.3432
vn -0.7461 0.5564 0.3656
vn 0.4639 0.8461 -0.2626
vn 0.0656 0.8205 -0.5678
vn -0.9101 0.1947 -0.3657
vn -0.8063 -0.0074 0.5914
vn 0.6043 -0.7896 0.1065
vn 0.1085 0.8841 -0.4546
vn 0.7006 0.5122 -0.4969
vn -0.1498 -0.8594 -0.4888
vn 0.6628 -0.3501 0.6619
vn 0.6639 0.5898 -0.4598
vn -0.5256 0.6261 -0.5761
vn 0.6219 -0.7402 0.2554
vn 0.4165 0.0172 0.9090
vn -0.4738 -0.6488 -0.5954
vn -0.7782 0.2305 0.5842
vn 0.3489 0.8652 -0.3601
vn -0.9231 -0.3142 -0.2218
vn 0.7702 -0.3475 0.5348
vn -0.0260 0.6856 0.7275
vn -0.5784 -0.4448 -0.6838
vn -0.7292 0.2361 0.6423
vn -0.6428 0.5298 0.5533
vn 0.7937 0.4704 -0.3856
vn 0.4741 0.5579 -0.6812
vn 0.4511 -0.4938 -0.7434
vn 0.7478 -0.5911 0.3025
vn 0.5498 0.5305 -0.6453
vn 0.0373 0.9146 0.4026
vn -0.5519 -0.1572 0.8190
vn -0.2279 0.8701 0.4371
vn 0.8406 -0.3291 0.4302
vn 0.0337 -0.7091 0.7043
vn -0.7127 -0.7004 0.0397
vn 0.2568 0.6663 0.7001
vn -0.3888 -0.8465 -0.3637
vn 0.9187 0.0161 -0.3946
vn 0.6261 -0.2321 0.7444
vn -0.7160 -0.6979 -0.0129
vn -0.7934 -0.2063 -0.5727
vn -0.9816 0.1716 -0.0842
vn -0.8283 0.1003 -0.5513
vn 0.9570 -0.0499 -0.2859
vn -0.7141 -0.4036 -0.5720
vn -0.4025 -0.8944 0.1950
vn 0.7159 -0.5884 -0.3759
vn 0.3109 -0.9147 0.2581
vn 0.6800 0.2727 0.6806
vn 0.8374 0.3944 0.3784
vn 0.4683 0.6580 -0.5897
vn 0.7241 0.2391 -0.6469
vn -0.2009 0.6389 0.7426
vn -0.2573 -0.8797 -0.4000
vn 0.2826 -0.6431 -0.7117
vn 0.1486 -0.7173 0.6808
vn -0.6203 -0.5669 -0.5421
vn -0.5727 0.7777 -0.2593
vn -0.0030 0.7416 0.6709
vn 0.8137 0.4588 0.3569
vn -0.7309 0.5129 0.4503
vn 0.7446 -0.5827 -0.3256
vn 0.3869 -0.9026 0.1889
vn 0.9179 -0.3963 0.0177
vn 0.6824 -0.2668 0.6805
vn -0.8618 0.4837 -0.1528
vn -0.8368 -0.0812 -0.5414
vn 0.9972 -0.0306 -0.0678
vn -0.7243 -0.3407 -0.5994
vn -0.9888 0.1289 -0.0745
vn -0.9009 -0.0958 -0.4234
vn 0.9902 -0.0430 -0.1330
vn 0.6003 0.4269 0.6762
vn -0.4135 0.5750 -0.7059
vn -0.4789 0.8513 0.2144
vn 0.4674 -0.8576 -0.2145
vn -0.7205 -0.6352 -0.2783
vn 0.6242 0.4759 -0.6196
vn -0.5455 0.5350 0.6452
vn 0.8074 -0.5592 -0.1880
vn -0.4783 -0.3698 0.7966
vn 0.1884 0.8101 0.5551
vn 0.9954 0.0716 -0.0632
vn -0.4855 -0.7269 -0.4857
vn -0.2148 -0.8787 0.4264
vn -0.6860 -0.7185 0.1151
vn 0.8223 -0.3378 0.4580
vn -0.6777 -0.7111 0.1875
vn 0.2793 0.7579 0.5895
vn 0.8599 0.1388 -0.4912
vn 0.2876 -0.6163 -0.7331
vn -0.7782 0.2306 0.5842
vn -0.7291 0.2362 0.6424
vn 0.4495 -0.4955 -0.7432
vn -0.5467 -0.1611 0.8216
vn 0.0363 -0.7111 0.7022
vn -0.7122 -0.7007 0.0427
vn 0.2600 0.6655 0.6996
vn 0.6255 -0.2346 0.7441
vn -0.7161 -0.6979 -0.0139
vn -0.2574 -0.8796 -0.4000
vn 0.3089 -0.6208 -0.7205
vn 0.1485 -0.7173 0.6808
vn -0.5527 -0.6109 -0.5668
vn -0.2921 -0.9058 0.3070
vn 0.6964 -0.6657 -0.2682
vn 0.2133 -0.9124 0.3493
vn -0.5582 -0.5910 -0.5824
vn -0.9408 -0.1432 -0.3072
vn -0.7224 0.0841 -0.6864
vn 0.8135 -0.3314 -0.4779
vn -0.0302 -0.9035 0.4275
vn -0.4284 0.5673 -0.7033
vn -0.3509 0.8701 -0.3460
vn -0.9207 -0.2112 -0.3283
vn -0.9934 0.1075 -0.0402
vn 0.8588 -0.1090 0.5006
vn 0.2854 -0.6184 -0.7322
vn -0.1499 -0.8594 -0.4888
vn 0.4492 -0.4954 -0.7435
vn 0.5498 0.5304 -0.6453
vn -0.5603 -0.1486 0.8149
vn 0.0276 -0.7045 0.7092
vn 0.6989 -0.7019 -0.1377
vn 0.2493 0.6680 0.7012
vn 0.6275 -0.2262 0.7450
vn 0.7045 -0.7037 -0.0917
vn 0.3109 -0.9148 0.2580
vn 0.2978 -0.6311 -0.7162
vn -0.6204 -0.5669 -0.5420
vn 0.8137 0.4587 0.3570
vn -0.9408 -0.1431 -0.3072
vn 0.6003 0.4270 0.6762
vn -0.4032 0.5808 -0.7072
vn 0.8759 0.2955 -0.3815
vn 0.1743 0.7598 -0.6263
vn -0.3583 0.8693 0.3404
vn -0.7683 0.5415 -0.3413
vn 0.4287 -0.6178 0.6592
vn 0.7907 0.1725 -0.5874
vn 0.5976 0.4344 -0.6739
vn -0.7139 0.6459 0.2706
vn 0.5713 0.6112 0.5477
vn -0.3956 -0.8268 0.3999
vn -0.3648 0.7423 -0.5621
vn -0.0340 -0.9026 -0.4291
vn -0.4204 0.5665 0.7088
vn -0.7062 -0.1394 0.6942
vn -0.9914 -0.1257 0.0369
vn -0.6697 -0.3945 0.6292
vn 0.8826 -0.4122 0.2261
vn -0.5834 -0.6044 0.5425
vn 0.1798 -0.9101 -0.3734
vn 0.6872 -0.6686 0.2841
vn -0.2483 -0.9105 -0.3305
vn 0.0780 -0.4888 -0.8689
vn -0.0792 0.7447 -0.6626
vn 0.6311 0.4015 -0.6637
vn -0.3667 0.4422 -0.8185
vn 0.7987 -0.5516 0.2405
vn -0.3975 -0.2460 -0.8840
vn 0.0525 0.7201 -0.6918
vn -0.8831 -0.1231 0.4527
vn -0.9946 0.1005 0.0277
vn -0.9230 -0.1967 0.3309
vn 0.9966 0.0646 0.0508
vn -0.8012 -0.0480 0.5964
vn -0.9539 -0.1669 0.2497
vn -0.5385 -0.6203 0.5703
vn 0.9241 -0.2300 0.3053
vn -0.6921 -0.7006 0.1734
vn -0.2224 -0.8788 -0.4222
vn -0.4823 -0.7259 0.4904
vn 0.2245 -0.8934 -0.3891
vn -0.6556 0.1675 -0.7363
vn -0.8997 -0.0638 0.4318
vn 0.8261 0.2883 -0.4842
vn 0.0050 0.6430 -0.7659
vn -0.6884 -0.7179 -0.1040
vn 0.2389 -0.7438 -0.6242
vn -0.0074 0.9843 0.1765
vn 0.1229 -0.8278 -0.5474
vn -0.6916 -0.0303 0.7216
vn -0.6976 -0.7159 -0.0297
vn 0.8209 -0.3461 -0.4543
vn -0.0168 0.7937 -0.6081
vn 0.8538 -0.1102 -0.5088
vn -0.0288 -0.6634 -0.7477
vn -0.6801 -0.7115 -0.1765
vn 0.8612 0.1457 0.4869
vn -0.0866 -0.9799 0.1798
vn 0.2796 0.7525 -0.5964
vn -0.6933 -0.7133 -0.1026
vn 0.7119 -0.1017 0.6949
vn 0.9103 0.2194 -0.3511
vn -0.0494 0.6604 -0.7492
vn -0.6531 0.7230 0.2254
vn -0.7466 0.5513 -0.3723
vn 0.4341 0.6711 0.6009
vn 0.8011 0.3805 -0.4620
vn 0.7132 0.1986 -0.6722
vn 0.7251 0.2437 0.6441
vn -0.1738 0.6726 -0.7193
vn -0.2922 -0.8621 0.4141
vn 0.2860 -0.6115 0.7378
vn 0.0933 -0.7567 -0.6471
vn -0.6025 -0.5840 0.5439
vn 0.6619 -0.3427 -0.6666
vn -0.1574 -0.8608 0.4840
vn 0.7049 0.5067 0.4964
vn 0.6598 0.5900 0.4654
vn 0.6282 -0.7386 -0.2447
vn -0.5211 0.6261 0.5800
vn 0.4077 0.0104 -0.9131
vn -0.4682 -0.6471 0.6017
vn -0.7764 0.2414 -0.5821
vn -0.9141 0.1922 0.3570
vn 0.0579 0.8180 0.5723
vn 0.4725 0.8440 0.2538
vn -0.7995 -0.0074 -0.6006
vn 0.6102 -0.7863 -0.0969
vn 0.1018 0.8815 0.4610
vn 0.7728 -0.3532 -0.5272
vn -0.9226 -0.3198 0.2157
vn 0.3570 0.8640 0.3551
vn -0.0335 0.6885 -0.7245
vn -0.6398 0.5348 -0.5519
vn -0.7290 0.2442 -0.6394
vn -0.5770 -0.4401 0.6880
vn 0.7967 0.4708 0.3790
vn 0.4688 0.5574 0.6852
vn 0.4486 -0.4908 0.7469
vn 0.7511 -0.5890 -0.2982
vn 0.5497 0.5357 0.6409
vn 0.0308 0.9167 -0.3985
vn 0.8405 -0.3355 -0.4255
vn -0.2362 0.8694 -0.4340
vn -0.5447 -0.1582 -0.8236
vn 0.0337 -0.7036 -0.7098
vn -0.7143 -0.6993 -0.0285
vn 0.9204 0.0232 0.3904
vn -0.3949 -0.8458 0.3587
vn 0.2556 0.6607 -0.7058
vn -0.7168 -0.6969 0.0242
vn 0.6203 -0.2312 -0.7496
vn -0.8226 0.1094 0.5581
vn -0.9835 0.1636 0.0775
vn -0.7907 -0.1978 0.5794
vn 0.9588 -0.0575 0.2782
vn 0.7182 -0.5804 0.3840
vn -0.4098 -0.8918 -0.1919
vn -0.7113 -0.3981 0.5793
vn 0.3184 -0.9133 -0.2541
vn 0.8086 0.4617 -0.3647
vn 0.0047 0.7465 -0.6654
vn -0.5783 0.7755 0.2532
vn -0.7310 0.5070 -0.4567
vn 0.4635 0.6554 0.5963
vn 0.8362 0.4009 -0.3741
vn 0.6752 0.2807 -0.6822
vn 0.7182 0.2357 0.6547
vn -0.2097 0.6378 -0.7412
vn -0.2507 -0.8787 0.4062
vn 0.3282 -0.5948 0.7338
vn 0.1429 -0.7166 -0.6827
vn -0.6214 -0.5609 0.5471
vn -0.7521 -0.3198 0.5763
vn 0.6339 0.4604 0.6215
vn -0.9384 0.2520 0.2366
vn -0.7207 -0.3350 0.6070
vn 0.9339 0.0762 0.3493
vn -0.7635 0.4550 0.4583
vn -0.1719 0.9077 0.3827
vn 0.1136 0.8356 -0.5375
vn 0.5968 0.5598 0.5749
vn -0.5021 0.5706 -0.6498
vn 0.3453 0.5753 0.7415
vn -0.6386 -0.4982 0.5865
vn -0.0768 0.9921 0.0994
vn 0.0215 0.8217 -0.5696
vn 0.5976 0.4343 -0.6739
vn -0.3649 0.7423 -0.5620
vn -0.4192 0.5678 0.7085
vn 0.1131 -0.5693 -0.8143
vn -0.0255 0.8700 -0.4923
vn 0.6200 0.4743 0.6250
vn -0.5401 0.5349 -0.6498
vn 0.8090 -0.5530 0.1993
vn -0.4704 -0.3739 -0.7993
vn 0.1740 0.8118 -0.5574
vn -0.9538 -0.1669 0.2497
vn 0.9241 -0.2299 0.3053
vn -0.4822 -0.7259 0.4904
vn 0.2246 -0.8934 -0.3891
vn 0.8261 0.2884 -0.4842
vn -0.6885 -0.7178 -0.1040
vn 0.2874 -0.6104 0.7381
vn -0.6025 -0.5841 0.5439
vn 0.6283 -0.7385 -0.2447
vn -0.9141 0.1922 0.3571
vn -0.9226 -0.3198 0.2156
vn 0.3569 0.8640 0.3551
vn -0.0335 0.6884 -0.7245
vn 0.4491 -0.4901 0.7471
vn -0.5394 -0.1621 -0.8263
vn 0.0363 -0.7056 -0.7077
vn -0.7139 -0.6995 -0.0315
vn 0.2588 0.6600 -0.7053
vn -0.7169 -0.6967 0.0252
vn 0.6197 -0.2337 -0.7492
vn -0.8225 0.1094 0.5581
vn 0.9588 -0.0575 0.2781
vn -0.2097 0.6378 -0.7411
vn 0.2883 -0.6327 0.7187
vn 0.6979 -0.6601 0.2778
vn 0.8682 -0.1165 -0.4823
vn -0.5499 -0.6086 0.5721
vn 0.2195 -0.9129 -0.3443
vn -0.7155 0.0877 0.6931
vn -0.9415 -0.1497 0.3020
vn -0.5553 -0.5884 0.5877
vn 0.8142 -0.3381 0.4720
vn 0.3454 0.5752 0.7415
vn -0.4247 0.5648 0.7076
vn 0.2873 -0.6105 0.7380
vn 0.0934 -0.7567 -0.6470
vn 0.1018 0.8816 0.4610
vn 0.4497 -0.4892 0.7473
vn -0.5531 -0.1495 -0.8196
vn 0.0275 -0.6990 -0.7146
vn 0.6975 -0.7010 0.1486
vn 0.2482 0.6624 -0.7068
vn 0.7038 -0.7029 0.1028
vn 0.6217 -0.2252 -0.7502
vn 0.3322 -0.5895 0.7363
vn -0.5552 -0.5885 0.5877
vn 0.3456 0.5750 0.7416
vn -0.7138 0.6459 0.2706
vn -0.4148 0.5706 0.7088
vn -0.6825 0.2035 -0.7020
vn -0.5098 -0.2706 -0.8166
vn -0.3433 0.3832 -0.8575
vn 0.6641 -0.2841 -0.6916
vn 0.1192 -0.5856 -0.8018
vn 0.3103 0.8620 -0.4008
vn 0.2430 0.2579 -0.9351
vn 0.1191 -0.5856 -0.8018
vn 0.2430 0.2580 -0.9351
vn -0.6825 0.2036 -0.7020
vn 0.2429 0.2582 -0.9351
vn 0.2429 0.2581 -0.9351
vn 0.2425 0.2583 -0.9351
vn 0.2428 0.2583 -0.9351
vn 0.2429 0.2583 -0.9350
vn 0.2432 0.2580 -0.9350
vn 0.2429 0.2580 -0.9351
vn 0.5147 -0.7512 0.4132
vn -0.4844 0.3130 0.8169
vn 0.4231 0.8107 0.4047
vn 0.5143 0.6693 -0.5362
vn -0.3562 0.8659 0.3511
vn 0.0317 -0.9806 -0.1932
vn -0.6190 -0.7435 0.2531
vn 0.6222 0.6342 0.4591
vn 0.7695 -0.6277 -0.1183
vn 0.6319 -0.6301 0.4514
vn -0.4833 0.2427 0.8411
vn 0.3408 0.6784 0.6508
vn 0.6263 0.3996 0.6694
vn -0.3292 0.7330 0.5952
vn 0.3492 -0.7268 -0.5915
vn -0.8097 -0.5659 0.1556
vn -0.3742 0.4425 0.8149
vn 0.7973 -0.5582 -0.2297
vn 0.2428 0.2582 -0.9351
vn 0.3214 0.8664 -0.3821
vn -0.8058 -0.3448 -0.4815
vn 0.5637 0.7934 0.2296
vn 0.6747 0.4348 -0.5964
vn 0.4222 0.5209 -0.7419
vn -0.6818 0.3478 -0.6436
vn -0.2012 0.5091 -0.8369
vn -0.5593 0.7965 0.2297
vn 0.5909 -0.6932 0.4127
vn -0.6918 0.1060 0.7142
vn 0.1014 0.8564 0.5062
vn 0.5604 0.6143 -0.5554
vn -0.0888 0.8624 0.4984
vn 0.1901 -0.8680 -0.4588
vn -0.6236 -0.6437 0.4436
vn 0.5404 0.6746 0.5029
vn -0.7463 -0.6646 -0.0359
vn -0.3743 0.4424 0.8150
vn -0.9532 -0.0395 -0.2999
vn 0.1115 0.6926 0.7127
vn 0.0844 0.8928 -0.4424
vn 0.1761 -0.8702 0.4603
vn -0.7974 0.0802 0.5980
vn 0.1900 -0.8203 0.5395
vn -0.6678 -0.0419 0.7432
vn -0.7176 -0.6937 -0.0618
vn 0.7196 -0.1138 0.6850
vn -0.7162 -0.6978 -0.0092
vn 0.5793 -0.7328 0.3570
vn -0.4100 0.3517 0.8415
vn 0.4578 0.6630 0.5924
vn 0.5537 0.5962 0.5814
vn -0.4487 0.7388 0.5028
vn 0.2629 -0.8377 -0.4786
vn -0.7308 -0.6755 0.0977
vn -0.3594 0.5765 0.7338
vn 0.8078 -0.5575 -0.1914
vn 0.4162 0.8101 -0.4128
vn -0.8033 -0.3766 -0.4615
vn 0.3398 0.8367 0.4295
vn 0.6009 0.5605 -0.5699
vn 0.3510 0.5762 -0.7381
vn -0.6196 0.5955 -0.5114
vn -0.5768 0.6595 -0.4821
vn -0.2755 0.8426 0.4628
vn 0.4211 0.5219 -0.7418
vn 0.6319 -0.6300 0.4514
vn -0.4834 0.2427 0.8411
vn 0.2426 0.2582 -0.9351
vn 0.2427 0.2583 -0.9351
vn 0.4212 0.5218 -0.7418
vn 0.2431 0.2579 -0.9351
vn -0.6919 0.1060 0.7142
vn 0.5604 0.6144 -0.5554
vn -0.7463 -0.6646 -0.0358
vn 0.2427 0.2582 -0.9351
vn 0.2427 0.2581 -0.9351
vn -0.3433 0.3833 -0.8575
vn 0.2424 0.2583 -0.9352
vn 0.1141 0.6902 0.7146
vn 0.0843 0.8929 -0.4424
vn 0.1761 -0.8702 0.4602
vn 0.1921 -0.8237 0.5335
vn -0.6663 -0.0454 0.7443
vn -0.7179 -0.6930 -0.0665
vn 0.7225 -0.1163 0.6815
vn -0.7163 -0.6977 -0.0099
vn 0.2629 -0.8378 -0.4786
vn 0.5656 0.6913 -0.4497
vn -0.6521 -0.6887 0.3168
vn 0.7676 -0.6265 -0.1351
vn 0.5108 -0.7105 0.4840
vn 0.5412 0.6344 0.5519
vn -0.1425 0.8167 0.5592
vn -0.0101 -0.9099 -0.4147
vn 0.1675 0.8038 0.5709
vn -0.7457 0.0719 0.6624
vn 0.3511 0.5761 -0.7381
vn 0.4224 0.5207 -0.7420
vn 0.2430 0.2581 -0.9351
vn 0.2426 0.2583 -0.9351
vn -0.8058 -0.3447 -0.4815
vn 0.4216 0.5213 -0.7419
vn 0.2428 0.2581 -0.9351
vn 0.2433 0.2580 -0.9350
vn 0.2432 0.2579 -0.9351
vn 0.2427 0.2584 -0.9351
vn 0.2433 0.2578 -0.9351
vn 0.7973 -0.5581 -0.2297
vn 0.1046 0.6953 0.7111
vn 0.1852 -0.8095 0.5571
vn -0.6712 -0.0339 0.7405
vn 0.7037 -0.6990 -0.1272
vn 0.7097 -0.1070 0.6963
vn 0.6971 -0.6958 -0.1730
vn 0.3513 0.5759 -0.7382
vn 0.4220 0.5210 -0.7419
vn -0.3386 0.3873 0.8575
vn -0.5033 -0.2748 0.8192
vn -0.6782 0.2054 0.7056
vn 0.6610 -0.2790 0.6966
vn 0.1123 -0.5837 0.8042
vn 0.3110 0.8648 0.3942
vn -0.3142 0.0566 0.9477
vn -0.3142 0.0562 0.9477
vn -0.5033 -0.2747 0.8192
vn -0.3143 0.0562 0.9476
vn -0.3143 0.0564 0.9476
vn -0.5034 -0.2747 0.8192
vn -0.3144 0.0560 0.9476
vn 0.1123 -0.5836 0.8042
vn -0.3142 0.0565 0.9477
vn -0.3144 0.0558 0.9476
vn -0.3141 0.0566 0.9477
vn 0.4185 0.8157 -0.3992
vn -0.4907 0.3032 -0.8169
vn 0.5145 -0.7552 -0.4061
vn -0.6205 -0.7452 -0.2442
vn 0.0392 -0.9821 0.1842
vn -0.3496 0.8699 -0.3478
vn 0.5110 0.6684 0.5405
vn -0.4288 0.7897 -0.4388
vn 0.7702 -0.6244 0.1300
vn 0.3856 -0.3843 -0.8388
vn -0.9033 0.3119 0.2946
vn 0.0552 -0.7169 -0.6949
vn 0.7464 -0.5670 0.3486
vn -0.7659 -0.2182 0.6048
vn -0.3800 -0.0985 -0.9197
vn 0.8888 0.1922 0.4160
vn -0.3142 0.0564 0.9477
vn -0.3143 0.0563 0.9476
vn -0.3142 0.0563 0.9477
vn 0.5539 0.8003 -0.2294
vn -0.8028 -0.3390 0.4905
vn 0.3219 0.8702 0.3729
vn 0.6711 0.4310 0.6032
vn 0.4183 0.5186 0.7457
vn -0.6873 0.3480 0.6375
vn -0.2001 0.5173 0.8321
vn -0.5498 0.8031 -0.2296
vn 0.0941 0.8593 -0.5027
vn -0.6957 0.0976 -0.7116
vn 0.5921 -0.6965 -0.4053
vn -0.6255 -0.6466 -0.4367
vn 0.1975 -0.8695 0.4528
vn -0.0819 0.8651 -0.4949
vn 0.5563 0.6141 0.5599
vn -0.4915 0.6868 -0.5354
vn -0.7467 -0.6634 0.0474
vn -0.3144 0.0563 0.9476
vn -0.3144 0.0562 0.9476
vn 0.7463 -0.5670 0.3486
vn 0.7138 -0.1117 -0.6914
vn -0.9544 -0.0467 0.2948
vn 0.1097 0.6865 -0.7188
vn -0.7177 -0.6960 0.0204
vn 0.0920 0.8944 0.4378
vn -0.6618 -0.0416 -0.7486
vn -0.7182 -0.6920 0.0730
vn 0.1905 -0.8152 -0.5469
vn 0.1837 -0.8704 -0.4567
vn -0.7989 0.0887 -0.5950
vn 0.4524 0.6694 -0.5893
vn -0.4196 0.3431 -0.8403
vn 0.5804 -0.7353 -0.3499
vn -0.7319 -0.6756 -0.0895
vn 0.2712 -0.8405 0.4690
vn -0.4412 0.7435 -0.5026
vn 0.5577 0.5969 -0.5768
vn -0.3528 0.5763 -0.7372
vn 0.8091 -0.5517 0.2027
vn 0.7468 -0.5749 0.3344
vn 0.6762 -0.2630 -0.6882
vn 0.1537 0.0330 0.9876
vn -0.6008 0.0289 -0.7988
vn -0.8685 0.4743 0.1439
vn 0.9205 0.2344 0.3126
vn -0.8331 -0.0716 0.5485
vn 0.4178 0.5190 0.7457
vn 0.0552 -0.7170 -0.6949
vn -0.3144 0.0559 0.9476
vn 0.4171 0.5198 0.7456
vn -0.3143 0.0566 0.9476
vn -0.6957 0.0975 -0.7116
vn 0.5563 0.6140 0.5599
vn -0.4915 0.6868 -0.5355
vn -0.7467 -0.6635 0.0474
vn -0.3144 0.0561 0.9476
vn -0.3143 0.0565 0.9476
vn 0.7168 -0.1141 -0.6879
vn 0.1122 0.6840 -0.7208
vn -0.7180 -0.6958 0.0210
vn -0.6603 -0.0451 -0.7497
vn -0.7187 -0.6910 0.0777
vn 0.1927 -0.8187 -0.5409
vn 0.5803 -0.7354 -0.3499
vn -0.7319 -0.6755 -0.0895
vn -0.4412 0.7435 -0.5025
vn 0.7684 -0.6229 0.1468
vn -0.6541 -0.6902 -0.3095
vn 0.5608 0.6931 0.4529
vn 0.3640 0.5390 -0.7596
vn 0.5451 0.6346 -0.5479
vn -0.1354 0.8198 -0.5564
vn -0.0017 -0.9126 0.4089
vn 0.1628 0.8080 -0.5663
vn -0.7502 0.0634 -0.6582
vn 0.4175 0.5194 0.7456
vn -0.5498 0.8031 -0.2297
vn -0.3141 0.0568 0.9477
vn -0.3143 0.0561 0.9477
vn 0.4158 0.5210 0.7454
vn -0.3145 0.0560 0.9476
vn -0.3142 0.0567 0.9477
vn 0.7039 -0.1048 -0.7025
vn 0.1028 0.6893 -0.7171
vn 0.6957 -0.6943 0.1840
vn -0.6652 -0.0336 -0.7459
vn 0.7031 -0.6976 0.1381
vn 0.1857 -0.8044 -0.5643
vn 0.5804 -0.7354 -0.3499
vn -0.8331 -0.0716 0.5484
vn 0.4179 0.5190 0.7457
usemtl AM_A_1000_2
s 1
f 3215/3215/3026 3217/3216/3027 3216/3217/3028
f 3216/3217/3028 3218/3218/3029 3215/3215/3026
f 3218/3218/3029 3216/3217/3028 3219/3219/3030
f 3219/3219/3030 3220/3220/3031 3218/3218/3029
f 3221/3221/3032 3218/3218/3029 3220/3220/3031
f 3220/3220/3031 3222/3222/3033 3221/3221/3032
f 3223/3223/3034 3218/3218/3029 3221/3221/3032
f 3221/3221/3032 3222/3222/3033 3223/3223/3034
f 3215/3215/3026 3218/3218/3029 3223/3223/3034
f 3223/3223/3034 3222/3222/3033 3215/3215/3026
f 3224/3224/3035 3226/3225/3036 3225/3226/3037
f 3225/3226/3037 3227/3227/3038 3224/3224/3035
f 3228/3228/3039 3230/3229/3040 3229/3230/3041
f 3229/3230/3041 3231/3231/3042 3228/3228/3039
f 3232/3232/3043 3233/3233/3044 3229/3230/3045
f 3229/3230/3045 3234/3234/3046 3232/3232/3043
f 3235/3235/3047 3237/3236/3048 3236/3237/3049
f 3236/3237/3049 3238/3238/3050 3235/3235/3047
f 3236/3237/3051 3240/3239/3052 3239/3240/3053
f 3239/3240/3053 3241/3241/3054 3236/3237/3051
f 3242/3242/3055 3244/3243/3056 3243/3244/3057
f 3243/3244/3057 3245/3245/3058 3242/3242/3055
f 3246/3246/3059 3248/3247/3060 3247/3248/3061
f 3247/3248/3061 3249/3249/3062 3246/3246/3059
f 3247/3248/3063 3251/3250/3064 3250/3251/3065
f 3250/3251/3065 3252/3252/3066 3247/3248/3063
f 3253/3253/3067 3255/3254/3068 3254/3255/3069
f 3254/3255/3069 3256/3256/3070 3253/3253/3067
f 3256/3256/3070 3254/3255/3069 3257/3257/3071
f 3258/3258/3072 3253/3253/3073 3259/3259/3074
f 3259/3259/3074 3260/3260/3075 3258/3258/3072
f 3257/3257/3076 3260/3260/3075 3259/3259/3074
f 3261/3261/3077 3263/3262/3078 3262/3263/3079
f 3262/3263/3079 3264/3264/3080 3261/3261/3077
f 3265/3265/3081 3261/3261/3077 3264/3264/3080
f 3266/3266/3082 3262/3263/3083 3267/3267/3084
f 3268/3268/3085 3265/3265/3086 3266/3266/3082
f 3266/3266/3082 3267/3267/3084 3268/3268/3085
f 3269/3269/3087 3271/3270/3088 3270/3271/3089
f 3270/3271/3089 3272/3272/3090 3269/3269/3087
f 3273/3273/3091 3269/3269/3087 3272/3272/3090
f 3272/3272/3090 3274/3274/3092 3273/3273/3091
f 3269/3269/3087 3273/3273/3091 3275/3275/3093
f 3275/3275/3093 3276/3276/3094 3269/3269/3087
f 3277/3277/3095 3275/3275/3093 3273/3273/3091
f 3273/3273/3091 3274/3274/3092 3277/3277/3095
f 3276/3276/3094 3277/3277/3095 3274/3274/3092
f 3275/3275/3093 3277/3277/3095 3276/3276/3094
f 3278/3278/3096 3280/3279/3097 3279/3280/3098
f 3279/3280/3098 3281/3281/3099 3278/3278/3096
f 3282/3282/3100 3284/3283/3101 3283/3284/3102
f 3283/3284/3102 3285/3285/3103 3282/3282/3100
f 3286/3286/3104 3285/3285/3103 3283/3284/3102
f 3283/3284/3102 3287/3287/3105 3286/3286/3104
f 3288/3288/3106 3290/3289/3107 3289/3290/3108
f 3289/3290/3108 3291/3291/3109 3288/3288/3106
f 3291/3291/3109 3289/3290/3108 3292/3292/3110
f 3293/3293/3111 3288/3288/3106 3291/3291/3109
f 3291/3291/3109 3294/3294/3112 3293/3293/3111
f 3294/3294/3112 3291/3291/3109 3292/3292/3110
f 3292/3292/3110 3295/3295/3113 3294/3294/3112
f 3296/3296/3114 3294/3294/3112 3295/3295/3113
f 3297/3297/3047 3299/3298/3048 3298/3299/3049
f 3298/3299/3049 3300/3300/3050 3297/3297/3047
f 3298/3299/3051 3302/3301/3052 3301/3302/3053
f 3301/3302/3053 3303/3303/3054 3298/3299/3051
f 3304/3304/3115 3306/3305/3116 3305/3306/3117
f 3305/3306/3117 3307/3307/3118 3304/3304/3115
f 3308/3308/3119 3310/3309/3120 3309/3310/3121
f 3309/3310/3121 3311/3311/3122 3308/3308/3119
f 3312/3312/3123 3308/3308/3119 3311/3311/3122
f 3313/3313/3124 3311/3311/3122 3309/3310/3121
f 3309/3310/3121 3314/3314/3125 3313/3313/3124
f 3311/3311/3122 3313/3313/3124 3315/3315/3126
f 3315/3315/3126 3312/3312/3123 3311/3311/3122
f 3314/3314/3125 3315/3315/3126 3313/3313/3124
f 3316/3316/3127 3312/3312/3123 3315/3315/3126
f 3315/3315/3126 3314/3314/3125 3316/3316/3127
f 3317/3317/3128 3319/3318/3129 3318/3319/3130
f 3318/3319/3130 3320/3320/3131 3317/3317/3128
f 3321/3321/3132 3317/3317/3128 3320/3320/3131
f 3322/3322/3133 3318/3319/3134 3323/3323/3135
f 3324/3324/3136 3321/3321/3137 3322/3322/3133
f 3322/3322/3133 3323/3323/3135 3324/3324/3136
f 3325/3325/3138 3327/3326/3139 3326/3327/3140
f 3326/3327/3140 3328/3328/3141 3325/3325/3138
f 3326/3327/3142 3330/3329/3143 3329/3330/3144
f 3329/3330/3144 3331/3331/3145 3326/3327/3142
f 3332/3332/3146 3334/3333/3147 3333/3334/3148
f 3333/3334/3148 3335/3335/3149 3332/3332/3146
f 3336/3336/3150 3332/3332/3146 3335/3335/3149
f 3335/3335/3149 3337/3337/3151 3336/3336/3150
f 3332/3332/3146 3336/3336/3150 3338/3338/3152
f 3338/3338/3152 3339/3339/3153 3332/3332/3146
f 3340/3340/3154 3338/3338/3152 3336/3336/3150
f 3336/3336/3150 3337/3337/3151 3340/3340/3154
f 3339/3339/3153 3340/3340/3154 3337/3337/3151
f 3338/3338/3152 3340/3340/3154 3339/3339/3153
f 3341/3341/3155 3343/3342/3156 3342/3343/3157
f 3342/3343/3157 3344/3344/3158 3341/3341/3155
f 3345/3345/3159 3347/3346/3160 3346/3347/3161
f 3346/3347/3161 3348/3348/3162 3345/3345/3159
f 3349/3349/3163 3348/3348/3162 3346/3347/3161
f 3346/3347/3161 3350/3350/3164 3349/3349/3163
f 3351/3351/3165 3350/3350/3164 3346/3347/3161
f 3352/3352/3166 3354/3353/3167 3353/3354/3168
f 3353/3354/3168 3355/3355/3169 3352/3352/3166
f 3356/3356/3170 3358/3357/3027 3357/3358/3028
f 3357/3358/3028 3359/3359/3029 3356/3356/3170
f 3359/3359/3029 3357/3358/3028 3360/3360/3030
f 3360/3360/3030 3361/3361/3031 3359/3359/3029
f 3362/3362/3032 3359/3359/3029 3361/3361/3031
f 3361/3361/3031 3363/3363/3033 3362/3362/3032
f 3364/3364/3171 3359/3359/3029 3362/3362/3032
f 3362/3362/3032 3363/3363/3033 3364/3364/3171
f 3356/3356/3170 3359/3359/3029 3364/3364/3171
f 3364/3364/3171 3363/3363/3033 3356/3356/3170
f 3365/3365/3035 3367/3366/3036 3366/3367/3037
f 3366/3367/3037 3368/3368/3038 3365/3365/3035
f 3369/3369/3172 3371/3370/3173 3370/3371/3174
f 3370/3371/3174 3372/3372/3175 3369/3369/3172
f 3373/3373/3176 3372/3372/3175 3370/3371/3174
f 3370/3371/3174 3374/3374/3177 3373/3373/3176
f 3375/3375/3178 3373/3373/3176 3374/3374/3177
f 3372/3372/3175 3373/3373/3176 3375/3375/3178
f 3375/3375/3178 3376/3376/3179 3372/3372/3175
f 3377/3377/3055 3379/3378/3056 3378/3379/3057
f 3378/3379/3057 3380/3380/3180 3377/3377/3055
f 3381/3381/3047 3383/3382/3048 3382/3383/3049
f 3382/3383/3049 3384/3384/3050 3381/3381/3047
f 3382/3383/3051 3386/3385/3052 3385/3386/3053
f 3385/3386/3053 3387/3387/3054 3382/3383/3051
f 3388/3388/3055 3390/3389/3056 3389/3390/3057
f 3389/3390/3057 3391/3391/3180 3388/3388/3055
f 3392/3392/3059 3394/3393/3060 3393/3394/3061
f 3393/3394/3061 3395/3395/3062 3392/3392/3059
f 3393/3394/3181 3397/3396/3182 3396/3397/3065
f 3396/3397/3065 3398/3398/3066 3393/3394/3181
f 3399/3399/3067 3401/3400/3068 3400/3401/3069
f 3400/3401/3069 3402/3402/3070 3399/3399/3067
f 3402/3402/3070 3400/3401/3069 3403/3403/3183
f 3404/3404/3072 3399/3399/3073 3405/3405/3074
f 3405/3405/3074 3406/3406/3075 3404/3404/3072
f 3403/3403/3076 3406/3406/3075 3405/3405/3074
f 3407/3407/3077 3409/3408/3078 3408/3409/3184
f 3408/3409/3184 3410/3410/3080 3407/3407/3077
f 3411/3411/3185 3407/3407/3077 3410/3410/3080
f 3412/3412/3186 3408/3409/3083 3413/3413/3187
f 3414/3414/3085 3411/3411/3086 3412/3412/3186
f 3412/3412/3186 3413/3413/3187 3414/3414/3085
f 3415/3415/3087 3417/3416/3088 3416/3417/3089
f 3416/3417/3089 3418/3418/3090 3415/3415/3087
f 3419/3419/3091 3415/3415/3087 3418/3418/3090
f 3418/3418/3090 3420/3420/3092 3419/3419/3091
f 3415/3415/3087 3419/3419/3091 3421/3421/3188
f 3421/3421/3188 3422/3422/3094 3415/3415/3087
f 3423/3423/3095 3421/3421/3188 3419/3419/3091
f 3419/3419/3091 3420/3420/3092 3423/3423/3095
f 3422/3422/3094 3423/3423/3095 3420/3420/3092
f 3421/3421/3188 3423/3423/3095 3422/3422/3094
f 3424/3424/3096 3426/3425/3097 3425/3426/3098
f 3425/3426/3098 3427/3427/3099 3424/3424/3096
f 3428/3428/3100 3430/3429/3101 3429/3430/3102
f 3429/3430/3102 3431/3431/3103 3428/3428/3100
f 3432/3432/3104 3431/3431/3103 3429/3430/3102
f 3429/3430/3102 3433/3433/3105 3432/3432/3104
f 3434/3434/3106 3436/3435/3107 3435/3436/3108
f 3435/3436/3108 3437/3437/3109 3434/3434/3106
f 3437/3437/3109 3435/3436/3108 3438/3438/3110
f 3439/3439/3111 3434/3434/3106 3437/3437/3109
f 3437/3437/3109 3440/3440/3112 3439/3439/3111
f 3440/3440/3112 3437/3437/3109 3438/3438/3110
f 3438/3438/3110 3441/3441/3113 3440/3440/3112
f 3442/3442/3189 3440/3440/3112 3441/3441/3113
f 3443/3443/3047 3445/3444/3048 3444/3445/3049
f 3444/3445/3049 3446/3446/3050 3443/3443/3047
f 3444/3445/3051 3448/3447/3052 3447/3448/3053
f 3447/3448/3053 3449/3449/3054 3444/3445/3051
f 3450/3450/3115 3452/3451/3116 3451/3452/3117
f 3451/3452/3117 3453/3453/3118 3450/3450/3115
f 3454/3454/3119 3456/3455/3190 3455/3456/3121
f 3455/3456/3121 3457/3457/3122 3454/3454/3119
f 3458/3458/3123 3454/3454/3119 3457/3457/3122
f 3459/3459/3191 3457/3457/3122 3455/3456/3121
f 3455/3456/3121 3460/3460/3125 3459/3459/3191
f 3457/3457/3122 3459/3459/3191 3461/3461/3126
f 3461/3461/3126 3458/3458/3123 3457/3457/3122
f 3460/3460/3125 3461/3461/3126 3459/3459/3191
f 3462/3462/3127 3458/3458/3123 3461/3461/3126
f 3461/3461/3126 3460/3460/3125 3462/3462/3127
f 3463/3463/3192 3465/3464/3129 3464/3465/3130
f 3464/3465/3130 3466/3466/3193 3463/3463/3192
f 3467/3467/3194 3463/3463/3192 3466/3466/3193
f 3468/3468/3195 3464/3465/3134 3469/3469/3135
f 3470/3470/3196 3467/3467/3197 3468/3468/3195
f 3468/3468/3195 3469/3469/3135 3470/3470/3196
f 3471/3471/3138 3473/3472/3139 3472/3473/3140
f 3472/3473/3140 3474/3474/3141 3471/3471/3138
f 3472/3473/3142 3476/3475/3143 3475/3476/3144
f 3475/3476/3144 3477/3477/3145 3472/3473/3142
f 3478/3478/3146 3480/3479/3147 3479/3480/3148
f 3479/3480/3148 3481/3481/3149 3478/3478/3146
f 3482/3482/3150 3478/3478/3146 3481/3481/3149
f 3481/3481/3149 3483/3483/3198 3482/3482/3150
f 3478/3478/3146 3482/3482/3150 3484/3484/3199
f 3484/3484/3199 3485/3485/3200 3478/3478/3146
f 3486/3486/3154 3484/3484/3199 3482/3482/3150
f 3482/3482/3150 3483/3483/3198 3486/3486/3154
f 3485/3485/3200 3486/3486/3154 3483/3483/3198
f 3484/3484/3199 3486/3486/3154 3485/3485/3200
f 3487/3487/3155 3489/3488/3156 3488/3489/3157
f 3488/3489/3157 3490/3490/3158 3487/3487/3155
f 3491/3491/3159 3493/3492/3160 3492/3493/3161
f 3492/3493/3161 3494/3494/3162 3491/3491/3159
f 3495/3495/3163 3494/3494/3162 3492/3493/3161
f 3492/3493/3161 3496/3496/3164 3495/3495/3163
f 3497/3497/3165 3496/3496/3164 3492/3493/3161
f 3498/3498/3201 3500/3499/3202 3499/3500/3203
f 3499/3500/3203 3501/3501/3204 3498/3498/3201
f 3502/3502/3205 3503/3503/3206 3498/3498/3207
f 3498/3498/3207 3504/3504/3208 3502/3502/3205
f 3505/3505/3166 3507/3506/3167 3506/3507/3168
f 3506/3507/3168 3508/3508/3169 3505/3505/3166
f 3509/3509/3026 3511/3510/3027 3510/3511/3028
f 3510/3511/3028 3512/3512/3029 3509/3509/3026
f 3512/3512/3029 3510/3511/3028 3513/3513/3030
f 3513/3513/3030 3514/3514/3031 3512/3512/3029
f 3515/3515/3032 3512/3512/3029 3514/3514/3031
f 3514/3514/3031 3516/3516/3209 3515/3515/3032
f 3517/3517/3210 3512/3512/3029 3515/3515/3032
f 3515/3515/3032 3516/3516/3209 3517/3517/3210
f 3509/3509/3026 3512/3512/3029 3517/3517/3210
f 3517/3517/3210 3516/3516/3209 3509/3509/3026
f 3518/3518/3211 3520/3519/3036 3519/3520/3037
f 3519/3520/3037 3521/3521/3038 3518/3518/3211
f 3522/3522/3172 3524/3523/3173 3523/3524/3174
f 3523/3524/3174 3525/3525/3175 3522/3522/3172
f 3526/3526/3176 3525/3525/3175 3523/3524/3174
f 3523/3524/3174 3527/3527/3177 3526/3526/3176
f 3528/3528/3178 3526/3526/3176 3527/3527/3177
f 3525/3525/3175 3526/3526/3176 3528/3528/3178
f 3528/3528/3178 3529/3529/3179 3525/3525/3175
f 3530/3530/3212 3532/3531/3213 3531/3532/3057
f 3531/3532/3057 3533/3533/3180 3530/3530/3212
f 3534/3534/3047 3536/3535/3048 3535/3536/3049
f 3535/3536/3049 3537/3537/3050 3534/3534/3047
f 3535/3536/3051 3539/3538/3052 3538/3539/3053
f 3538/3539/3053 3540/3540/3054 3535/3536/3051
f 3541/3541/3212 3543/3542/3056 3542/3543/3057
f 3542/3543/3057 3544/3544/3180 3541/3541/3212
f 3545/3545/3059 3547/3546/3060 3546/3547/3061
f 3546/3547/3061 3548/3548/3062 3545/3545/3059
f 3546/3547/3063 3550/3549/3064 3549/3550/3065
f 3549/3550/3065 3551/3551/3066 3546/3547/3063
f 3552/3552/3067 3554/3553/3068 3553/3554/3069
f 3553/3554/3069 3555/3555/3070 3552/3552/3067
f 3555/3555/3070 3553/3554/3069 3556/3556/3183
f 3557/3557/3072 3552/3552/3073 3558/3558/3074
f 3558/3558/3074 3559/3559/3075 3557/3557/3072
f 3556/3556/3076 3559/3559/3075 3558/3558/3074
f 3560/3560/3214 3562/3561/3078 3561/3562/3079
f 3561/3562/3079 3563/3563/3080 3560/3560/3214
f 3564/3564/3081 3560/3560/3214 3563/3563/3080
f 3565/3565/3082 3561/3562/3083 3566/3566/3084
f 3567/3567/3085 3564/3564/3086 3565/3565/3082
f 3565/3565/3082 3566/3566/3084 3567/3567/3085
f 3568/3568/3087 3570/3569/3088 3569/3570/3089
f 3569/3570/3089 3571/3571/3090 3568/3568/3087
f 3572/3572/3091 3568/3568/3087 3571/3571/3090
f 3571/3571/3090 3573/3573/3092 3572/3572/3091
f 3568/3568/3087 3572/3572/3091 3574/3574/3215
f 3574/3574/3215 3575/3575/3094 3568/3568/3087
f 3576/3576/3095 3574/3574/3215 3572/3572/3091
f 3572/3572/3091 3573/3573/3092 3576/3576/3095
f 3575/3575/3094 3576/3576/3095 3573/3573/3092
f 3574/3574/3215 3576/3576/3095 3575/3575/3094
f 3577/3577/3096 3579/3578/3097 3578/3579/3098
f 3578/3579/3098 3580/3580/3099 3577/3577/3096
f 3581/3581/3100 3583/3582/3101 3582/3583/3102
f 3582/3583/3102 3584/3584/3103 3581/3581/3100
f 3585/3585/3104 3584/3584/3103 3582/3583/3102
f 3582/3583/3102 3586/3586/3105 3585/3585/3104
f 3587/3587/3106 3589/3588/3216 3588/3589/3108
f 3588/3589/3108 3590/3590/3109 3587/3587/3106
f 3590/3590/3109 3588/3589/3108 3591/3591/3110
f 3592/3592/3111 3587/3587/3106 3590/3590/3109
f 3590/3590/3109 3593/3593/3112 3592/3592/3111
f 3593/3593/3112 3590/3590/3109 3591/3591/3110
f 3591/3591/3110 3594/3594/3113 3593/3593/3112
f 3595/3595/3189 3593/3593/3112 3594/3594/3113
f 3596/3596/3047 3598/3597/3048 3597/3598/3049
f 3597/3598/3049 3599/3599/3050 3596/3596/3047
f 3597/3598/3051 3601/3600/3052 3600/3601/3053
f 3600/3601/3053 3602/3602/3054 3597/3598/3051
f 3603/3603/3115 3605/3604/3116 3604/3605/3117
f 3604/3605/3117 3606/3606/3118 3603/3603/3115
f 3607/3607/3119 3609/3608/3120 3608/3609/3121
f 3608/3609/3121 3610/3610/3122 3607/3607/3119
f 3611/3611/3123 3607/3607/3119 3610/3610/3122
f 3612/3612/3217 3610/3610/3122 3608/3609/3121
f 3608/3609/3121 3613/3613/3125 3612/3612/3217
f 3610/3610/3122 3612/3612/3217 3614/3614/3218
f 3614/3614/3218 3611/3611/3123 3610/3610/3122
f 3613/3613/3125 3614/3614/3218 3612/3612/3217
f 3615/3615/3127 3611/3611/3123 3614/3614/3218
f 3614/3614/3218 3613/3613/3125 3615/3615/3127
f 3616/3616/3219 3618/3617/3129 3617/3618/3130
f 3617/3618/3130 3619/3619/3220 3616/3616/3219
f 3620/3620/3221 3616/3616/3219 3619/3619/3220
f 3621/3621/3222 3617/3618/3134 3622/3622/3135
f 3623/3623/3223 3620/3620/3224 3621/3621/3222
f 3621/3621/3222 3622/3622/3135 3623/3623/3223
f 3624/3624/3138 3626/3625/3139 3625/3626/3140
f 3625/3626/3140 3627/3627/3141 3624/3624/3138
f 3625/3626/3142 3629/3628/3143 3628/3629/3144
f 3628/3629/3144 3630/3630/3225 3625/3626/3142
f 3631/3631/3146 3633/3632/3147 3632/3633/3148
f 3632/3633/3148 3634/3634/3149 3631/3631/3146
f 3635/3635/3150 3631/3631/3146 3634/3634/3149
f 3634/3634/3149 3636/3636/3151 3635/3635/3150
f 3631/3631/3146 3635/3635/3150 3637/3637/3226
f 3637/3637/3226 3638/3638/3153 3631/3631/3146
f 3639/3639/3227 3637/3637/3226 3635/3635/3150
f 3635/3635/3150 3636/3636/3151 3639/3639/3227
f 3638/3638/3153 3639/3639/3227 3636/3636/3151
f 3637/3637/3226 3639/3639/3227 3638/3638/3153
f 3640/3640/3155 3642/3641/3156 3641/3642/3228
f 3641/3642/3228 3643/3643/3158 3640/3640/3155
f 3644/3644/3159 3646/3645/3160 3645/3646/3161
f 3645/3646/3161 3647/3647/3162 3644/3644/3159
f 3648/3648/3163 3647/3647/3162 3645/3646/3161
f 3645/3646/3161 3649/3649/3164 3648/3648/3163
f 3650/3650/3165 3649/3649/3164 3645/3646/3161
f 3651/3651/3201 3653/3652/3202 3652/3653/3203
f 3652/3653/3203 3654/3654/3204 3651/3651/3201
f 3655/3655/3205 3656/3656/3229 3651/3651/3207
f 3651/3651/3207 3657/3657/3208 3655/3655/3205
f 3658/3658/3166 3660/3659/3167 3659/3660/3168
f 3659/3660/3168 3661/3661/3169 3658/3658/3166
f 3662/3662/3230 3664/3663/3027 3663/3664/3028
f 3663/3664/3028 3665/3665/3029 3662/3662/3230
f 3665/3665/3029 3663/3664/3028 3666/3666/3030
f 3666/3666/3030 3667/3667/3031 3665/3665/3029
f 3668/3668/3032 3665/3665/3029 3667/3667/3031
f 3667/3667/3031 3669/3669/3033 3668/3668/3032
f 3670/3670/3231 3665/3665/3029 3668/3668/3032
f 3668/3668/3032 3669/3669/3033 3670/3670/3231
f 3662/3662/3230 3665/3665/3029 3670/3670/3231
f 3670/3670/3231 3669/3669/3033 3662/3662/3230
f 3671/3671/3035 3673/3672/3036 3672/3673/3037
f 3672/3673/3037 3674/3674/3038 3671/3671/3035
f 3675/3675/3172 3677/3676/3173 3676/3677/3174
f 3676/3677/3174 3678/3678/3175 3675/3675/3172
f 3679/3679/3176 3678/3678/3175 3676/3677/3174
f 3676/3677/3174 3680/3680/3177 3679/3679/3176
f 3681/3681/3178 3679/3679/3176 3680/3680/3177
f 3678/3678/3175 3679/3679/3176 3681/3681/3178
f 3681/3681/3178 3682/3682/3179 3678/3678/3175
f 3683/3683/3055 3685/3684/3056 3684/3685/3057
f 3684/3685/3057 3686/3686/3180 3683/3683/3055
f 3687/3687/3232 3689/3688/3233 3688/3689/3234
f 3688/3689/3234 3690/3690/3235 3687/3687/3232
f 3691/3691/3236 3693/3692/3237 3692/3693/3238
f 3692/3693/3238 3694/3694/3239 3691/3691/3236
f 3695/3695/3240 3691/3691/3236 3694/3694/3239
f 3694/3694/3239 3696/3696/3241 3695/3695/3240
f 3696/3696/3241 3694/3694/3239 3697/3697/3242
f 3697/3697/3242 3698/3698/3243 3696/3696/3241
f 3697/3697/3242 3694/3694/3239 3699/3699/3244
f 3699/3699/3244 3698/3698/3243 3697/3697/3242
f 3699/3699/3244 3694/3694/3239 3692/3693/3238
f 3692/3693/3238 3698/3698/3243 3699/3699/3244
f 3700/3700/3245 3702/3701/3246 3701/3702/3247
f 3701/3702/3247 3703/3703/3248 3700/3700/3245
f 3700/3700/3249 3705/3704/3250 3704/3705/3251
f 3704/3705/3251 3706/3706/3252 3700/3700/3249
f 3707/3707/3253 3709/3708/3254 3708/3709/3255
f 3708/3709/3255 3710/3710/3256 3707/3707/3253
f 3711/3711/3257 3707/3707/3253 3710/3710/3256
f 3710/3710/3256 3712/3712/3258 3711/3711/3257
f 3712/3712/3258 3710/3710/3256 3708/3709/3255
f 3708/3709/3255 3713/3713/3259 3712/3712/3258
f 3714/3714/3260 3716/3715/3261 3715/3716/3262
f 3715/3716/3262 3717/3717/3263 3714/3714/3260
f 3718/3718/3264 3720/3719/3265 3719/3720/3266
f 3719/3720/3266 3721/3721/3267 3718/3718/3264
f 3722/3722/3268 3723/3723/3269 3718/3718/3270
f 3718/3718/3270 3724/3724/3271 3722/3722/3268
f 3725/3725/3272 3727/3726/3273 3726/3727/3274
f 3726/3727/3274 3728/3728/3275 3725/3725/3272
f 3729/3729/3276 3725/3725/3272 3728/3728/3275
f 3730/3730/3277 3726/3727/3278 3731/3731/3279
f 3732/3732/3280 3729/3729/3281 3730/3730/3277
f 3730/3730/3277 3731/3731/3279 3732/3732/3280
f 3733/3733/3282 3735/3734/3283 3734/3735/3284
f 3734/3735/3284 3736/3736/3285 3733/3733/3282
f 3737/3737/3286 3736/3736/3285 3734/3735/3284
f 3738/3738/3287 3733/3733/3288 3739/3739/3289
f 3739/3739/3289 3737/3737/3290 3740/3740/3291
f 3740/3740/3291 3738/3738/3287 3739/3739/3289
f 3741/3741/3292 3743/3742/3293 3742/3743/3294
f 3742/3743/3294 3744/3744/3295 3741/3741/3292
f 3745/3745/3296 3747/3746/3297 3746/3747/3298
f 3746/3747/3298 3748/3748/3299 3745/3745/3296
f 3748/3748/3299 3746/3747/3298 3749/3749/3300
f 3749/3749/3300 3750/3750/3301 3748/3748/3299
f 3751/3751/3302 3749/3749/3300 3746/3747/3298
f 3746/3747/3298 3752/3752/3303 3751/3751/3302
f 3749/3749/3300 3751/3751/3302 3753/3753/3304
f 3753/3753/3304 3750/3750/3301 3749/3749/3300
f 3752/3752/3303 3750/3750/3301 3753/3753/3304
f 3753/3753/3304 3751/3751/3302 3752/3752/3303
f 3754/3754/3305 3756/3755/3306 3755/3756/3307
f 3755/3756/3307 3757/3757/3308 3754/3754/3305
f 3758/3758/3309 3757/3757/3308 3755/3756/3307
f 3759/3759/3310 3754/3754/3305 3757/3757/3308
f 3757/3757/3308 3758/3758/3309 3760/3760/3311
f 3760/3760/3311 3759/3759/3310 3757/3757/3308
f 3761/3761/3312 3759/3759/3310 3760/3760/3311
f 3760/3760/3311 3762/3762/3313 3761/3761/3312
f 3763/3763/3314 3765/3764/3315 3764/3765/3316
f 3764/3765/3316 3766/3766/3317 3763/3763/3314
f 3767/3767/3318 3763/3763/3314 3766/3766/3317
f 3768/3768/3319 3763/3763/3314 3767/3767/3318
f 3769/3769/3253 3771/3770/3254 3770/3771/3255
f 3770/3771/3255 3772/3772/3256 3769/3769/3253
f 3773/3773/3257 3769/3769/3253 3772/3772/3256
f 3772/3772/3256 3774/3774/3258 3773/3773/3257
f 3774/3774/3258 3772/3772/3256 3770/3771/3255
f 3770/3771/3255 3775/3775/3259 3774/3774/3258
f 3776/3776/3320 3778/3777/3321 3777/3778/3322
f 3777/3778/3322 3779/3779/3323 3776/3776/3320
f 3780/3780/3324 3782/3781/3325 3781/3782/3326
f 3781/3782/3326 3783/3783/3327 3780/3780/3324
f 3783/3783/3327 3781/3782/3326 3784/3784/3328
f 3780/3780/3324 3783/3783/3327 3785/3785/3329
f 3785/3785/3329 3786/3786/3330 3780/3780/3324
f 3787/3787/3331 3785/3785/3329 3783/3783/3327
f 3783/3783/3327 3784/3784/3328 3787/3787/3331
f 3786/3786/3330 3785/3785/3329 3787/3787/3331
f 3787/3787/3331 3784/3784/3328 3788/3788/3332
f 3788/3788/3332 3786/3786/3330 3787/3787/3331
f 3789/3789/3333 3791/3790/3334 3790/3791/3335
f 3790/3791/3335 3792/3792/3336 3789/3789/3333
f 3793/3793/3337 3792/3792/3336 3790/3791/3335
f 3794/3794/3338 3789/3789/3339 3795/3795/3340
f 3795/3795/3340 3793/3793/3341 3796/3796/3342
f 3796/3796/3342 3794/3794/3338 3795/3795/3340
f 3797/3797/3343 3799/3798/3344 3798/3799/3345
f 3798/3799/3345 3800/3800/3346 3797/3797/3343
f 3801/3801/3347 3802/3802/3348 3797/3797/3349
f 3797/3797/3349 3803/3803/3350 3801/3801/3347
f 3804/3804/3351 3806/3805/3352 3805/3806/3353
f 3805/3806/3353 3807/3807/3354 3804/3804/3351
f 3808/3808/3355 3810/3809/3356 3809/3810/3357
f 3809/3810/3357 3811/3811/3358 3808/3808/3355
f 3811/3811/3358 3809/3810/3357 3812/3812/3359
f 3812/3812/3359 3813/3813/3360 3811/3811/3358
f 3814/3814/3361 3812/3812/3359 3809/3810/3357
f 3809/3810/3357 3815/3815/3362 3814/3814/3361
f 3812/3812/3359 3814/3814/3361 3816/3816/3363
f 3816/3816/3363 3813/3813/3360 3812/3812/3359
f 3815/3815/3362 3813/3813/3360 3816/3816/3363
f 3816/3816/3363 3814/3814/3361 3815/3815/3362
f 3817/3817/3364 3819/3818/3365 3818/3819/3366
f 3818/3819/3366 3820/3820/3367 3817/3817/3364
f 3821/3821/3368 3817/3817/3364 3820/3820/3367
f 3822/3822/3369 3817/3817/3364 3821/3821/3368
f 3823/3823/3370 3825/3824/3371 3824/3825/3372
f 3824/3825/3372 3826/3826/3373 3823/3823/3370
f 3827/3827/3374 3823/3823/3370 3826/3826/3373
f 3828/3828/3375 3823/3823/3370 3827/3827/3374
f 3827/3827/3374 3829/3829/3376 3828/3828/3375
f 3829/3829/3376 3827/3827/3374 3826/3826/3373
f 3826/3826/3373 3824/3825/3372 3829/3829/3376
f 3830/3830/3377 3829/3829/3376 3824/3825/3372
f 3831/3831/3232 3833/3832/3233 3832/3833/3234
f 3832/3833/3234 3834/3834/3235 3831/3831/3232
f 3835/3835/3236 3837/3836/3237 3836/3837/3378
f 3836/3837/3378 3838/3838/3239 3835/3835/3236
f 3839/3839/3240 3835/3835/3236 3838/3838/3239
f 3838/3838/3239 3840/3840/3241 3839/3839/3240
f 3840/3840/3241 3838/3838/3239 3841/3841/3379
f 3841/3841/3379 3842/3842/3243 3840/3840/3241
f 3841/3841/3379 3838/3838/3239 3843/3843/3380
f 3843/3843/3380 3842/3842/3243 3841/3841/3379
f 3843/3843/3380 3838/3838/3239 3836/3837/3378
f 3836/3837/3378 3842/3842/3243 3843/3843/3380
f 3844/3844/3381 3846/3845/3382 3845/3846/3383
f 3845/3846/3383 3847/3847/3384 3844/3844/3381
f 3848/3848/3385 3844/3844/3381 3847/3847/3384
f 3847/3847/3384 3849/3849/3386 3848/3848/3385
f 3849/3849/3386 3847/3847/3384 3845/3846/3383
f 3845/3846/3383 3850/3850/3387 3849/3849/3386
f 3851/3851/3260 3853/3852/3261 3852/3853/3262
f 3852/3853/3262 3854/3854/3263 3851/3851/3260
f 3855/3855/3253 3857/3856/3254 3856/3857/3255
f 3856/3857/3255 3858/3858/3256 3855/3855/3253
f 3859/3859/3257 3855/3855/3253 3858/3858/3256
f 3858/3858/3256 3860/3860/3258 3859/3859/3257
f 3860/3860/3258 3858/3858/3256 3856/3857/3255
f 3856/3857/3255 3861/3861/3259 3860/3860/3258
f 3862/3862/3260 3864/3863/3261 3863/3864/3262
f 3863/3864/3262 3865/3865/3263 3862/3862/3260
f 3866/3866/3264 3868/3867/3388 3867/3868/3266
f 3867/3868/3266 3869/3869/3389 3866/3866/3264
f 3870/3870/3268 3871/3871/3269 3866/3866/3390
f 3866/3866/3390 3872/3872/3391 3870/3870/3268
f 3873/3873/3272 3875/3874/3273 3874/3875/3392
f 3874/3875/3392 3876/3876/3275 3873/3873/3272
f 3877/3877/3393 3873/3873/3272 3876/3876/3275
f 3878/3878/3277 3874/3875/3278 3879/3879/3279
f 3880/3880/3280 3877/3877/3281 3878/3878/3277
f 3878/3878/3277 3879/3879/3279 3880/3880/3280
f 3881/3881/3282 3883/3882/3283 3882/3883/3284
f 3882/3883/3284 3884/3884/3285 3881/3881/3282
f 3885/3885/3286 3884/3884/3285 3882/3883/3284
f 3886/3886/3287 3881/3881/3288 3887/3887/3289
f 3887/3887/3289 3885/3885/3290 3888/3888/3291
f 3888/3888/3291 3886/3886/3287 3887/3887/3289
f 3889/3889/3292 3891/3890/3293 3890/3891/3294
f 3890/3891/3294 3892/3892/3295 3889/3889/3292
f 3893/3893/3296 3895/3894/3297 3894/3895/3298
f 3894/3895/3298 3896/3896/3299 3893/3893/3296
f 3896/3896/3299 3894/3895/3298 3897/3897/3300
f 3897/3897/3300 3898/3898/3301 3896/3896/3299
f 3899/3899/3394 3897/3897/3300 3894/3895/3298
f 3894/3895/3298 3900/3900/3303 3899/3899/3394
f 3897/3897/3300 3899/3899/3394 3901/3901/3395
f 3901/3901/3395 3898/3898/3301 3897/3897/3300
f 3900/3900/3303 3898/3898/3301 3901/3901/3395
f 3901/3901/3395 3899/3899/3394 3900/3900/3303
f 3902/3902/3305 3904/3903/3306 3903/3904/3307
f 3903/3904/3307 3905/3905/3308 3902/3902/3305
f 3906/3906/3396 3905/3905/3308 3903/3904/3307
f 3907/3907/3310 3902/3902/3305 3905/3905/3308
f 3905/3905/3308 3906/3906/3396 3908/3908/3311
f 3908/3908/3311 3907/3907/3310 3905/3905/3308
f 3909/3909/3312 3907/3907/3310 3908/3908/3311
f 3908/3908/3311 3910/3910/3313 3909/3909/3312
f 3911/3911/3397 3913/3912/3315 3912/3913/3316
f 3912/3913/3316 3914/3914/3317 3911/3911/3397
f 3915/3915/3318 3911/3911/3397 3914/3914/3317
f 3916/3916/3319 3911/3911/3397 3915/3915/3318
f 3917/3917/3253 3919/3918/3254 3918/3919/3255
f 3918/3919/3255 3920/3920/3256 3917/3917/3253
f 3921/3921/3257 3917/3917/3253 3920/3920/3256
f 3920/3920/3256 3922/3922/3258 3921/3921/3257
f 3922/3922/3258 3920/3920/3256 3918/3919/3255
f 3918/3919/3255 3923/3923/3259 3922/3922/3258
f 3924/3924/3320 3926/3925/3398 3925/3926/3399
f 3925/3926/3399 3927/3927/3400 3924/3924/3320
f 3928/3928/3324 3930/3929/3325 3929/3930/3326
f 3929/3930/3326 3931/3931/3327 3928/3928/3324
f 3931/3931/3327 3929/3930/3326 3932/3932/3328
f 3928/3928/3324 3931/3931/3327 3933/3933/3401
f 3933/3933/3401 3934/3934/3330 3928/3928/3324
f 3935/3935/3331 3933/3933/3401 3931/3931/3327
f 3931/3931/3327 3932/3932/3328 3935/3935/3331
f 3934/3934/3330 3933/3933/3401 3935/3935/3331
f 3935/3935/3331 3932/3932/3328 3936/3936/3332
f 3936/3936/3332 3934/3934/3330 3935/3935/3331
f 3937/3937/3333 3939/3938/3334 3938/3939/3402
f 3938/3939/3402 3940/3940/3403 3937/3937/3333
f 3941/3941/3404 3940/3940/3403 3938/3939/3402
f 3942/3942/3338 3937/3937/3339 3943/3943/3405
f 3943/3943/3405 3941/3941/3406 3944/3944/3407
f 3944/3944/3407 3942/3942/3338 3943/3943/3405
f 3945/3945/3408 3947/3946/3344 3946/3947/3345
f 3946/3947/3345 3948/3948/3409 3945/3945/3408
f 3949/3949/3347 3950/3950/3348 3945/3945/3349
f 3945/3945/3349 3951/3951/3350 3949/3949/3347
f 3952/3952/3351 3954/3953/3352 3953/3954/3353
f 3953/3954/3353 3955/3955/3354 3952/3952/3351
f 3956/3956/3355 3958/3957/3356 3957/3958/3357
f 3957/3958/3357 3959/3959/3358 3956/3956/3355
f 3959/3959/3358 3957/3958/3357 3960/3960/3410
f 3960/3960/3410 3961/3961/3360 3959/3959/3358
f 3962/3962/3411 3960/3960/3410 3957/3958/3357
f 3957/3958/3357 3963/3963/3362 3962/3962/3411
f 3960/3960/3410 3962/3962/3411 3964/3964/3363
f 3964/3964/3363 3961/3961/3360 3960/3960/3410
f 3963/3963/3362 3961/3961/3360 3964/3964/3363
f 3964/3964/3363 3962/3962/3411 3963/3963/3362
f 3965/3965/3412 3967/3966/3413 3966/3967/3414
f 3966/3967/3414 3968/3968/3415 3965/3965/3412
f 3966/3967/3416 3970/3969/3417 3969/3970/3418
f 3969/3970/3418 3971/3971/3419 3966/3967/3416
f 3972/3972/3364 3974/3973/3365 3973/3974/3366
f 3973/3974/3366 3975/3975/3367 3972/3972/3364
f 3976/3976/3368 3972/3972/3364 3975/3975/3367
f 3977/3977/3369 3972/3972/3364 3976/3976/3368
f 3978/3978/3370 3980/3979/3371 3979/3980/3372
f 3979/3980/3372 3981/3981/3373 3978/3978/3370
f 3982/3982/3420 3978/3978/3370 3981/3981/3373
f 3983/3983/3375 3978/3978/3370 3982/3982/3420
f 3982/3982/3420 3984/3984/3376 3983/3983/3375
f 3984/3984/3376 3982/3982/3420 3981/3981/3373
f 3981/3981/3373 3979/3980/3372 3984/3984/3376
f 3985/3985/3377 3984/3984/3376 3979/3980/3372
f 3986/3986/3232 3988/3987/3233 3987/3988/3234
f 3987/3988/3234 3989/3989/3235 3986/3986/3232
f 3990/3990/3236 3992/3991/3237 3991/3992/3378
f 3991/3992/3378 3993/3993/3239 3990/3990/3236
f 3994/3994/3240 3990/3990/3236 3993/3993/3239
f 3993/3993/3239 3995/3995/3241 3994/3994/3240
f 3995/3995/3241 3993/3993/3239 3996/3996/3379
f 3996/3996/3379 3997/3997/3243 3995/3995/3241
f 3996/3996/3379 3993/3993/3239 3998/3998/3421
f 3998/3998/3421 3997/3997/3243 3996/3996/3379
f 3998/3998/3421 3993/3993/3239 3991/3992/3378
f 3991/3992/3378 3997/3997/3243 3998/3998/3421
f 3999/3999/3381 4001/4000/3382 4000/4001/3383
f 4000/4001/3383 4002/4002/3384 3999/3999/3381
f 4003/4003/3385 3999/3999/3381 4002/4002/3384
f 4002/4002/3384 4004/4004/3386 4003/4003/3385
f 4004/4004/3386 4002/4002/3384 4000/4001/3383
f 4000/4001/3383 4005/4005/3387 4004/4004/3386
f 4006/4006/3260 4008/4007/3261 4007/4008/3262
f 4007/4008/3262 4009/4009/3263 4006/4006/3260
f 4010/4010/3253 4012/4011/3254 4011/4012/3255
f 4011/4012/3255 4013/4013/3256 4010/4010/3253
f 4014/4014/3257 4010/4010/3253 4013/4013/3256
f 4013/4013/3256 4015/4015/3258 4014/4014/3257
f 4015/4015/3258 4013/4013/3256 4011/4012/3255
f 4011/4012/3255 4016/4016/3259 4015/4015/3258
f 4017/4017/3260 4019/4018/3261 4018/4019/3262
f 4018/4019/3262 4020/4020/3263 4017/4017/3260
f 4021/4021/3264 4023/4022/3265 4022/4023/3266
f 4022/4023/3266 4024/4024/3267 4021/4021/3264
f 4025/4025/3268 4026/4026/3269 4021/4021/3270
f 4021/4021/3270 4027/4027/3271 4025/4025/3268
f 4028/4028/3272 4030/4029/3273 4029/4030/3392
f 4029/4030/3392 4031/4031/3275 4028/4028/3272
f 4032/4032/3276 4028/4028/3272 4031/4031/3275
f 4033/4033/3277 4029/4030/3278 4034/4034/3279
f 4035/4035/3280 4032/4032/3281 4033/4033/3277
f 4033/4033/3277 4034/4034/3279 4035/4035/3280
f 4036/4036/3282 4038/4037/3283 4037/4038/3284
f 4037/4038/3284 4039/4039/3285 4036/4036/3282
f 4040/4040/3286 4039/4039/3285 4037/4038/3284
f 4041/4041/3287 4036/4036/3288 4042/4042/3289
f 4042/4042/3289 4040/4040/3290 4043/4043/3291
f 4043/4043/3291 4041/4041/3287 4042/4042/3289
f 4044/4044/3292 4046/4045/3293 4045/4046/3294
f 4045/4046/3294 4047/4047/3295 4044/4044/3292
f 4048/4048/3296 4050/4049/3297 4049/4050/3298
f 4049/4050/3298 4051/4051/3299 4048/4048/3296
f 4051/4051/3299 4049/4050/3298 4052/4052/3300
f 4052/4052/3300 4053/4053/3301 4051/4051/3299
f 4054/4054/3422 4052/4052/3300 4049/4050/3298
f 4049/4050/3298 4055/4055/3423 4054/4054/3422
f 4052/4052/3300 4054/4054/3422 4056/4056/3304
f 4056/4056/3304 4053/4053/3301 4052/4052/3300
f 4055/4055/3423 4053/4053/3301 4056/4056/3304
f 4056/4056/3304 4054/4054/3422 4055/4055/3423
f 4057/4057/3305 4059/4058/3306 4058/4059/3307
f 4058/4059/3307 4060/4060/3308 4057/4057/3305
f 4061/4061/3309 4060/4060/3308 4058/4059/3307
f 4062/4062/3310 4057/4057/3305 4060/4060/3308
f 4060/4060/3308 4061/4061/3309 4063/4063/3311
f 4063/4063/3311 4062/4062/3310 4060/4060/3308
f 4064/4064/3312 4062/4062/3310 4063/4063/3311
f 4063/4063/3311 4065/4065/3313 4064/4064/3312
f 4066/4066/3314 4068/4067/3315 4067/4068/3316
f 4067/4068/3316 4069/4069/3317 4066/4066/3314
f 4070/4070/3318 4066/4066/3314 4069/4069/3317
f 4071/4071/3424 4066/4066/3314 4070/4070/3318
f 4072/4072/3253 4074/4073/3254 4073/4074/3255
f 4073/4074/3255 4075/4075/3256 4072/4072/3253
f 4076/4076/3257 4072/4072/3253 4075/4075/3256
f 4075/4075/3256 4077/4077/3258 4076/4076/3257
f 4077/4077/3258 4075/4075/3256 4073/4074/3255
f 4073/4074/3255 4078/4078/3259 4077/4077/3258
f 4079/4079/3320 4081/4080/3321 4080/4081/3322
f 4080/4081/3322 4082/4082/3323 4079/4079/3320
f 4083/4083/3324 4085/4084/3325 4084/4085/3326
f 4084/4085/3326 4086/4086/3327 4083/4083/3324
f 4086/4086/3327 4084/4085/3326 4087/4087/3328
f 4083/4083/3324 4086/4086/3327 4088/4088/3425
f 4088/4088/3425 4089/4089/3330 4083/4083/3324
f 4088/4088/3425 4086/4086/3327 4090/4090/3331
f 4090/4090/3331 4089/4089/3330 4088/4088/3425
f 4090/4090/3331 4086/4086/3327 4087/4087/3328
f 4087/4087/3328 4091/4091/3332 4090/4090/3331
f 4089/4089/3330 4090/4090/3331 4091/4091/3332
f 4092/4092/3333 4094/4093/3334 4093/4094/3426
f 4093/4094/3426 4095/4095/3427 4092/4092/3333
f 4096/4096/3428 4095/4095/3427 4093/4094/3426
f 4097/4097/3338 4092/4092/3339 4098/4098/3429
f 4098/4098/3429 4096/4096/3430 4099/4099/3431
f 4099/4099/3431 4097/4097/3338 4098/4098/3429
f 4100/4100/3408 4102/4101/3344 4101/4102/3345
f 4101/4102/3345 4103/4103/3346 4100/4100/3408
f 4104/4104/3347 4105/4105/3348 4100/4100/3349
f 4100/4100/3349 4106/4106/3350 4104/4104/3347
f 4107/4107/3351 4109/4108/3352 4108/4109/3353
f 4108/4109/3353 4110/4110/3354 4107/4107/3351
f 4111/4111/3355 4113/4112/3356 4112/4113/3357
f 4112/4113/3357 4114/4114/3358 4111/4111/3355
f 4114/4114/3358 4112/4113/3357 4115/4115/3359
f 4115/4115/3359 4116/4116/3360 4114/4114/3358
f 4117/4117/3432 4115/4115/3359 4112/4113/3357
f 4112/4113/3357 4118/4118/3362 4117/4117/3432
f 4115/4115/3359 4117/4117/3432 4119/4119/3363
f 4119/4119/3363 4116/4116/3360 4115/4115/3359
f 4118/4118/3362 4116/4116/3360 4119/4119/3363
f 4119/4119/3363 4117/4117/3432 4118/4118/3362
f 4120/4120/3412 4122/4121/3413 4121/4122/3414
f 4121/4122/3414 4123/4123/3415 4120/4120/3412
f 4121/4122/3416 4125/4124/3417 4124/4125/3433
f 4124/4125/3433 4126/4126/3419 4121/4122/3416
f 4127/4127/3364 4129/4128/3365 4128/4129/3366
f 4128/4129/3366 4130/4130/3367 4127/4127/3364
f 4131/4131/3368 4127/4127/3364 4130/4130/3367
f 4132/4132/3369 4127/4127/3364 4131/4131/3368
f 4133/4133/3370 4135/4134/3371 4134/4135/3372
f 4134/4135/3372 4136/4136/3373 4133/4133/3370
f 4137/4137/3434 4133/4133/3370 4136/4136/3373
f 4138/4138/3375 4133/4133/3370 4137/4137/3434
f 4137/4137/3434 4139/4139/3376 4138/4138/3375
f 4139/4139/3376 4137/4137/3434 4136/4136/3373
f 4136/4136/3373 4134/4135/3372 4139/4139/3376
f 4140/4140/3377 4139/4139/3376 4134/4135/3372
f 4141/4141/3232 4143/4142/3233 4142/4143/3234
f 4142/4143/3234 4144/4144/3235 4141/4141/3232
f 4145/4145/3236 4147/4146/3237 4146/4147/3378
f 4146/4147/3378 4148/4148/3435 4145/4145/3236
f 4149/4149/3240 4145/4145/3236 4148/4148/3435
f 4148/4148/3435 4150/4150/3241 4149/4149/3240
f 4150/4150/3241 4148/4148/3435 4151/4151/3379
f 4151/4151/3379 4152/4152/3243 4150/4150/3241
f 4151/4151/3379 4148/4148/3435 4153/4153/3436
f 4153/4153/3436 4152/4152/3243 4151/4151/3379
f 4153/4153/3436 4148/4148/3435 4146/4147/3378
f 4146/4147/3378 4152/4152/3243 4153/4153/3436
f 4154/4154/3381 4156/4155/3382 4155/4156/3383
f 4155/4156/3383 4157/4157/3384 4154/4154/3381
f 4158/4158/3385 4154/4154/3381 4157/4157/3384
f 4157/4157/3384 4159/4159/3386 4158/4158/3385
f 4159/4159/3386 4157/4157/3384 4155/4156/3383
f 4155/4156/3383 4160/4160/3387 4159/4159/3386
f 4161/4161/3260 4163/4162/3261 4162/4163/3262
f 4162/4163/3262 4164/4164/3263 4161/4161/3260
f 4165/4165/3437 4167/4166/3438 4166/4167/3439
f 4166/4167/3439 4168/4168/3440 4165/4165/3437
f 4167/4166/3438 4168/4168/3440 4169/4169/3441
f 4169/4169/3441 4166/4167/3439 4167/4166/3438
f 4170/4170/3442 4169/4169/3441 4168/4168/3440
f 4168/4168/3440 4166/4167/3439 4170/4170/3442
f 4169/4169/3441 4170/4170/3442 4171/4171/3443
f 4171/4171/3443 4166/4167/3439 4169/4169/3441
f 4171/4171/3443 4170/4170/3442 4166/4167/3439
f 4172/4172/3437 4174/4173/3438 4173/4174/3439
f 4173/4174/3439 4175/4175/3440 4172/4172/3437
f 4174/4173/3438 4175/4175/3440 4176/4176/3444
f 4176/4176/3444 4173/4174/3439 4174/4173/3438
f 4177/4177/3442 4176/4176/3444 4175/4175/3440
f 4175/4175/3440 4173/4174/3439 4177/4177/3442
f 4176/4176/3444 4177/4177/3442 4178/4178/3445
f 4178/4178/3445 4173/4174/3439 4176/4176/3444
f 4178/4178/3445 4177/4177/3442 4173/4174/3439
f 4179/4179/3446 4181/4180/3438 4180/4181/3439
f 4180/4181/3439 4182/4182/3440 4179/4179/3446
f 4181/4180/3438 4182/4182/3440 4183/4183/3444
f 4183/4183/3444 4180/4181/3439 4181/4180/3438
f 4184/4184/3442 4183/4183/3444 4182/4182/3440
f 4182/4182/3440 4180/4181/3439 4184/4184/3442
f 4183/4183/3444 4184/4184/3442 4185/4185/3447
f 4185/4185/3447 4180/4181/3439 4183/4183/3444
f 4185/4185/3447 4184/4184/3442 4180/4181/3439
f 4186/4186/3446 4188/4187/3438 4187/4188/3439
f 4187/4188/3439 4189/4189/3440 4186/4186/3446
f 4188/4187/3438 4189/4189/3440 4190/4190/3444
f 4190/4190/3444 4187/4188/3439 4188/4187/3438
f 4191/4191/3442 4190/4190/3444 4189/4189/3440
f 4189/4189/3440 4187/4188/3439 4191/4191/3442
f 4190/4190/3444 4191/4191/3442 4192/4192/3447
f 4192/4192/3447 4187/4188/3439 4190/4190/3444
f 4192/4192/3447 4191/4191/3442 4187/4188/3439
f 4193/4193/3446 4195/4194/3438 4194/4195/3439
f 4194/4195/3439 4196/4196/3440 4193/4193/3446
f 4195/4194/3438 4196/4196/3440 4197/4197/3444
f 4197/4197/3444 4194/4195/3439 4195/4194/3438
f 4198/4198/3442 4197/4197/3444 4196/4196/3440
f 4196/4196/3440 4194/4195/3439 4198/4198/3442
f 4197/4197/3444 4198/4198/3442 4199/4199/3448
f 4199/4199/3448 4194/4195/3439 4197/4197/3444
f 4199/4199/3448 4198/4198/3442 4194/4195/3439
f 4200/4200/3446 4202/4201/3438 4201/4202/3439
f 4201/4202/3439 4203/4203/3440 4200/4200/3446
f 4202/4201/3438 4203/4203/3440 4204/4204/3444
f 4204/4204/3444 4201/4202/3439 4202/4201/3438
f 4205/4205/3442 4204/4204/3444 4203/4203/3440
f 4203/4203/3440 4201/4202/3439 4205/4205/3442
f 4204/4204/3444 4205/4205/3442 4206/4206/3449
f 4206/4206/3449 4201/4202/3439 4204/4204/3444
f 4206/4206/3449 4205/4205/3442 4201/4202/3439
f 4207/4207/3446 4209/4208/3438 4208/4209/3439
f 4208/4209/3439 4210/4210/3440 4207/4207/3446
f 4209/4208/3438 4210/4210/3440 4211/4211/3444
f 4211/4211/3444 4208/4209/3439 4209/4208/3438
f 4212/4212/3442 4211/4211/3444 4210/4210/3440
f 4210/4210/3440 4208/4209/3439 4212/4212/3442
f 4211/4211/3444 4212/4212/3442 4213/4213/3448
f 4213/4213/3448 4208/4209/3439 4211/4211/3444
f 4213/4213/3448 4212/4212/3442 4208/4209/3439
f 4214/4214/3437 4216/4215/3438 4215/4216/3439
f 4215/4216/3439 4217/4217/3440 4214/4214/3437
f 4216/4215/3438 4217/4217/3440 4218/4218/3444
f 4218/4218/3444 4215/4216/3439 4216/4215/3438
f 4219/4219/3442 4218/4218/3444 4217/4217/3440
f 4217/4217/3440 4215/4216/3439 4219/4219/3442
f 4218/4218/3444 4219/4219/3442 4220/4220/3450
f 4220/4220/3450 4215/4216/3439 4218/4218/3444
f 4220/4220/3450 4219/4219/3442 4215/4216/3439
f 4221/4221/3437 4223/4222/3438 4222/4223/3439
f 4222/4223/3439 4224/4224/3440 4221/4221/3437
f 4223/4222/3438 4224/4224/3440 4225/4225/3444
f 4225/4225/3444 4222/4223/3439 4223/4222/3438
f 4226/4226/3442 4225/4225/3444 4224/4224/3440
f 4224/4224/3440 4222/4223/3439 4226/4226/3442
f 4225/4225/3444 4226/4226/3442 4227/4227/3451
f 4227/4227/3451 4222/4223/3439 4225/4225/3444
f 4227/4227/3451 4226/4226/3442 4222/4223/3439
f 4228/4228/3437 4230/4229/3438 4229/4230/3439
f 4229/4230/3439 4231/4231/3440 4228/4228/3437
f 4230/4229/3438 4231/4231/3440 4232/4232/3444
f 4232/4232/3444 4229/4230/3439 4230/4229/3438
f 4233/4233/3442 4232/4232/3444 4231/4231/3440
f 4231/4231/3440 4229/4230/3439 4233/4233/3442
f 4232/4232/3444 4233/4233/3442 4234/4234/3452
f 4234/4234/3452 4229/4230/3439 4232/4232/3444
f 4234/4234/3452 4233/4233/3442 4229/4230/3439
f 4235/4235/3437 4237/4236/3438 4236/4237/3439
f 4236/4237/3439 4238/4238/3440 4235/4235/3437
f 4237/4236/3438 4238/4238/3440 4239/4239/3444
f 4239/4239/3444 4236/4237/3439 4237/4236/3438
f 4240/4240/3442 4239/4239/3444 4238/4238/3440
f 4238/4238/3440 4236/4237/3439 4240/4240/3442
f 4239/4239/3444 4240/4240/3442 4241/4241/3453
f 4241/4241/3453 4236/4237/3439 4239/4239/3444
f 4241/4241/3453 4240/4240/3442 4236/4237/3439
f 4242/4242/3454 4244/4243/3455 4243/4244/3456
f 4243/4244/3456 4245/4245/3457 4242/4242/3454
f 4246/4246/3458 4244/4243/3459 4247/4247/3460
f 4247/4247/3460 4245/4245/3457 4246/4246/3458
f 4245/4245/3457 4247/4247/3460 4248/4248/3461
f 4248/4248/3461 4242/4242/3454 4245/4245/3457
f 4249/4249/3462 4242/4242/3454 4248/4248/3461
f 4248/4248/3461 4247/4247/3460 4249/4249/3462
f 4250/4250/3463 4252/4251/3464 4251/4252/3465
f 4251/4252/3465 4253/4253/3466 4250/4250/3463
f 4254/4254/3467 4252/4251/3468 4255/4255/3469
f 4255/4255/3469 4253/4253/3466 4254/4254/3467
f 4253/4253/3466 4255/4255/3469 4256/4256/3470
f 4256/4256/3470 4250/4250/3463 4253/4253/3466
f 4257/4257/3471 4250/4250/3463 4256/4256/3470
f 4256/4256/3470 4255/4255/3469 4257/4257/3471
f 4258/4258/3446 4260/4259/3438 4259/4260/3439
f 4259/4260/3439 4261/4261/3440 4258/4258/3446
f 4260/4259/3438 4261/4261/3440 4262/4262/3444
f 4262/4262/3444 4259/4260/3439 4260/4259/3438
f 4263/4263/3442 4262/4262/3444 4261/4261/3440
f 4261/4261/3440 4259/4260/3439 4263/4263/3442
f 4262/4262/3444 4263/4263/3442 4264/4264/3448
f 4264/4264/3448 4259/4260/3439 4262/4262/3444
f 4264/4264/3448 4263/4263/3442 4259/4260/3439
f 4265/4265/3446 4267/4266/3438 4266/4267/3439
f 4266/4267/3439 4268/4268/3440 4265/4265/3446
f 4267/4266/3438 4268/4268/3440 4269/4269/3444
f 4269/4269/3444 4266/4267/3439 4267/4266/3438
f 4270/4270/3442 4269/4269/3444 4268/4268/3440
f 4268/4268/3440 4266/4267/3439 4270/4270/3442
f 4269/4269/3444 4270/4270/3442 4271/4271/3453
f 4271/4271/3453 4266/4267/3439 4269/4269/3444
f 4271/4271/3453 4270/4270/3442 4266/4267/3439
f 4272/4272/3446 4274/4273/3438 4273/4274/3439
f 4273/4274/3439 4275/4275/3440 4272/4272/3446
f 4274/4273/3438 4275/4275/3440 4276/4276/3444
f 4276/4276/3444 4273/4274/3439 4274/4273/3438
f 4277/4277/3442 4276/4276/3444 4275/4275/3440
f 4275/4275/3440 4273/4274/3439 4277/4277/3442
f 4276/4276/3444 4277/4277/3442 4278/4278/3472
f 4278/4278/3472 4273/4274/3439 4276/4276/3444
f 4278/4278/3472 4277/4277/3442 4273/4274/3439
f 4279/4279/3473 4281/4280/3474 4280/4281/3475
f 4280/4281/3475 4282/4282/3476 4279/4279/3473
f 4283/4283/3477 4281/4280/3474 4279/4279/3473
f 4279/4279/3473 4282/4282/3476 4284/4284/3478
f 4284/4284/3478 4283/4283/3477 4279/4279/3473
f 4283/4283/3477 4284/4284/3478 4285/4285/3479
f 4285/4285/3479 4281/4280/3474 4283/4283/3477
f 4282/4282/3476 4285/4285/3479 4284/4284/3478
f 4286/4286/3480 4281/4280/3474 4285/4285/3479
f 4285/4285/3479 4282/4282/3476 4286/4286/3480
f 4287/4287/3437 4289/4288/3438 4288/4289/3439
f 4288/4289/3439 4290/4290/3440 4287/4287/3437
f 4289/4288/3438 4290/4290/3440 4291/4291/3444
f 4291/4291/3444 4288/4289/3439 4289/4288/3438
f 4292/4292/3442 4291/4291/3444 4290/4290/3440
f 4290/4290/3440 4288/4289/3439 4292/4292/3442
f 4291/4291/3444 4292/4292/3442 4293/4293/3472
f 4293/4293/3472 4288/4289/3439 4291/4291/3444
f 4293/4293/3472 4292/4292/3442 4288/4289/3439
f 4294/4294/3437 4296/4295/3438 4295/4296/3439
f 4295/4296/3439 4297/4297/3440 4294/4294/3437
f 4296/4295/3438 4297/4297/3440 4298/4298/3444
f 4298/4298/3444 4295/4296/3439 4296/4295/3438
f 4299/4299/3442 4298/4298/3444 4297/4297/3440
f 4297/4297/3440 4295/4296/3439 4299/4299/3442
f 4298/4298/3444 4299/4299/3442 4300/4300/3472
f 4300/4300/3472 4295/4296/3439 4298/4298/3444
f 4300/4300/3472 4299/4299/3442 4295/4296/3439
f 4301/4301/3481 4303/4302/3482 4302/4303/3483
f 4302/4303/3483 4304/4304/3484 4301/4301/3481
f 4305/4305/3485 4303/4302/3486 4306/4306/3487
f 4306/4306/3487 4304/4304/3484 4305/4305/3485
f 4304/4304/3484 4306/4306/3487 4307/4307/3488
f 4307/4307/3488 4301/4301/3481 4304/4304/3484
f 4308/4308/3489 4301/4301/3481 4307/4307/3488
f 4307/4307/3488 4306/4306/3487 4308/4308/3489
f 4309/4309/3446 4311/4310/3438 4310/4311/3439
f 4310/4311/3439 4312/4312/3440 4309/4309/3446
f 4311/4310/3438 4312/4312/3440 4313/4313/3444
f 4313/4313/3444 4310/4311/3439 4311/4310/3438
f 4314/4314/3442 4313/4313/3444 4312/4312/3440
f 4312/4312/3440 4310/4311/3439 4314/4314/3442
f 4313/4313/3444 4314/4314/3442 4315/4315/3472
f 4315/4315/3472 4310/4311/3439 4313/4313/3444
f 4315/4315/3472 4314/4314/3442 4310/4311/3439
f 4316/4316/3446 4318/4317/3438 4317/4318/3439
f 4317/4318/3439 4319/4319/3440 4316/4316/3446
f 4318/4317/3438 4319/4319/3440 4320/4320/3444
f 4320/4320/3444 4317/4318/3439 4318/4317/3438
f 4321/4321/3442 4320/4320/3444 4319/4319/3440
f 4319/4319/3440 4317/4318/3439 4321/4321/3442
f 4320/4320/3444 4321/4321/3442 4322/4322/3453
f 4322/4322/3453 4317/4318/3439 4320/4320/3444
f 4322/4322/3453 4321/4321/3442 4317/4318/3439
f 4323/4323/3437 4325/4324/3438 4324/4325/3439
f 4324/4325/3439 4326/4326/3440 4323/4323/3437
f 4325/4324/3438 4326/4326/3440 4327/4327/3444
f 4327/4327/3444 4324/4325/3439 4325/4324/3438
f 4328/4328/3442 4327/4327/3444 4326/4326/3440
f 4326/4326/3440 4324/4325/3439 4328/4328/3442
f 4327/4327/3444 4328/4328/3442 4329/4329/3447
f 4329/4329/3447 4324/4325/3439 4327/4327/3444
f 4329/4329/3447 4328/4328/3442 4324/4325/3439
f 4330/4330/3446 4332/4331/3438 4331/4332/3439
f 4331/4332/3439 4333/4333/3440 4330/4330/3446
f 4332/4331/3438 4333/4333/3440 4334/4334/3444
f 4334/4334/3444 4331/4332/3439 4332/4331/3438
f 4335/4335/3442 4334/4334/3444 4333/4333/3440
f 4333/4333/3440 4331/4332/3439 4335/4335/3442
f 4334/4334/3444 4335/4335/3442 4336/4336/3448
f 4336/4336/3448 4331/4332/3439 4334/4334/3444
f 4336/4336/3448 4335/4335/3442 4331/4332/3439
f 4337/4337/3446 4339/4338/3438 4338/4339/3439
f 4338/4339/3439 4340/4340/3440 4337/4337/3446
f 4339/4338/3438 4340/4340/3440 4341/4341/3444
f 4341/4341/3444 4338/4339/3439 4339/4338/3438
f 4342/4342/3442 4341/4341/3444 4340/4340/3440
f 4340/4340/3440 4338/4339/3439 4342/4342/3442
f 4341/4341/3444 4342/4342/3442 4343/4343/3448
f 4343/4343/3448 4338/4339/3439 4341/4341/3444
f 4343/4343/3448 4342/4342/3442 4338/4339/3439
f 4344/4344/3446 4346/4345/3438 4345/4346/3439
f 4345/4346/3439 4347/4347/3440 4344/4344/3446
f 4346/4345/3438 4347/4347/3440 4348/4348/3444
f 4348/4348/3444 4345/4346/3439 4346/4345/3438
f 4349/4349/3442 4348/4348/3444 4347/4347/3440
f 4347/4347/3440 4345/4346/3439 4349/4349/3442
f 4348/4348/3444 4349/4349/3442 4350/4350/3472
f 4350/4350/3472 4345/4346/3439 4348/4348/3444
f 4350/4350/3472 4349/4349/3442 4345/4346/3439
f 4351/4351/3446 4353/4352/3438 4352/4353/3439
f 4352/4353/3439 4354/4354/3440 4351/4351/3446
f 4353/4352/3438 4354/4354/3440 4355/4355/3444
f 4355/4355/3444 4352/4353/3439 4353/4352/3438
f 4356/4356/3442 4355/4355/3444 4354/4354/3440
f 4354/4354/3440 4352/4353/3439 4356/4356/3442
f 4355/4355/3444 4356/4356/3442 4357/4357/3448
f 4357/4357/3448 4352/4353/3439 4355/4355/3444
f 4357/4357/3448 4356/4356/3442 4352/4353/3439
f 4358/4358/3463 4360/4359/3464 4359/4360/3465
f 4359/4360/3465 4361/4361/3466 4358/4358/3463
f 4362/4362/3467 4360/4359/3468 4363/4363/3469
f 4363/4363/3469 4361/4361/3466 4362/4362/3467
f 4361/4361/3466 4363/4363/3469 4364/4364/3490
f 4364/4364/3490 4358/4358/3463 4361/4361/3466
f 4365/4365/3471 4358/4358/3463 4364/4364/3490
f 4364/4364/3490 4363/4363/3469 4365/4365/3471
f 4366/4366/3491 4368/4367/3492 4367/4368/3493
f 4369/4369/3494 4367/4368/3495 4370/4370/3496
f 4370/4370/3496 4371/4371/3497 4369/4369/3494
f 4372/4372/3498 4371/4371/3497 4370/4370/3496
f 4373/4373/3499 4372/4372/3500 4368/4367/3492
f 4368/4367/3492 4366/4366/3491 4373/4373/3499
f 4374/4374/3501 4376/4375/3502 4375/4376/3503
f 4375/4376/3503 4377/4377/3504 4374/4374/3501
f 4378/4378/3505 4376/4375/3506 4379/4379/3507
f 4379/4379/3507 4377/4377/3504 4378/4378/3505
f 4377/4377/3504 4379/4379/3507 4380/4380/3508
f 4380/4380/3508 4374/4374/3501 4377/4377/3504
f 4381/4381/3509 4374/4374/3501 4380/4380/3508
f 4380/4380/3508 4379/4379/3507 4381/4381/3509
f 4382/4382/3510 4384/4383/3511 4383/4384/3512
f 4383/4384/3512 4385/4385/3513 4382/4382/3510
f 4386/4386/3514 4384/4383/3511 4382/4382/3510
f 4382/4382/3510 4385/4385/3513 4387/4387/3515
f 4387/4387/3515 4386/4386/3514 4382/4382/3510
f 4386/4386/3514 4387/4387/3515 4388/4388/3516
f 4388/4388/3516 4384/4383/3511 4386/4386/3514
f 4385/4385/3513 4388/4388/3516 4387/4387/3515
f 4389/4389/3517 4384/4383/3511 4388/4388/3516
f 4388/4388/3516 4385/4385/3513 4389/4389/3517
f 4390/4390/3473 4392/4391/3474 4391/4392/3475
f 4391/4392/3475 4393/4393/3476 4390/4390/3473
f 4394/4394/3518 4392/4391/3474 4390/4390/3473
f 4390/4390/3473 4393/4393/3476 4395/4395/3478
f 4395/4395/3478 4394/4394/3518 4390/4390/3473
f 4394/4394/3518 4395/4395/3478 4396/4396/3479
f 4396/4396/3479 4392/4391/3474 4394/4394/3518
f 4393/4393/3476 4396/4396/3479 4395/4395/3478
f 4397/4397/3480 4392/4391/3474 4396/4396/3479
f 4396/4396/3479 4393/4393/3476 4397/4397/3480
f 4398/4398/3519 4400/4399/3520 4399/4400/3465
f 4399/4400/3465 4401/4401/3466 4398/4398/3519
f 4402/4402/3467 4400/4399/3468 4403/4403/3469
f 4403/4403/3469 4401/4401/3466 4402/4402/3467
f 4401/4401/3466 4403/4403/3469 4404/4404/3490
f 4404/4404/3490 4398/4398/3519 4401/4401/3466
f 4405/4405/3471 4398/4398/3519 4404/4404/3490
f 4404/4404/3490 4403/4403/3469 4405/4405/3471
f 4406/4406/3446 4408/4407/3438 4407/4408/3439
f 4407/4408/3439 4409/4409/3440 4406/4406/3446
f 4408/4407/3438 4409/4409/3440 4410/4410/3444
f 4410/4410/3444 4407/4408/3439 4408/4407/3438
f 4411/4411/3442 4410/4410/3444 4409/4409/3440
f 4409/4409/3440 4407/4408/3439 4411/4411/3442
f 4410/4410/3444 4411/4411/3442 4412/4412/3521
f 4412/4412/3521 4407/4408/3439 4410/4410/3444
f 4412/4412/3521 4411/4411/3442 4407/4408/3439
f 4413/4413/3437 4415/4414/3438 4414/4415/3439
f 4414/4415/3439 4416/4416/3440 4413/4413/3437
f 4415/4414/3438 4416/4416/3440 4417/4417/3444
f 4417/4417/3444 4414/4415/3439 4415/4414/3438
f 4418/4418/3442 4417/4417/3444 4416/4416/3440
f 4416/4416/3440 4414/4415/3439 4418/4418/3442
f 4417/4417/3444 4418/4418/3442 4419/4419/3448
f 4419/4419/3448 4414/4415/3439 4417/4417/3444
f 4419/4419/3448 4418/4418/3442 4414/4415/3439
f 4420/4420/3446 4422/4421/3438 4421/4422/3439
f 4421/4422/3439 4423/4423/3440 4420/4420/3446
f 4422/4421/3438 4423/4423/3440 4424/4424/3444
f 4424/4424/3444 4421/4422/3439 4422/4421/3438
f 4425/4425/3442 4424/4424/3444 4423/4423/3440
f 4423/4423/3440 4421/4422/3439 4425/4425/3442
f 4424/4424/3444 4425/4425/3442 4426/4426/3522
f 4426/4426/3522 4421/4422/3439 4424/4424/3444
f 4426/4426/3522 4425/4425/3442 4421/4422/3439
f 4427/4427/3473 4429/4428/3474 4428/4429/3475
f 4428/4429/3475 4430/4430/3476 4427/4427/3473
f 4431/4431/3523 4429/4428/3474 4427/4427/3473
f 4427/4427/3473 4430/4430/3476 4432/4432/3478
f 4432/4432/3478 4431/4431/3523 4427/4427/3473
f 4431/4431/3523 4432/4432/3478 4433/4433/3479
f 4433/4433/3479 4429/4428/3474 4431/4431/3523
f 4430/4430/3476 4433/4433/3479 4432/4432/3478
f 4434/4434/3480 4429/4428/3474 4433/4433/3479
f 4433/4433/3479 4430/4430/3476 4434/4434/3480
f 4435/4435/3437 4437/4436/3438 4436/4437/3439
f 4436/4437/3439 4438/4438/3440 4435/4435/3437
f 4437/4436/3438 4438/4438/3440 4439/4439/3444
f 4439/4439/3444 4436/4437/3439 4437/4436/3438
f 4440/4440/3442 4439/4439/3444 4438/4438/3440
f 4438/4438/3440 4436/4437/3439 4440/4440/3442
f 4439/4439/3444 4440/4440/3442 4441/4441/3451
f 4441/4441/3451 4436/4437/3439 4439/4439/3444
f 4441/4441/3451 4440/4440/3442 4436/4437/3439
f 4442/4442/3446 4444/4443/3438 4443/4444/3439
f 4443/4444/3439 4445/4445/3440 4442/4442/3446
f 4444/4443/3438 4445/4445/3440 4446/4446/3444
f 4446/4446/3444 4443/4444/3439 4444/4443/3438
f 4447/4447/3442 4446/4446/3444 4445/4445/3440
f 4445/4445/3440 4443/4444/3439 4447/4447/3442
f 4446/4446/3444 4447/4447/3442 4448/4448/3524
f 4448/4448/3524 4443/4444/3439 4446/4446/3444
f 4448/4448/3524 4447/4447/3442 4443/4444/3439
f 4449/4449/3481 4451/4450/3525 4450/4451/3483
f 4450/4451/3483 4452/4452/3526 4449/4449/3481
f 4453/4453/3485 4451/4450/3486 4454/4454/3487
f 4454/4454/3487 4452/4452/3526 4453/4453/3485
f 4452/4452/3526 4454/4454/3487 4455/4455/3488
f 4455/4455/3488 4449/4449/3481 4452/4452/3526
f 4456/4456/3527 4449/4449/3481 4455/4455/3488
f 4455/4455/3488 4454/4454/3487 4456/4456/3527
f 4457/4457/3446 4459/4458/3438 4458/4459/3439
f 4458/4459/3439 4460/4460/3440 4457/4457/3446
f 4459/4458/3438 4460/4460/3440 4461/4461/3444
f 4461/4461/3444 4458/4459/3439 4459/4458/3438
f 4462/4462/3442 4461/4461/3444 4460/4460/3440
f 4460/4460/3440 4458/4459/3439 4462/4462/3442
f 4461/4461/3444 4462/4462/3442 4463/4463/3472
f 4463/4463/3472 4458/4459/3439 4461/4461/3444
f 4463/4463/3472 4462/4462/3442 4458/4459/3439
f 4464/4464/3446 4466/4465/3438 4465/4466/3439
f 4465/4466/3439 4467/4467/3440 4464/4464/3446
f 4466/4465/3438 4467/4467/3440 4468/4468/3444
f 4468/4468/3444 4465/4466/3439 4466/4465/3438
f 4469/4469/3442 4468/4468/3444 4467/4467/3440
f 4467/4467/3440 4465/4466/3439 4469/4469/3442
f 4468/4468/3444 4469/4469/3442 4470/4470/3448
f 4470/4470/3448 4465/4466/3439 4468/4468/3444
f 4470/4470/3448 4469/4469/3442 4465/4466/3439
f 4471/4471/3446 4473/4472/3438 4472/4473/3439
f 4472/4473/3439 4474/4474/3440 4471/4471/3446
f 4473/4472/3438 4474/4474/3440 4475/4475/3444
f 4475/4475/3444 4472/4473/3439 4473/4472/3438
f 4476/4476/3442 4475/4475/3444 4474/4474/3440
f 4474/4474/3440 4472/4473/3439 4476/4476/3442
f 4475/4475/3444 4476/4476/3442 4477/4477/3528
f 4477/4477/3528 4472/4473/3439 4475/4475/3444
f 4477/4477/3528 4476/4476/3442 4472/4473/3439
f 4478/4478/3446 4480/4479/3438 4479/4480/3439
f 4479/4480/3439 4481/4481/3440 4478/4478/3446
f 4480/4479/3438 4481/4481/3440 4482/4482/3444
f 4482/4482/3444 4479/4480/3439 4480/4479/3438
f 4483/4483/3442 4482/4482/3444 4481/4481/3440
f 4481/4481/3440 4479/4480/3439 4483/4483/3442
f 4482/4482/3444 4483/4483/3442 4484/4484/3528
f 4484/4484/3528 4479/4480/3439 4482/4482/3444
f 4484/4484/3528 4483/4483/3442 4479/4480/3439
f 4485/4485/3437 4487/4486/3438 4486/4487/3439
f 4486/4487/3439 4488/4488/3440 4485/4485/3437
f 4487/4486/3438 4488/4488/3440 4489/4489/3444
f 4489/4489/3444 4486/4487/3439 4487/4486/3438
f 4490/4490/3442 4489/4489/3444 4488/4488/3440
f 4488/4488/3440 4486/4487/3439 4490/4490/3442
f 4489/4489/3444 4490/4490/3442 4491/4491/3529
f 4491/4491/3529 4486/4487/3439 4489/4489/3444
f 4491/4491/3529 4490/4490/3442 4486/4487/3439
f 4492/4492/3437 4494/4493/3438 4493/4494/3530
f 4493/4494/3530 4495/4495/3440 4492/4492/3437
f 4494/4493/3438 4495/4495/3440 4496/4496/3444
f 4496/4496/3444 4493/4494/3530 4494/4493/3438
f 4497/4497/3442 4496/4496/3444 4495/4495/3440
f 4495/4495/3440 4493/4494/3530 4497/4497/3442
f 4496/4496/3444 4497/4497/3442 4498/4498/3524
f 4498/4498/3524 4493/4494/3530 4496/4496/3444
f 4498/4498/3524 4497/4497/3442 4493/4494/3530
f 4499/4499/3446 4501/4500/3438 4500/4501/3439
f 4500/4501/3439 4502/4502/3440 4499/4499/3446
f 4501/4500/3438 4502/4502/3440 4503/4503/3444
f 4503/4503/3444 4500/4501/3439 4501/4500/3438
f 4504/4504/3442 4503/4503/3444 4502/4502/3440
f 4502/4502/3440 4500/4501/3439 4504/4504/3442
f 4503/4503/3444 4504/4504/3442 4505/4505/3531
f 4505/4505/3531 4500/4501/3439 4503/4503/3444
f 4505/4505/3531 4504/4504/3442 4500/4501/3439
f 4506/4506/3463 4508/4507/3464 4507/4508/3465
f 4507/4508/3465 4509/4509/3466 4506/4506/3463
f 4510/4510/3467 4508/4507/3468 4511/4511/3469
f 4511/4511/3469 4509/4509/3466 4510/4510/3467
f 4509/4509/3466 4511/4511/3469 4512/4512/3490
f 4512/4512/3490 4506/4506/3463 4509/4509/3466
f 4513/4513/3471 4506/4506/3463 4512/4512/3490
f 4512/4512/3490 4511/4511/3469 4513/4513/3471
f 4514/4514/3491 4516/4515/3532 4515/4516/3533
f 4517/4517/3534 4515/4516/3495 4518/4518/3535
f 4518/4518/3535 4519/4519/3536 4517/4517/3534
f 4520/4520/3537 4519/4519/3536 4518/4518/3535
f 4521/4521/3538 4520/4520/3539 4516/4515/3532
f 4516/4515/3532 4514/4514/3491 4521/4521/3538
f 4522/4522/3501 4524/4523/3502 4523/4524/3503
f 4523/4524/3503 4525/4525/3504 4522/4522/3501
f 4526/4526/3505 4524/4523/3540 4527/4527/3507
f 4527/4527/3507 4525/4525/3504 4526/4526/3505
f 4525/4525/3504 4527/4527/3507 4528/4528/3508
f 4528/4528/3508 4522/4522/3501 4525/4525/3504
f 4529/4529/3509 4522/4522/3501 4528/4528/3508
f 4528/4528/3508 4527/4527/3507 4529/4529/3509
f 4530/4530/3541 4532/4531/3542 4531/4532/3543
f 4531/4532/3543 4533/4533/3544 4530/4530/3541
f 4534/4534/3545 4532/4531/3542 4530/4530/3541
f 4530/4530/3541 4533/4533/3544 4534/4534/3545
f 4532/4531/3542 4534/4534/3545 4535/4535/3546
f 4535/4535/3546 4536/4536/3547 4532/4531/3542
f 4537/4537/3548 4534/4534/3545 4533/4533/3544
f 4533/4533/3544 4536/4536/3549 4537/4537/3548
f 4538/4538/3510 4540/4539/3511 4539/4540/3512
f 4539/4540/3512 4541/4541/3513 4538/4538/3510
f 4542/4542/3550 4540/4539/3511 4538/4538/3510
f 4538/4538/3510 4541/4541/3513 4543/4543/3515
f 4543/4543/3515 4542/4542/3550 4538/4538/3510
f 4542/4542/3550 4543/4543/3515 4544/4544/3516
f 4544/4544/3516 4540/4539/3511 4542/4542/3550
f 4541/4541/3513 4544/4544/3516 4543/4543/3515
f 4545/4545/3517 4540/4539/3511 4544/4544/3516
f 4544/4544/3516 4541/4541/3513 4545/4545/3517
f 4546/4546/3473 4548/4547/3474 4547/4548/3475
f 4547/4548/3475 4549/4549/3476 4546/4546/3473
f 4550/4550/3551 4548/4547/3474 4546/4546/3473
f 4546/4546/3473 4549/4549/3476 4551/4551/3478
f 4551/4551/3478 4550/4550/3551 4546/4546/3473
f 4550/4550/3551 4551/4551/3478 4552/4552/3479
f 4552/4552/3479 4548/4547/3474 4550/4550/3551
f 4549/4549/3476 4552/4552/3479 4551/4551/3478
f 4553/4553/3480 4548/4547/3474 4552/4552/3479
f 4552/4552/3479 4549/4549/3476 4553/4553/3480
f 4554/4554/3463 4556/4555/3464 4555/4556/3465
f 4555/4556/3465 4557/4557/3466 4554/4554/3463
f 4558/4558/3467 4556/4555/3468 4559/4559/3469
f 4559/4559/3469 4557/4557/3466 4558/4558/3467
f 4557/4557/3466 4559/4559/3469 4560/4560/3470
f 4560/4560/3470 4554/4554/3463 4557/4557/3466
f 4561/4561/3471 4554/4554/3463 4560/4560/3470
f 4560/4560/3470 4559/4559/3469 4561/4561/3471
f 4562/4562/3446 4564/4563/3438 4563/4564/3439
f 4563/4564/3439 4565/4565/3440 4562/4562/3446
f 4564/4563/3438 4565/4565/3440 4566/4566/3444
f 4566/4566/3444 4563/4564/3439 4564/4563/3438
f 4567/4567/3442 4566/4566/3444 4565/4565/3440
f 4565/4565/3440 4563/4564/3439 4567/4567/3442
f 4566/4566/3444 4567/4567/3442 4568/4568/3552
f 4568/4568/3552 4563/4564/3439 4566/4566/3444
f 4568/4568/3552 4567/4567/3442 4563/4564/3439
f 4569/4569/3446 4571/4570/3438 4570/4571/3439
f 4570/4571/3439 4572/4572/3440 4569/4569/3446
f 4571/4570/3438 4572/4572/3440 4573/4573/3441
f 4573/4573/3441 4570/4571/3439 4571/4570/3438
f 4574/4574/3442 4573/4573/3441 4572/4572/3440
f 4572/4572/3440 4570/4571/3439 4574/4574/3442
f 4573/4573/3441 4574/4574/3442 4575/4575/3449
f 4575/4575/3449 4570/4571/3439 4573/4573/3441
f 4575/4575/3449 4574/4574/3442 4570/4571/3439
f 4576/4576/3446 4578/4577/3438 4577/4578/3439
f 4577/4578/3439 4579/4579/3440 4576/4576/3446
f 4578/4577/3438 4579/4579/3440 4580/4580/3444
f 4580/4580/3444 4577/4578/3439 4578/4577/3438
f 4581/4581/3442 4580/4580/3444 4579/4579/3440
f 4579/4579/3440 4577/4578/3439 4581/4581/3442
f 4580/4580/3444 4581/4581/3442 4582/4582/3553
f 4582/4582/3553 4577/4578/3439 4580/4580/3444
f 4582/4582/3553 4581/4581/3442 4577/4578/3439
f 4583/4583/3473 4585/4584/3554 4584/4585/3475
f 4584/4585/3475 4586/4586/3476 4583/4583/3473
f 4587/4587/3555 4585/4584/3554 4583/4583/3473
f 4583/4583/3473 4586/4586/3476 4588/4588/3478
f 4588/4588/3478 4587/4587/3555 4583/4583/3473
f 4587/4587/3555 4588/4588/3478 4589/4589/3479
f 4589/4589/3479 4585/4584/3554 4587/4587/3555
f 4586/4586/3476 4589/4589/3479 4588/4588/3478
f 4590/4590/3480 4585/4584/3554 4589/4589/3479
f 4589/4589/3479 4586/4586/3476 4590/4590/3480
f 4591/4591/3437 4593/4592/3438 4592/4593/3439
f 4592/4593/3439 4594/4594/3440 4591/4591/3437
f 4593/4592/3438 4594/4594/3440 4595/4595/3444
f 4595/4595/3444 4592/4593/3439 4593/4592/3438
f 4596/4596/3442 4595/4595/3444 4594/4594/3440
f 4594/4594/3440 4592/4593/3439 4596/4596/3442
f 4595/4595/3444 4596/4596/3442 4597/4597/3445
f 4597/4597/3445 4592/4593/3439 4595/4595/3444
f 4597/4597/3445 4596/4596/3442 4592/4593/3439
f 4598/4598/3446 4600/4599/3438 4599/4600/3439
f 4599/4600/3439 4601/4601/3440 4598/4598/3446
f 4600/4599/3438 4601/4601/3440 4602/4602/3444
f 4602/4602/3444 4599/4600/3439 4600/4599/3438
f 4603/4603/3442 4602/4602/3444 4601/4601/3440
f 4601/4601/3440 4599/4600/3439 4603/4603/3442
f 4602/4602/3444 4603/4603/3442 4604/4604/3552
f 4604/4604/3552 4599/4600/3439 4602/4602/3444
f 4604/4604/3552 4603/4603/3442 4599/4600/3439
f 4605/4605/3481 4607/4606/3482 4606/4607/3483
f 4606/4607/3483 4608/4608/3484 4605/4605/3481
f 4609/4609/3485 4607/4606/3486 4610/4610/3487
f 4610/4610/3487 4608/4608/3484 4609/4609/3485
f 4608/4608/3484 4610/4610/3487 4611/4611/3488
f 4611/4611/3488 4605/4605/3481 4608/4608/3484
f 4612/4612/3489 4605/4605/3481 4611/4611/3488
f 4611/4611/3488 4610/4610/3487 4612/4612/3489
f 4613/4613/3446 4615/4614/3438 4614/4615/3439
f 4614/4615/3439 4616/4616/3440 4613/4613/3446
f 4615/4614/3438 4616/4616/3440 4617/4617/3444
f 4617/4617/3444 4614/4615/3439 4615/4614/3438
f 4618/4618/3442 4617/4617/3444 4616/4616/3440
f 4616/4616/3440 4614/4615/3439 4618/4618/3442
f 4617/4617/3444 4618/4618/3442 4619/4619/3556
f 4619/4619/3556 4614/4615/3439 4617/4617/3444
f 4619/4619/3556 4618/4618/3442 4614/4615/3439
f 4620/4620/3446 4622/4621/3438 4621/4622/3439
f 4621/4622/3439 4623/4623/3440 4620/4620/3446
f 4622/4621/3438 4623/4623/3440 4624/4624/3444
f 4624/4624/3444 4621/4622/3439 4622/4621/3438
f 4625/4625/3442 4624/4624/3444 4623/4623/3440
f 4623/4623/3440 4621/4622/3439 4625/4625/3442
f 4624/4624/3444 4625/4625/3442 4626/4626/3557
f 4626/4626/3557 4621/4622/3439 4624/4624/3444
f 4626/4626/3557 4625/4625/3442 4621/4622/3439
f 4627/4627/3437 4629/4628/3438 4628/4629/3439
f 4628/4629/3439 4630/4630/3440 4627/4627/3437
f 4629/4628/3438 4630/4630/3440 4631/4631/3444
f 4631/4631/3444 4628/4629/3439 4629/4628/3438
f 4632/4632/3442 4631/4631/3444 4630/4630/3440
f 4630/4630/3440 4628/4629/3439 4632/4632/3442
f 4631/4631/3444 4632/4632/3442 4633/4633/3558
f 4633/4633/3558 4628/4629/3439 4631/4631/3444
f 4633/4633/3558 4632/4632/3442 4628/4629/3439
f 4634/4634/3446 4636/4635/3438 4635/4636/3439
f 4635/4636/3439 4637/4637/3440 4634/4634/3446
f 4636/4635/3438 4637/4637/3440 4638/4638/3444
f 4638/4638/3444 4635/4636/3439 4636/4635/3438
f 4639/4639/3442 4638/4638/3444 4637/4637/3440
f 4637/4637/3440 4635/4636/3439 4639/4639/3442
f 4638/4638/3444 4639/4639/3442 4640/4640/3445
f 4640/4640/3445 4635/4636/3439 4638/4638/3444
f 4640/4640/3445 4639/4639/3442 4635/4636/3439
f 4641/4641/3446 4643/4642/3438 4642/4643/3439
f 4642/4643/3439 4644/4644/3440 4641/4641/3446
f 4643/4642/3438 4644/4644/3440 4645/4645/3444
f 4645/4645/3444 4642/4643/3439 4643/4642/3438
f 4646/4646/3442 4645/4645/3444 4644/4644/3440
f 4644/4644/3440 4642/4643/3439 4646/4646/3442
f 4645/4645/3444 4646/4646/3442 4647/4647/3559
f 4647/4647/3559 4642/4643/3439 4645/4645/3444
f 4647/4647/3559 4646/4646/3442 4642/4643/3439
f 4648/4648/3437 4650/4649/3438 4649/4650/3530
f 4649/4650/3530 4651/4651/3440 4648/4648/3437
f 4650/4649/3438 4651/4651/3440 4652/4652/3444
f 4652/4652/3444 4649/4650/3530 4650/4649/3438
f 4653/4653/3442 4652/4652/3444 4651/4651/3440
f 4651/4651/3440 4649/4650/3530 4653/4653/3442
f 4652/4652/3444 4653/4653/3442 4654/4654/3560
f 4654/4654/3560 4649/4650/3530 4652/4652/3444
f 4654/4654/3560 4653/4653/3442 4649/4650/3530
f 4655/4655/3437 4657/4656/3438 4656/4657/3439
f 4656/4657/3439 4658/4658/3440 4655/4655/3437
f 4657/4656/3438 4658/4658/3440 4659/4659/3444
f 4659/4659/3444 4656/4657/3439 4657/4656/3438
f 4660/4660/3442 4659/4659/3444 4658/4658/3440
f 4658/4658/3440 4656/4657/3439 4660/4660/3442
f 4659/4659/3444 4660/4660/3442 4661/4661/3556
f 4661/4661/3556 4656/4657/3439 4659/4659/3444
f 4661/4661/3556 4660/4660/3442 4656/4657/3439
f 4662/4662/3519 4664/4663/3464 4663/4664/3465
f 4663/4664/3465 4665/4665/3466 4662/4662/3519
f 4666/4666/3467 4664/4663/3468 4667/4667/3469
f 4667/4667/3469 4665/4665/3466 4666/4666/3467
f 4665/4665/3466 4667/4667/3469 4668/4668/3490
f 4668/4668/3490 4662/4662/3519 4665/4665/3466
f 4669/4669/3561 4662/4662/3519 4668/4668/3490
f 4668/4668/3490 4667/4667/3469 4669/4669/3561
f 4670/4670/3491 4672/4671/3562 4671/4672/3493
f 4673/4673/3494 4671/4672/3495 4674/4674/3563
f 4674/4674/3563 4675/4675/3564 4673/4673/3494
f 4676/4676/3565 4675/4675/3564 4674/4674/3563
f 4677/4677/3566 4676/4676/3567 4672/4671/3562
f 4672/4671/3562 4670/4670/3491 4677/4677/3566
f 4678/4678/3501 4680/4679/3502 4679/4680/3503
f 4679/4680/3503 4681/4681/3504 4678/4678/3501
f 4682/4682/3505 4680/4679/3540 4683/4683/3507
f 4683/4683/3507 4681/4681/3504 4682/4682/3505
f 4681/4681/3504 4683/4683/3507 4684/4684/3508
f 4684/4684/3508 4678/4678/3501 4681/4681/3504
f 4685/4685/3509 4678/4678/3501 4684/4684/3508
f 4684/4684/3508 4683/4683/3507 4685/4685/3509
f 4686/4686/3541 4688/4687/3542 4687/4688/3543
f 4687/4688/3543 4689/4689/3544 4686/4686/3541
f 4690/4690/3545 4688/4687/3542 4686/4686/3541
f 4686/4686/3541 4689/4689/3544 4690/4690/3545
f 4688/4687/3542 4690/4690/3545 4691/4691/3546
f 4691/4691/3546 4692/4692/3547 4688/4687/3542
f 4693/4693/3548 4690/4690/3545 4689/4689/3544
f 4689/4689/3544 4692/4692/3549 4693/4693/3548
f 4694/4694/3510 4696/4695/3511 4695/4696/3512
f 4695/4696/3512 4697/4697/3513 4694/4694/3510
f 4698/4698/3568 4696/4695/3511 4694/4694/3510
f 4694/4694/3510 4697/4697/3513 4699/4699/3515
f 4699/4699/3515 4698/4698/3568 4694/4694/3510
f 4698/4698/3568 4699/4699/3515 4700/4700/3516
f 4700/4700/3516 4696/4695/3511 4698/4698/3568
f 4697/4697/3513 4700/4700/3516 4699/4699/3515
f 4701/4701/3517 4696/4695/3511 4700/4700/3516
f 4700/4700/3516 4697/4697/3513 4701/4701/3517
f 4702/4702/3473 4704/4703/3474 4703/4704/3475
f 4703/4704/3475 4705/4705/3476 4702/4702/3473
f 4706/4706/3569 4704/4703/3474 4702/4702/3473
f 4702/4702/3473 4705/4705/3476 4707/4707/3478
f 4707/4707/3478 4706/4706/3569 4702/4702/3473
f 4706/4706/3569 4707/4707/3478 4708/4708/3479
f 4708/4708/3479 4704/4703/3474 4706/4706/3569
f 4705/4705/3476 4708/4708/3479 4707/4707/3478
f 4709/4709/3480 4704/4703/3474 4708/4708/3479
f 4708/4708/3479 4705/4705/3476 4709/4709/3480
f 4710/4710/3570 4712/4711/3571 4711/4712/3572
f 4711/4712/3572 4713/4713/3573 4710/4710/3570
f 4714/4714/3574 4713/4713/3573 4712/4711/3571
f 4712/4711/3571 4710/4710/3570 4714/4714/3574
f 4713/4713/3573 4714/4714/3574 4715/4715/3575
f 4715/4715/3575 4710/4710/3570 4713/4713/3573
f 4716/4716/3576 4714/4714/3574 4710/4710/3570
f 4710/4710/3570 4715/4715/3575 4716/4716/3576
f 4714/4714/3574 4716/4716/3576 4715/4715/3575
f 4717/4717/3570 4719/4718/3571 4718/4719/3572
f 4718/4719/3572 4720/4720/3573 4717/4717/3570
f 4721/4721/3574 4720/4720/3573 4719/4718/3571
f 4719/4718/3571 4717/4717/3570 4721/4721/3574
f 4720/4720/3573 4721/4721/3574 4722/4722/3575
f 4722/4722/3575 4717/4717/3570 4720/4720/3573
f 4723/4723/3577 4721/4721/3574 4717/4717/3570
f 4717/4717/3570 4722/4722/3575 4723/4723/3577
f 4721/4721/3574 4723/4723/3577 4722/4722/3575
f 4724/4724/3570 4726/4725/3578 4725/4726/3572
f 4725/4726/3572 4727/4727/3573 4724/4724/3570
f 4728/4728/3574 4727/4727/3573 4726/4725/3578
f 4726/4725/3578 4724/4724/3570 4728/4728/3574
f 4727/4727/3573 4728/4728/3574 4729/4729/3575
f 4729/4729/3575 4724/4724/3570 4727/4727/3573
f 4730/4730/3579 4728/4728/3574 4724/4724/3570
f 4724/4724/3570 4729/4729/3575 4730/4730/3579
f 4728/4728/3574 4730/4730/3579 4729/4729/3575
f 4731/4731/3570 4733/4732/3571 4732/4733/3572
f 4732/4733/3572 4734/4734/3573 4731/4731/3570
f 4735/4735/3574 4734/4734/3573 4733/4732/3571
f 4733/4732/3571 4731/4731/3570 4735/4735/3574
f 4734/4734/3573 4735/4735/3574 4736/4736/3575
f 4736/4736/3575 4731/4731/3570 4734/4734/3573
f 4737/4737/3580 4735/4735/3574 4731/4731/3570
f 4731/4731/3570 4736/4736/3575 4737/4737/3580
f 4735/4735/3574 4737/4737/3580 4736/4736/3575
f 4738/4738/3570 4740/4739/3581 4739/4740/3572
f 4739/4740/3572 4741/4741/3573 4738/4738/3570
f 4742/4742/3574 4741/4741/3573 4740/4739/3581
f 4740/4739/3581 4738/4738/3570 4742/4742/3574
f 4741/4741/3573 4742/4742/3574 4743/4743/3575
f 4743/4743/3575 4738/4738/3570 4741/4741/3573
f 4744/4744/3582 4742/4742/3574 4738/4738/3570
f 4738/4738/3570 4743/4743/3575 4744/4744/3582
f 4742/4742/3574 4744/4744/3582 4743/4743/3575
f 4745/4745/3570 4747/4746/3571 4746/4747/3572
f 4746/4747/3572 4748/4748/3573 4745/4745/3570
f 4749/4749/3583 4748/4748/3573 4747/4746/3571
f 4747/4746/3571 4745/4745/3570 4749/4749/3583
f 4748/4748/3573 4749/4749/3583 4750/4750/3575
f 4750/4750/3575 4745/4745/3570 4748/4748/3573
f 4751/4751/3582 4749/4749/3583 4745/4745/3570
f 4745/4745/3570 4750/4750/3575 4751/4751/3582
f 4749/4749/3583 4751/4751/3582 4750/4750/3575
f 4752/4752/3570 4754/4753/3571 4753/4754/3572
f 4753/4754/3572 4755/4755/3573 4752/4752/3570
f 4756/4756/3574 4755/4755/3573 4754/4753/3571
f 4754/4753/3571 4752/4752/3570 4756/4756/3574
f 4755/4755/3573 4756/4756/3574 4757/4757/3575
f 4757/4757/3575 4752/4752/3570 4755/4755/3573
f 4758/4758/3584 4756/4756/3574 4752/4752/3570
f 4752/4752/3570 4757/4757/3575 4758/4758/3584
f 4756/4756/3574 4758/4758/3584 4757/4757/3575
f 4759/4759/3570 4761/4760/3571 4760/4761/3572
f 4760/4761/3572 4762/4762/3573 4759/4759/3570
f 4763/4763/3583 4762/4762/3573 4761/4760/3571
f 4761/4760/3571 4759/4759/3570 4763/4763/3583
f 4762/4762/3573 4763/4763/3583 4764/4764/3575
f 4764/4764/3575 4759/4759/3570 4762/4762/3573
f 4765/4765/3585 4763/4763/3583 4759/4759/3570
f 4759/4759/3570 4764/4764/3575 4765/4765/3585
f 4763/4763/3583 4765/4765/3585 4764/4764/3575
f 4766/4766/3570 4768/4767/3571 4767/4768/3572
f 4767/4768/3572 4769/4769/3573 4766/4766/3570
f 4770/4770/3583 4769/4769/3573 4768/4767/3571
f 4768/4767/3571 4766/4766/3570 4770/4770/3583
f 4769/4769/3573 4770/4770/3583 4771/4771/3575
f 4771/4771/3575 4766/4766/3570 4769/4769/3573
f 4772/4772/3579 4770/4770/3583 4766/4766/3570
f 4766/4766/3570 4771/4771/3575 4772/4772/3579
f 4770/4770/3583 4772/4772/3579 4771/4771/3575
f 4773/4773/3570 4775/4774/3571 4774/4775/3572
f 4774/4775/3572 4776/4776/3573 4773/4773/3570
f 4777/4777/3583 4776/4776/3573 4775/4774/3571
f 4775/4774/3571 4773/4773/3570 4777/4777/3583
f 4776/4776/3573 4777/4777/3583 4778/4778/3575
f 4778/4778/3575 4773/4773/3570 4776/4776/3573
f 4779/4779/3586 4777/4777/3583 4773/4773/3570
f 4773/4773/3570 4778/4778/3575 4779/4779/3586
f 4777/4777/3583 4779/4779/3586 4778/4778/3575
f 4780/4780/3570 4782/4781/3571 4781/4782/3572
f 4781/4782/3572 4783/4783/3573 4780/4780/3570
f 4784/4784/3583 4783/4783/3573 4782/4781/3571
f 4782/4781/3571 4780/4780/3570 4784/4784/3583
f 4783/4783/3573 4784/4784/3583 4785/4785/3575
f 4785/4785/3575 4780/4780/3570 4783/4783/3573
f 4786/4786/3579 4784/4784/3583 4780/4780/3570
f 4780/4780/3570 4785/4785/3575 4786/4786/3579
f 4784/4784/3583 4786/4786/3579 4785/4785/3575
f 4787/4787/3587 4789/4788/3588 4788/4789/3589
f 4790/4790/3590 4789/4788/3591 4791/4791/3592
f 4791/4791/3592 4792/4792/3593 4790/4790/3590
f 4793/4793/3594 4790/4790/3590 4792/4792/3593
f 4794/4794/3595 4790/4790/3590 4793/4793/3594
f 4793/4793/3594 4788/4789/3589 4794/4794/3595
f 4788/4789/3589 4793/4793/3594 4792/4792/3593
f 4792/4792/3593 4787/4787/3587 4788/4789/3589
f 4795/4795/3596 4797/4796/3597 4796/4797/3598
f 4796/4797/3598 4798/4798/3599 4795/4795/3596
f 4796/4797/3598 4797/4796/3597 4799/4799/3600
f 4800/4800/3601 4798/4798/3599 4796/4797/3598
f 4796/4797/3598 4799/4799/3600 4801/4801/3602
f 4801/4801/3602 4800/4800/3601 4796/4797/3598
f 4802/4802/3570 4804/4803/3571 4803/4804/3572
f 4803/4804/3572 4805/4805/3573 4802/4802/3570
f 4806/4806/3583 4805/4805/3573 4804/4803/3571
f 4804/4803/3571 4802/4802/3570 4806/4806/3583
f 4805/4805/3573 4806/4806/3583 4807/4807/3575
f 4807/4807/3575 4802/4802/3570 4805/4805/3573
f 4808/4808/3603 4806/4806/3583 4802/4802/3570
f 4802/4802/3570 4807/4807/3575 4808/4808/3603
f 4806/4806/3583 4808/4808/3603 4807/4807/3575
f 4809/4809/3570 4811/4810/3571 4810/4811/3572
f 4810/4811/3572 4812/4812/3573 4809/4809/3570
f 4813/4813/3583 4812/4812/3573 4811/4810/3571
f 4811/4810/3571 4809/4809/3570 4813/4813/3583
f 4812/4812/3573 4813/4813/3583 4814/4814/3575
f 4814/4814/3575 4809/4809/3570 4812/4812/3573
f 4815/4815/3604 4813/4813/3583 4809/4809/3570
f 4809/4809/3570 4814/4814/3575 4815/4815/3604
f 4813/4813/3583 4815/4815/3604 4814/4814/3575
f 4816/4816/3570 4818/4817/3571 4817/4818/3572
f 4817/4818/3572 4819/4819/3573 4816/4816/3570
f 4820/4820/3583 4819/4819/3573 4818/4817/3571
f 4818/4817/3571 4816/4816/3570 4820/4820/3583
f 4819/4819/3573 4820/4820/3583 4821/4821/3575
f 4821/4821/3575 4816/4816/3570 4819/4819/3573
f 4822/4822/3605 4820/4820/3583 4816/4816/3570
f 4816/4816/3570 4821/4821/3575 4822/4822/3605
f 4820/4820/3583 4822/4822/3605 4821/4821/3575
f 4823/4823/3606 4825/4824/3607 4824/4825/3608
f 4824/4825/3608 4826/4826/3609 4823/4823/3606
f 4824/4825/3608 4825/4824/3607 4827/4827/3610
f 4828/4828/3611 4826/4826/3609 4824/4825/3608
f 4824/4825/3608 4827/4827/3610 4828/4828/3611
f 4829/4829/3612 4828/4828/3611 4827/4827/3610
f 4827/4827/3610 4825/4824/3607 4829/4829/3612
f 4826/4826/3609 4828/4828/3611 4829/4829/3612
f 4829/4829/3612 4825/4824/3607 4830/4830/3613
f 4830/4830/3613 4826/4826/3609 4829/4829/3612
f 4831/4831/3570 4833/4832/3578 4832/4833/3572
f 4832/4833/3572 4834/4834/3573 4831/4831/3570
f 4835/4835/3574 4834/4834/3573 4833/4832/3578
f 4833/4832/3578 4831/4831/3570 4835/4835/3574
f 4834/4834/3573 4835/4835/3574 4836/4836/3575
f 4836/4836/3575 4831/4831/3570 4834/4834/3573
f 4837/4837/3605 4835/4835/3574 4831/4831/3570
f 4831/4831/3570 4836/4836/3575 4837/4837/3605
f 4835/4835/3574 4837/4837/3605 4836/4836/3575
f 4838/4838/3570 4840/4839/3578 4839/4840/3572
f 4839/4840/3572 4841/4841/3573 4838/4838/3570
f 4842/4842/3574 4841/4841/3573 4840/4839/3578
f 4840/4839/3578 4838/4838/3570 4842/4842/3574
f 4841/4841/3573 4842/4842/3574 4843/4843/3575
f 4843/4843/3575 4838/4838/3570 4841/4841/3573
f 4844/4844/3584 4842/4842/3574 4838/4838/3570
f 4838/4838/3570 4843/4843/3575 4844/4844/3584
f 4842/4842/3574 4844/4844/3584 4843/4843/3575
f 4845/4845/3614 4847/4846/3615 4846/4847/3616
f 4848/4848/3617 4847/4846/3618 4849/4849/3619
f 4849/4849/3619 4850/4850/3620 4848/4848/3617
f 4851/4851/3621 4848/4848/3617 4850/4850/3620
f 4852/4852/3622 4848/4848/3617 4851/4851/3621
f 4851/4851/3621 4846/4847/3616 4852/4852/3622
f 4846/4847/3616 4851/4851/3621 4850/4850/3620
f 4850/4850/3620 4845/4845/3614 4846/4847/3616
f 4853/4853/3570 4855/4854/3578 4854/4855/3572
f 4854/4855/3572 4856/4856/3573 4853/4853/3570
f 4857/4857/3574 4856/4856/3573 4855/4854/3578
f 4855/4854/3578 4853/4853/3570 4857/4857/3574
f 4856/4856/3573 4857/4857/3574 4858/4858/3575
f 4858/4858/3575 4853/4853/3570 4856/4856/3573
f 4859/4859/3604 4857/4857/3574 4853/4853/3570
f 4853/4853/3570 4858/4858/3575 4859/4859/3604
f 4857/4857/3574 4859/4859/3604 4858/4858/3575
f 4860/4860/3570 4862/4861/3571 4861/4862/3572
f 4861/4862/3572 4863/4863/3573 4860/4860/3570
f 4864/4864/3574 4863/4863/3573 4862/4861/3571
f 4862/4861/3571 4860/4860/3570 4864/4864/3574
f 4863/4863/3573 4864/4864/3574 4865/4865/3575
f 4865/4865/3575 4860/4860/3570 4863/4863/3573
f 4866/4866/3623 4864/4864/3574 4860/4860/3570
f 4860/4860/3570 4865/4865/3575 4866/4866/3623
f 4864/4864/3574 4866/4866/3623 4865/4865/3575
f 4867/4867/3570 4869/4868/3571 4868/4869/3572
f 4868/4869/3572 4870/4870/3573 4867/4867/3570
f 4871/4871/3574 4870/4870/3573 4869/4868/3571
f 4869/4868/3571 4867/4867/3570 4871/4871/3574
f 4870/4870/3573 4871/4871/3574 4872/4872/3575
f 4872/4872/3575 4867/4867/3570 4870/4870/3573
f 4873/4873/3603 4871/4871/3574 4867/4867/3570
f 4867/4867/3570 4872/4872/3575 4873/4873/3603
f 4871/4871/3574 4873/4873/3603 4872/4872/3575
f 4874/4874/3570 4876/4875/3571 4875/4876/3572
f 4875/4876/3572 4877/4877/3573 4874/4874/3570
f 4878/4878/3574 4877/4877/3573 4876/4875/3571
f 4876/4875/3571 4874/4874/3570 4878/4878/3574
f 4877/4877/3573 4878/4878/3574 4879/4879/3575
f 4879/4879/3575 4874/4874/3570 4877/4877/3573
f 4880/4880/3579 4878/4878/3574 4874/4874/3570
f 4874/4874/3570 4879/4879/3575 4880/4880/3579
f 4878/4878/3574 4880/4880/3579 4879/4879/3575
f 4881/4881/3570 4883/4882/3578 4882/4883/3572
f 4882/4883/3572 4884/4884/3573 4881/4881/3570
f 4885/4885/3574 4884/4884/3573 4883/4882/3578
f 4883/4882/3578 4881/4881/3570 4885/4885/3574
f 4884/4884/3573 4885/4885/3574 4886/4886/3575
f 4886/4886/3575 4881/4881/3570 4884/4884/3573
f 4887/4887/3604 4885/4885/3574 4881/4881/3570
f 4881/4881/3570 4886/4886/3575 4887/4887/3604
f 4885/4885/3574 4887/4887/3604 4886/4886/3575
f 4888/4888/3570 4890/4889/3578 4889/4890/3572
f 4889/4890/3572 4891/4891/3573 4888/4888/3570
f 4892/4892/3574 4891/4891/3573 4890/4889/3578
f 4890/4889/3578 4888/4888/3570 4892/4892/3574
f 4891/4891/3573 4892/4892/3574 4893/4893/3575
f 4893/4893/3575 4888/4888/3570 4891/4891/3573
f 4894/4894/3624 4892/4892/3574 4888/4888/3570
f 4888/4888/3570 4893/4893/3575 4894/4894/3624
f 4892/4892/3574 4894/4894/3624 4893/4893/3575
f 4895/4895/3570 4897/4896/3571 4896/4897/3572
f 4896/4897/3572 4898/4898/3573 4895/4895/3570
f 4899/4899/3574 4898/4898/3573 4897/4896/3571
f 4897/4896/3571 4895/4895/3570 4899/4899/3574
f 4898/4898/3573 4899/4899/3574 4900/4900/3575
f 4900/4900/3575 4895/4895/3570 4898/4898/3573
f 4901/4901/3584 4899/4899/3574 4895/4895/3570
f 4895/4895/3570 4900/4900/3575 4901/4901/3584
f 4899/4899/3574 4901/4901/3584 4900/4900/3575
f 4902/4902/3596 4904/4903/3597 4903/4904/3598
f 4903/4904/3598 4905/4905/3625 4902/4902/3596
f 4903/4904/3598 4904/4903/3597 4906/4906/3600
f 4907/4907/3601 4905/4905/3625 4903/4904/3598
f 4903/4904/3598 4906/4906/3600 4908/4908/3602
f 4908/4908/3602 4907/4907/3601 4903/4904/3598
f 4909/4909/3626 4911/4910/3627 4910/4911/3628
f 4910/4911/3628 4912/4912/3629 4909/4909/3626
f 4910/4911/3628 4911/4910/3627 4913/4913/3630
f 4914/4914/3631 4912/4912/3632 4915/4915/3633
f 4915/4915/3633 4916/4916/3634 4914/4914/3631
f 4916/4916/3634 4915/4915/3633 4913/4913/3635
f 4917/4917/3636 4919/4918/3637 4918/4919/3638
f 4920/4920/3639 4919/4918/3640 4921/4921/3641
f 4921/4921/3641 4922/4922/3642 4920/4920/3639
f 4923/4923/3643 4920/4920/3639 4922/4922/3642
f 4924/4924/3644 4920/4920/3639 4923/4923/3643
f 4923/4923/3643 4918/4919/3638 4924/4924/3644
f 4918/4919/3638 4923/4923/3643 4922/4922/3642
f 4922/4922/3642 4917/4917/3636 4918/4919/3638
f 4925/4925/3645 4927/4926/3646 4926/4927/3647
f 4926/4927/3647 4928/4928/3648 4925/4925/3645
f 4929/4929/3649 4926/4927/3647 4927/4926/3646
f 4930/4930/3650 4928/4928/3648 4926/4927/3647
f 4926/4927/3647 4929/4929/3649 4931/4931/3651
f 4931/4931/3651 4930/4930/3650 4926/4927/3647
f 4932/4932/3606 4934/4933/3607 4933/4934/3608
f 4933/4934/3608 4935/4935/3609 4932/4932/3606
f 4933/4934/3608 4934/4933/3607 4936/4936/3652
f 4937/4937/3611 4935/4935/3609 4933/4934/3608
f 4933/4934/3608 4936/4936/3652 4937/4937/3611
f 4938/4938/3612 4937/4937/3611 4936/4936/3652
f 4936/4936/3652 4934/4933/3607 4938/4938/3612
f 4935/4935/3609 4937/4937/3611 4938/4938/3612
f 4938/4938/3612 4934/4933/3607 4939/4939/3613
f 4939/4939/3613 4935/4935/3609 4938/4938/3612
f 4940/4940/3596 4942/4941/3597 4941/4942/3653
f 4941/4942/3653 4943/4943/3625 4940/4940/3596
f 4941/4942/3653 4942/4941/3597 4944/4944/3600
f 4945/4945/3601 4943/4943/3625 4941/4942/3653
f 4941/4942/3653 4944/4944/3600 4946/4946/3602
f 4946/4946/3602 4945/4945/3601 4941/4942/3653
f 4947/4947/3570 4949/4948/3571 4948/4949/3572
f 4948/4949/3572 4950/4950/3573 4947/4947/3570
f 4951/4951/3583 4950/4950/3573 4949/4948/3571
f 4949/4948/3571 4947/4947/3570 4951/4951/3583
f 4950/4950/3573 4951/4951/3583 4952/4952/3575
f 4952/4952/3575 4947/4947/3570 4950/4950/3573
f 4953/4953/3654 4951/4951/3583 4947/4947/3570
f 4947/4947/3570 4952/4952/3575 4953/4953/3654
f 4951/4951/3583 4953/4953/3654 4952/4952/3575
f 4954/4954/3570 4956/4955/3571 4955/4956/3572
f 4955/4956/3572 4957/4957/3573 4954/4954/3570
f 4958/4958/3574 4957/4957/3573 4956/4955/3571
f 4956/4955/3571 4954/4954/3570 4958/4958/3574
f 4957/4957/3573 4958/4958/3574 4959/4959/3575
f 4959/4959/3575 4954/4954/3570 4957/4957/3573
f 4960/4960/3580 4958/4958/3574 4954/4954/3570
f 4954/4954/3570 4959/4959/3575 4960/4960/3580
f 4958/4958/3574 4960/4960/3580 4959/4959/3575
f 4961/4961/3570 4963/4962/3581 4962/4963/3572
f 4962/4963/3572 4964/4964/3573 4961/4961/3570
f 4965/4965/3574 4964/4964/3573 4963/4962/3581
f 4963/4962/3581 4961/4961/3570 4965/4965/3574
f 4964/4964/3573 4965/4965/3574 4966/4966/3575
f 4966/4966/3575 4961/4961/3570 4964/4964/3573
f 4967/4967/3605 4965/4965/3574 4961/4961/3570
f 4961/4961/3570 4966/4966/3575 4967/4967/3605
f 4965/4965/3574 4967/4967/3605 4966/4966/3575
f 4968/4968/3606 4970/4969/3607 4969/4970/3608
f 4969/4970/3608 4971/4971/3609 4968/4968/3606
f 4969/4970/3608 4970/4969/3607 4972/4972/3655
f 4973/4973/3611 4971/4971/3609 4969/4970/3608
f 4969/4970/3608 4972/4972/3655 4973/4973/3611
f 4974/4974/3612 4973/4973/3611 4972/4972/3655
f 4972/4972/3655 4970/4969/3607 4974/4974/3612
f 4971/4971/3609 4973/4973/3611 4974/4974/3612
f 4974/4974/3612 4970/4969/3607 4975/4975/3613
f 4975/4975/3613 4971/4971/3609 4974/4974/3612
f 4976/4976/3570 4978/4977/3578 4977/4978/3572
f 4977/4978/3572 4979/4979/3573 4976/4976/3570
f 4980/4980/3574 4979/4979/3573 4978/4977/3578
f 4978/4977/3578 4976/4976/3570 4980/4980/3574
f 4979/4979/3573 4980/4980/3574 4981/4981/3575
f 4981/4981/3575 4976/4976/3570 4979/4979/3573
f 4982/4982/3605 4980/4980/3574 4976/4976/3570
f 4976/4976/3570 4981/4981/3575 4982/4982/3605
f 4980/4980/3574 4982/4982/3605 4981/4981/3575
f 4983/4983/3570 4985/4984/3571 4984/4985/3572
f 4984/4985/3572 4986/4986/3573 4983/4983/3570
f 4987/4987/3574 4986/4986/3573 4985/4984/3571
f 4985/4984/3571 4983/4983/3570 4987/4987/3574
f 4986/4986/3573 4987/4987/3574 4988/4988/3575
f 4988/4988/3575 4983/4983/3570 4986/4986/3573
f 4989/4989/3656 4987/4987/3574 4983/4983/3570
f 4983/4983/3570 4988/4988/3575 4989/4989/3656
f 4987/4987/3574 4989/4989/3656 4988/4988/3575
f 4990/4990/3614 4992/4991/3657 4991/4992/3616
f 4993/4993/3617 4992/4991/3618 4994/4994/3619
f 4994/4994/3619 4995/4995/3658 4993/4993/3617
f 4996/4996/3659 4993/4993/3617 4995/4995/3658
f 4997/4997/3660 4993/4993/3617 4996/4996/3659
f 4996/4996/3659 4991/4992/3616 4997/4997/3660
f 4991/4992/3616 4996/4996/3659 4995/4995/3658
f 4995/4995/3658 4990/4990/3614 4991/4992/3616
f 4998/4998/3570 5000/4999/3571 4999/5000/3572
f 4999/5000/3572 5001/5001/3573 4998/4998/3570
f 5002/5002/3574 5001/5001/3573 5000/4999/3571
f 5000/4999/3571 4998/4998/3570 5002/5002/3574
f 5001/5001/3573 5002/5002/3574 5003/5003/3575
f 5003/5003/3575 4998/4998/3570 5001/5001/3573
f 5004/5004/3604 5002/5002/3574 4998/4998/3570
f 4998/4998/3570 5003/5003/3575 5004/5004/3604
f 5002/5002/3574 5004/5004/3604 5003/5003/3575
f 5005/5005/3570 5007/5006/3571 5006/5007/3572
f 5006/5007/3572 5008/5008/3573 5005/5005/3570
f 5009/5009/3574 5008/5008/3573 5007/5006/3571
f 5007/5006/3571 5005/5005/3570 5009/5009/3574
f 5008/5008/3573 5009/5009/3574 5010/5010/3575
f 5010/5010/3575 5005/5005/3570 5008/5008/3573
f 5011/5011/3580 5009/5009/3574 5005/5005/3570
f 5005/5005/3570 5010/5010/3575 5011/5011/3580
f 5009/5009/3574 5011/5011/3580 5010/5010/3575
f 5012/5012/3570 5014/5013/3571 5013/5014/3572
f 5013/5014/3572 5015/5015/3573 5012/5012/3570
f 5016/5016/3574 5015/5015/3573 5014/5013/3571
f 5014/5013/3571 5012/5012/3570 5016/5016/3574
f 5015/5015/3573 5016/5016/3574 5017/5017/3575
f 5017/5017/3575 5012/5012/3570 5015/5015/3573
f 5018/5018/3661 5016/5016/3574 5012/5012/3570
f 5012/5012/3570 5017/5017/3575 5018/5018/3661
f 5016/5016/3574 5018/5018/3661 5017/5017/3575
f 5019/5019/3570 5021/5020/3581 5020/5021/3572
f 5020/5021/3572 5022/5022/3573 5019/5019/3570
f 5023/5023/3574 5022/5022/3573 5021/5020/3581
f 5021/5020/3581 5019/5019/3570 5023/5023/3574
f 5022/5022/3573 5023/5023/3574 5024/5024/3575
f 5024/5024/3575 5019/5019/3570 5022/5022/3573
f 5025/5025/3662 5023/5023/3574 5019/5019/3570
f 5019/5019/3570 5024/5024/3575 5025/5025/3662
f 5023/5023/3574 5025/5025/3662 5024/5024/3575
f 5026/5026/3570 5028/5027/3571 5027/5028/3572
f 5027/5028/3572 5029/5029/3573 5026/5026/3570
f 5030/5030/3583 5029/5029/3573 5028/5027/3571
f 5028/5027/3571 5026/5026/3570 5030/5030/3583
f 5029/5029/3573 5030/5030/3583 5031/5031/3575
f 5031/5031/3575 5026/5026/3570 5029/5029/3573
f 5032/5032/3661 5030/5030/3583 5026/5026/3570
f 5026/5026/3570 5031/5031/3575 5032/5032/3661
f 5030/5030/3583 5032/5032/3661 5031/5031/3575
f 5033/5033/3570 5035/5034/3578 5034/5035/3572
f 5034/5035/3572 5036/5036/3573 5033/5033/3570
f 5037/5037/3574 5036/5036/3573 5035/5034/3578
f 5035/5034/3578 5033/5033/3570 5037/5037/3574
f 5036/5036/3573 5037/5037/3574 5038/5038/3575
f 5038/5038/3575 5033/5033/3570 5036/5036/3573
f 5039/5039/3584 5037/5037/3574 5033/5033/3570
f 5033/5033/3570 5038/5038/3575 5039/5039/3584
f 5037/5037/3574 5039/5039/3584 5038/5038/3575
f 5040/5040/3570 5042/5041/3581 5041/5042/3572
f 5041/5042/3572 5043/5043/3573 5040/5040/3570
f 5044/5044/3574 5043/5043/3573 5042/5041/3581
f 5042/5041/3581 5040/5040/3570 5044/5044/3574
f 5043/5043/3573 5044/5044/3574 5045/5045/3575
f 5045/5045/3575 5040/5040/3570 5043/5043/3573
f 5046/5046/3603 5044/5044/3574 5040/5040/3570
f 5040/5040/3570 5045/5045/3575 5046/5046/3603
f 5044/5044/3574 5046/5046/3603 5045/5045/3575
f 5047/5047/3596 5049/5048/3597 5048/5049/3653
f 5048/5049/3653 5050/5050/3625 5047/5047/3596
f 5048/5049/3653 5049/5048/3597 5051/5051/3600
f 5052/5052/3601 5050/5050/3625 5048/5049/3653
f 5048/5049/3653 5051/5051/3600 5053/5053/3602
f 5053/5053/3602 5052/5052/3601 5048/5049/3653
f 5054/5054/3663 5056/5055/3627 5055/5056/3664
f 5055/5056/3664 5057/5057/3665 5054/5054/3663
f 5055/5056/3664 5056/5055/3627 5058/5058/3630
f 5059/5059/3666 5057/5057/3667 5060/5060/3668
f 5060/5060/3668 5061/5061/3634 5059/5059/3666
f 5061/5061/3634 5060/5060/3668 5058/5058/3635
f 5062/5062/3636 5064/5063/3637 5063/5064/3669
f 5065/5065/3670 5064/5063/3640 5066/5066/3671
f 5066/5066/3671 5067/5067/3642 5065/5065/3670
f 5068/5068/3643 5065/5065/3670 5067/5067/3642
f 5069/5069/3644 5065/5065/3670 5068/5068/3643
f 5068/5068/3643 5063/5064/3669 5069/5069/3644
f 5063/5064/3669 5068/5068/3643 5067/5067/3642
f 5067/5067/3642 5062/5062/3636 5063/5064/3669
f 5070/5070/3645 5072/5071/3646 5071/5072/3647
f 5071/5072/3647 5073/5073/3648 5070/5070/3645
f 5074/5074/3649 5071/5072/3647 5072/5071/3646
f 5075/5075/3650 5073/5073/3648 5071/5072/3647
f 5071/5072/3647 5074/5074/3649 5076/5076/3651
f 5076/5076/3651 5075/5075/3650 5071/5072/3647
f 5077/5077/3672 5079/5078/3673 5078/5079/3674
f 5078/5079/3674 5080/5080/3675 5077/5077/3672
f 5078/5079/3674 5079/5078/3673 5081/5081/3676
f 5081/5081/3676 5080/5080/3675 5078/5079/3674
f 5082/5082/3677 5081/5081/3676 5079/5078/3673
f 5079/5078/3673 5083/5083/3678 5082/5082/3677
f 5080/5080/3675 5081/5081/3676 5084/5084/3679
f 5084/5084/3679 5083/5083/3680 5080/5080/3675
f 5085/5085/3606 5087/5086/3607 5086/5087/3608
f 5086/5087/3608 5088/5088/3609 5085/5085/3606
f 5086/5087/3608 5087/5086/3607 5089/5089/3681
f 5090/5090/3611 5088/5088/3609 5086/5087/3608
f 5086/5087/3608 5089/5089/3681 5090/5090/3611
f 5091/5091/3612 5090/5090/3611 5089/5089/3681
f 5089/5089/3681 5087/5086/3607 5091/5091/3612
f 5088/5088/3609 5090/5090/3611 5091/5091/3612
f 5091/5091/3612 5087/5086/3607 5092/5092/3682
f 5092/5092/3682 5088/5088/3609 5091/5091/3612
f 5093/5093/3596 5095/5094/3597 5094/5095/3653
f 5094/5095/3653 5096/5096/3625 5093/5093/3596
f 5094/5095/3653 5095/5094/3597 5097/5097/3600
f 5098/5098/3601 5096/5096/3625 5094/5095/3653
f 5094/5095/3653 5097/5097/3600 5099/5099/3602
f 5099/5099/3602 5098/5098/3601 5094/5095/3653
f 5100/5100/3570 5102/5101/3571 5101/5102/3572
f 5101/5102/3572 5103/5103/3573 5100/5100/3570
f 5104/5104/3583 5103/5103/3573 5102/5101/3571
f 5102/5101/3571 5100/5100/3570 5104/5104/3583
f 5103/5103/3573 5104/5104/3583 5105/5105/3575
f 5105/5105/3575 5100/5100/3570 5103/5103/3573
f 5106/5106/3584 5104/5104/3583 5100/5100/3570
f 5100/5100/3570 5105/5105/3575 5106/5106/3584
f 5104/5104/3583 5106/5106/3584 5105/5105/3575
f 5107/5107/3570 5109/5108/3578 5108/5109/3572
f 5108/5109/3572 5110/5110/3573 5107/5107/3570
f 5111/5111/3583 5110/5110/3573 5109/5108/3578
f 5109/5108/3578 5107/5107/3570 5111/5111/3583
f 5110/5110/3573 5111/5111/3583 5112/5112/3575
f 5112/5112/3575 5107/5107/3570 5110/5110/3573
f 5113/5113/3683 5111/5111/3583 5107/5107/3570
f 5107/5107/3570 5112/5112/3575 5113/5113/3683
f 5111/5111/3583 5113/5113/3683 5112/5112/3575
f 5114/5114/3570 5116/5115/3571 5115/5116/3572
f 5115/5116/3572 5117/5117/3573 5114/5114/3570
f 5118/5118/3583 5117/5117/3573 5116/5115/3571
f 5116/5115/3571 5114/5114/3570 5118/5118/3583
f 5117/5117/3573 5118/5118/3583 5119/5119/3575
f 5119/5119/3575 5114/5114/3570 5117/5117/3573
f 5120/5120/3684 5118/5118/3583 5114/5114/3570
f 5114/5114/3570 5119/5119/3575 5120/5120/3684
f 5118/5118/3583 5120/5120/3684 5119/5119/3575
f 5121/5121/3606 5123/5122/3607 5122/5123/3608
f 5122/5123/3608 5124/5124/3609 5121/5121/3606
f 5122/5123/3608 5123/5122/3607 5125/5125/3685
f 5126/5126/3611 5124/5124/3609 5122/5123/3608
f 5122/5123/3608 5125/5125/3685 5126/5126/3611
f 5127/5127/3612 5126/5126/3611 5125/5125/3685
f 5125/5125/3685 5123/5122/3607 5127/5127/3612
f 5124/5124/3609 5126/5126/3611 5127/5127/3612
f 5127/5127/3612 5123/5122/3607 5128/5128/3682
f 5128/5128/3682 5124/5124/3609 5127/5127/3612
f 5129/5129/3570 5131/5130/3578 5130/5131/3572
f 5130/5131/3572 5132/5132/3573 5129/5129/3570
f 5133/5133/3574 5132/5132/3573 5131/5130/3578
f 5131/5130/3578 5129/5129/3570 5133/5133/3574
f 5132/5132/3573 5133/5133/3574 5134/5134/3575
f 5134/5134/3575 5129/5129/3570 5132/5132/3573
f 5135/5135/3584 5133/5133/3574 5129/5129/3570
f 5129/5129/3570 5134/5134/3575 5135/5135/3584
f 5133/5133/3574 5135/5135/3584 5134/5134/3575
f 5136/5136/3570 5138/5137/3578 5137/5138/3572
f 5137/5138/3572 5139/5139/3573 5136/5136/3570
f 5140/5140/3574 5139/5139/3573 5138/5137/3578
f 5138/5137/3578 5136/5136/3570 5140/5140/3574
f 5139/5139/3573 5140/5140/3574 5141/5141/3575
f 5141/5141/3575 5136/5136/3570 5139/5139/3573
f 5142/5142/3580 5140/5140/3574 5136/5136/3570
f 5136/5136/3570 5141/5141/3575 5142/5142/3580
f 5140/5140/3574 5142/5142/3580 5141/5141/3575
f 5143/5143/3614 5145/5144/3615 5144/5145/3616
f 5146/5146/3617 5145/5144/3618 5147/5147/3619
f 5147/5147/3619 5148/5148/3620 5146/5146/3617
f 5149/5149/3659 5146/5146/3617 5148/5148/3620
f 5150/5150/3622 5146/5146/3617 5149/5149/3659
f 5149/5149/3659 5144/5145/3616 5150/5150/3622
f 5144/5145/3616 5149/5149/3659 5148/5148/3620
f 5148/5148/3620 5143/5143/3614 5144/5145/3616
f 5151/5151/3570 5153/5152/3578 5152/5153/3572
f 5152/5153/3572 5154/5154/3573 5151/5151/3570
f 5155/5155/3574 5154/5154/3573 5153/5152/3578
f 5153/5152/3578 5151/5151/3570 5155/5155/3574
f 5154/5154/3573 5155/5155/3574 5156/5156/3575
f 5156/5156/3575 5151/5151/3570 5154/5154/3573
f 5157/5157/3683 5155/5155/3574 5151/5151/3570
f 5151/5151/3570 5156/5156/3575 5157/5157/3683
f 5155/5155/3574 5157/5157/3683 5156/5156/3575
f 5158/5158/3570 5160/5159/3578 5159/5160/3572
f 5159/5160/3572 5161/5161/3573 5158/5158/3570
f 5162/5162/3574 5161/5161/3573 5160/5159/3578
f 5160/5159/3578 5158/5158/3570 5162/5162/3574
f 5161/5161/3573 5162/5162/3574 5163/5163/3575
f 5163/5163/3575 5158/5158/3570 5161/5161/3573
f 5164/5164/3686 5162/5162/3574 5158/5158/3570
f 5158/5158/3570 5163/5163/3575 5164/5164/3686
f 5162/5162/3574 5164/5164/3686 5163/5163/3575
f 5165/5165/3570 5167/5166/3571 5166/5167/3572
f 5166/5167/3572 5168/5168/3573 5165/5165/3570
f 5169/5169/3574 5168/5168/3573 5167/5166/3571
f 5167/5166/3571 5165/5165/3570 5169/5169/3574
f 5168/5168/3573 5169/5169/3574 5170/5170/3575
f 5170/5170/3575 5165/5165/3570 5168/5168/3573
f 5171/5171/3662 5169/5169/3574 5165/5165/3570
f 5165/5165/3570 5170/5170/3575 5171/5171/3662
f 5169/5169/3574 5171/5171/3662 5170/5170/3575
f 5172/5172/3570 5174/5173/3571 5173/5174/3572
f 5173/5174/3572 5175/5175/3573 5172/5172/3570
f 5176/5176/3574 5175/5175/3573 5174/5173/3571
f 5174/5173/3571 5172/5172/3570 5176/5176/3574
f 5175/5175/3573 5176/5176/3574 5177/5177/3575
f 5177/5177/3575 5172/5172/3570 5175/5175/3573
f 5178/5178/3624 5176/5176/3574 5172/5172/3570
f 5172/5172/3570 5177/5177/3575 5178/5178/3624
f 5176/5176/3574 5178/5178/3624 5177/5177/3575
f 5179/5179/3570 5181/5180/3578 5180/5181/3572
f 5180/5181/3572 5182/5182/3573 5179/5179/3570
f 5183/5183/3574 5182/5182/3573 5181/5180/3578
f 5181/5180/3578 5179/5179/3570 5183/5183/3574
f 5182/5182/3573 5183/5183/3574 5184/5184/3575
f 5184/5184/3575 5179/5179/3570 5182/5182/3573
f 5185/5185/3605 5183/5183/3574 5179/5179/3570
f 5179/5179/3570 5184/5184/3575 5185/5185/3605
f 5183/5183/3574 5185/5185/3605 5184/5184/3575
f 5186/5186/3570 5188/5187/3581 5187/5188/3572
f 5187/5188/3572 5189/5189/3573 5186/5186/3570
f 5190/5190/3574 5189/5189/3573 5188/5187/3581
f 5188/5187/3581 5186/5186/3570 5190/5190/3574
f 5189/5189/3573 5190/5190/3574 5191/5191/3575
f 5191/5191/3575 5186/5186/3570 5189/5189/3573
f 5192/5192/3687 5190/5190/3574 5186/5186/3570
f 5186/5186/3570 5191/5191/3575 5192/5192/3687
f 5190/5190/3574 5192/5192/3687 5191/5191/3575
f 5193/5193/3570 5195/5194/3578 5194/5195/3572
f 5194/5195/3572 5196/5196/3573 5193/5193/3570
f 5197/5197/3574 5196/5196/3573 5195/5194/3578
f 5195/5194/3578 5193/5193/3570 5197/5197/3574
f 5196/5196/3573 5197/5197/3574 5198/5198/3575
f 5198/5198/3575 5193/5193/3570 5196/5196/3573
f 5199/5199/3579 5197/5197/3574 5193/5193/3570
f 5193/5193/3570 5198/5198/3575 5199/5199/3579
f 5197/5197/3574 5199/5199/3579 5198/5198/3575
f 5200/5200/3596 5202/5201/3597 5201/5202/3653
f 5201/5202/3653 5203/5203/3625 5200/5200/3596
f 5201/5202/3653 5202/5201/3597 5204/5204/3600
f 5205/5205/3601 5203/5203/3625 5201/5202/3653
f 5201/5202/3653 5204/5204/3600 5206/5206/3602
f 5206/5206/3602 5205/5205/3601 5201/5202/3653
f 5207/5207/3688 5209/5208/3627 5208/5209/3689
f 5208/5209/3689 5210/5210/3690 5207/5207/3688
f 5208/5209/3689 5209/5208/3627 5211/5211/3630
f 5212/5212/3691 5210/5210/3692 5213/5213/3693
f 5213/5213/3693 5214/5214/3634 5212/5212/3691
f 5214/5214/3634 5213/5213/3693 5211/5211/3635
f 5215/5215/3636 5217/5216/3637 5216/5217/3694
f 5218/5218/3639 5217/5216/3640 5219/5219/3641
f 5219/5219/3641 5220/5220/3642 5218/5218/3639
f 5221/5221/3643 5218/5218/3639 5220/5220/3642
f 5222/5222/3644 5218/5218/3639 5221/5221/3643
f 5221/5221/3643 5216/5217/3694 5222/5222/3644
f 5216/5217/3694 5221/5221/3643 5220/5220/3642
f 5220/5220/3642 5215/5215/3636 5216/5217/3694
f 5223/5223/3645 5225/5224/3646 5224/5225/3647
f 5224/5225/3647 5226/5226/3648 5223/5223/3645
f 5227/5227/3649 5224/5225/3647 5225/5224/3646
f 5228/5228/3650 5226/5226/3648 5224/5225/3647
f 5224/5225/3647 5227/5227/3649 5229/5229/3695
f 5229/5229/3695 5228/5228/3650 5224/5225/3647
f 5230/5230/3672 5232/5231/3673 5231/5232/3674
f 5231/5232/3674 5233/5233/3675 5230/5230/3672
f 5231/5232/3674 5232/5231/3673 5234/5234/3676
f 5234/5234/3676 5233/5233/3675 5231/5232/3674
f 5235/5235/3677 5234/5234/3676 5232/5231/3673
f 5232/5231/3673 5236/5236/3678 5235/5235/3677
f 5233/5233/3675 5234/5234/3676 5237/5237/3679
f 5237/5237/3679 5236/5236/3680 5233/5233/3675
f 5238/5238/3606 5240/5239/3607 5239/5240/3608
f 5239/5240/3608 5241/5241/3609 5238/5238/3606
f 5239/5240/3608 5240/5239/3607 5242/5242/3696
f 5243/5243/3611 5241/5241/3609 5239/5240/3608
f 5239/5240/3608 5242/5242/3696 5243/5243/3611
f 5244/5244/3612 5243/5243/3611 5242/5242/3696
f 5242/5242/3696 5240/5239/3607 5244/5244/3612
f 5241/5241/3609 5243/5243/3611 5244/5244/3612
f 5244/5244/3612 5240/5239/3607 5245/5245/3613
f 5245/5245/3613 5241/5241/3609 5244/5244/3612
