# Blender v2.77 (sub 0) OBJ File: ''
# www.blender.org
mtllib o3001.mtl
o mesh1
v 11.442279 -1.048878 -0.829275
v 11.442199 -0.738394 -1.303284
v 11.442199 -0.855706 -1.206247
v 11.442279 -0.746600 -0.649070
v 11.442298 -1.150839 -0.359091
v 11.442319 -1.052027 0.033230
v 11.442357 -0.746606 0.715529
v 11.442336 -1.147789 0.457771
v 11.442357 -1.042779 0.931332
v 11.442513 -0.860651 1.258031
v 11.442513 -0.738393 1.341664
v 11.442513 -0.371152 1.341664
v 11.442357 -0.371152 0.668432
v 11.442279 -0.371153 -0.649071
v 11.442199 -0.371153 -1.303283
v 11.442199 -0.271137 -1.243274
v 11.442279 -0.271136 -0.649071
v 11.442357 -0.271136 0.655887
v 11.442513 -0.271136 1.281655
v 11.442513 0.013511 1.281655
v 11.442357 0.013510 0.620181
v 11.442513 0.328964 1.281655
v 11.442279 0.013510 -0.649071
v 11.442357 0.328964 0.580611
v 11.442513 0.428981 1.341663
v 11.442357 0.428981 0.568064
v 11.442279 0.328963 -0.649071
v 11.442199 0.328963 -1.243275
v 11.442199 0.013509 -1.243275
v 11.442513 0.590103 1.341663
v 11.442357 0.599309 0.546699
v 11.442279 0.428980 -0.649071
v 11.442199 0.428980 -1.303284
v 11.442199 0.610565 -1.303283
v 11.442279 0.599313 -0.649071
v 11.442199 0.768347 -1.245899
v 11.442255 0.768335 -0.673350
v 11.442279 0.768330 -0.465386
v 11.442357 0.768312 0.336587
v 11.442393 0.768304 0.533328
v 11.442513 0.768277 1.200357
v -11.470665 -0.641651 -1.303291
v -11.470584 -0.927723 -0.829283
v -11.470665 -0.819777 -1.206254
v -11.470584 -0.649857 -0.649078
v -11.470566 -1.154760 -0.359097
v -11.470546 -1.059870 0.033222
v -11.470507 -0.649863 0.715522
v -11.470527 -1.151710 0.457764
v -11.470507 -1.042779 0.931325
v -11.470350 -0.813623 1.258024
v -11.470350 -0.641650 1.341656
v -11.470350 -0.371152 1.341657
v -11.470507 -0.371152 0.715522
v -11.470584 -0.371153 -0.649078
v -11.470665 -0.371153 -1.303290
v -11.470584 -0.271136 -0.649078
v -11.470507 -0.271136 0.715522
v -11.470350 -0.271135 1.281648
v -11.470350 0.013511 1.281648
v -11.470507 0.013510 0.715521
v -11.470350 0.328964 1.281648
v -11.445043 0.013510 -0.631194
v -11.470507 0.328964 0.715522
v -11.470350 0.428981 1.341656
v -11.470507 0.428981 0.715521
v -11.470584 0.328963 -0.649078
v -11.470665 0.013509 -1.243282
v -11.470665 -0.271137 -1.243281
v -11.470350 0.590103 1.341656
v -11.470507 0.599309 0.715521
v -11.470584 0.428980 -0.649078
v -11.470665 0.328963 -1.243282
v -11.470665 0.428980 -1.303291
v -11.470584 0.599313 -0.649078
v -11.470665 0.610565 -1.303290
v -11.470665 0.768347 -1.138638
v -11.470592 0.768332 -0.626862
v -11.470584 0.768330 -0.432609
v -11.470507 0.768313 0.700771
v -11.470350 0.768277 1.156941
v 1.698617 0.903986 0.664722
v 1.708506 0.903986 0.463811
v 2.658131 0.903986 0.424577
v 0.818454 0.903986 0.677075
v 2.648242 0.903986 0.655426
v 3.586704 0.903986 0.568701
v 1.698618 0.903986 1.278049
v 0.818454 0.903986 0.850710
v -0.110120 0.903986 0.603104
v -0.100232 0.903986 0.393245
v -1.028805 0.903986 0.318357
v -1.038694 0.903986 0.537614
v -0.110120 0.903986 1.209513
v 0.354167 0.903986 1.392825
v 0.818453 0.903986 1.289407
v 0.354167 0.585018 1.474633
v -0.110120 0.585018 1.291322
v -1.038695 0.903986 1.398489
v -1.967268 0.903986 1.228941
v -1.967267 0.903986 0.449142
v -1.957379 0.903986 0.255340
v -2.885952 0.903986 0.433609
v -2.892308 0.903986 0.660747
v -2.431555 0.903986 1.394915
v -1.967268 0.585018 1.291542
v -1.038694 0.585018 1.461091
v -1.038694 0.428981 1.461090
v -0.110120 0.379725 1.291321
v 0.354167 0.379725 1.474633
v 0.818453 0.585018 1.371215
v 1.698618 0.585018 1.342269
v 1.698618 0.439360 1.342269
v 0.818453 0.428981 1.371214
v 0.366426 0.279708 1.423210
v -0.097860 0.279708 1.239898
v -1.026433 0.328964 1.409667
v -1.955007 0.328964 1.240119
v -1.967268 0.428981 1.291542
v -2.431555 0.404693 1.457517
v -2.431555 0.585018 1.457517
v -3.183420 0.903986 1.298227
v -3.183420 0.585018 1.360828
v -3.393962 0.585018 1.196319
v -3.393962 0.903986 1.133717
v -3.824415 0.585018 1.291763
v -3.824415 0.400450 1.291763
v -3.393962 0.428981 1.196319
v -3.183420 0.428981 1.360828
v -3.171159 0.328964 1.202822
v -2.419294 0.304676 1.299511
v -2.419295 0.013511 1.299511
v -1.955007 0.013511 1.240119
v -1.026434 0.013511 1.409668
v -0.097860 0.013511 1.239898
v -1.026434 -0.271136 1.409668
v -1.955008 -0.231218 1.240120
v -2.419295 -0.231218 1.299511
v -3.171159 -0.271136 1.202822
v -3.171158 0.013511 1.202822
v -3.381701 0.013511 1.038313
v -3.381701 0.328964 1.038313
v -3.809612 0.300433 1.135537
v -3.809612 0.013510 1.135537
v -3.812155 -0.271136 1.133757
v -3.381701 -0.271136 1.038313
v -3.393962 -0.371152 1.196319
v -3.183420 -0.371152 1.360829
v -2.431556 -0.331235 1.457517
v -1.967268 -0.331235 1.291542
v -1.038694 -0.371152 1.461091
v -0.097860 -0.271136 1.239898
v 0.366427 0.013511 1.423211
v 0.366426 -0.271136 1.423211
v -0.110120 -0.371152 1.291322
v -1.038694 -0.542669 1.461091
v -1.967268 -0.542670 1.291542
v -2.431556 -0.542669 1.457517
v -3.183420 -0.542669 1.360829
v -3.393962 -0.542670 1.196319
v -3.824415 -0.371152 1.291763
v -4.752988 -0.359044 1.391862
v -4.738185 -0.259027 1.235637
v -4.735241 0.013510 1.237698
v -5.442247 -0.231819 1.110036
v -5.459994 -0.331836 1.264201
v -5.459994 -0.542670 1.264201
v -4.752988 -0.542670 1.391862
v -3.824415 -0.542669 1.291763
v -3.393962 -0.668962 1.114519
v -3.183420 -0.668962 1.279028
v -2.431555 -0.668961 1.375716
v -2.852507 -0.899847 1.013335
v -1.967268 -0.721466 1.013335
v -1.967268 -0.668962 1.209742
v -1.038695 -0.668962 1.379290
v -1.038694 -0.872444 1.013336
v -1.967267 -1.007018 0.502417
v -1.038694 -1.036539 0.502417
v -0.110121 -1.027035 1.013336
v -0.110121 -0.668962 1.209521
v 0.354166 -0.668962 1.392833
v -0.110120 -0.542669 1.291322
v 0.354166 -0.542669 1.474633
v 0.818453 -0.668962 1.289414
v 0.818453 -0.948489 1.011611
v 0.818454 -1.245486 0.501555
v -0.110121 -1.238888 0.502417
v -1.038694 -1.152935 0.040518
v -1.967268 -1.121324 0.040517
v -2.842155 -1.147957 0.502417
v -2.831802 -1.262497 0.040517
v -3.338719 -1.203596 0.040517
v -3.343895 -1.176032 0.502417
v -3.845635 -1.269029 0.501554
v -3.845635 -1.296476 0.040517
v -4.763643 -1.207899 0.040517
v -4.763643 -1.169104 0.501553
v -3.845636 -1.080685 1.011610
v -3.349072 -0.922871 1.013335
v -3.824415 -0.668962 1.209962
v -4.752988 -0.668962 1.310062
v -4.763643 -0.791343 1.011609
v -5.681561 -1.073941 1.011609
v -5.681561 -1.244119 0.501553
v -5.681561 -1.334191 0.040516
v -6.610136 -1.260893 0.040516
v -6.610135 -1.204838 0.501553
v -7.074422 -1.164105 0.040516
v -7.074421 -1.061441 0.501553
v -6.610136 -1.068675 1.011609
v -6.610135 -0.669666 1.474288
v -5.681563 -0.668962 1.288848
v -5.459994 -0.668962 1.182400
v -5.681563 -0.542669 1.370649
v -6.610135 -0.542669 1.556089
v -7.074423 -0.466882 1.513400
v -7.074421 -0.594230 1.431600
v -7.074423 -0.712981 1.011609
v -7.538709 -0.892249 1.011609
v -7.538709 -1.208866 0.501553
v -7.538709 -1.246193 0.040515
v -8.667316 -1.172314 0.501552
v -8.667316 -0.873859 1.011608
v -7.538709 -0.670369 1.210404
v -7.538709 -0.542670 1.292205
v -8.667316 -0.542670 1.392326
v -7.538709 -0.331846 1.292205
v -7.074421 -0.450365 1.513401
v -6.610135 -0.371152 1.556089
v -5.681563 -0.371152 1.370649
v -5.663816 -0.271136 1.216483
v -6.584594 -0.271135 1.407383
v -7.048880 -0.271136 1.364694
v -7.513167 -0.231830 1.143498
v -8.667316 -0.331846 1.392326
v -8.641773 -0.231830 1.243620
v -9.395856 -0.371152 1.292426
v -9.395856 -0.542669 1.292426
v -9.395856 -0.668962 1.210625
v -8.667315 -0.668962 1.310526
v -9.395856 -0.946873 1.011608
v -10.024380 -0.668962 1.135355
v -10.024380 -0.542670 1.217156
v -10.024380 -0.330149 1.217157
v -9.370312 -0.271136 1.143719
v -8.641774 0.013511 1.243620
v -7.513167 0.013510 1.143498
v -7.048880 0.013511 1.364694
v -6.584594 0.013511 1.407383
v -5.660140 0.013511 1.219057
v -5.442247 0.013511 1.110036
v -4.735241 0.300433 1.237697
v -5.442247 0.328964 1.110036
v -5.656020 0.328964 1.221942
v -6.584593 0.264832 1.407381
v -7.048879 0.264832 1.364693
v -7.513167 0.328964 1.143498
v -8.641770 0.349722 1.243620
v -9.370312 0.013510 1.143719
v -9.998837 -0.230133 1.068449
v -10.261521 -0.330150 1.292647
v -10.261521 -0.642686 1.292646
v -10.261521 -0.768978 1.210846
v -10.661773 -0.642685 1.432127
v -10.664182 -0.337539 1.430441
v -10.235979 -0.230133 1.250523
v -9.998837 0.013511 1.068449
v -9.370312 0.349722 1.143719
v -8.667315 0.449739 1.392326
v -7.538709 0.428981 1.292204
v -7.074421 0.364849 1.513400
v -6.610135 0.364849 1.556088
v -5.681563 0.428981 1.370648
v -5.459994 0.428981 1.264200
v -5.681563 0.585018 1.370648
v -6.610135 0.585018 1.556088
v -7.074421 0.585018 1.513400
v -7.538709 0.585018 1.292205
v -8.667315 0.585018 1.392326
v -9.395856 0.449739 1.292425
v -9.998837 0.288645 1.068449
v -10.235979 0.013510 1.143939
v -10.636231 -0.237523 1.283421
v -11.261146 -0.337539 1.428541
v -11.261146 -0.642686 1.428541
v -10.661773 -0.856237 1.333828
v -11.261146 -0.853003 1.330249
v -11.470350 -0.641650 1.341656
v -11.470350 -0.371152 1.341657
v -11.235604 -0.237523 1.279835
v -10.636232 0.013511 1.283421
v -10.235978 0.288645 1.143939
v -10.024380 0.388662 1.217156
v -9.395856 0.585018 1.292425
v -9.395856 0.903986 1.228206
v -8.667315 0.903986 1.328106
v -7.538709 0.903986 1.227985
v -7.074423 0.903986 1.450799
v -7.538709 0.903986 0.784695
v -8.667315 0.903986 0.544742
v -9.395856 0.903986 0.774326
v -10.024378 0.903986 1.151291
v -10.024378 0.585018 1.217156
v -10.261521 0.388662 1.292646
v -10.636231 0.357624 1.283420
v -11.235604 0.013511 1.279835
v -11.470350 -0.271135 1.281648
v -11.470350 0.013511 1.281648
v -11.261146 0.357624 1.261948
v -10.661773 0.457641 1.432127
v -10.661773 0.585018 1.432127
v -10.261521 0.585018 1.292646
v -10.261521 0.903986 1.210838
v -10.261521 0.903986 0.775041
v -10.024378 0.903986 0.777238
v -10.024380 0.903986 0.577656
v -9.395856 0.903986 0.577657
v -8.657427 0.903986 0.343034
v -7.528820 0.903986 0.584581
v -6.600246 0.903986 0.548387
v -6.610134 0.903986 0.727073
v -5.681561 0.903986 0.573442
v -5.671673 0.903986 0.362726
v -5.681562 0.903986 1.308047
v -6.610135 0.903987 1.493487
v -5.459994 0.585018 1.264200
v -5.459994 0.903986 1.201599
v -4.752988 0.903986 0.655423
v -4.743099 0.903986 0.424574
v -3.814526 0.903986 0.568698
v -3.824415 0.903986 0.790356
v -4.752988 0.903986 1.329260
v -4.752988 0.585018 1.391862
v -4.752988 0.400450 1.391861
v -3.824415 0.903986 1.229162
v -11.470350 0.328964 1.281648
v -11.261146 0.457641 1.428540
v -11.470350 0.428981 1.341656
v -11.470350 0.590103 1.341656
v -11.261146 0.592740 1.428540
v -10.661773 0.913439 1.297398
v -11.261146 0.917926 1.223044
v -11.470350 0.768277 1.156941
v -11.470507 0.768313 0.700771
v -11.261037 0.912563 0.737295
v -10.661656 0.913474 0.754122
v -10.261521 0.903986 0.577656
v -10.661601 0.913490 0.577648
v -10.261521 0.903985 -0.448997
v -10.661515 0.913515 -0.459863
v -11.260911 0.910266 -0.459863
v -11.260989 0.910246 0.577396
v -11.470584 0.768330 -0.432609
v -11.470592 0.768332 -0.626862
v -11.260903 0.910268 -0.666178
v -10.661506 0.913518 -0.678228
v -10.261521 0.903985 -0.674283
v -10.024380 0.903985 -0.631982
v -10.024380 0.903985 -0.394926
v -9.395856 0.903985 -0.517146
v -8.657426 0.903985 -0.442072
v -8.667315 0.903985 -0.693117
v -9.395856 0.903985 -0.761782
v -10.024380 0.903985 -1.082408
v -10.261521 0.903985 -1.136372
v -10.661429 0.913540 -1.283947
v -11.260833 0.910286 -1.209857
v -11.470665 0.768347 -1.138638
v -11.470665 0.610565 -1.303290
v -11.260833 0.585017 -1.392022
v -10.661429 0.585017 -1.395097
v -10.261521 0.585017 -1.274609
v -10.024380 0.585017 -1.220652
v -9.395856 0.903985 -1.136593
v -8.667315 0.903985 -1.336737
v -9.395856 0.585017 -1.274830
v -9.395856 0.428980 -1.274830
v -8.667316 0.585017 -1.474966
v -7.809420 0.585017 -1.495188
v -7.809420 0.903985 -1.356958
v -7.538709 0.903985 -0.736632
v -7.528820 0.903985 -0.442072
v -6.610135 0.903985 -0.491890
v -6.600246 0.903985 -0.216588
v -5.671673 0.903985 -0.442071
v -5.681561 0.903985 -0.700589
v -4.743099 0.903985 -0.278982
v -6.111229 0.903985 -1.143765
v -6.610134 0.903985 -1.248160
v -7.538707 0.903985 -1.136813
v -7.538707 0.585017 -1.275050
v -6.610134 0.585017 -1.386397
v -7.538707 0.428980 -1.275051
v -7.809420 0.380612 -1.495188
v -8.667316 0.380612 -1.474967
v -7.811830 0.280595 -1.436867
v -7.541117 0.328963 -1.216729
v -6.612543 0.328963 -1.328075
v -6.610134 0.428980 -1.386397
v -6.111229 0.428980 -1.282002
v -6.111229 0.585017 -1.282002
v -5.681561 0.903985 -1.261574
v -4.752988 0.903985 -0.547101
v -3.824414 0.903985 -0.543925
v -3.814526 0.903985 -0.311149
v -3.824414 0.903985 -1.137255
v -4.752988 0.903985 -1.342253
v -4.752988 0.585017 -1.480490
v -5.681561 0.585017 -1.399811
v -5.681561 0.388979 -1.399811
v -4.752988 0.388979 -1.480490
v -3.824414 0.428980 -1.275492
v -3.824414 0.585017 -1.275492
v -3.562987 0.903985 -1.271310
v -2.895840 0.903985 -0.642463
v -2.885952 0.903985 -0.385467
v -1.967267 0.903985 -0.351628
v -1.967267 0.903985 -0.601932
v -2.895840 0.903985 -1.127091
v -3.562987 0.585017 -1.409547
v -3.562987 0.428980 -1.409547
v -2.895840 0.585017 -1.265328
v -1.967267 0.903985 -1.237491
v -1.038693 0.903985 -1.298100
v -1.038694 0.903985 -0.646669
v -1.028805 0.903985 -0.389543
v -0.100231 0.903985 -0.383933
v -0.110120 0.903985 -0.647174
v -0.110120 0.903985 -1.137697
v 0.818454 0.903985 -0.482132
v 0.818454 0.903985 -0.243181
v 1.698617 0.903985 -0.714871
v 1.708506 0.903985 -0.442069
v 2.658131 0.903985 -0.278979
v 2.648242 0.903985 -0.547098
v 2.648242 0.903985 -1.342250
v 1.698618 0.903985 -1.236772
v 0.818454 0.903985 -1.237826
v -0.110120 0.585017 -1.275934
v -1.038693 0.585017 -1.436337
v -1.967267 0.585017 -1.375728
v -2.895840 0.428980 -1.265328
v -1.967267 0.390947 -1.375728
v -1.038693 0.390947 -1.436337
v -0.110120 0.428980 -1.275934
v 0.818453 0.428980 -1.376063
v 0.818453 0.585017 -1.376063
v 1.698617 0.585017 -1.375005
v 2.648242 0.585017 -1.480487
v 3.576816 0.585017 -1.275489
v 3.576816 0.903985 -1.137252
v 3.576815 0.903985 -0.674844
v 3.586704 0.903985 -0.442068
v 4.505389 0.903985 -0.642461
v 3.838243 0.903985 -1.271308
v 3.838243 0.585017 -1.409545
v 4.505389 0.903985 -1.127088
v 4.505389 0.585017 -1.265325
v 3.838243 0.428980 -1.409546
v 3.576816 0.428980 -1.275490
v 2.648242 0.388979 -1.480488
v 1.698617 0.404796 -1.375005
v 1.697670 0.304779 -1.315660
v 0.817505 0.328963 -1.316718
v -0.111067 0.328963 -1.216589
v 0.817505 0.013509 -1.316718
v 1.697670 0.013509 -1.315660
v 2.647295 0.013509 -1.421142
v 2.647370 0.288962 -1.421091
v 3.576816 0.328963 -1.215481
v 3.840866 0.328963 -1.347700
v 4.508012 0.328963 -1.203480
v 4.505389 0.428980 -1.265326
v 5.433962 0.585017 -1.375725
v 5.433962 0.903985 -1.237488
v 5.449207 0.903985 -0.535823
v 6.362535 0.903985 -1.298097
v 6.362535 0.903985 -0.646666
v 6.362535 0.585017 -1.436334
v 7.291110 0.903985 -1.137694
v 7.291110 0.585017 -1.275931
v 7.291110 0.428980 -1.275931
v 6.362535 0.390947 -1.436335
v 5.433962 0.390947 -1.375726
v 5.436585 0.290930 -1.313880
v 6.374797 0.290930 -1.367740
v 7.303370 0.328963 -1.207337
v 8.231943 0.328963 -1.307467
v 8.219683 0.428980 -1.376061
v 8.219683 0.585017 -1.376060
v 8.219683 0.903985 -1.237823
v 8.219683 0.903985 -0.452403
v 7.291110 0.903985 -0.450908
v 7.291110 0.903985 -0.194592
v 6.362535 0.903985 -0.396465
v 5.459095 0.903985 -0.278596
v 4.515277 0.903985 -0.385464
v 9.148256 0.903985 -1.137923
v 9.148256 0.585017 -1.276159
v 9.148256 0.378924 -1.276160
v 9.160517 0.278907 -1.207567
v 9.160517 0.013510 -1.207566
v 8.231941 0.013509 -1.307467
v 7.303370 0.013510 -1.207336
v 6.365158 0.013510 -1.374488
v 7.303370 -0.206652 -1.207336
v 8.231941 -0.206652 -1.307467
v 9.160517 -0.271137 -1.207566
v 9.861630 -0.271137 -1.316347
v 9.861629 0.013509 -1.316346
v 9.861630 0.278907 -1.316347
v 9.849371 0.378924 -1.384941
v 9.849371 0.585015 -1.384940
v 10.141866 0.428980 -1.275438
v 10.154128 0.328963 -1.206846
v 10.154126 0.013510 -1.206844
v 10.154126 -0.271137 -1.206844
v 10.141866 -0.371153 -1.275437
v 9.849371 -0.371153 -1.384940
v 9.148256 -0.371153 -1.276159
v 8.219683 -0.306669 -1.376060
v 7.291110 -0.306668 -1.275930
v 6.365159 -0.271137 -1.374489
v 5.436585 0.013509 -1.313880
v 4.508012 0.013510 -1.203479
v 5.436585 -0.271137 -1.313879
v 6.362535 -0.371153 -1.436334
v 5.433962 -0.371153 -1.375725
v 6.362535 -0.542671 -1.436334
v 7.291110 -0.542671 -1.275930
v 8.219683 -0.542671 -1.376060
v 9.148256 -0.542671 -1.276159
v 9.849371 -0.542672 -1.384940
v 10.141866 -0.542674 -1.275437
v 10.541773 -0.330223 -1.395090
v 10.554033 -0.230206 -1.326495
v 11.241905 -0.330223 -1.392015
v 10.541773 -0.742710 -1.395090
v 10.141866 -0.668967 -1.137197
v 9.844384 -0.668966 -1.246556
v 9.148256 -0.668964 -1.137922
v 8.219683 -0.668964 -1.237823
v 7.291110 -0.668964 -1.137693
v 6.362535 -0.668964 -1.298097
v 5.433962 -0.668964 -1.237488
v 5.433962 -0.542671 -1.375725
v 4.505389 -0.343319 -1.265325
v 4.508012 -0.243302 -1.203479
v 3.838243 0.013509 -1.349536
v 3.838243 -0.243302 -1.349536
v 3.838243 -0.343319 -1.409545
v 4.505389 -0.542671 -1.265325
v 4.505389 -0.668717 -1.127088
v 5.433962 -0.720917 -0.893250
v 6.362535 -0.871894 -0.893249
v 7.291110 -1.054605 -0.893250
v 8.219685 -0.947940 -0.893250
v 9.148257 -0.917310 -0.893248
v 10.141867 -0.920795 -0.912759
v 10.141863 -1.065751 -0.439839
v 10.541861 -1.040199 -0.856529
v 10.541773 -0.927242 -1.279707
v 11.241905 -0.767590 -1.392015
v 11.241905 -0.923988 -1.276632
v 11.241983 -1.087886 -0.856529
v 10.541882 -1.115570 -0.371791
v 10.141866 -1.120507 0.055233
v 9.148256 -1.074335 -0.387432
v 8.219683 -1.234288 -0.387432
v 9.148256 -1.201137 0.040521
v 8.219683 -1.350492 0.040520
v 7.291110 -1.342677 0.040521
v 7.291107 -1.243096 -0.387432
v 6.362534 -1.076026 -0.387432
v 5.433961 -1.031226 -0.387433
v 5.433962 -1.121324 0.040520
v 6.362537 -1.152935 0.040521
v 11.442199 -0.738394 -1.303284
v 11.442199 -0.855706 -1.206247
v 11.442279 -1.048878 -0.829275
v 11.242004 -1.092331 -0.371854
v 11.442298 -1.150839 -0.359091
v 11.442319 -1.052027 0.033230
v 11.242023 -1.208258 0.034956
v 10.541903 -1.188483 0.035082
v 11.442199 -0.371153 -1.303283
v 11.254166 -0.230206 -1.323421
v 11.442199 -0.271137 -1.243274
v 11.254166 0.013509 -1.323421
v 10.554033 0.013509 -1.326495
v 10.554035 0.328963 -1.326497
v 11.254166 0.328963 -1.323422
v 11.442199 0.013509 -1.243275
v 11.442199 0.328963 -1.243275
v 11.241905 0.428980 -1.392015
v 10.541773 0.428980 -1.395091
v 10.141866 0.585014 -1.275438
v 10.541773 0.651053 -1.395090
v 11.241905 0.615739 -1.392015
v 11.442199 0.610565 -1.303283
v 11.442199 0.428980 -1.303284
v 11.442199 0.768347 -1.245899
v 11.241905 0.910279 -1.223013
v 11.241966 0.910263 -0.659479
v 10.541773 0.913533 -1.225899
v 10.141866 0.903982 -1.137197
v 9.849371 0.903983 -1.246701
v 9.148256 0.903985 -0.484757
v 9.849371 0.903984 -0.658452
v 10.141866 0.903982 -0.659312
v 10.541840 0.913514 -0.671051
v 10.541861 0.913508 -0.459856
v 11.241983 0.910259 -0.459856
v 11.442255 0.768335 -0.673350
v 11.442279 0.768330 -0.465386
v 11.442357 0.768312 0.336587
v 11.242062 0.910239 0.367293
v 11.442393 0.768304 0.533328
v 10.541945 0.913483 0.367544
v 10.141866 0.903982 -0.448990
v 9.849371 0.903984 -0.448990
v 9.148256 0.903985 -0.247365
v 9.849371 0.903984 0.436068
v 10.141866 0.903982 0.367552
v 10.141866 0.903983 0.552195
v 10.541983 0.913472 0.558166
v 11.242100 0.910228 0.557755
v 11.442513 0.768277 1.200357
v 11.242218 0.910197 1.268040
v 10.542116 0.913432 1.271397
v 10.141866 0.903982 1.210013
v 9.851892 0.903985 0.603735
v 9.148256 0.903986 0.627888
v 9.148256 0.903986 0.422206
v 8.219683 0.903986 0.677078
v 8.219683 0.903985 -0.213452
v 10.542116 0.585011 1.432134
v 11.242218 0.585011 1.428548
v 11.442513 0.590103 1.341663
v 11.442513 0.428981 1.341663
v 11.242218 0.428981 1.428547
v 11.254478 0.328964 1.377125
v 11.442513 0.328964 1.281655
v 10.554377 0.328964 1.380711
v 10.542116 0.428981 1.432133
v 10.141866 0.428981 1.291820
v 10.141866 0.585014 1.291821
v 9.861391 0.903987 1.360527
v 9.148256 0.903986 1.209287
v 8.219683 0.903986 0.850713
v 7.291110 0.903986 0.603107
v 7.291110 0.903986 0.386324
v 6.362535 0.903986 0.513734
v 6.362535 0.903986 0.739915
v 7.291110 0.903986 1.209516
v 7.755397 0.903986 1.392827
v 8.219683 0.903986 1.289409
v 9.148256 0.585018 1.291095
v 9.861391 0.585018 1.442336
v 9.861391 0.380165 1.442335
v 9.148256 0.380165 1.291095
v 8.219683 0.585018 1.371217
v 7.755397 0.585018 1.474635
v 7.291110 0.585018 1.291324
v 6.362535 0.903986 1.398492
v 5.433962 0.903986 1.228943
v 5.433962 0.903986 0.449144
v 5.443851 0.903986 0.255342
v 4.515278 0.903986 0.433611
v 4.508923 0.903986 0.660749
v 4.969676 0.903986 1.394918
v 5.433962 0.585018 1.291545
v 6.362537 0.585018 1.461093
v 6.362537 0.428981 1.461093
v 7.291110 0.379725 1.291324
v 7.755397 0.379725 1.474635
v 8.219683 0.428981 1.371217
v 8.231943 0.328964 1.319794
v 9.160517 0.280148 1.239671
v 9.873652 0.280148 1.390912
v 9.160517 0.013511 1.239673
v 8.231943 0.013511 1.319795
v 7.767656 0.013511 1.423213
v 7.767656 0.279708 1.423212
v 7.303369 0.279708 1.239900
v 6.374797 0.328964 1.409670
v 5.446223 0.328964 1.240122
v 5.433962 0.428981 1.291544
v 4.969676 0.404693 1.457519
v 4.969676 0.585018 1.457519
v 4.217811 0.903986 1.298229
v 4.217811 0.585018 1.360831
v 4.217811 0.428981 1.360830
v 4.230071 0.328964 1.309407
v 4.981937 0.304676 1.406094
v 4.981936 0.013511 1.406097
v 5.446223 0.013511 1.240122
v 6.374797 0.013511 1.409671
v 7.303370 0.013511 1.239902
v 7.303370 -0.271136 1.239902
v 7.767656 -0.271135 1.423213
v 8.231943 -0.271136 1.319794
v 7.755395 -0.371152 1.474636
v 7.291110 -0.371152 1.291325
v 6.362537 -0.371152 1.461094
v 6.374797 -0.271136 1.409671
v 5.446223 -0.231218 1.240122
v 4.981936 -0.231218 1.406097
v 4.230071 -0.271136 1.309408
v 4.227448 0.013511 1.307571
v 4.019528 0.013510 1.144899
v 4.019529 0.328964 1.144898
v 4.007269 0.428981 1.196321
v 3.589075 0.300433 1.240342
v 3.589076 0.013510 1.240343
v 3.589076 -0.271136 1.240343
v 4.019528 -0.271136 1.144899
v 4.007269 -0.371152 1.196322
v 4.220434 -0.371152 1.362668
v 4.969676 -0.331235 1.457520
v 5.433962 -0.331235 1.291545
v 5.433962 -0.542669 1.291545
v 6.362537 -0.542669 1.461094
v 7.291110 -0.542669 1.291325
v 7.755395 -0.542669 1.474636
v 7.755395 -0.668962 1.392835
v 7.291109 -0.668962 1.209524
v 6.362535 -0.668962 1.379293
v 7.291108 -1.055155 1.013339
v 8.219683 -0.948489 1.011613
v 8.219683 -0.668962 1.289417
v 8.219683 -0.542669 1.371217
v 9.148256 -0.665309 1.209295
v 9.148257 -0.878135 1.011613
v 9.148257 -1.030814 0.501558
v 8.219683 -1.190767 0.501557
v 7.291107 -1.199575 0.502419
v 6.362537 -1.032506 0.502420
v 6.362535 -0.872444 1.013339
v 5.433962 -0.668962 1.209745
v 4.969676 -0.668962 1.375718
v 4.969676 -0.542670 1.457519
v 4.217811 -0.542669 1.360831
v 4.217811 -0.668962 1.279030
v 4.548723 -0.899847 1.013338
v 5.433962 -0.773114 1.013337
v 5.433962 -0.987706 0.502419
v 5.433962 -1.121324 0.040520
v 6.362537 -1.152935 0.040521
v 7.291110 -1.342677 0.040521
v 8.219683 -1.350492 0.040520
v 9.148256 -1.201137 0.040521
v 10.141866 -1.120507 0.055233
v 10.141866 -1.082165 0.508913
v 10.141866 -0.924061 1.011613
v 10.541945 -1.003708 0.962289
v 10.541924 -1.097471 0.474175
v 10.541903 -1.188483 0.035082
v 11.242044 -1.092320 0.473986
v 11.242062 -1.051399 0.962038
v 11.442357 -1.042779 0.931332
v 11.242218 -0.923904 1.329104
v 10.542116 -0.927138 1.332682
v 10.542116 -0.742709 1.432134
v 10.141866 -0.668965 1.210020
v 9.861391 -0.668962 1.360535
v 9.861391 -0.542669 1.442336
v 10.141866 -0.542673 1.291821
v 10.141866 -0.310139 1.291821
v 10.542116 -0.371152 1.432134
v 11.242218 -0.371152 1.428548
v 11.242218 -0.742709 1.428548
v 11.442513 -0.860651 1.258031
v 11.442336 -1.147789 0.457771
v 11.442319 -1.052027 0.033230
v 11.242023 -1.208258 0.034956
v 11.442513 -0.738393 1.341664
v 11.442513 -0.371152 1.341664
v 11.442513 -0.271136 1.281655
v 11.254478 -0.271136 1.377126
v 10.554377 -0.271136 1.380711
v 10.154126 -0.210123 1.240399
v 9.861391 -0.310139 1.442336
v 9.148256 -0.371152 1.291096
v 9.148256 -0.542670 1.291096
v 8.219683 -0.371152 1.371218
v 9.160517 -0.271136 1.239673
v 9.873652 -0.210123 1.390913
v 10.154126 0.013511 1.240398
v 10.554377 0.013511 1.380711
v 11.254478 0.013511 1.377126
v 11.442513 0.013511 1.281655
v 10.154126 0.328964 1.240397
v 9.873649 0.013511 1.390912
v 4.007269 -0.542669 1.196321
v 3.576815 -0.371152 1.291766
v 2.648242 -0.359044 1.391865
v 2.648242 -0.542669 1.391865
v 3.576815 -0.542670 1.291766
v 4.007269 -0.668962 1.114521
v 4.052159 -0.892805 1.013338
v 3.555593 -0.991663 1.011612
v 3.576815 -0.668962 1.209965
v 2.648242 -0.668962 1.310064
v 1.698618 -0.669665 1.260468
v 1.698618 -0.542669 1.342269
v 1.698618 -0.331846 1.342269
v 0.818453 -0.542669 1.371215
v 0.818453 -0.371152 1.371215
v 1.710877 -0.231830 1.290846
v 2.660502 -0.259027 1.340441
v 2.660502 0.013511 1.340442
v 1.710878 0.013511 1.290846
v 0.830714 -0.271136 1.319792
v 0.354166 -0.371152 1.474634
v 1.698617 -0.923808 1.011612
v 2.637585 -0.836690 1.011612
v 2.637585 -1.079208 0.501556
v 1.698617 -1.107282 0.501556
v 1.698618 -1.222264 0.040519
v 2.637585 -1.167755 0.040519
v 0.818454 -1.364156 0.040518
v -0.110120 -1.403043 0.040518
v 2.660503 0.300433 1.340441
v 1.710878 0.339343 1.290846
v 0.830714 0.013511 1.319792
v 0.830715 0.328964 1.319791
v 2.648242 0.400450 1.391864
v 3.576815 0.400450 1.291765
v 2.648242 0.585018 1.391865
v 2.648242 0.903986 1.329263
v 3.576815 0.585018 1.291766
v 4.007269 0.585018 1.196321
v 4.007269 0.903986 1.133720
v 3.576815 0.903986 1.229164
v 3.576815 0.903986 0.790359
v 3.576816 0.013509 -1.215480
v 3.576816 -0.271137 -1.215480
v 3.576816 -0.371153 -1.275489
v 2.647295 -0.243607 -1.421141
v 1.697670 -0.252750 -1.315660
v 2.648242 -0.343623 -1.480487
v 1.698617 -0.352766 -1.375005
v 2.648242 -0.542670 -1.480487
v 3.576816 -0.542671 -1.275489
v 3.838243 -0.542671 -1.409545
v 3.838243 -0.668964 -1.271308
v 3.576816 -0.668964 -1.137253
v 2.648242 -0.729268 -1.231750
v 3.555504 -0.866643 -0.893251
v 4.072818 -0.861634 -0.893251
v 4.590132 -0.900236 -0.893250
v 4.067663 -1.043078 -0.387433
v 3.555548 -1.113348 -0.387433
v 2.637584 -1.062794 -0.387433
v 2.637586 -0.875200 -0.893251
v 1.698617 -0.901511 -0.893251
v 1.698618 -0.668964 -1.236772
v 1.698617 -0.542670 -1.375005
v 0.818453 -0.542671 -1.376063
v 0.818454 -0.668964 -1.237825
v 0.818454 -0.947940 -0.893252
v 1.698617 -1.060465 -0.387433
v 1.698618 -1.222264 0.040519
v 2.637585 -1.167755 0.040519
v 3.555594 -1.272153 0.040519
v 4.062511 -1.173530 0.040519
v 4.579777 -1.177579 -0.387432
v 4.569426 -1.279181 0.040519
v -0.110121 -0.668964 -1.137696
v -0.110121 -1.054605 -0.893252
v 0.818454 -1.289007 -0.387434
v 0.818454 -1.364156 0.040518
v -0.110120 -1.403043 0.040518
v -0.110119 -1.282409 -0.387434
v -1.038694 -1.152935 0.040518
v -1.038694 -1.080060 -0.387435
v -1.038694 -0.871894 -0.893252
v -1.967268 -1.050539 -0.387435
v -1.967268 -1.121324 0.040517
v -2.821450 -1.191947 -0.387435
v -2.831802 -1.262497 0.040517
v -3.338719 -1.203596 0.040517
v -3.333565 -1.131370 -0.387435
v -2.811098 -0.900236 -0.893253
v -1.967267 -0.851181 -0.893253
v -1.967267 -0.668964 -1.237491
v -1.038693 -0.668964 -1.298100
v -1.038693 -0.542671 -1.436337
v -0.110121 -0.542671 -1.275933
v -0.110121 -0.306668 -1.275933
v 0.818453 -0.306669 -1.376062
v -0.111067 -0.206652 -1.216588
v 0.817505 -0.206652 -1.316718
v -0.111067 0.013510 -1.216588
v -1.039641 0.013509 -1.376992
v -1.039641 -0.271137 -1.376992
v -1.038693 -0.371153 -1.436337
v -1.967267 -0.371153 -1.375728
v -1.967267 -0.542671 -1.375728
v -2.895840 -0.668717 -1.127090
v -3.328411 -0.844665 -0.893253
v -3.562987 -0.668964 -1.271310
v -2.895840 -0.542671 -1.265327
v -2.895840 -0.343319 -1.265327
v -2.882559 -0.243302 -1.196020
v -1.967267 -0.271137 -1.315719
v -1.967267 0.013510 -1.315719
v -2.895840 0.013510 -1.205319
v -3.565743 0.013509 -1.351469
v -3.565743 -0.243302 -1.351469
v -3.562987 -0.343319 -1.409547
v -3.562987 -0.542671 -1.409547
v -3.824414 -0.668964 -1.137255
v -3.845725 -0.866644 -0.893254
v -3.845681 -1.195897 -0.387436
v -3.845635 -1.296476 0.040517
v -4.763643 -1.207899 0.040517
v -4.763643 -1.152691 -0.387436
v -4.763643 -0.851768 -0.893254
v -4.752988 -0.729268 -1.231752
v -3.824414 -0.542671 -1.275492
v -3.824414 -0.371153 -1.275492
v -3.827170 -0.271137 -1.217414
v -3.827170 0.013510 -1.217414
v -3.827170 0.328963 -1.217414
v -3.565742 0.328963 -1.351470
v -2.895840 0.328963 -1.205319
v -4.755744 0.288962 -1.422412
v -4.755744 0.013509 -1.422411
v -4.755744 -0.243607 -1.422411
v -4.752986 -0.343623 -1.480489
v -4.752986 -0.542670 -1.480489
v -5.681561 -0.729268 -1.151073
v -5.681561 -0.801748 -0.893254
v -5.681562 -1.227705 -0.387436
v -5.681561 -1.334191 0.040516
v -6.610136 -1.260893 0.040516
v -6.610136 -1.188423 -0.387437
v -7.074422 -1.164105 0.040516
v -6.610134 -0.796482 -0.893254
v -6.111229 -0.668964 -1.143764
v -5.681561 -0.542671 -1.399811
v -5.681561 -0.371153 -1.399811
v -5.684317 -0.271137 -1.341732
v -5.684317 0.013509 -1.341732
v -5.683970 0.288962 -1.341490
v -6.113638 0.328963 -1.223680
v -6.113638 0.013509 -1.223680
v -6.113638 -0.200524 -1.223680
v -6.111229 -0.300540 -1.282001
v -6.111229 -0.542671 -1.282001
v -6.610134 -0.668964 -1.248160
v -6.610134 -0.542671 -1.386396
v -6.610134 -0.300541 -1.386396
v -6.612543 -0.200524 -1.328075
v -6.612543 0.013509 -1.328075
v -7.541117 0.013510 -1.216729
v -7.541117 -0.234363 -1.216728
v -7.538707 -0.334380 -1.275050
v -7.538707 -0.542671 -1.275050
v -7.538707 -0.668964 -1.136813
v -7.809419 -0.668964 -1.356958
v -7.809419 -0.542670 -1.495187
v -7.809420 -0.371153 -1.495187
v -7.811830 -0.271137 -1.436866
v -7.811830 0.013509 -1.436866
v -8.669724 0.280595 -1.416646
v -8.669726 0.013509 -1.416645
v -8.669726 -0.271137 -1.416645
v -8.667316 -0.371153 -1.474966
v -8.667316 -0.542670 -1.474966
v -8.667315 -0.668964 -1.336737
v -8.667315 -0.825815 -0.893255
v -9.395856 -0.674902 -1.136593
v -9.395856 -0.542670 -1.274830
v -9.395856 -0.325699 -1.274829
v -9.398265 -0.225682 -1.216508
v -9.398265 0.013510 -1.216508
v -9.398265 0.328963 -1.216508
v -10.024378 0.428980 -1.220652
v -10.025899 0.328963 -1.268290
v -10.025899 0.013510 -1.203763
v -10.024380 -0.225682 -1.160638
v -10.024380 -0.325699 -1.220646
v -10.024380 -0.542671 -1.220645
v -10.024380 -0.676791 -1.082408
v -10.022144 -0.795120 -0.816043
v -9.395856 -0.826453 -0.888455
v -10.024380 -0.899534 -0.385038
v -10.261519 -0.932357 -0.888455
v -10.261521 -0.785146 -1.136372
v -10.261521 -0.642687 -1.274609
v -10.261521 -0.371153 -1.274608
v -10.263041 -0.271137 -1.322247
v -10.263041 0.013509 -1.322248
v -10.263041 0.328963 -1.322248
v -10.261521 0.428980 -1.274609
v -10.661429 0.371418 -1.395097
v -10.662951 0.271401 -1.442736
v -10.662950 0.013509 -1.442736
v -10.662950 -0.247883 -1.442735
v -10.661429 -0.347900 -1.395096
v -10.661429 -0.642687 -1.395097
v -10.661429 -0.856340 -1.289183
v -10.661515 -0.981344 -0.856537
v -10.258858 -1.052827 -0.418362
v -10.024380 -0.990170 0.040515
v -9.395857 -1.041148 -0.385038
v -8.667315 -1.095093 -0.387437
v -8.667315 -1.209642 0.040515
v -9.395856 -1.168867 0.040515
v -10.261521 -1.143736 0.055227
v -10.661537 -1.219514 -0.371799
v -10.661559 -1.314459 0.035075
v -11.260951 -1.277570 0.034948
v -11.260932 -1.196555 -0.371861
v -11.260911 -0.989948 -0.856537
v -11.260833 -0.853087 -1.286108
v -11.260833 -0.642687 -1.392022
v -11.260833 -0.371153 -1.392022
v -11.260833 -0.271137 -1.438596
v -11.470665 -0.271137 -1.243281
v -11.470665 -0.371153 -1.303290
v -11.470665 -0.641651 -1.303291
v -11.470665 -0.819777 -1.206254
v -11.470584 -0.927723 -0.829283
v -11.470566 -1.154760 -0.359097
v -11.470546 -1.059870 0.033222
v -11.470665 0.013509 -1.243282
v -11.262353 0.013509 -1.439661
v -11.470665 0.328963 -1.243282
v -11.262353 0.307411 -1.439661
v -11.470665 0.428980 -1.303291
v -11.260833 0.407428 -1.392022
v -1.039641 0.290930 -1.376993
v -1.968214 0.290930 -1.316383
v -11.470350 -0.813623 1.258024
v -11.260989 -1.054057 0.962031
v -11.470507 -1.042779 0.931325
v -11.260970 -1.184813 0.473980
v -10.661725 -1.077053 0.962282
v -10.261521 -0.840404 1.011608
v -10.024380 -0.726202 1.011608
v -10.024380 -0.945932 0.501551
v -10.261520 -1.087707 0.508908
v -10.661643 -1.223573 0.474168
v -10.261521 -1.143736 0.055227
v -10.024380 -0.990170 0.040515
v -9.395856 -1.057562 0.501552
v -8.667315 -1.209642 0.040515
v -9.395856 -1.168867 0.040515
v -11.470527 -1.151710 0.457764
v -11.470546 -1.059870 0.033222
v -11.260951 -1.277570 0.034948
v -10.661559 -1.314459 0.035075
v 3.555593 -1.186480 0.501556
v 3.555594 -1.272153 0.040519
v 4.062511 -1.173530 0.040519
v 4.057333 -1.087740 0.502419
v 4.559073 -1.133589 0.502419
v 4.569426 -1.279181 0.040519
v -7.074423 -1.045027 -0.387437
v -7.074421 -0.869765 -0.893255
v -7.538709 -0.918242 -0.893255
v -7.538709 -1.192452 -0.387437
v -7.538709 -1.246193 0.040515
vt 1.7412 3.3262
vt 1.9814 3.4014
vt 2.0234 3.4502
vt 1.6689 3.4521
vt 1.5459 3.3193
vt 1.3838 3.3564
vt 1.1035 3.4619
vt 1.2080 3.3262
vt 1.0117 3.3408
vt 0.8252 3.4160
vt 0.7529 3.4756
vt 0.7422 3.6104
vt 1.1260 3.6172
vt 1.6719 3.6074
vt 2.0254 3.6162
vt 2.0166 3.6436
vt 1.6699 3.6494
vt 1.1348 3.6582
vt 0.7744 3.6855
vt 0.7754 3.7832
vt 1.1514 3.7764
vt 0.7773 3.9141
vt 1.6719 3.7676
vt 1.1699 3.9062
vt 0.7705 3.9404
vt 1.1729 3.9482
vt 1.6748 3.8984
vt 2.0195 3.8711
vt 2.0186 3.7607
vt 0.7705 4.0225
vt 1.1836 4.0186
vt 1.6777 3.9395
vt 2.0312 3.9336
vt 2.0332 4.0088
vt 1.6787 4.0098
vt 2.0107 4.0742
vt 1.6904 4.0801
vt 1.6035 4.0811
vt 1.2715 4.0869
vt 1.1904 4.0889
vt 0.8037 4.0957
vt -1.1465 3.5010
vt -1.1113 3.4258
vt -0.8750 3.3174
vt -0.7930 3.4824
vt -0.6807 3.2998
vt -0.5176 3.3262
vt -0.2285 3.4580
vt -0.3438 3.2861
vt -0.1455 3.2910
vt 0.0439 3.4141
vt 0.1143 3.4463
vt 0.1191 3.5723
vt -0.2236 3.5732
vt -0.7881 3.5977
vt -1.1416 3.6133
vt -0.7842 3.6387
vt -0.2236 3.6143
vt 0.1113 3.5996
vt 0.1162 3.7178
vt -0.2188 3.7324
vt 0.0977 3.8281
vt -0.7793 3.7568
vt -0.2129 3.8633
vt 0.1338 3.8896
vt -0.2090 3.9043
vt -0.7734 3.8877
vt -1.1250 3.7725
vt -1.1289 3.6748
vt 0.1367 3.9561
vt -0.2061 3.9746
vt -0.7734 3.9297
vt -1.1201 3.9023
vt -1.1270 3.9307
vt -0.7705 4.0000
vt -1.1240 4.0195
vt -1.0947 4.0820
vt -0.7588 4.0693
vt -0.6768 4.0635
vt -0.2129 4.0439
vt 0.1064 4.0312
vt 0.2607 -2.4414
vt 0.2852 -2.7500
vt 0.3584 -2.4404
vt 0.2520 -2.0713
vt 0.1885 -2.7451
vt 0.1875 -3.1279
vt -0.0742 -2.4492
vt 0.1758 -2.0605
vt 0.2510 -1.7129
vt 0.3408 -1.7090
vt 0.3564 -1.3418
vt 0.3037 -1.3535
vt -0.0762 -1.7178
vt -0.1377 -1.8916
vt -0.1006 -2.0420
vt -0.2383 -1.8662
vt -0.2061 -1.7090
vt -0.1748 -1.3574
vt -0.1055 -0.9873
vt 0.2871 -0.9883
vt 0.3613 -0.9834
vt 0.2754 -0.6113
vt 0.2041 -0.6152
vt -0.1846 -0.7988
vt -0.2324 -0.9805
vt -0.2627 -1.3535
vt -0.3477 -1.3545
vt -0.3389 -1.7178
vt -0.3242 -1.8652
vt -0.2100 -2.0391
vt -0.1992 -2.4443
vt -0.3418 -2.4492
vt -0.2920 -2.0342
vt -0.3730 -1.8730
vt -0.3789 -1.7139
vt -0.3916 -1.3584
vt -0.4199 -0.9824
vt -0.3359 -0.9834
vt -0.3643 -0.7871
vt -0.2803 -0.7900
vt -0.1553 -0.4873
vt -0.2627 -0.4473
vt -0.2295 -0.3711
vt -0.1621 -0.3848
vt -0.2588 -0.2412
vt -0.3525 -0.2422
vt -0.3535 -0.3809
vt -0.3633 -0.4541
vt -0.4287 -0.4688
vt -0.3936 -0.7871
vt -0.6113 -0.7891
vt -0.6084 -0.9824
vt -0.5977 -1.3594
vt -0.5830 -1.7158
vt -0.7656 -1.3623
vt -0.8027 -0.9912
vt -0.7900 -0.7969
vt -0.7578 -0.4385
vt -0.6084 -0.4414
vt -0.6133 -0.3623
vt -0.4434 -0.3623
vt -0.4150 -0.2344
vt -0.6113 -0.2422
vt -0.7939 -0.2451
vt -0.7676 -0.3799
vt -0.8301 -0.3857
vt -0.8135 -0.4580
vt -0.8330 -0.7910
vt -0.8369 -0.9863
vt -0.8271 -1.3682
vt -0.7549 -1.7266
vt -0.5771 -1.8613
vt -0.7529 -1.8584
vt -0.8086 -1.7227
vt -0.9336 -1.3691
vt -0.9482 -0.9941
vt -0.9502 -0.8008
vt -0.9580 -0.4561
vt -0.9531 -0.4033
vt -0.8604 -0.2402
vt -0.8330 0.1436
vt -0.7773 0.1504
vt -0.6123 0.1475
vt -0.8105 0.4326
vt -0.8398 0.4287
vt -0.9434 0.4277
vt -0.9521 0.1484
vt -0.9551 -0.2451
vt -1.0537 -0.4600
vt -1.0547 -0.5059
vt -1.0635 -0.8525
vt -1.4014 -0.6348
vt -1.3838 -0.9990
vt -1.0762 -1.0039
vt -1.0166 -1.3789
vt -1.3945 -1.3867
vt -1.6982 -0.9990
vt -1.7275 -1.3809
vt -1.4150 -1.7363
vt -1.0391 -1.7461
vt -1.0049 -1.8887
vt -0.9229 -1.7344
vt -0.9189 -1.8662
vt -1.0127 -2.0225
vt -1.4043 -2.0244
vt -1.7051 -2.0322
vt -1.7393 -1.7295
vt -2.0361 -1.3662
vt -2.0361 -0.9951
vt -1.7129 -0.6309
vt -2.0361 -0.6279
vt -2.0361 -0.4170
vt -1.6895 -0.4170
vt -1.7256 -0.1973
vt -2.0361 -0.2021
vt -2.0361 0.1582
vt -1.6885 0.1582
vt -1.4297 -0.2031
vt -1.3877 -0.4189
vt -1.0430 -0.2510
vt -1.0322 0.1426
vt -1.3691 0.1572
vt -1.4170 0.5371
vt -1.7178 0.5361
vt -2.0361 0.5225
vt -2.0361 0.9102
vt -1.7471 0.8975
vt -2.0361 1.1562
vt -1.6992 1.1064
vt -1.4229 0.9150
vt -0.9834 0.9053
vt -1.0137 0.5264
vt -1.0605 0.4238
vt -0.9336 0.5342
vt -0.9141 0.9092
vt -0.9268 1.1035
vt -1.0225 1.0889
vt -1.3887 1.1035
vt -1.3877 1.2686
vt -1.6807 1.3018
vt -2.0361 1.3125
vt -1.6562 1.7139
vt -1.3525 1.7031
vt -1.0723 1.2432
vt -0.9395 1.2637
vt -0.9238 1.6826
vt -0.7979 1.2705
vt -0.7988 1.0918
vt -0.8193 0.9082
vt -0.8584 0.5332
vt -0.7949 0.5215
vt -0.7568 0.9082
vt -0.7393 1.1074
vt -0.7686 1.2490
vt -0.7949 1.6787
vt -0.7344 1.6797
vt -0.7939 1.9600
vt -0.9189 1.9629
vt -1.0146 1.9629
vt -1.0049 1.6846
vt -1.3779 1.9717
vt -1.0195 2.1963
vt -0.9209 2.1953
vt -0.8076 2.1885
vt -0.7529 1.9619
vt -0.5859 1.6768
vt -0.5967 1.2686
vt -0.6006 1.1045
vt -0.6016 0.9092
vt -0.6045 0.5312
vt -0.6084 0.4316
vt -0.4141 0.1436
vt -0.4326 0.4219
vt -0.3848 0.5342
vt -0.4160 0.9082
vt -0.4268 1.0928
vt -0.4238 1.2725
vt -0.3809 1.6719
vt -0.5781 1.9590
vt -0.7705 2.1865
vt -0.8154 2.3076
vt -0.9580 2.3301
vt -1.0400 2.3447
vt -0.9199 2.5068
vt -0.7842 2.4990
vt -0.7578 2.3027
vt -0.5771 2.1875
vt -0.3906 1.9531
vt -0.3340 1.6738
vt -0.3418 1.2617
vt -0.3896 1.1035
vt -0.3750 0.9092
vt -0.3311 0.5273
vt -0.3281 0.4277
vt -0.2646 0.5254
vt -0.2842 0.9062
vt -0.2754 1.0957
vt -0.2295 1.2578
vt -0.2471 1.6709
vt -0.3291 1.9541
vt -0.3965 2.1865
vt -0.5713 2.3047
vt -0.7197 2.4951
vt -0.7500 2.7354
vt -0.8975 2.7451
vt -1.0166 2.5225
vt -1.0049 2.7529
vt -0.8818 2.8330
vt -0.7793 2.8428
vt -0.6914 2.7461
vt -0.5664 2.4980
vt -0.3857 2.3066
vt -0.3213 2.1846
vt -0.2246 1.9521
vt -0.1055 1.9434
vt -0.1445 1.6660
vt -0.0830 1.2393
vt -0.1621 1.0527
vt 0.1875 1.2197
vt 0.2588 1.6650
vt 0.1670 1.9482
vt -0.0771 2.1650
vt -0.1982 2.1816
vt -0.3008 2.3037
vt -0.3877 2.5020
vt -0.5439 2.7266
vt -0.6924 2.8330
vt -0.5508 2.8379
vt -0.4346 2.7139
vt -0.3066 2.4941
vt -0.2393 2.4941
vt -0.1992 2.3008
vt -0.0771 2.3115
vt 0.1455 2.3135
vt 0.1553 2.2021
vt 0.2402 2.2041
vt 0.2412 1.9492
vt 0.3428 1.6631
vt 0.2441 1.2246
vt 0.2549 0.8594
vt 0.1787 0.8701
vt 0.2275 0.4912
vt 0.3057 0.4961
vt -0.1768 0.5215
vt -0.2012 0.8975
vt -0.2295 0.4238
vt -0.1055 0.4102
vt 0.1904 0.1201
vt 0.2812 0.1143
vt 0.2285 -0.2832
vt 0.1387 -0.2695
vt -0.1787 0.1348
vt -0.2725 0.1445
vt -0.3652 0.1455
vt -0.1592 -0.2422
vt -0.4355 2.8262
vt -0.3252 2.7285
vt -0.3262 2.8115
vt -0.2266 2.8291
vt -0.2324 2.7314
vt -0.1328 2.5283
vt -0.0840 2.7520
vt -0.0928 2.8604
vt 0.2061 2.8613
vt 0.1562 2.7227
vt 0.1260 2.4805
vt 0.2441 2.3086
vt 0.2461 2.4766
vt 0.6865 2.3115
vt 0.6826 2.4854
vt 0.6807 2.7275
vt 0.2490 2.7158
vt 0.6680 2.8525
vt 0.7861 2.8506
vt 0.7559 2.7334
vt 0.7793 2.4883
vt 0.7852 2.3145
vt 0.7627 2.1992
vt 0.6641 2.2021
vt 0.7090 1.9512
vt 0.6738 1.6660
vt 0.7744 1.6699
vt 0.8037 1.9492
vt 1.0439 2.1719
vt 1.0889 2.3057
vt 1.0654 2.5439
vt 1.0869 2.7910
vt 1.0830 2.8965
vt 1.2900 2.8613
vt 1.2393 2.7480
vt 1.1973 2.4912
vt 1.1836 2.2900
vt 1.1836 2.1699
vt 1.0381 1.9375
vt 1.0967 1.6777
vt 1.1836 1.9482
vt 1.3154 1.9541
vt 1.2061 1.6914
vt 1.2246 1.3867
vt 1.1318 1.3389
vt 0.8018 1.2158
vt 0.6846 1.2236
vt 0.6943 0.8564
vt 0.5928 0.8584
vt 0.6719 0.4902
vt 0.7637 0.4883
vt 0.6240 0.1250
vt 1.0352 0.6514
vt 1.0771 0.8516
vt 1.0713 1.2295
vt 1.2188 1.2441
vt 1.1885 0.8545
vt 1.2871 1.2617
vt 1.3145 1.4004
vt 1.3447 1.6904
vt 1.3926 1.3916
vt 1.3584 1.2490
vt 1.3564 0.8535
vt 1.2920 0.8525
vt 1.3018 0.6650
vt 1.1895 0.6562
vt 1.0635 0.4932
vt 0.7061 0.1289
vt 0.6582 -0.2422
vt 0.5439 -0.2393
vt 1.0498 -0.2334
vt 1.0918 0.1387
vt 1.1992 0.1455
vt 1.1865 0.5049
vt 1.3291 0.5039
vt 1.3105 0.1465
vt 1.3096 -0.1865
vt 1.1943 -0.2012
vt 1.0684 -0.3340
vt 0.7490 -0.6064
vt 0.6553 -0.6094
vt 0.5889 -0.9463
vt 0.6914 -0.9453
vt 1.0361 -0.6123
vt 1.1797 -0.3066
vt 1.2920 -0.3125
vt 1.1797 -0.6113
vt 1.0605 -0.9668
vt 1.0938 -1.3135
vt 0.7500 -1.3203
vt 0.6885 -1.3213
vt 0.6816 -1.7090
vt 0.7549 -1.7051
vt 1.0625 -1.6934
vt 0.7031 -2.0742
vt 0.6455 -2.0752
vt 0.7568 -2.4609
vt 0.6553 -2.4609
vt 0.6309 -2.7480
vt 0.7236 -2.7441
vt 1.0957 -2.7471
vt 1.0547 -2.4629
vt 1.1016 -2.0820
vt 1.1992 -1.6875
vt 1.1973 -1.3076
vt 1.1826 -0.9609
vt 1.2832 -0.6064
vt 1.3096 -0.9609
vt 1.3057 -1.3066
vt 1.2998 -1.6826
vt 1.3125 -2.0820
vt 1.2070 -2.0801
vt 1.1748 -2.4639
vt 1.2012 -2.7480
vt 1.1709 -3.1006
vt 1.0234 -3.1074
vt 0.7559 -3.1152
vt 0.6582 -3.1152
vt 0.7119 -3.4834
vt 1.0771 -3.2129
vt 1.1904 -3.2100
vt 1.0293 -3.4854
vt 1.1650 -3.4883
vt 1.2900 -3.2148
vt 1.2803 -3.0967
vt 1.3105 -2.7510
vt 1.2891 -2.4629
vt 1.3447 -2.4658
vt 1.3740 -2.0801
vt 1.3408 -1.6855
vt 1.5039 -2.0811
vt 1.4844 -2.4590
vt 1.4922 -2.7510
vt 1.3652 -2.7471
vt 1.3389 -3.1045
vt 1.3447 -3.2090
vt 1.3369 -3.4902
vt 1.2793 -3.4863
vt 1.1816 -3.8477
vt 1.0625 -3.8496
vt 0.7158 -3.8389
vt 1.0850 -4.2021
vt 0.7568 -4.2070
vt 1.1924 -4.2021
vt 1.0322 -4.5596
vt 1.1738 -4.5576
vt 1.2842 -4.5547
vt 1.3018 -4.2031
vt 1.2969 -3.8477
vt 1.3516 -3.8467
vt 1.3555 -4.2002
vt 1.3398 -4.5566
vt 1.3545 -4.9453
vt 1.3008 -4.9473
vt 1.2002 -4.9473
vt 1.0889 -4.9482
vt 0.6367 -4.9414
vt 0.6445 -4.5723
vt 0.5410 -4.5811
vt 0.6855 -4.1914
vt 0.6113 -3.8535
vt 0.6113 -3.4844
vt 1.0762 -5.3164
vt 1.2012 -5.3145
vt 1.3223 -5.3105
vt 1.3779 -5.3135
vt 1.5059 -5.3125
vt 1.4922 -4.9473
vt 1.4824 -4.5537
vt 1.4814 -4.2021
vt 1.6230 -4.5625
vt 1.6289 -4.9639
vt 1.6641 -5.3252
vt 1.6650 -5.6182
vt 1.5137 -5.6016
vt 1.3936 -5.5967
vt 1.3389 -5.6025
vt 1.2295 -5.5977
vt 1.3174 -5.7197
vt 1.3711 -5.7266
vt 1.5107 -5.7217
vt 1.6660 -5.7305
vt 1.7295 -5.7363
vt 1.7275 -5.6143
vt 1.7285 -5.3281
vt 1.6924 -4.9609
vt 1.6885 -4.5654
vt 1.6348 -4.2158
vt 1.4824 -3.8467
vt 1.4834 -3.4902
vt 1.6387 -3.8623
vt 1.6973 -4.2129
vt 1.7041 -3.8613
vt 1.8086 -4.2148
vt 1.8252 -4.5615
vt 1.8232 -4.9609
vt 1.8477 -5.3252
vt 1.8320 -5.6182
vt 1.8408 -5.7285
vt 1.7012 -5.8789
vt 1.6416 -5.8818
vt 1.7012 -6.2031
vt 1.8652 -5.8779
vt 1.9590 -5.7266
vt 1.9326 -5.6113
vt 1.9619 -5.3271
vt 1.9072 -4.9609
vt 1.9287 -4.5615
vt 1.8936 -4.2139
vt 1.9229 -3.8662
vt 1.8184 -3.8633
vt 1.7041 -3.5059
vt 1.6377 -3.5020
vt 1.4863 -3.2119
vt 1.6328 -3.2305
vt 1.7002 -3.2246
vt 1.8369 -3.5039
vt 1.9512 -3.5039
vt 2.3174 -3.8662
vt 2.3281 -4.2236
vt 2.3477 -4.5664
vt 2.3340 -4.9600
vt 2.3125 -5.3271
vt 2.2852 -5.7324
vt 2.5752 -5.7314
vt 2.3281 -5.8906
vt 1.9512 -5.8828
vt 1.8730 -6.2070
vt 1.9600 -6.2002
vt 2.3379 -6.1807
vt 2.5898 -5.8906
vt 3.0088 -5.7305
vt 2.5889 -5.3271
vt 2.6123 -4.9619
vt 3.0088 -5.3350
vt 3.0088 -4.9648
vt 3.0088 -4.5654
vt 2.6299 -4.5693
vt 2.6152 -4.2227
vt 2.6084 -3.8691
vt 3.0088 -3.8750
vt 3.0088 -4.2158
vt 1.8887 -6.3535
vt 1.9795 -6.3350
vt 2.3379 -6.3096
vt 2.5928 -6.1836
vt 2.5908 -6.3125
vt 3.0088 -6.3486
vt 3.0088 -6.1992
vt 3.0088 -5.8867
vt 1.7207 -6.3643
vt 1.6426 -6.2080
vt 1.6533 -6.3525
vt 1.5078 -6.1943
vt 1.5078 -5.8662
vt 1.3809 -5.8662
vt 1.3818 -6.1875
vt 1.5088 -6.3486
vt 1.3750 -6.3496
vt 1.3320 -6.1934
vt 1.3320 -5.8691
vt 1.2158 -5.7197
vt 1.2334 -5.8652
vt 1.2480 -6.1953
vt 1.2383 -6.3506
vt 1.3252 -6.3379
vt 1.1328 -6.3408
vt 1.1299 -6.1768
vt 0.8311 -6.1719
vt 1.1279 -5.8672
vt 1.0811 -5.7207
vt 1.1201 -5.5957
vt 0.7354 -5.3164
vt 0.8193 -5.5879
vt 0.8193 -5.7168
vt 0.8262 -5.8906
vt 0.7520 -5.9014
vt 0.7607 -6.1719
vt 0.8457 -6.2998
vt 0.7725 -6.3018
vt 0.4258 -6.3008
vt 0.4014 -6.1641
vt 0.3535 -6.3008
vt 0.3848 -5.9111
vt 0.7402 -5.7188
vt 0.7412 -5.5879
vt 0.6377 -5.3154
vt 0.3584 -5.5938
vt 0.3818 -5.7158
vt 0.3232 -5.7129
vt 0.3262 -5.9092
vt 0.3457 -6.1650
vt 0.0010 -6.3076
vt -0.0273 -6.1846
vt -0.0498 -5.9082
vt -0.0420 -5.7070
vt 0.3008 -5.5947
vt 0.2637 -5.3096
vt 0.3457 -5.3105
vt 0.2295 -4.9482
vt 0.5674 -4.9541
vt -0.2012 -5.8994
vt -0.1787 -6.1943
vt -0.1396 -6.3457
vt -0.2490 -6.3516
vt -0.2715 -6.1895
vt -0.3301 -6.1943
vt -0.3145 -6.3340
vt -0.3506 -5.9053
vt -0.2939 -5.9004
vt -0.2822 -5.7236
vt -0.1738 -5.7158
vt -0.0986 -5.6221
vt -0.0674 -5.3086
vt 0.1553 -4.9443
vt 0.2344 -4.5908
vt 0.3223 -4.5879
vt 0.2666 -4.2227
vt 0.1836 -4.2285
vt -0.1074 -4.5957
vt -0.1533 -4.7910
vt -0.1182 -4.9492
vt -0.1953 -5.3086
vt -0.1982 -5.6270
vt -0.3115 -5.6279
vt -0.3213 -5.3115
vt -0.2285 -4.9561
vt -0.2529 -4.7910
vt -0.2373 -4.5977
vt -0.1738 -4.2354
vt -0.1318 -3.8633
vt 0.2725 -3.8545
vt 0.3555 -3.8535
vt 0.2764 -3.4824
vt 0.1885 -3.4902
vt -0.1807 -3.6816
vt -0.2568 -3.8721
vt -0.2705 -4.2354
vt -0.3633 -4.2354
vt -0.3574 -4.6045
vt -0.3613 -4.7939
vt -0.3311 -4.9580
vt -0.3906 -4.9570
vt -0.3799 -5.3076
vt -0.3682 -5.6348
vt -0.5693 -5.3086
vt -0.5879 -4.9570
vt -0.5947 -4.7988
vt -0.4170 -4.8018
vt -0.4150 -4.5986
vt -0.4199 -4.2402
vt -0.4180 -3.8701
vt -0.3584 -3.8760
vt -0.3779 -3.6826
vt -0.2812 -3.6846
vt -0.1631 -3.3721
vt -0.2676 -3.3623
vt -0.3623 -3.3613
vt -0.4209 -3.3652
vt -0.4326 -3.6875
vt -0.6172 -3.6855
vt -0.6172 -3.8740
vt -0.6123 -4.2402
vt -0.6006 -4.6055
vt -0.7793 -4.6123
vt -0.7676 -4.8008
vt -0.7656 -4.9561
vt -0.8184 -4.8066
vt -0.8350 -4.6074
vt -0.8359 -4.2451
vt -0.7852 -4.2402
vt -0.7842 -3.8789
vt -0.7764 -3.6816
vt -0.7939 -3.3613
vt -0.6162 -3.3613
vt -0.6162 -3.2686
vt -0.4092 -3.2656
vt -0.3506 -3.2744
vt -0.4248 -3.1133
vt -0.6152 -3.1133
vt -0.7930 -3.1104
vt -0.7988 -3.2734
vt -0.8584 -3.2646
vt -0.8438 -3.3643
vt -0.8271 -3.6875
vt -0.8389 -3.8721
vt -0.9688 -3.8760
vt -0.9404 -4.2441
vt -0.9521 -4.6143
vt -0.9209 -4.8076
vt -0.9980 -4.8096
vt -1.0547 -4.6182
vt -1.0225 -4.2441
vt -1.4229 -4.6318
vt -1.4023 -4.9453
vt -1.0273 -4.9521
vt -0.9316 -4.9561
vt -1.0449 -5.3145
vt -1.3555 -5.3135
vt -1.6816 -5.3145
vt -1.7227 -4.9463
vt -1.7422 -4.6338
vt -1.7217 -4.2461
vt -1.4043 -4.2480
vt -1.0830 -3.8730
vt -1.0293 -3.6846
vt -0.9424 -3.6855
vt -0.9482 -3.3633
vt -1.0361 -3.3682
vt -1.3955 -3.4990
vt -1.3828 -3.8633
vt -1.7002 -3.8613
vt -2.0361 -3.8604
vt -2.0361 -4.2354
vt -2.0361 -4.6299
vt -2.0361 -4.9521
vt -2.0361 -5.3203
vt -2.0361 -5.7158
vt -1.6846 -5.7197
vt -1.3652 -5.7227
vt -1.4199 -5.9189
vt -1.7246 -5.9160
vt -2.0361 -5.9111
vt -1.7500 -6.1670
vt -1.4443 -6.1680
vt -1.4502 -6.2930
vt -1.0762 -6.1807
vt -1.0576 -5.8994
vt -0.9551 -5.8994
vt -1.0430 -5.7109
vt -0.9834 -5.6318
vt -0.8965 -5.6328
vt -0.9229 -5.7129
vt -0.7764 -5.7139
vt -0.7744 -5.9053
vt -0.7793 -6.1963
vt -0.9551 -6.1914
vt -1.0986 -6.3369
vt -1.7549 -6.2979
vt -2.0361 -6.3350
vt -2.0361 -6.1865
vt -0.9727 -6.3477
vt -0.7861 -6.3506
vt -0.7080 -6.3486
vt -0.7080 -6.1875
vt -0.7217 -5.9004
vt -0.7217 -5.7256
vt -0.7686 -5.6338
vt -0.8076 -5.3066
vt -0.9307 -5.3105
vt -0.8184 -4.9551
vt -0.7510 -5.3096
vt -0.7129 -5.6270
vt -0.4619 -5.7168
vt -0.4541 -5.9004
vt -0.4385 -6.1934
vt -0.4287 -6.3477
vt -0.3467 -5.7139
vt -0.5537 -5.6309
vt -0.9795 -3.2695
vt -0.8467 -3.1113
vt -0.8350 -2.7344
vt -0.9502 -2.7295
vt -0.9600 -3.1104
vt -1.0859 -3.2764
vt -1.3906 -3.2939
vt -1.4180 -3.0898
vt -1.0479 -3.1055
vt -1.0312 -2.7266
vt -1.0146 -2.4375
vt -0.9072 -2.4395
vt -0.7988 -2.4395
vt -0.9160 -2.0215
vt -0.8174 -2.0225
vt -0.7510 -2.4395
vt -0.7852 -2.7334
vt -0.6133 -2.7344
vt -0.5820 -2.4404
vt -0.7637 -2.0273
vt -0.7979 -1.8691
vt -1.3486 -2.4287
vt -1.3809 -2.7188
vt -1.6973 -2.7178
vt -1.6807 -2.4248
vt -2.0361 -2.4209
vt -2.0361 -2.7197
vt -2.0361 -2.0410
vt -2.0361 -1.7305
vt -0.4277 -2.7363
vt -0.4170 -2.4434
vt -0.5732 -2.0293
vt -0.3789 -2.0303
vt -0.3730 -2.7344
vt -0.3672 -3.1123
vt -0.2676 -2.7373
vt -0.1680 -2.7402
vt -0.2588 -3.1143
vt -0.2480 -3.2705
vt -0.1133 -3.2793
vt -0.1436 -3.1123
vt 0.1396 -3.1299
vt 1.4863 -3.1006
vt 1.6504 -3.1113
vt 1.7168 -3.1191
vt 1.6387 -2.7666
vt 1.6357 -2.4541
vt 1.7021 -2.7627
vt 1.7344 -2.4512
vt 1.8203 -2.7676
vt 1.8398 -3.1172
vt 1.8174 -3.2314
vt 1.9121 -3.2334
vt 1.9590 -3.1270
vt 1.9629 -2.7705
vt 2.3486 -3.1328
vt 2.3242 -3.3389
vt 2.3389 -3.5410
vt 2.6279 -3.3428
vt 2.6562 -3.1416
vt 2.6543 -2.7764
vt 2.3477 -2.7705
vt 2.3262 -2.4707
vt 1.9688 -2.4551
vt 1.8643 -2.4512
vt 1.8252 -2.0977
vt 1.9229 -2.1006
vt 2.3428 -2.0928
vt 2.6309 -2.4648
vt 3.0088 -2.4668
vt 3.0088 -2.7881
vt 3.0088 -3.1494
vt 3.0088 -3.3506
vt 2.6299 -3.5430
vt 3.0088 -3.5410
vt 1.9248 -1.6924
vt 2.3447 -1.6895
vt 2.6064 -2.0908
vt 3.0088 -2.0957
vt 3.0088 -1.6855
vt 2.6357 -1.6895
vt 3.0088 -1.3047
vt 2.6318 -1.3193
vt 2.3311 -1.3252
vt 2.6094 -0.9746
vt 3.0088 -0.9834
vt 2.6211 -0.6426
vt 3.0088 -0.6387
vt 3.0088 -0.4512
vt 2.6221 -0.4434
vt 2.3271 -0.6406
vt 2.3252 -0.9756
vt 1.9346 -0.9795
vt 1.8916 -1.3193
vt 1.7979 -1.3154
vt 1.8379 -1.6924
vt 1.7061 -1.6953
vt 1.7051 -2.0957
vt 1.6299 -1.6943
vt 1.6533 -2.0977
vt 1.4951 -1.6816
vt 1.4883 -1.3047
vt 1.6523 -1.3164
vt 1.7061 -1.3154
vt 1.7012 -0.9727
vt 1.8252 -0.9756
vt 1.9414 -0.6182
vt 2.3193 -0.4492
vt 1.8789 -0.4258
vt 1.8447 -0.6240
vt 1.7109 -0.6260
vt 1.6328 -0.6211
vt 1.6377 -0.9756
vt 1.4873 -0.9590
vt 1.4863 -0.6084
vt 1.4883 -0.3037
vt 1.6406 -0.3340
vt 1.7051 -0.3311
vt 1.7998 -0.3506
vt 1.9492 -0.2500
vt 2.3340 -0.2529
vt 2.6377 -0.2490
vt 3.0088 -0.2539
vt 3.0088 0.0908
vt 2.6436 0.0996
vt 2.3359 0.1045
vt 1.9531 0.1113
vt 1.8623 -0.2188
vt 1.7236 -0.2100
vt 1.6367 -0.2070
vt 1.4873 -0.1875
vt 1.3691 -0.1875
vt 1.3633 -0.2969
vt 1.3154 -0.6084
vt 1.3799 0.1465
vt 1.4932 0.1455
vt 1.6611 0.1309
vt 1.7090 0.1309
vt 1.8076 0.1260
vt 2.0049 0.4727
vt 2.3848 0.4697
vt 2.6602 0.4590
vt 3.0088 0.4482
vt 3.0088 0.8438
vt 2.6934 0.8262
vt 3.0088 1.0938
vt 2.3916 0.8086
vt 1.9600 0.6260
vt 1.8418 0.4795
vt 1.7041 0.4893
vt 1.6465 0.4785
vt 1.4990 0.5049
vt 1.3896 0.5107
vt 1.3223 0.6592
vt 1.4990 0.6611
vt 1.6182 0.6494
vt 1.7021 0.6377
vt 1.8672 0.6387
vt 1.9580 0.8125
vt 1.8311 0.8350
vt 1.6982 0.8408
vt 1.6572 0.8389
vt 1.5000 0.8525
vt 1.5029 1.2598
vt 1.7080 1.2295
vt 1.7451 1.2412
vt 1.8086 1.2148
vt 2.0020 1.1475
vt 1.9785 1.4229
vt 1.7979 1.3750
vt 1.7422 1.3799
vt 1.6943 1.3916
vt 1.5059 1.3984
vt 1.4033 1.7002
vt 1.5049 1.6953
vt 1.6582 1.6729
vt 1.7031 1.6816
vt 1.8281 1.6738
vt 1.9268 1.6631
vt 2.3447 1.6699
vt 2.0029 1.9297
vt 1.8789 1.9336
vt 1.7090 1.9365
vt 1.6348 1.9404
vt 1.5059 1.9541
vt 1.3584 1.9512
vt 1.2861 2.1748
vt 1.3301 2.1738
vt 1.5088 2.1738
vt 1.6670 2.1641
vt 1.7383 2.1631
vt 1.8994 2.1797
vt 2.0000 2.2119
vt 2.3818 2.2607
vt 2.3857 1.9580
vt 2.6484 2.2705
vt 2.3340 2.3896
vt 1.9883 2.3340
vt 1.8926 2.3037
vt 1.7598 2.2842
vt 1.6699 2.2881
vt 1.5010 2.2949
vt 1.3223 2.2930
vt 1.2695 2.2959
vt 1.3057 2.4951
vt 1.3857 2.4951
vt 1.4951 2.4971
vt 1.6641 2.4873
vt 1.7207 2.4873
vt 1.8506 2.4922
vt 1.9463 2.5146
vt 2.3701 2.5410
vt 2.6084 2.3877
vt 3.0088 2.3105
vt 2.6445 1.9639
vt 2.6484 1.6709
vt 3.0088 1.6611
vt 3.0088 1.9756
vt 3.0088 2.3877
vt 2.6328 2.5146
vt 3.0088 2.4756
vt 3.0088 2.7471
vt 2.5645 2.7471
vt 2.3789 2.7676
vt 1.9463 2.7422
vt 1.8359 2.7471
vt 1.6973 2.7402
vt 1.6436 2.7285
vt 1.5947 2.8506
vt 1.6875 2.8350
vt 1.8701 2.8467
vt 1.9844 2.8574
vt 2.3906 2.8955
vt 2.9111 2.9180
vt 3.0088 2.9238
vt 1.4902 2.8623
vt 1.4951 2.7520
vt 1.4082 2.8633
vt 1.3887 2.7568
vt 1.3506 2.8574
vt 1.3271 2.7412
vt 1.3701 -1.3047
vt 1.3672 -0.9580
vt -0.9912 2.8252
vt -1.3535 2.7695
vt -1.3389 2.8691
vt -1.6445 2.7891
vt -1.3555 2.5576
vt -1.3096 2.3828
vt -1.3057 2.2383
vt -1.6104 2.2832
vt -1.5850 2.4238
vt -1.6240 2.5537
vt -2.0361 2.4355
vt -2.0361 2.3506
vt -1.6826 1.9980
vt -2.0361 1.7090
vt -2.0361 2.0195
vt -1.6416 2.9219
vt -2.0361 2.9482
vt -2.0361 2.7754
vt -2.0361 2.5186
vt -2.0361 -3.0859
vt -1.7275 -3.0850
vt -2.0361 -3.3018
vt -1.7080 -3.2969
vt -1.7109 -3.4990
vt -2.0361 -3.5029
vt 2.6533 1.0547
vt 2.3672 1.0459
vt 2.3691 1.2441
vt 2.6621 1.2471
vt 3.0088 1.2598
vn -0.2855 0.8411 -0.4595
vn -0.5169 0.8195 0.2474
vn -0.1649 -0.3065 0.9375
vn -0.0112 -0.9724 0.2330
vn -0.3704 0.2262 0.9009
vn -0.2609 0.3128 0.9133
vn -0.0112 -0.9342 -0.3564
vn -0.3656 0.1903 0.9111
vn -0.5348 0.6873 0.4916
vn -0.3117 0.6940 -0.6490
vn -0.2568 -0.5219 -0.8134
vn -0.1028 0.4368 -0.8937
vn -0.0113 0.6136 -0.7895
vn -0.0113 0.7070 -0.7071
vn -0.2523 0.4906 0.8341
vn -0.1637 0.5098 0.8446
vn -0.0112 -0.7070 0.7071
vn -0.0113 -0.7590 -0.6509
vn -0.1749 0.4705 -0.8649
vn -0.1477 -0.8916 -0.4282
vn -0.1518 -0.5048 -0.8498
vn -0.2362 -0.5400 -0.8078
vn -0.0113 -0.7625 -0.6468
vn -0.1886 -0.4408 0.8776
vn -0.1620 -0.8949 0.4158
vn -0.1124 0.2855 -0.9518
vn -0.0110 0.6227 -0.7824
vn -0.0113 -0.7997 -0.6003
vn -0.1023 -0.4130 0.9050
vn -0.1602 0.6764 0.7189
vn -0.0112 -0.7191 0.6948
vn -0.2633 -0.9188 0.2941
vn -0.1619 -0.4159 0.8949
vn -0.0722 -0.5457 0.8349
vn -0.1622 -0.4158 0.8949
vn -0.1095 -0.4851 0.8676
vn -0.2579 -0.9456 0.1984
vn 0.0557 -0.4249 0.9035
vn 0.5383 0.6993 0.4702
vn 0.3086 0.8718 -0.3806
vn -0.0001 -0.9806 0.1962
vn 0.2019 0.5565 -0.8059
vn 0.1655 0.4103 0.8968
vn -0.0000 -0.9703 -0.2418
vn 0.2187 0.3402 0.9146
vn 0.4311 0.8414 0.3259
vn 0.3775 0.5774 -0.7240
vn 0.3247 -0.6630 -0.6745
vn 0.1984 0.3999 -0.8948
vn -0.0001 0.7072 -0.7071
vn -0.0002 0.7072 -0.7071
vn 0.1573 0.5160 0.8420
vn 0.0332 -0.5934 0.8042
vn -0.0001 -0.7569 -0.6536
vn 0.2771 0.6079 -0.7441
vn 0.2832 0.9227 -0.2617
vn 0.0175 0.7071 -0.7069
vn 0.3023 -0.4269 -0.8523
vn -0.0995 0.7472 -0.6571
vn 0.0075 0.7072 -0.7070
vn 0.0965 -0.4354 -0.8951
vn 0.0130 -0.7568 -0.6536
vn 0.0947 -0.8405 0.5335
vn 0.1039 0.4627 0.8804
vn 0.1033 0.2077 -0.9727
vn -0.0001 0.7174 -0.6967
vn -0.0002 -0.7892 -0.6141
vn 0.0702 -0.4200 0.9048
vn 0.1625 0.9786 -0.1260
vn -0.0001 -0.5061 0.8625
vn 0.2325 0.2172 0.9480
vn 0.1450 -0.9477 -0.2843
vn 0.1556 -0.4104 0.8985
vn 0.1033 -0.4749 0.8740
vn 0.1334 -0.4349 0.8905
vn 0.3642 -0.9182 0.1559
vn 0.8313 0.0111 0.5557
vn 0.7821 0.0111 -0.6231
vn 0.4872 0.0111 -0.8732
vn 0.7511 0.0111 -0.6600
vn -0.6833 0.0111 -0.7300
vn 0.7138 0.0111 -0.7003
vn 0.6617 -0.5964 0.4544
vn -0.8568 0.0111 0.5155
vn -0.9024 0.0111 0.4307
vn 0.9189 0.0111 -0.3943
vn 0.8037 0.0111 -0.5949
vn 0.6209 0.0111 0.7838
vn 0.1523 0.3824 -0.9114
vn -0.4669 0.1394 -0.8733
vn 0.1844 -0.6847 0.7051
vn -0.0643 -0.9477 -0.3127
vn -0.9612 0.2325 0.1486
vn 0.9396 -0.2206 -0.2617
vn -0.8415 -0.2735 0.4659
vn -0.6368 0.0111 -0.7709
vn 0.6158 0.0111 -0.7878
vn 0.4361 0.0111 -0.8998
vn 0.8317 0.0111 0.5551
vn -0.9000 -0.2518 -0.3557
vn 0.2295 -0.9135 0.3360
vn -0.4274 0.8507 -0.3060
vn 0.6909 -0.6091 -0.3893
vn -0.5715 0.7249 0.3847
vn -0.5872 0.7458 -0.3147
vn 0.3091 0.9413 -0.1355
vn -0.4755 0.8761 -0.0801
vn -0.4732 0.8418 0.2599
vn 0.6391 0.7652 0.0775
vn 0.8651 -0.4906 -0.1042
vn -0.4671 -0.8393 0.2781
vn -0.8370 -0.5470 0.0130
vn -0.6028 -0.7488 0.2754
vn -0.3484 -0.9368 -0.0319
vn 0.7887 -0.0790 -0.6097
vn 0.6273 -0.6940 -0.3534
vn -0.4724 -0.1702 -0.8648
vn -0.5051 -0.5806 -0.6386
vn -0.9941 0.0195 0.1067
vn 0.4641 0.3371 -0.8191
vn 0.0792 0.9537 -0.2901
vn 0.2610 0.9459 0.1928
vn -0.4419 0.6226 0.6458
vn -0.4519 0.8373 -0.3078
vn 0.3231 -0.9454 0.0432
vn -0.2754 -0.9613 -0.0120
vn 0.9701 -0.1852 -0.1567
vn -0.7015 0.6969 0.1490
vn -0.6884 0.6883 -0.2287
vn -0.7380 0.6452 0.1980
vn -0.8156 0.5786 0.0021
vn -0.7591 0.5111 0.4032
vn -0.8552 0.1238 0.5033
vn -0.9788 0.1680 -0.1171
vn -0.5511 0.4633 -0.6940
vn 0.1631 -0.9051 0.3928
vn -0.6005 0.1096 0.7921
vn 0.9403 -0.2541 0.2266
vn 0.2080 0.9576 -0.1992
vn -0.6852 0.6357 0.3554
vn 0.1157 0.8788 0.4630
vn 0.0226 -0.6773 0.7353
vn 0.6589 0.5101 -0.5529
vn 0.3120 -0.9493 0.0393
vn 0.5885 -0.7282 0.3514
vn 0.7257 0.5709 -0.3839
vn -0.8049 0.4891 0.3360
vn -0.1562 -0.9010 -0.4047
vn 0.7016 0.6984 -0.1415
vn -0.6269 -0.6592 0.4153
vn 0.4540 0.8910 -0.0055
vn 0.9449 -0.3111 0.1020
vn 0.8034 -0.2260 -0.5509
vn -0.1812 -0.6097 -0.7716
vn 0.0326 -0.9971 0.0690
vn 0.8678 0.1377 -0.4774
vn -0.9507 0.0122 -0.3098
vn 0.3489 0.9365 0.0346
vn -0.6882 0.6895 -0.2257
vn 0.6954 0.6009 0.3941
vn -0.3202 0.8786 -0.3544
vn 0.3415 0.8186 0.4618
vn -0.4999 -0.7572 -0.4204
vn -0.6440 -0.6952 -0.3193
vn 0.0912 0.3903 0.9162
vn -0.7930 0.0740 -0.6048
vn 0.1618 -0.6185 -0.7690
vn -0.9421 -0.2934 -0.1624
vn 0.8832 -0.4526 0.1231
vn -0.4911 -0.6839 -0.5396
vn -0.9838 -0.1698 -0.0574
vn 0.6743 0.0648 0.7357
vn -0.8266 -0.0668 0.5587
vn 0.5648 -0.0184 0.8250
vn -0.9964 -0.0251 -0.0815
vn 0.1625 -0.9867 0.0001
vn -0.2936 -0.7718 -0.5641
vn -0.3916 0.8097 0.4370
vn -0.7428 -0.2726 -0.6115
vn 0.7223 -0.6564 -0.2179
vn -0.5300 -0.6880 -0.4957
vn -0.0181 -0.3720 -0.9281
vn -0.5587 -0.2759 -0.7821
vn 0.5653 -0.5151 -0.6443
vn -0.6583 -0.4513 -0.6025
vn 0.9713 0.1696 0.1669
vn -0.7230 -0.1630 -0.6713
vn -0.6980 -0.0471 0.7145
vn 0.6212 -0.0697 -0.7805
vn 0.9708 0.2389 -0.0213
vn -0.7153 0.2511 0.6522
vn -0.7192 -0.0340 0.6939
vn 0.5412 0.1155 0.8329
vn -0.5589 0.6809 0.4733
vn -0.2000 0.6735 0.7117
vn -0.4634 -0.8732 -0.1510
vn 0.0406 -0.8454 -0.5326
vn -0.4349 -0.8311 -0.3466
vn 0.9855 0.0799 -0.1499
vn -0.6234 0.1765 0.7617
vn -0.6944 0.3905 0.6045
vn 0.6922 0.2669 0.6706
vn 0.6835 0.2025 0.7013
vn 0.6660 -0.4399 -0.6025
vn 0.5322 -0.0764 0.8432
vn 0.2134 -0.3112 -0.9261
vn 0.4143 0.6107 0.6749
vn 0.4211 0.7685 0.4818
vn 0.7730 0.0971 0.6269
vn -0.0043 -0.8081 -0.5890
vn 0.6083 -0.6470 -0.4598
vn -0.8007 -0.0195 -0.5988
vn -0.0854 -0.7075 -0.7015
vn -0.6484 -0.6877 -0.3265
vn 0.9158 -0.1969 -0.3501
vn -0.6146 0.4172 0.6695
vn -0.6912 0.0329 -0.7219
vn -0.4989 0.3393 0.7974
vn -0.2733 -0.7799 -0.5630
vn -0.2000 0.4287 0.8810
vn -0.5517 0.7649 0.3325
vn -0.8918 -0.3365 -0.3023
vn 0.8180 0.5752 0.0037
vn -0.6684 -0.6785 -0.3049
vn 0.7792 0.3947 -0.4868
vn 0.5621 0.3829 -0.7331
vn 0.5863 -0.4255 0.6893
vn 0.3347 -0.5253 0.7824
vn 0.5052 0.8587 0.0858
vn 0.4241 0.7942 0.4351
vn -0.9583 -0.0428 -0.2825
vn 0.4131 0.9090 0.0549
vn -0.6930 0.5575 -0.4571
vn 0.6612 -0.6953 -0.2817
vn 0.4331 -0.8714 -0.2304
vn -0.1195 0.6109 0.7826
vn -0.2450 -0.4013 -0.8826
vn 0.9464 -0.3230 0.0061
vn -0.6808 -0.7287 0.0749
vn 0.2555 -0.8200 0.5123
vn -0.3696 -0.4082 0.8347
vn 0.9074 -0.3970 -0.1377
vn -0.4692 -0.8709 0.1462
vn -0.0665 -0.9299 -0.3619
vn 0.9327 -0.2445 -0.2652
vn 0.6077 -0.6023 -0.5176
vn 0.9912 0.0227 0.1306
vn 0.6262 -0.7672 0.1387
vn -0.1972 -0.8972 0.3952
vn -0.5433 -0.8056 0.2364
vn -0.3771 -0.9258 0.0245
vn -0.6310 0.5341 0.5627
vn -0.5424 0.2619 0.7982
vn -0.3057 0.4662 0.8302
vn -0.2706 -0.9572 -0.1025
vn 0.6507 0.7080 0.2743
vn 0.1525 0.8739 -0.4615
vn 0.4204 0.8972 -0.1351
vn -0.3925 0.5311 0.7509
vn 0.2930 -0.7721 -0.5639
vn 0.6122 -0.7890 -0.0516
vn -0.6856 0.7127 -0.1482
vn -0.9146 -0.0154 0.4040
vn 0.6123 -0.7241 0.3175
vn 0.7212 -0.5052 -0.4739
vn -0.9079 -0.3564 -0.2205
vn -0.3987 -0.3690 -0.8396
vn 0.9165 0.2805 -0.2853
vn 0.7553 -0.0491 -0.6535
vn 0.9783 -0.1976 -0.0622
vn 0.2659 -0.9089 -0.3212
vn 0.7611 0.5604 -0.3267
vn 0.8130 0.5489 -0.1943
vn 0.6908 0.6617 0.2916
vn 0.6845 0.6942 -0.2226
vn -0.7501 -0.4958 -0.4377
vn 0.8103 -0.1889 0.5547
vn -0.1527 0.9880 0.0231
vn 0.4894 0.8711 0.0420
vn -0.7526 -0.1518 -0.6407
vn 0.9266 -0.2545 -0.2768
vn -0.4337 -0.5125 -0.7411
vn 0.2035 -0.6275 -0.7516
vn -0.5230 -0.8004 -0.2931
vn -0.6226 0.7724 0.1251
vn -0.0913 -0.5604 0.8232
vn 0.3780 0.8522 -0.3617
vn 0.3089 0.5398 0.7830
vn -0.3371 0.7810 0.5258
vn -0.4960 -0.8657 -0.0666
vn 0.5919 0.3678 -0.7172
vn 0.3320 0.4160 -0.8466
vn 0.1928 -0.6703 0.7166
vn -0.7838 -0.4671 -0.4092
vn 0.1758 0.0111 -0.9844
vn -0.5446 0.0111 -0.8386
vn -0.9044 0.0111 0.4265
vn 0.9446 -0.2924 -0.1491
vn -0.9162 0.3457 0.2027
vn 0.8676 0.0593 -0.4938
vn 0.7549 -0.6479 0.1016
vn -0.2613 -0.9652 -0.0101
vn -0.2728 0.8267 0.4921
vn -0.2715 0.9234 0.2712
vn -0.3876 0.2227 0.8945
vn -0.1301 0.9835 0.1261
vn 0.3478 -0.9137 -0.2102
vn -0.8224 0.5678 0.0364
vn -0.5633 -0.7338 0.3799
vn 0.2213 0.0297 -0.9747
vn 0.7005 0.0111 0.7135
vn -0.4637 0.0111 -0.8859
vn 0.7071 0.0111 0.7070
vn 0.5434 0.0111 0.8394
vn 0.8176 0.0111 -0.5757
vn 0.5219 0.0111 -0.8530
vn -0.7118 0.0111 -0.7023
vn -0.6041 0.0111 0.7968
vn 0.6088 0.0111 -0.7933
vn -0.7313 -0.6573 0.1818
vn -0.2553 0.3361 -0.9066
vn 0.9956 -0.0574 0.0735
vn -0.2728 0.4100 -0.8703
vn -0.2140 0.0111 0.9768
vn 0.8446 0.0111 -0.5353
vn -0.5617 0.0111 -0.8273
vn -0.2957 0.3930 -0.8707
vn 0.9197 0.3247 -0.2205
vn -0.3315 0.9321 0.1461
vn -0.0731 0.3106 -0.9477
vn -0.2245 -0.7361 0.6386
vn 0.8704 -0.2507 -0.4238
vn -0.5453 -0.8266 0.1392
vn -0.6360 0.7715 0.0138
vn -0.5506 -0.7461 -0.3744
vn -0.3389 0.2487 -0.9074
vn -0.0679 -0.2246 -0.9721
vn -0.7396 -0.5832 0.3359
vn -0.4534 0.0314 0.8908
vn -0.6802 -0.6092 0.4076
vn -0.1490 0.0055 0.9888
vn 0.9321 0.0221 0.3615
vn -0.7069 0.0103 -0.7072
vn 0.5298 0.0245 -0.8478
vn -0.6876 0.0072 -0.7261
vn -0.7066 -0.6989 -0.1105
vn -0.6122 -0.5938 0.5222
vn -0.4792 0.0806 0.8740
vn -0.4388 0.0081 0.8986
vn 0.9097 -0.1378 0.3918
vn -0.4040 0.0039 0.9148
vn -0.2980 0.0362 0.9539
vn -0.3000 0.0111 0.9539
vn -0.5322 0.0111 -0.8465
vn -0.6991 0.0111 0.7150
vn -0.7070 0.0111 -0.7071
vn 0.8732 0.0111 0.4873
vn -0.6376 0.0111 -0.7703
vn -0.0040 0.2716 0.9624
vn 0.1596 0.1758 0.9714
vn 0.0963 0.1818 0.9786
vn 0.3818 -0.7647 -0.5191
vn -0.6640 -0.4779 -0.5750
vn -0.7147 0.6416 0.2785
vn 0.7968 0.4917 0.3512
vn 0.8932 0.0826 0.4420
vn 0.6169 -0.7687 0.1688
vn 0.6671 -0.7098 -0.2261
vn -0.7824 -0.5440 -0.3033
vn 0.1001 0.3764 0.9210
vn -0.2965 -0.9471 -0.1231
vn -0.5286 0.8339 -0.1589
vn -0.7163 0.5271 0.4574
vn 0.5775 0.1716 0.7981
vn 0.0801 0.0767 0.9938
vn -0.9442 0.0111 -0.3291
vn 0.8540 0.0111 -0.5202
vn -0.8354 0.0111 0.5495
vn 0.7071 0.0111 -0.7070
vn 0.6602 0.0111 -0.7510
vn 0.8647 0.0111 0.5021
vn 0.7983 0.0111 -0.6021
vn -0.9052 0.1335 0.4035
vn 0.3991 -0.6809 -0.6141
vn 0.5136 0.2074 0.8326
vn 0.0032 -0.8740 -0.4859
vn 0.5913 -0.7963 0.1274
vn 0.6077 0.7049 -0.3659
vn 0.4395 0.7066 0.5546
vn 0.6315 -0.6884 0.3569
vn -0.7210 -0.6865 0.0943
vn 0.4947 -0.8223 -0.2812
vn 0.7716 -0.6361 0.0020
vn 0.5158 0.8555 0.0465
vn -0.9411 -0.3038 -0.1486
vn -0.5913 -0.7345 -0.3330
vn -0.8324 -0.5498 -0.0690
vn -0.9994 0.0111 -0.0341
vn -0.4865 0.0111 0.8736
vn 0.6216 0.0111 -0.7832
vn 0.0228 0.3526 0.9355
vn -0.0021 0.3856 0.9227
vn 0.2715 -0.9596 0.0733
vn -0.6312 -0.7532 0.1852
vn -0.5515 0.8247 0.1253
vn 0.6632 -0.5891 0.4616
vn -0.9015 -0.4243 -0.0853
vn -0.6556 -0.6662 -0.3556
vn -0.7141 -0.6995 -0.0283
vn -0.9908 0.0111 0.1348
vn 0.6759 0.0111 -0.7369
vn 0.7046 0.0111 -0.7095
vn 0.6756 0.0111 0.7372
vn -0.1240 0.4339 0.8924
vn -0.0407 -0.9527 0.3010
vn -0.1900 0.9296 0.3157
vn 0.5513 0.8334 0.0394
vn -0.9410 -0.3208 -0.1075
vn 0.6049 -0.6651 -0.4378
vn -0.7403 0.0111 -0.6722
vn 0.6823 0.0111 -0.7310
vn 0.8095 0.0111 -0.5870
vn 0.7334 0.0111 0.6797
vn -0.7341 -0.4221 -0.5318
vn -0.9999 0.0111 -0.0052
vn 0.6575 0.0111 -0.7533
vn -0.0350 0.0111 0.9993
vn 0.6710 0.0111 -0.7414
vn 0.7044 0.0111 -0.7097
vn 0.6031 0.0111 0.7976
vn -0.6977 -0.5936 -0.4011
vn 0.1342 -0.6087 -0.7820
vn 0.1811 -0.6704 -0.7195
vn -0.3312 -0.8595 -0.3894
vn 0.4262 0.8176 0.3872
vn -0.9060 0.3385 0.2541
vn 0.7032 -0.7105 -0.0256
vn -0.5641 0.8240 -0.0521
vn 0.6805 -0.6046 0.4140
vn 0.6771 -0.7327 0.0683
vn -0.8554 -0.4402 0.2731
vn -0.6395 -0.7688 0.0012
vn 0.6472 0.7544 0.1095
vn 0.9124 0.2139 0.3488
vn -0.5518 0.8328 -0.0440
vn 0.5800 -0.4362 -0.6880
vn -0.7968 0.0111 -0.6041
vn 0.6228 0.0111 -0.7823
vn -0.5691 0.0111 0.8222
vn 0.9245 -0.3244 0.1999
vn 0.6432 0.5652 0.5166
vn 0.9087 0.1107 0.4024
vn 0.6516 -0.7043 -0.2818
vn 0.7090 -0.4257 0.5623
vn 0.6506 -0.7351 -0.1906
vn 0.5442 0.8363 0.0663
vn 0.6351 -0.7522 0.1757
vn -0.4102 0.7208 -0.5587
vn 0.5029 -0.8594 -0.0924
vn 0.4998 0.5947 -0.6297
vn -0.4609 0.8794 0.1194
vn -0.8921 -0.4519 0.0026
vn 0.4235 -0.8693 0.2550
vn 0.6209 0.6911 -0.3699
vn -0.7685 -0.5028 -0.3956
vn -0.8597 -0.4329 0.2711
vn 0.5690 -0.7751 -0.2748
vn 0.5459 -0.8378 0.0097
vn -0.8044 0.5225 0.2828
vn 0.3364 -0.6344 -0.6959
vn -0.2449 0.0111 -0.9695
vn 0.5653 -0.6877 -0.4554
vn -0.7871 0.0111 -0.6167
vn 0.6016 -0.7960 0.0667
vn 0.7770 -0.4171 -0.4714
vn 0.5980 0.8014 -0.0083
vn -0.7052 -0.7082 0.0349
vn 0.5597 0.8286 -0.0101
vn 0.5903 -0.7560 0.2829
vn -0.4920 0.7355 -0.4658
vn 0.7602 -0.6497 -0.0067
vn 0.6611 -0.6921 -0.2898
vn -0.8276 -0.5410 -0.1495
vn 0.6534 -0.6775 0.3378
vn -0.6002 0.7389 0.3061
vn 0.3629 -0.6595 -0.6583
vn -0.1490 0.0111 -0.9888
vn 0.7082 0.0111 0.7059
vn 0.8300 0.0111 -0.5577
vn 0.7641 0.0111 -0.6450
vn 0.6949 0.0111 -0.7190
vn 0.8186 0.0111 -0.5743
vn -0.9654 0.0729 0.2506
vn 0.6256 0.7793 0.0353
vn -0.3441 0.8455 -0.4083
vn -0.4245 0.6057 -0.6730
vn -0.4395 0.8866 -0.1443
vn 0.7014 -0.7015 0.1265
vn 0.7084 0.6922 -0.1379
vn -0.6976 0.7007 0.1492
vn 0.3719 -0.6217 -0.6893
vn 0.9205 0.3519 -0.1699
vn -0.5580 0.7821 -0.2774
vn 0.9873 0.1504 0.0518
vn 0.6554 0.6323 0.4131
vn 0.5787 0.7800 -0.2382
vn 0.3425 0.9182 0.1990
vn -0.6246 0.6256 0.4675
vn 0.4653 -0.8851 0.0056
vn -0.5224 -0.7076 -0.4757
vn -0.9306 -0.0438 -0.3633
vn -0.0631 -0.5376 -0.8408
vn 0.1763 -0.8064 -0.5646
vn -0.5478 0.6337 0.5463
vn -0.4453 0.8919 0.0795
vn -0.6331 -0.7685 -0.0924
vn -0.4563 0.8844 0.0979
vn 0.7367 0.6756 -0.0283
vn -0.8449 -0.5116 0.1562
vn 0.7145 0.6843 -0.1457
vn 0.7613 0.6114 -0.2160
vn 0.3710 -0.9276 -0.0432
vn -0.5976 -0.7977 -0.0806
vn 0.3146 0.9329 -0.1752
vn -0.5240 -0.7851 0.3301
vn -0.9399 -0.2409 0.2421
vn -0.3609 0.8074 -0.4666
vn 0.7045 -0.2828 0.6509
vn -0.9688 0.0655 -0.2392
vn -0.8627 0.1285 0.4892
vn -0.6505 -0.6826 -0.3330
vn 0.6766 0.2630 0.6877
vn 0.9486 -0.1826 0.2583
vn 0.1184 -0.9874 0.1052
vn 0.2224 0.5252 -0.8214
vn 0.0334 -0.9430 0.3312
vn -0.1845 -0.8461 0.5000
vn 0.8146 -0.1117 -0.5691
vn -0.1116 0.4184 -0.9014
vn -0.9941 0.0714 -0.0816
vn -0.4555 0.8633 -0.2174
vn 0.9429 0.3324 -0.0225
vn 0.3675 -0.6525 -0.6627
vn -0.7313 -0.4125 0.5432
vn -0.5903 -0.8019 -0.0928
vn -0.4044 -0.8447 0.3507
vn -0.7415 -0.6617 0.1112
vn -0.4008 0.2106 -0.8916
vn 0.5739 -0.2093 -0.7918
vn -0.6064 0.1794 -0.7747
vn 0.3437 0.6138 -0.7107
vn 0.9814 -0.1879 -0.0387
vn 0.3349 0.3224 -0.8854
vn -0.3406 0.3769 -0.8613
vn 0.8971 -0.0562 -0.4382
vn 0.0024 0.3945 -0.9189
vn -0.1895 -0.0775 0.9788
vn 0.7545 -0.1161 0.6459
vn 0.1326 -0.3134 0.9403
vn 0.5663 0.1436 0.8116
vn -0.1275 -0.1518 0.9802
vn 0.6747 0.0513 -0.7363
vn 0.9611 -0.0439 -0.2726
vn -0.5750 0.2450 -0.7806
vn -0.7131 0.3354 -0.6157
vn -0.7080 0.4441 -0.5490
vn 0.7098 0.4298 -0.5581
vn 0.6116 0.1912 -0.7677
vn -0.9764 0.0465 -0.2108
vn 0.5203 0.1288 -0.8442
vn -0.7276 0.1291 -0.6737
vn 0.6998 0.1446 -0.6996
vn 0.6840 -0.7101 0.1673
vn 0.9312 0.2700 -0.2449
vn 0.4779 -0.1089 -0.8716
vn -0.9223 -0.2142 0.3216
vn 0.2838 -0.1231 0.9510
vn -0.5765 -0.7155 0.3945
vn -0.5767 0.0363 0.8162
vn 0.6850 0.3316 -0.6487
vn 0.6394 0.7443 0.1928
vn -0.0509 -0.9371 -0.3454
vn 0.6329 0.7200 -0.2846
vn -0.9567 0.2637 0.1229
vn -0.7929 -0.4863 0.3671
vn 0.6321 -0.7708 -0.0795
vn 0.6692 0.7034 -0.2396
vn 0.4122 -0.8949 -0.1710
vn 0.6415 -0.6843 -0.3468
vn -0.8832 -0.3482 0.3141
vn -0.7973 -0.3031 0.5220
vn 0.8620 0.4565 -0.2203
vn -0.4712 -0.8699 0.1453
vn 0.4756 0.6192 0.6248
vn 0.5120 0.8589 0.0104
vn 0.6136 -0.7857 -0.0785
vn 0.8969 -0.4192 -0.1408
vn -0.5273 -0.7028 -0.4774
vn -0.3537 -0.3753 -0.8567
vn -0.3918 0.1511 0.9076
vn 0.3100 -0.5934 -0.7428
vn -0.0840 -0.8825 -0.4627
vn 0.9991 0.0111 -0.0415
vn -0.8563 0.0111 -0.5163
vn -0.7092 0.0089 -0.7049
vn -0.9987 -0.0203 -0.0468
vn 0.8739 -0.0055 0.4861
vn -0.8663 -0.1035 0.4887
vn 0.4461 -0.0152 0.8948
vn 0.5389 0.1126 0.8348
vn 0.4462 -0.0152 0.8948
vn 0.4969 -0.6243 -0.6027
vn 0.4941 0.0575 0.8675
vn 0.7074 -0.0063 0.7068
vn -0.9546 0.0022 -0.2979
vn -0.1614 0.0111 0.9868
vn 0.8749 0.0111 0.4841
vn -0.0128 0.0111 -0.9999
vn -0.8498 0.0043 -0.5271
vn -0.3962 0.0131 -0.9181
vn -0.6965 -0.0165 -0.7174
vn 0.1554 -0.5308 0.8331
vn 0.5967 -0.6999 0.3925
vn 0.1593 -0.1602 -0.9741
vn -0.3829 -0.7591 0.5264
vn -0.3689 -0.6057 0.7050
vn -0.9866 0.0111 -0.1626
vn -0.4653 0.0111 0.8851
vn -0.6929 0.0111 -0.7209
vn -0.4635 0.0111 -0.8860
vn 0.7212 0.0111 0.6926
vn -0.1577 -0.9745 -0.1597
vn 0.5465 -0.7758 -0.3154
vn 0.6845 0.7262 -0.0641
vn 0.5854 -0.7907 -0.1792
vn 0.5952 0.7263 -0.3437
vn 0.1270 0.9753 0.1806
vn 0.6462 -0.7094 0.2813
vn -0.6563 -0.7284 -0.1968
vn -0.5869 0.7747 -0.2352
vn 0.9558 -0.1911 0.2236
vn 0.6939 -0.6067 0.3877
vn 0.7795 -0.5332 -0.3288
vn -0.7155 -0.5331 0.4514
vn -0.7945 0.0111 0.6071
vn 0.8148 0.0111 -0.5796
vn 0.7975 0.0111 -0.6032
vn 0.8026 0.0111 0.5965
vn 0.0116 0.4148 -0.9098
vn 0.1623 -0.7108 0.6844
vn 0.8516 0.5161 0.0915
vn 0.7574 0.1155 -0.6426
vn 0.1242 0.9352 -0.3316
vn -0.5093 -0.8544 -0.1034
vn 0.8006 0.5585 -0.2169
vn -0.8693 0.0199 -0.4939
vn -0.9060 -0.1807 0.3829
vn 0.7642 0.0111 -0.6449
vn -0.6160 -0.7790 -0.1172
vn 0.4978 0.7412 0.4503
vn -0.6007 0.5988 0.5296
vn -0.5048 -0.8036 -0.3154
vn 0.9020 -0.3833 0.1986
vn 0.8250 -0.5498 -0.1309
vn -0.0941 -0.9118 -0.3998
vn -0.6584 0.7440 0.1138
vn 0.8057 -0.4737 0.3555
vn -0.4363 -0.8989 0.0411
vn 0.7981 -0.2650 -0.5412
vn 0.8086 -0.5252 -0.2651
vn 0.7712 -0.6227 0.1326
vn -0.5140 -0.8415 -0.1662
vn 0.1991 0.9087 -0.3668
vn -0.6836 -0.6599 0.3119
vn -0.7380 0.6451 0.1980
vn -0.2718 -0.6901 0.6707
vn 0.7159 -0.6013 0.3549
vn -0.3402 -0.9070 -0.2484
vn -0.7624 0.6436 0.0668
vn -0.8713 0.3588 -0.3349
vn 0.5344 -0.7794 0.3269
vn 0.6325 0.7120 0.3050
vn 0.2758 0.9242 -0.2642
vn -0.7945 0.3268 -0.5118
vn -0.5544 0.4544 -0.6972
vn 0.1620 -0.9058 0.3915
vn -0.7519 0.3538 0.5563
vn -0.8212 0.4720 0.3206
vn 0.9116 -0.4017 -0.0873
vn 0.2144 0.9565 -0.1977
vn -0.9168 0.2820 0.2828
vn 0.3944 0.7408 0.5438
vn -0.5390 -0.7194 0.4382
vn 0.8462 0.4592 -0.2702
vn 0.4765 -0.8518 -0.2178
vn 0.3610 0.7905 0.4947
vn -0.5180 -0.7177 -0.4655
vn -0.5548 0.7318 0.3959
vn -0.1305 0.7595 0.6373
vn 0.3949 -0.9149 0.0842
vn -0.0447 -0.7910 -0.6102
vn 0.6920 0.4422 0.5705
vn 0.8861 -0.3121 -0.3426
vn 0.3235 0.5573 0.7647
vn 0.5958 0.7951 0.1137
vn -0.9300 -0.1591 0.3314
vn 0.2597 0.3191 0.9114
vn 0.0989 -0.5496 -0.8296
vn -0.5604 0.1912 0.8058
vn -0.5983 -0.2309 -0.7673
vn -0.9743 -0.0172 0.2245
vn 0.5270 0.1094 0.8428
vn 0.9671 -0.2119 0.1404
vn 0.9819 -0.0247 -0.1875
vn -0.6265 -0.5933 -0.5054
vn -0.1817 -0.6091 -0.7720
vn 0.4371 -0.5739 -0.6925
vn 0.9272 -0.2829 -0.2457
vn 0.9366 -0.3503 0.0023
vn -0.8293 -0.1248 0.5447
vn -0.6474 -0.5040 -0.5717
vn 0.6027 -0.4746 -0.6416
vn 0.6668 -0.3077 -0.6788
vn -0.6768 -0.3674 -0.6379
vn -0.5918 -0.5384 -0.6000
vn 0.6374 -0.3533 -0.6848
vn -0.6470 -0.0888 -0.7573
vn 0.0045 -0.5687 -0.8225
vn -0.9990 0.0300 -0.0317
vn 0.7117 0.0156 0.7023
vn 0.6456 -0.2260 -0.7295
vn 0.2647 -0.1008 0.9591
vn -0.9520 0.0940 0.2913
vn 0.6191 0.0810 0.7811
vn -0.6614 0.6338 0.4011
vn 0.3322 0.7822 0.5270
vn -0.2024 0.9523 -0.2283
vn 0.0078 0.2594 0.9657
vn 0.1548 -0.6960 -0.7012
vn 0.2134 0.9161 -0.3394
vn 0.4903 -0.8607 0.1373
vn -0.8964 0.2207 0.3845
vn -0.7185 0.4371 -0.5410
vn 0.1907 0.7540 -0.6286
vn -0.6840 -0.6061 -0.4060
vn 0.9654 -0.2035 0.1629
vn 0.2929 -0.1154 0.9492
vn 0.9746 -0.1397 -0.1748
vn -0.6818 0.6236 0.3826
vn 0.5643 -0.7764 -0.2806
vn 0.5908 0.8042 0.0656
vn 0.6629 0.6930 0.2833
vn 0.6073 -0.7945 0.0027
vn 0.6671 0.7446 0.0226
vn 0.3038 -0.6197 0.7237
vn 0.2183 0.7127 -0.6667
vn -0.5848 0.8080 -0.0718
vn 0.6305 -0.7574 -0.1695
vn 0.6776 -0.7344 0.0401
vn -0.8157 0.5196 0.2542
vn 0.5700 0.7040 -0.4236
vn 0.1807 0.9118 0.3688
vn -0.1371 -0.9361 -0.3240
vn 0.6973 -0.4638 -0.5465
vn 0.4327 -0.8916 0.1337
vn -0.3989 -0.7783 0.4850
vn 0.8085 -0.0395 -0.5872
vn 0.0277 -0.9973 0.0683
vn 0.8363 0.3660 -0.4082
vn 0.7132 0.6348 -0.2971
vn 0.4155 0.9013 0.1224
vn 0.1214 0.3695 0.9213
vn -0.1852 0.6246 0.7587
vn 0.6459 0.5875 0.4875
vn -0.4230 -0.8768 -0.2284
vn 0.1046 0.5570 0.8239
vn -0.8718 -0.4882 0.0394
vn -0.6061 0.7649 0.2181
vn 0.6561 0.7331 -0.1790
vn 0.9108 -0.3555 -0.2100
vn 0.6948 -0.7117 0.1038
vn -0.5103 -0.6970 0.5037
vn -0.4780 0.8764 0.0592
vn -0.7067 0.7045 -0.0646
vn -0.7067 0.7063 0.0410
vn 0.4957 0.8624 0.1028
vn -0.8338 0.1341 -0.5356
vn 0.3310 -0.6137 -0.7168
vn 0.3558 0.0821 0.9309
vn -0.0674 -0.4545 -0.8882
vn -0.5427 0.0683 0.8371
vn -0.7224 0.2644 0.6390
vn 0.6679 -0.3817 -0.6389
vn -0.6642 -0.2925 -0.6880
vn 0.6691 -0.2700 -0.6924
vn -0.5976 -0.8003 0.0484
vn -0.5431 0.6531 0.5277
vn 0.8790 -0.4714 -0.0715
vn 0.2201 0.8158 0.5348
vn 0.8481 -0.4533 -0.2744
vn 0.7406 -0.5084 -0.4394
vn 0.5251 -0.8486 -0.0647
vn 0.1312 0.4134 -0.9011
vn 0.8317 0.4213 -0.3617
vn -0.9258 0.3678 0.0879
vn 0.0703 -0.8890 0.4526
vn 0.9665 0.0111 0.2566
vn 0.6683 -0.6218 -0.4084
vn 0.5711 0.6251 -0.5321
vn -0.6216 -0.6521 -0.4340
vn 0.8389 0.5435 0.0307
vn -0.5841 -0.5957 -0.5513
vn 0.3948 -0.9181 0.0342
vn -0.6104 -0.7564 -0.2351
vn 0.3955 0.9131 -0.0992
vn -0.3454 0.7536 -0.5593
vn -0.7462 -0.0755 0.6615
vn -0.0825 -0.6185 0.7814
vn -0.4748 -0.8292 0.2950
vn 0.9127 0.0655 -0.4034
vn 0.7380 0.0804 -0.6700
vn -0.0922 0.1981 -0.9758
vn 0.4605 -0.5609 0.6879
vn 0.1989 -0.6328 0.7483
vn -0.5500 0.2331 -0.8020
vn -0.9812 -0.1612 -0.1060
vn 0.5011 -0.5086 0.7001
vn 0.6515 0.1600 -0.7416
vn 0.1873 0.2864 -0.9396
vn -0.4758 0.8408 -0.2583
vn -0.9487 -0.2059 0.2400
vn -0.1211 -0.8520 0.5094
vn -0.5971 0.1963 -0.7778
vn 0.0482 -0.6143 0.7876
vn -0.6143 -0.5195 0.5939
vn 0.7125 0.2470 -0.6568
vn -0.7296 -0.3046 0.6123
vn 0.6572 -0.5805 0.4808
vn -0.9866 0.1564 0.0472
vn 0.6739 0.5219 -0.5229
vn 0.8351 -0.5160 -0.1908
vn -0.0995 -0.6352 0.7659
vn -0.0346 -0.2608 0.9648
vn -0.7089 0.3044 -0.6362
vn 0.6992 0.5119 -0.4991
vn 0.5944 0.2234 -0.7725
vn 0.6889 0.0980 -0.7182
vn -0.9746 0.0509 -0.2182
vn 0.4447 0.1239 -0.8871
vn 0.4559 0.1224 -0.8816
vn -0.7186 0.0846 -0.6903
vn 0.9620 0.2149 -0.1686
vn -0.7000 0.3859 -0.6009
vn -0.6676 -0.4185 0.6158
vn 0.5192 0.1270 -0.8452
vn 0.4853 -0.6512 0.5834
vn -0.3579 -0.6268 0.6921
vn 0.5930 0.2297 -0.7718
vn -0.3057 0.3886 -0.8692
vn 0.2328 0.9541 -0.1885
vn 0.5021 0.7871 -0.3581
vn 0.3763 -0.8319 -0.4078
vn -0.5907 -0.8027 -0.0825
vn 0.4175 -0.6471 -0.6380
vn 0.6651 0.7371 -0.1197
vn 0.5154 -0.8445 -0.1456
vn 0.4911 -0.8473 0.2022
vn -0.6469 0.7599 -0.0635
vn -0.6280 0.6967 0.3467
vn -0.6436 0.6856 0.3402
vn 0.5367 -0.7447 0.3966
vn -0.8646 -0.4800 -0.1483
vn -0.9028 -0.4281 -0.0405
vn -0.1300 0.5932 -0.7945
vn 0.3043 0.8012 -0.5153
vn 0.3815 -0.8301 -0.4067
vn 0.2813 -0.6531 -0.7031
vn -0.6362 -0.6385 -0.4331
vn -0.5024 0.8560 0.1221
vn 0.4604 -0.8760 -0.1438
vn -0.7328 -0.4115 0.5419
vn -0.5870 -0.8066 -0.0693
vn -0.3966 -0.8468 0.3543
vn 0.4895 -0.5309 0.6918
vn 0.5222 -0.7005 0.4864
vn -0.5735 0.3374 -0.7465
vn -0.7243 -0.1471 0.6737
vn -0.6939 -0.3549 0.6266
vn 0.4737 0.2061 -0.8562
vn 0.4174 0.0512 -0.9073
vn -0.0398 -0.6173 0.7857
vn 0.4515 -0.8824 0.1327
vn 0.8664 0.3200 -0.3833
vn 0.6098 0.5772 -0.5431
vn -0.1405 0.9423 -0.3039
vn -0.0079 0.6320 -0.7749
vn 0.7384 -0.6570 0.1522
vn 0.5672 0.5310 -0.6296
vn 0.6089 0.7237 -0.3249
vn 0.6897 0.6717 0.2703
vn -0.6110 0.7916 0.0050
vn -0.5776 0.7047 0.4119
vn 0.3896 0.9153 -0.1026
vn -0.9987 0.0149 0.0484
vn -0.0779 -0.7977 0.5980
vn -0.5196 0.3705 -0.7699
vn -0.7062 -0.2098 0.6762
vn 0.6423 -0.1770 0.7458
vn 0.5460 0.4358 -0.7155
vn 0.7137 0.0265 -0.6999
vn 0.3294 -0.7650 0.5535
vn 0.8515 -0.5076 0.1317
vn 0.7698 -0.4840 0.4162
vn 0.8006 0.5598 0.2137
vn 0.6073 0.7838 -0.1299
vn -0.5208 0.8008 0.2957
vn -0.4828 0.8233 -0.2985
vn 0.4326 -0.8229 -0.3684
vn 0.6754 -0.6838 -0.2762
vn -0.6442 -0.4209 -0.6387
vn -0.7180 -0.5616 -0.4112
vn 0.3189 0.7167 -0.6202
vn 0.9576 0.0871 -0.2748
vn -0.5439 -0.6232 0.5620
vn 0.2287 -0.9734 0.0148
vn 0.4531 -0.8047 -0.3835
vn -0.9176 -0.3534 0.1821
vn 0.8254 0.5532 -0.1124
vn -0.4132 0.7238 -0.5525
vn -0.5026 0.8178 -0.2803
vn 0.4848 0.6975 -0.5276
vn -0.2419 0.1609 -0.9569
vn 0.8838 0.2693 0.3825
vn -0.6870 -0.4183 0.5942
vn 0.5383 -0.6062 0.5854
vn 0.5123 -0.8559 0.0710
vn -0.9767 0.0444 0.2100
vn -0.9238 -0.3717 0.0918
vn 0.7661 -0.6318 0.1175
vn -0.6673 -0.6841 -0.2945
vn -0.5312 -0.8418 0.0962
vn 0.5757 -0.6582 0.4851
vn -0.0762 -0.5894 0.8043
vn 0.0459 -0.6813 0.7306
vn -0.9008 0.0689 -0.4287
vn -0.5070 0.8470 -0.1601
vn 0.8737 0.4850 -0.0380
vn 0.6651 0.6707 -0.3284
vn -0.4703 0.8785 -0.0835
vn -0.4593 0.7049 -0.5406
vn 0.8072 0.5664 -0.1661
vn -0.6628 0.7303 0.1654
vn 0.7068 0.6684 -0.2316
vn -0.4839 0.6712 -0.5615
vn -0.6266 0.7792 -0.0158
vn 0.2575 0.8847 -0.3887
vn -0.2415 0.1283 -0.9619
vn -0.7382 -0.3369 -0.5844
vn 0.3629 0.2725 -0.8911
vn -0.8095 -0.5129 -0.2857
vn 0.7997 0.3078 0.5155
vn 0.3014 -0.4658 0.8320
vn -0.3385 -0.7643 0.5488
vn -0.8787 -0.1930 -0.4366
vn -0.8923 -0.4497 0.0392
vn -0.9795 0.1412 -0.1438
vn -0.0056 -1.0000 0.0057
vn 0.3555 -0.8620 -0.3614
vn -0.7709 0.6324 -0.0756
vn -0.7577 0.5789 0.3013
vn 0.6870 0.6344 0.3543
vn 0.6695 0.7049 0.2341
vn 0.7025 0.6891 -0.1777
vn 0.6008 0.7581 0.2536
vn 0.1238 0.8636 -0.4887
vn -0.9175 -0.1320 -0.3751
vn -0.1034 -0.1134 0.9882
vn -0.4182 -0.7120 0.5641
vn -0.9729 0.1989 -0.1180
vn -0.3573 0.2373 -0.9033
vn 0.6908 -0.3385 0.6389
vn 0.5982 -0.3126 0.7379
vn -0.4045 -0.2596 0.8769
vn 0.9131 0.4076 0.0080
vn -0.6575 -0.0540 0.7515
vn 0.6995 0.5762 -0.4229
vn 0.7199 0.2469 -0.6487
vn 0.9426 -0.0797 -0.3242
vn 0.8382 0.4753 -0.2672
vn -0.1859 0.9605 0.2072
vn -0.3974 0.9015 0.1716
vn -0.2539 0.8244 0.5059
vn -0.7611 0.6445 -0.0732
vn -0.5530 0.8304 0.0682
vn -0.5778 -0.7971 -0.1755
vn -0.9948 0.0817 -0.0616
vn -0.6242 -0.2019 -0.7548
vn -0.3233 0.1163 -0.9391
vn 0.4041 -0.7967 0.4494
vn -0.5408 -0.8404 0.0339
vn 0.8707 -0.4441 0.2113
vn -0.8092 -0.5858 0.0438
vn 0.9675 0.0858 0.2379
vn -0.0470 0.9976 0.0507
vn -0.7357 -0.6753 -0.0524
vn 0.5833 -0.8113 0.0387
vn 0.5323 -0.8385 -0.1165
vn -0.9424 -0.2336 0.2396
vn 0.9903 -0.0939 0.1027
vn -0.6068 -0.0325 0.7942
vn 0.9476 -0.0397 -0.3169
vn 0.2852 0.6178 0.7328
vn 0.9232 0.3366 0.1854
vn 0.5655 -0.6957 -0.4429
vn -0.8826 -0.3300 0.3348
vn -0.7554 0.0658 0.6519
vn -0.7522 0.2429 0.6125
vn -0.6369 0.2142 0.7406
vn -0.5300 -0.3275 0.7822
vn -0.9691 0.1904 0.1568
vn 0.7104 0.1691 0.6832
vn 0.6891 0.4356 0.5791
vn -0.2827 0.0094 0.9592
vn -0.9711 0.1259 -0.2028
vn 0.5689 0.1239 -0.8130
vn -0.6935 0.5059 0.5130
vn -0.7075 0.4163 0.5711
vn -0.8815 0.1996 0.4279
vn 0.7209 0.0301 0.6924
vn 0.9809 -0.1667 -0.1005
vn 0.5151 -0.2818 -0.8095
vn 0.7276 -0.1868 -0.6600
vn 0.2775 -0.0109 -0.9607
vn 0.4189 -0.5337 0.7347
vn 0.8997 -0.3118 0.3055
vn -0.6481 0.3814 -0.6591
vn -0.6985 0.3012 -0.6491
usemtl AM_A_1000_1
s 1
f 1/1/1 3/2/2 2/3/3
f 2/3/3 4/4/4 1/1/1
f 5/5/5 1/1/1 4/4/4
f 4/4/4 6/6/6 5/5/5
f 6/6/6 4/4/4 7/7/7
f 7/7/7 8/8/8 6/6/6
f 9/9/9 8/8/8 7/7/7
f 7/7/7 10/10/10 9/9/9
f 11/11/11 10/10/10 7/7/7
f 7/7/7 12/12/12 11/11/11
f 13/13/13 12/12/12 7/7/7
f 7/7/7 4/4/4 13/13/13
f 14/14/14 13/13/13 4/4/4
f 4/4/4 2/3/3 14/14/14
f 15/15/15 14/14/14 2/3/3
f 14/14/14 15/15/15 16/16/16
f 16/16/16 17/17/17 14/14/14
f 18/18/18 14/14/14 17/17/17
f 13/13/13 14/14/14 18/18/18
f 18/18/18 19/19/19 13/13/13
f 12/12/12 13/13/13 19/19/19
f 20/20/20 19/19/19 18/18/18
f 18/18/18 21/21/13 20/20/20
f 17/17/17 21/21/13 18/18/18
f 22/22/21 20/20/20 21/21/13
f 21/21/13 17/17/17 23/23/14
f 24/24/13 22/22/21 21/21/13
f 21/21/13 23/23/14 24/24/13
f 25/25/22 22/22/21 24/24/13
f 24/24/13 26/26/13 25/25/22
f 27/27/23 26/26/13 24/24/13
f 24/24/13 23/23/14 27/27/23
f 28/28/24 27/27/23 23/23/14
f 23/23/14 29/29/25 28/28/24
f 29/29/25 23/23/14 17/17/17
f 17/17/17 16/16/16 29/29/25
f 30/30/26 25/25/22 26/26/13
f 26/26/13 31/31/27 30/30/26
f 32/32/28 31/31/27 26/26/13
f 26/26/13 27/27/23 32/32/28
f 33/33/29 32/32/28 27/27/23
f 27/27/23 28/28/24 33/33/29
f 32/32/28 33/33/29 34/34/30
f 34/34/30 35/35/31 32/32/28
f 31/31/27 32/32/28 35/35/31
f 35/35/31 34/34/30 36/36/32
f 36/36/32 37/37/33 35/35/31
f 38/38/34 35/35/31 37/37/33
f 31/31/27 35/35/31 38/38/34
f 38/38/34 39/39/35 31/31/27
f 40/40/36 31/31/27 39/39/35
f 30/30/26 31/31/27 40/40/36
f 40/40/36 41/41/37 30/30/26
f 42/42/38 44/43/39 43/44/40
f 43/44/40 45/45/41 42/42/38
f 45/45/41 43/44/40 46/46/42
f 46/46/42 47/47/43 45/45/41
f 48/48/44 45/45/41 47/47/43
f 47/47/43 49/49/45 48/48/44
f 50/50/46 48/48/44 49/49/45
f 48/48/44 50/50/46 51/51/47
f 51/51/47 52/52/48 48/48/44
f 53/53/49 48/48/44 52/52/48
f 48/48/44 53/53/49 54/54/50
f 54/54/50 45/45/41 48/48/44
f 45/45/41 54/54/50 55/55/51
f 55/55/51 42/42/38 45/45/41
f 56/56/52 42/42/38 55/55/51
f 55/55/51 57/57/53 56/56/52
f 58/58/54 57/57/53 55/55/51
f 55/55/51 54/54/50 58/58/54
f 59/59/55 58/58/54 54/54/50
f 54/54/50 53/53/49 59/59/55
f 58/58/54 59/59/55 60/60/56
f 60/60/56 61/61/57 58/58/54
f 57/57/53 58/58/54 61/61/57
f 62/62/58 61/61/57 60/60/56
f 63/63/59 57/57/53 61/61/57
f 61/61/57 62/62/58 64/64/60
f 64/64/60 63/63/59 61/61/57
f 64/64/60 62/62/58 65/65/61
f 65/65/61 66/66/50 64/64/60
f 67/67/62 64/64/60 66/66/50
f 63/63/59 64/64/60 67/67/62
f 67/67/62 68/68/63 63/63/59
f 69/69/64 63/63/59 68/68/63
f 57/57/53 63/63/59 69/69/64
f 69/69/64 56/56/52 57/57/53
f 66/66/50 65/65/61 70/70/65
f 70/70/65 71/71/66 66/66/50
f 72/72/67 66/66/50 71/71/66
f 67/67/62 66/66/50 72/72/67
f 72/72/67 73/73/68 67/67/62
f 68/68/63 67/67/62 73/73/68
f 74/74/69 73/73/68 72/72/67
f 72/72/67 75/75/70 74/74/69
f 71/71/66 75/75/70 72/72/67
f 76/76/71 74/74/69 75/75/70
f 75/75/70 77/77/72 76/76/71
f 78/78/73 77/77/72 75/75/70
f 75/75/70 79/79/74 78/78/73
f 79/79/74 75/75/70 71/71/66
f 71/71/66 80/80/75 79/79/74
f 80/80/75 71/71/66 70/70/65
f 70/70/65 81/81/76 80/80/75
f 82/82/77 84/83/78 83/84/79
f 83/84/79 85/85/80 82/82/77
f 84/83/78 82/82/77 86/86/81
f 86/86/81 87/87/82 84/83/78
f 88/88/83 86/86/81 82/82/77
f 82/82/77 89/89/84 88/88/83
f 89/89/84 82/82/77 85/85/80
f 85/85/80 90/90/85 89/89/84
f 90/90/85 85/85/80 91/91/86
f 91/91/86 92/92/87 90/90/85
f 93/93/88 90/90/85 92/92/87
f 90/90/85 93/93/88 94/94/89
f 94/94/89 95/95/90 90/90/85
f 89/89/84 90/90/85 95/95/90
f 95/95/90 96/96/91 89/89/84
f 88/88/83 89/89/84 96/96/91
f 97/97/92 96/96/91 95/95/90
f 95/95/90 98/98/93 97/97/92
f 98/98/93 95/95/90 94/94/89
f 94/94/89 99/99/94 98/98/93
f 99/99/94 94/94/89 93/93/88
f 93/93/88 100/100/95 99/99/94
f 101/101/96 100/100/95 93/93/88
f 93/93/88 92/92/87 101/101/96
f 102/102/97 101/101/96 92/92/87
f 101/101/96 102/102/97 103/103/98
f 103/103/98 104/104/99 101/101/96
f 105/105/100 101/101/96 104/104/99
f 100/100/95 101/101/96 105/105/100
f 105/105/100 106/106/101 100/100/95
f 107/107/102 100/100/95 106/106/101
f 99/99/94 100/100/95 107/107/102
f 107/107/102 98/98/93 99/99/94
f 108/108/103 98/98/93 107/107/102
f 107/107/102 106/106/101 108/108/103
f 98/98/93 108/108/103 109/109/104
f 109/109/104 97/97/92 98/98/93
f 97/97/92 109/109/104 110/110/105
f 110/110/105 111/111/106 97/97/92
f 96/96/91 97/97/92 111/111/106
f 111/111/106 112/112/107 96/96/91
f 88/88/83 96/96/91 112/112/107
f 113/113/108 112/112/107 111/111/106
f 111/111/106 114/114/109 113/113/108
f 114/114/109 111/111/106 110/110/105
f 110/110/105 115/115/110 114/114/109
f 116/116/111 115/115/110 110/110/105
f 110/110/105 109/109/104 116/116/111
f 117/117/112 116/116/111 109/109/104
f 109/109/104 108/108/103 117/117/112
f 118/118/113 117/117/112 108/108/103
f 108/108/103 119/119/114 118/118/113
f 119/119/114 108/108/103 106/106/101
f 106/106/101 120/120/115 119/119/114
f 121/121/116 120/120/115 106/106/101
f 106/106/101 105/105/100 121/121/116
f 122/122/117 121/121/116 105/105/100
f 105/105/100 104/104/99 122/122/117
f 121/121/116 122/122/117 123/123/118
f 123/123/118 120/120/115 121/121/116
f 124/124/119 123/123/118 122/122/117
f 122/122/117 125/125/120 124/124/119
f 104/104/99 125/125/120 122/122/117
f 124/124/119 125/125/120 126/126/121
f 126/126/121 127/127/122 124/124/119
f 128/128/123 124/124/119 127/127/122
f 123/123/118 124/124/119 128/128/123
f 128/128/123 129/129/124 123/123/118
f 120/120/115 123/123/118 129/129/124
f 129/129/124 130/130/125 120/120/115
f 131/131/126 120/120/115 130/130/125
f 119/119/114 120/120/115 131/131/126
f 131/131/126 118/118/113 119/119/114
f 118/118/113 131/131/126 132/132/127
f 132/132/127 133/133/128 118/118/113
f 117/117/112 118/118/113 133/133/128
f 133/133/128 134/134/129 117/117/112
f 116/116/111 117/117/112 134/134/129
f 134/134/129 135/135/130 116/116/111
f 115/115/110 116/116/111 135/135/130
f 136/136/131 135/135/130 134/134/129
f 134/134/129 137/137/132 136/136/131
f 137/137/132 134/134/129 133/133/128
f 133/133/128 138/138/133 137/137/132
f 138/138/133 133/133/128 132/132/127
f 132/132/127 139/139/134 138/138/133
f 140/140/135 139/139/134 132/132/127
f 132/132/127 131/131/126 140/140/135
f 130/130/125 140/140/135 131/131/126
f 141/141/136 140/140/135 130/130/125
f 130/130/125 142/142/137 141/141/136
f 142/142/137 130/130/125 129/129/124
f 129/129/124 128/128/123 142/142/137
f 143/143/138 142/142/137 128/128/123
f 128/128/123 127/127/122 143/143/138
f 142/142/137 143/143/138 144/144/139
f 144/144/139 141/141/136 142/142/137
f 141/141/136 144/144/139 145/145/140
f 145/145/140 146/146/141 141/141/136
f 140/140/135 141/141/136 146/146/141
f 146/146/141 139/139/134 140/140/135
f 139/139/134 146/146/141 147/147/142
f 147/147/142 148/148/143 139/139/134
f 138/138/133 139/139/134 148/148/143
f 148/148/143 149/149/144 138/138/133
f 137/137/132 138/138/133 149/149/144
f 149/149/144 150/150/145 137/137/132
f 136/136/131 137/137/132 150/150/145
f 150/150/145 151/151/146 136/136/131
f 152/152/147 136/136/131 151/151/146
f 135/135/130 136/136/131 152/152/147
f 152/152/147 153/153/148 135/135/130
f 115/115/110 135/135/130 153/153/148
f 154/154/149 153/153/148 152/152/147
f 152/152/147 155/155/150 154/154/149
f 155/155/150 152/152/147 151/151/146
f 151/151/146 156/156/151 155/155/150
f 157/157/152 156/156/151 151/151/146
f 151/151/146 150/150/145 157/157/152
f 158/158/153 157/157/152 150/150/145
f 150/150/145 149/149/144 158/158/153
f 159/159/154 158/158/153 149/149/144
f 149/149/144 148/148/143 159/159/154
f 160/160/155 159/159/154 148/148/143
f 148/148/143 147/147/142 160/160/155
f 161/161/156 160/160/155 147/147/142
f 147/147/142 146/146/141 161/161/156
f 145/145/140 161/161/156 146/146/141
f 162/162/157 161/161/156 145/145/140
f 145/145/140 163/163/158 162/162/157
f 163/163/158 145/145/140 144/144/139
f 144/144/139 164/164/159 163/163/158
f 143/143/138 164/164/159 144/144/139
f 163/163/158 164/164/159 165/165/160
f 165/165/160 166/166/161 163/163/158
f 162/162/157 163/163/158 166/166/161
f 166/166/161 167/167/162 162/162/157
f 168/168/163 162/162/157 167/167/162
f 161/161/156 162/162/157 168/168/163
f 168/168/163 169/169/164 161/161/156
f 160/160/155 161/161/156 169/169/164
f 169/169/164 170/170/165 160/160/155
f 171/171/166 160/160/155 170/170/165
f 159/159/154 160/160/155 171/171/166
f 171/171/166 158/158/153 159/159/154
f 158/158/153 171/171/166 172/172/167
f 172/172/167 157/157/152 158/158/153
f 173/173/168 172/172/167 171/171/166
f 171/171/166 170/170/165 173/173/168
f 172/172/167 173/173/168 174/174/169
f 174/174/169 175/175/170 172/172/167
f 157/157/152 172/172/167 175/175/170
f 175/175/170 176/176/171 157/157/152
f 156/156/151 157/157/152 176/176/171
f 177/177/172 176/176/171 175/175/170
f 175/175/170 174/174/169 177/177/172
f 178/178/173 177/177/172 174/174/169
f 174/174/169 173/173/168 178/178/173
f 177/177/172 178/178/173 179/179/174
f 179/179/174 180/180/175 177/177/172
f 176/176/171 177/177/172 180/180/175
f 180/180/175 181/181/176 176/176/171
f 156/156/151 176/176/171 181/181/176
f 181/181/176 180/180/175 182/182/177
f 182/182/177 183/183/178 181/181/176
f 156/156/151 181/181/176 183/183/178
f 183/183/178 155/155/150 156/156/151
f 184/184/179 155/155/150 183/183/178
f 183/183/178 182/182/177 184/184/179
f 185/185/180 184/184/179 182/182/177
f 182/182/177 186/186/181 185/185/180
f 186/186/181 182/182/177 180/180/175
f 180/180/175 187/187/182 186/186/181
f 188/188/183 187/187/182 180/180/175
f 180/180/175 179/179/174 188/188/183
f 189/189/184 188/188/183 179/179/174
f 179/179/174 190/190/185 189/189/184
f 190/190/185 179/179/174 178/178/173
f 178/178/173 191/191/186 190/190/185
f 173/173/168 191/191/186 178/178/173
f 192/192/187 190/190/185 191/191/186
f 191/191/186 193/193/188 192/192/187
f 194/194/189 193/193/188 191/191/186
f 191/191/186 173/173/168 194/194/189
f 193/193/188 194/194/189 195/195/190
f 195/195/190 196/196/191 193/193/188
f 197/197/192 196/196/191 195/195/190
f 195/195/190 198/198/193 197/197/192
f 199/199/194 198/198/193 195/195/190
f 195/195/190 194/194/189 199/199/194
f 200/200/195 199/199/194 194/194/189
f 194/194/189 173/173/168 200/200/195
f 170/170/165 199/199/194 200/200/195
f 200/200/195 173/173/168 170/170/165
f 201/201/196 199/199/194 170/170/165
f 170/170/165 169/169/164 201/201/196
f 168/168/163 201/201/196 169/169/164
f 201/201/196 168/168/163 202/202/197
f 202/202/197 199/199/194 201/201/196
f 199/199/194 202/202/197 203/203/198
f 203/203/198 198/198/193 199/199/194
f 204/204/199 198/198/193 203/203/198
f 203/203/198 202/202/197 204/204/199
f 198/198/193 204/204/199 205/205/200
f 205/205/200 197/197/192 198/198/193
f 206/206/201 197/197/192 205/205/200
f 205/205/200 207/207/202 206/206/201
f 208/208/203 207/207/202 205/205/200
f 205/205/200 204/204/199 208/208/203
f 209/209/204 207/207/202 208/208/203
f 208/208/203 210/210/205 209/209/204
f 211/211/206 210/210/205 208/208/203
f 208/208/203 204/204/199 211/211/206
f 212/212/207 211/211/206 204/204/199
f 204/204/199 213/213/208 212/212/207
f 214/214/209 213/213/208 204/204/199
f 204/204/199 202/202/197 214/214/209
f 167/167/162 214/214/209 202/202/197
f 202/202/197 168/168/163 167/167/162
f 214/214/209 167/167/162 215/215/210
f 215/215/210 213/213/208 214/214/209
f 213/213/208 215/215/210 216/216/211
f 216/216/211 212/212/207 213/213/208
f 212/212/207 216/216/211 217/217/212
f 217/217/212 218/218/213 212/212/207
f 211/211/206 212/212/207 218/218/213
f 218/218/213 219/219/214 211/211/206
f 210/210/205 211/211/206 219/219/214
f 219/219/214 220/220/215 210/210/205
f 221/221/216 210/210/205 220/220/215
f 209/209/204 210/210/205 221/221/216
f 221/221/216 222/222/217 209/209/204
f 223/223/218 222/222/217 221/221/216
f 221/221/216 224/224/219 223/223/218
f 224/224/219 221/221/216 220/220/215
f 220/220/215 225/225/220 224/224/219
f 225/225/220 220/220/215 219/219/214
f 219/219/214 218/218/213 225/225/220
f 226/226/221 225/225/220 218/218/213
f 218/218/213 217/217/212 226/226/221
f 227/227/222 225/225/220 226/226/221
f 226/226/221 217/217/212 228/228/223
f 228/228/223 227/227/222 226/226/221
f 229/229/224 228/228/223 217/217/212
f 217/217/212 230/230/225 229/229/224
f 230/230/225 217/217/212 216/216/211
f 216/216/211 231/231/226 230/230/225
f 231/231/226 216/216/211 215/215/210
f 215/215/210 166/166/161 231/231/226
f 166/166/161 215/215/210 167/167/162
f 231/231/226 166/166/161 165/165/160
f 165/165/160 232/232/227 231/231/226
f 230/230/225 231/231/226 232/232/227
f 232/232/227 233/233/228 230/230/225
f 229/229/224 230/230/225 233/233/228
f 233/233/228 234/234/229 229/229/224
f 228/228/223 229/229/224 234/234/229
f 234/234/229 235/235/230 228/228/223
f 236/236/231 228/228/223 235/235/230
f 227/227/222 228/228/223 236/236/231
f 236/236/231 235/235/230 237/237/232
f 238/238/233 227/227/222 236/236/231
f 236/236/231 237/237/232 238/238/233
f 227/227/222 238/238/233 239/239/234
f 239/239/234 240/240/235 227/227/222
f 241/241/236 227/227/222 240/240/235
f 225/225/220 227/227/222 241/241/236
f 241/241/236 224/224/219 225/225/220
f 224/224/219 241/241/236 240/240/235
f 240/240/235 242/242/237 224/224/219
f 223/223/218 224/224/219 242/242/237
f 243/243/238 242/242/237 240/240/235
f 240/240/235 244/244/239 243/243/238
f 244/244/239 240/240/235 239/239/234
f 239/239/234 238/238/233 244/244/239
f 245/245/240 244/244/239 238/238/233
f 238/238/233 246/246/241 245/245/240
f 246/246/241 238/238/233 237/237/232
f 237/237/232 247/247/242 246/246/241
f 248/248/243 247/247/242 237/237/232
f 237/237/232 235/235/230 248/248/243
f 249/249/244 248/248/243 235/235/230
f 235/235/230 234/234/229 249/249/244
f 250/250/245 249/249/244 234/234/229
f 234/234/229 233/233/228 250/250/245
f 251/251/246 250/250/245 233/233/228
f 233/233/228 232/232/227 251/251/246
f 252/252/247 251/251/246 232/232/227
f 232/232/227 165/165/160 252/252/247
f 164/164/159 252/252/247 165/165/160
f 252/252/247 164/164/159 253/253/248
f 253/253/248 254/254/249 252/252/247
f 251/251/246 252/252/247 254/254/249
f 254/254/249 255/255/250 251/251/246
f 250/250/245 251/251/246 255/255/250
f 255/255/250 256/256/251 250/250/245
f 249/249/244 250/250/245 256/256/251
f 256/256/251 257/257/252 249/249/244
f 248/248/243 249/249/244 257/257/252
f 257/257/252 258/258/253 248/248/243
f 247/247/242 248/248/243 258/258/253
f 258/258/253 259/259/254 247/247/242
f 260/260/255 247/247/242 259/259/254
f 246/246/241 247/247/242 260/260/255
f 260/260/255 261/261/256 246/246/241
f 245/245/240 246/246/241 261/261/256
f 261/261/256 262/262/257 245/245/240
f 244/244/239 245/245/240 262/262/257
f 262/262/257 263/263/258 244/244/239
f 264/264/259 244/244/239 263/263/258
f 243/243/238 244/244/239 264/264/259
f 265/265/260 264/264/259 263/263/258
f 263/263/258 262/262/257 265/265/260
f 266/266/261 265/265/260 262/262/257
f 262/262/257 267/267/262 266/266/261
f 267/267/262 262/262/257 261/261/256
f 261/261/256 268/268/263 267/267/262
f 268/268/263 261/261/256 260/260/255
f 260/260/255 269/269/264 268/268/263
f 269/269/264 260/260/255 259/259/254
f 259/259/254 270/270/265 269/269/264
f 271/271/266 270/270/265 259/259/254
f 259/259/254 258/258/253 271/271/266
f 272/272/267 271/271/266 258/258/253
f 258/258/253 257/257/252 272/272/267
f 273/273/268 272/272/267 257/257/252
f 257/257/252 256/256/251 273/273/268
f 274/274/269 273/273/268 256/256/251
f 256/256/251 255/255/250 274/274/269
f 275/275/270 274/274/269 255/255/250
f 255/255/250 254/254/249 275/275/270
f 274/274/269 275/275/270 276/276/271
f 276/276/271 277/277/272 274/274/269
f 273/273/268 274/274/269 277/277/272
f 277/277/272 272/272/267 273/273/268
f 272/272/267 277/277/272 278/278/273
f 278/278/273 271/271/266 272/272/267
f 271/271/266 278/278/273 279/279/274
f 279/279/274 270/270/265 271/271/266
f 270/270/265 279/279/274 280/280/275
f 280/280/275 281/281/276 270/270/265
f 269/269/264 270/270/265 281/281/276
f 281/281/276 282/282/277 269/269/264
f 268/268/263 269/269/264 282/282/277
f 282/282/277 283/283/278 268/268/263
f 267/267/262 268/268/263 283/283/278
f 283/283/278 284/284/279 267/267/262
f 266/266/261 267/267/262 284/284/279
f 284/284/279 285/285/280 266/266/261
f 286/286/281 266/266/261 285/285/280
f 265/265/260 266/266/261 286/286/281
f 286/286/281 287/287/282 265/265/260
f 264/264/259 265/265/260 287/287/282
f 288/288/283 287/287/282 286/286/281
f 286/286/281 289/289/284 288/288/283
f 289/289/284 286/286/281 285/285/280
f 285/285/280 290/290/285 289/289/284
f 291/291/286 290/290/285 285/285/280
f 285/285/280 284/284/279 291/291/286
f 292/292/287 291/291/286 284/284/279
f 284/284/279 283/283/278 292/292/287
f 293/293/288 292/292/287 283/283/278
f 283/283/278 282/282/277 293/293/288
f 294/294/289 293/293/288 282/282/277
f 282/282/277 281/281/276 294/294/289
f 295/295/290 294/294/289 281/281/276
f 281/281/276 280/280/275 295/295/290
f 296/296/291 295/295/290 280/280/275
f 280/280/275 297/297/292 296/296/291
f 297/297/292 280/280/275 279/279/274
f 279/279/274 298/298/293 297/297/292
f 299/299/294 298/298/293 279/279/274
f 279/279/274 278/278/273 299/299/294
f 298/298/293 299/299/294 300/300/295
f 300/300/295 297/297/292 298/298/293
f 297/297/292 300/300/295 301/301/296
f 301/301/296 302/302/297 297/297/292
f 296/296/291 297/297/292 302/302/297
f 302/302/297 303/303/298 296/296/291
f 304/304/299 296/296/291 303/303/298
f 295/295/290 296/296/291 304/304/299
f 304/304/299 294/294/289 295/295/290
f 294/294/289 304/304/299 305/305/300
f 305/305/300 293/293/288 294/294/289
f 293/293/288 305/305/300 306/306/301
f 306/306/301 292/292/287 293/293/288
f 292/292/287 306/306/301 307/307/302
f 307/307/302 291/291/286 292/292/287
f 291/291/286 307/307/302 308/308/303
f 308/308/303 290/290/285 291/291/286
f 309/309/304 308/308/303 307/307/302
f 307/307/302 310/310/305 309/309/304
f 310/310/305 307/307/302 306/306/301
f 306/306/301 311/311/306 310/310/305
f 311/311/306 306/306/301 305/305/300
f 305/305/300 312/312/307 311/311/306
f 313/313/308 312/312/307 305/305/300
f 305/305/300 304/304/299 313/313/308
f 314/314/309 313/313/308 304/304/299
f 304/304/299 303/303/298 314/314/309
f 312/312/307 313/313/308 314/314/309
f 315/315/310 314/314/309 303/303/298
f 303/303/298 316/316/311 315/315/310
f 316/316/311 303/303/298 302/302/297
f 302/302/297 317/317/312 316/316/311
f 315/315/310 316/316/311 317/317/312
f 318/318/313 317/317/312 302/302/297
f 302/302/297 301/301/296 318/318/313
f 319/319/314 318/318/313 301/301/296
f 301/301/296 320/320/315 319/319/314
f 320/320/315 301/301/296 300/300/295
f 300/300/295 321/321/316 320/320/315
f 322/322/317 321/321/316 300/300/295
f 300/300/295 299/299/294 322/322/317
f 321/321/316 322/322/317 323/323/318
f 323/323/318 324/324/319 321/321/316
f 325/325/320 323/323/318 322/322/317
f 322/322/317 326/326/321 325/325/320
f 326/326/321 322/322/317 299/299/294
f 299/299/294 278/278/273 326/326/321
f 277/277/272 326/326/321 278/278/273
f 326/326/321 277/277/272 276/276/271
f 276/276/271 325/325/320 326/326/321
f 325/325/320 276/276/271 327/327/322
f 327/327/322 328/328/323 325/325/320
f 323/323/318 325/325/320 328/328/323
f 328/328/323 329/329/324 323/323/318
f 324/324/319 323/323/318 329/329/324
f 329/329/324 330/330/325 324/324/319
f 331/331/82 330/330/325 329/329/324
f 329/329/324 332/332/326 331/331/82
f 333/333/327 332/332/326 329/329/324
f 329/329/324 328/328/323 333/333/327
f 334/334/328 333/333/327 328/328/323
f 328/328/323 327/327/322 334/334/328
f 275/275/270 334/334/328 327/327/322
f 327/327/322 276/276/271 275/275/270
f 335/335/329 334/334/328 275/275/270
f 275/275/270 254/254/249 335/335/329
f 253/253/248 335/335/329 254/254/249
f 335/335/329 253/253/248 127/127/122
f 127/127/122 334/334/328 335/335/329
f 334/334/328 127/127/122 126/126/121
f 126/126/121 333/333/327 334/334/328
f 333/333/327 126/126/121 336/336/330
f 336/336/330 332/332/326 333/333/327
f 336/336/330 126/126/121 125/125/120
f 125/125/120 332/332/326 336/336/330
f 332/332/326 125/125/120 104/104/99
f 104/104/99 331/331/82 332/332/326
f 331/331/82 104/104/99 103/103/98
f 143/143/138 127/127/122 253/253/248
f 253/253/248 164/164/159 143/143/138
f 337/337/331 309/309/304 310/310/305
f 310/310/305 338/338/332 337/337/331
f 311/311/306 338/338/332 310/310/305
f 339/339/333 337/337/331 338/338/332
f 338/338/332 340/340/334 339/339/333
f 341/341/335 340/340/334 338/338/332
f 338/338/332 311/311/306 341/341/335
f 312/312/307 341/341/335 311/311/306
f 342/342/336 341/341/335 312/312/307
f 312/312/307 314/314/309 342/342/336
f 341/341/335 342/342/336 343/343/337
f 343/343/337 344/344/338 341/341/335
f 340/340/334 341/341/335 344/344/338
f 345/345/339 344/344/338 343/343/337
f 343/343/337 346/346/340 345/345/339
f 347/347/341 346/346/340 343/343/337
f 343/343/337 342/342/336 347/347/341
f 314/314/309 347/347/341 342/342/336
f 347/347/341 314/314/309 315/315/310
f 315/315/310 348/348/342 347/347/341
f 317/317/312 348/348/342 315/315/310
f 349/349/343 347/347/341 348/348/342
f 348/348/342 317/317/312 350/350/344
f 350/350/344 349/349/343 348/348/342
f 349/349/343 350/350/344 351/351/345
f 351/351/345 352/352/346 349/349/343
f 353/353/347 349/349/343 352/352/346
f 347/347/341 349/349/343 353/353/347
f 353/353/347 346/346/340 347/347/341
f 345/345/339 346/346/340 353/353/347
f 353/353/347 354/354/348 345/345/339
f 354/354/348 353/353/347 352/352/346
f 352/352/346 355/355/349 354/354/348
f 356/356/350 355/355/349 352/352/346
f 352/352/346 357/357/351 356/356/350
f 357/357/351 352/352/346 351/351/345
f 351/351/345 358/358/352 357/357/351
f 358/358/352 351/351/345 350/350/344
f 350/350/344 359/359/353 358/358/352
f 360/360/354 359/359/353 350/350/344
f 350/350/344 317/317/312 360/360/354
f 361/361/355 359/359/353 360/360/354
f 360/360/354 317/317/312 361/361/355
f 318/318/313 361/361/355 317/317/312
f 361/361/355 318/318/313 319/319/314
f 319/319/314 362/362/356 361/361/355
f 363/363/357 361/361/355 362/362/356
f 361/361/355 363/363/357 364/364/358
f 364/364/358 359/359/353 361/361/355
f 359/359/353 364/364/358 365/365/359
f 365/365/359 358/358/352 359/359/353
f 358/358/352 365/365/359 366/366/360
f 366/366/360 357/357/351 358/358/352
f 357/357/351 366/366/360 367/367/361
f 367/367/361 356/356/350 357/357/351
f 356/356/350 367/367/361 368/368/362
f 368/368/362 369/369/363 356/356/350
f 355/355/349 356/356/350 369/369/363
f 370/370/364 369/369/363 368/368/362
f 368/368/362 371/371/365 370/370/364
f 372/372/366 371/371/365 368/368/362
f 368/368/362 367/367/361 372/372/366
f 366/366/360 372/372/366 367/367/361
f 373/373/367 372/372/366 366/366/360
f 366/366/360 365/365/359 373/373/367
f 374/374/368 373/373/367 365/365/359
f 365/365/359 375/375/369 374/374/368
f 375/375/369 365/365/359 364/364/358
f 364/364/358 363/363/357 375/375/369
f 376/376/370 375/375/369 363/363/357
f 375/375/369 376/376/370 377/377/371
f 377/377/371 374/374/368 375/375/369
f 378/378/372 374/374/368 377/377/371
f 377/377/371 379/379/373 378/378/372
f 379/379/373 377/377/371 376/376/370
f 376/376/370 380/380/374 379/379/373
f 381/381/375 380/380/374 376/376/370
f 376/376/370 363/363/357 381/381/375
f 382/382/376 381/381/375 363/363/357
f 363/363/357 362/362/356 382/382/376
f 383/383/377 382/382/376 362/362/356
f 384/384/378 382/382/376 383/383/377
f 383/383/377 385/385/379 384/384/378
f 386/386/380 384/384/378 385/385/379
f 387/387/381 384/384/378 386/386/380
f 386/386/380 388/388/382 387/387/381
f 384/384/378 387/387/381 389/389/383
f 389/389/383 390/390/384 384/384/378
f 382/382/376 384/384/378 390/390/384
f 390/390/384 391/391/385 382/382/376
f 381/381/375 382/382/376 391/391/385
f 391/391/385 392/392/386 381/381/375
f 380/380/374 381/381/375 392/392/386
f 392/392/386 391/391/385 390/390/384
f 390/390/384 393/393/387 392/392/386
f 389/389/383 393/393/387 390/390/384
f 392/392/386 393/393/387 394/394/388
f 394/394/388 380/380/374 392/392/386
f 380/380/374 394/394/388 395/395/389
f 395/395/389 379/379/373 380/380/374
f 379/379/373 395/395/389 396/396/390
f 396/396/390 378/378/372 379/379/373
f 397/397/391 396/396/390 395/395/389
f 395/395/389 398/398/392 397/397/391
f 398/398/392 395/395/389 394/394/388
f 394/394/388 399/399/393 398/398/392
f 400/400/394 399/399/393 394/394/388
f 394/394/388 393/393/387 400/400/394
f 401/401/395 400/400/394 393/393/387
f 393/393/387 402/402/396 401/401/395
f 402/402/396 393/393/387 389/389/383
f 389/389/383 403/403/397 402/402/396
f 403/403/397 389/389/383 387/387/381
f 387/387/381 404/404/398 403/403/397
f 404/404/398 387/387/381 388/388/382
f 388/388/382 405/405/399 404/404/398
f 405/405/399 388/388/382 406/406/400
f 404/404/398 405/405/399 407/407/401
f 407/407/401 408/408/402 404/404/398
f 403/403/397 404/404/398 408/408/402
f 408/408/402 409/409/403 403/403/397
f 410/410/404 403/403/397 409/409/403
f 402/402/396 403/403/397 410/410/404
f 410/410/404 401/401/395 402/402/396
f 411/411/405 401/401/395 410/410/404
f 410/410/404 412/412/406 411/411/405
f 412/412/406 410/410/404 409/409/403
f 409/409/403 413/413/407 412/412/406
f 414/414/408 413/413/407 409/409/403
f 409/409/403 408/408/402 414/414/408
f 407/407/401 414/414/408 408/408/402
f 415/415/409 414/414/408 407/407/401
f 407/407/401 405/405/399 415/415/409
f 416/416/410 415/415/409 405/405/399
f 405/405/399 406/406/400 416/416/410
f 417/417/411 416/416/410 406/406/400
f 416/416/410 417/417/411 418/418/412
f 418/418/412 419/419/413 416/416/410
f 420/420/414 416/416/410 419/419/413
f 415/415/409 416/416/410 420/420/414
f 420/420/414 421/421/415 415/415/409
f 414/414/408 415/415/409 421/421/415
f 421/421/415 422/422/416 414/414/408
f 413/413/407 414/414/408 422/422/416
f 423/423/417 422/422/416 421/421/415
f 421/421/415 420/420/414 423/423/417
f 424/424/418 423/423/417 420/420/414
f 420/420/414 419/419/413 424/424/418
f 425/425/419 424/424/418 419/419/413
f 419/419/413 426/426/420 425/425/419
f 426/426/420 419/419/413 418/418/412
f 418/418/412 427/427/421 426/426/420
f 428/428/422 426/426/420 427/427/421
f 426/426/420 428/428/422 429/429/423
f 429/429/423 430/430/424 426/426/420
f 425/425/419 426/426/420 430/430/424
f 431/431/425 430/430/424 429/429/423
f 429/429/423 428/428/422 431/431/425
f 432/432/426 431/431/425 428/428/422
f 433/433/427 431/431/425 432/432/426
f 432/432/426 434/434/428 433/433/427
f 435/435/429 433/433/427 434/434/428
f 433/433/427 435/435/429 436/436/430
f 436/436/430 437/437/431 433/433/427
f 438/438/432 433/433/427 437/437/431
f 431/431/425 433/433/427 438/438/432
f 438/438/432 439/439/433 431/431/425
f 430/430/424 431/431/425 439/439/433
f 439/439/433 440/440/434 430/430/424
f 441/441/435 430/430/424 440/440/434
f 425/425/419 430/430/424 441/441/435
f 441/441/435 442/442/436 425/425/419
f 424/424/418 425/425/419 442/442/436
f 442/442/436 423/423/417 424/424/418
f 423/423/417 442/442/436 443/443/437
f 443/443/437 422/422/416 423/423/417
f 444/444/438 443/443/437 442/442/436
f 442/442/436 445/445/439 444/444/438
f 445/445/439 442/442/436 441/441/435
f 441/441/435 446/446/440 445/445/439
f 446/446/440 441/441/435 440/440/434
f 440/440/434 447/447/441 446/446/440
f 448/448/442 447/447/441 440/440/434
f 440/440/434 439/439/433 448/448/442
f 438/438/432 448/448/442 439/439/433
f 449/449/443 448/448/442 438/438/432
f 438/438/432 450/450/444 449/449/443
f 450/450/444 438/438/432 437/437/431
f 437/437/431 451/451/445 450/450/444
f 452/452/446 451/451/445 437/437/431
f 437/437/431 436/436/430 452/452/446
f 453/453/447 452/452/446 436/436/430
f 436/436/430 435/435/429 453/453/447
f 454/454/448 453/453/447 435/435/429
f 453/453/447 454/454/448 455/455/449
f 455/455/449 456/456/450 453/453/447
f 452/452/446 453/453/447 456/456/450
f 456/456/450 451/451/445 452/452/446
f 457/457/451 451/451/445 456/456/450
f 456/456/450 458/458/452 457/457/451
f 455/455/449 458/458/452 456/456/450
f 457/457/451 458/458/452 459/459/453
f 459/459/453 460/460/454 457/457/451
f 451/451/445 457/457/451 460/460/454
f 460/460/454 461/461/455 451/451/445
f 450/450/444 451/451/445 461/461/455
f 461/461/455 462/462/456 450/450/444
f 449/449/443 450/450/444 462/462/456
f 462/462/456 463/463/457 449/449/443
f 448/448/442 449/449/443 463/463/457
f 463/463/457 447/447/441 448/448/442
f 464/464/458 447/447/441 463/463/457
f 463/463/457 462/462/456 464/464/458
f 447/447/441 464/464/458 465/465/459
f 465/465/459 446/446/440 447/447/441
f 446/446/440 465/465/459 466/466/460
f 466/466/460 445/445/439 446/446/440
f 467/467/461 466/466/460 465/465/459
f 465/465/459 468/468/462 467/467/461
f 468/468/462 465/465/459 464/464/458
f 464/464/458 469/469/463 468/468/462
f 470/470/464 469/469/463 464/464/458
f 464/464/458 462/462/456 470/470/464
f 471/471/465 470/470/464 462/462/456
f 462/462/456 461/461/455 471/471/465
f 472/472/466 471/471/465 461/461/455
f 461/461/455 460/460/454 472/472/466
f 473/473/467 472/472/466 460/460/454
f 460/460/454 474/474/468 473/473/467
f 474/474/468 460/460/454 459/459/453
f 459/459/453 475/475/469 474/474/468
f 476/476/470 475/475/469 459/459/453
f 459/459/453 458/458/452 476/476/470
f 477/477/471 476/476/470 458/458/452
f 458/458/452 455/455/449 477/477/471
f 476/476/470 477/477/471 478/478/472
f 478/478/472 475/475/469 476/476/470
f 478/478/472 477/477/471 479/479/473
f 480/480/474 475/475/469 478/478/472
f 478/478/472 479/479/473 481/481/475
f 481/481/475 480/480/474 478/478/472
f 480/480/474 481/481/475 482/482/476
f 482/482/476 483/483/477 480/480/474
f 484/484/478 480/480/474 483/483/477
f 475/475/469 480/480/474 484/484/478
f 484/484/478 485/485/479 475/475/469
f 474/474/468 475/475/469 485/485/479
f 485/485/479 486/486/480 474/474/468
f 473/473/467 474/474/468 486/486/480
f 487/487/481 486/486/480 485/485/479
f 485/485/479 484/484/478 487/487/481
f 488/488/482 487/487/481 484/484/478
f 484/484/478 483/483/477 488/488/482
f 489/489/483 488/488/482 483/483/477
f 483/483/477 490/490/484 489/489/483
f 490/490/484 483/483/477 482/482/476
f 482/482/476 491/491/485 490/490/484
f 492/492/486 491/491/485 482/482/476
f 482/482/476 481/481/475 492/492/486
f 493/493/487 492/492/486 481/481/475
f 481/481/475 494/494/488 493/493/487
f 479/479/473 494/494/488 481/481/475
f 495/495/489 493/493/487 494/494/488
f 494/494/488 479/479/473 495/495/489
f 496/496/490 495/495/489 479/479/473
f 479/479/473 497/497/491 496/496/490
f 497/497/491 479/479/473 477/477/471
f 477/477/471 455/455/449 497/497/491
f 498/498/492 497/497/491 455/455/449
f 455/455/449 454/454/448 498/498/492
f 492/492/486 493/493/487 499/499/493
f 499/499/493 491/491/485 492/492/486
f 491/491/485 499/499/493 500/500/494
f 500/500/494 501/501/495 491/491/485
f 490/490/484 491/491/485 501/501/495
f 501/501/495 502/502/496 490/490/484
f 489/489/483 490/490/484 502/502/496
f 502/502/496 503/503/497 489/489/483
f 504/504/498 489/489/483 503/503/497
f 488/488/482 489/489/483 504/504/498
f 504/504/498 505/505/499 488/488/482
f 487/487/481 488/488/482 505/505/499
f 505/505/499 506/506/500 487/487/481
f 486/486/480 487/487/481 506/506/500
f 507/507/501 506/506/500 505/505/499
f 505/505/499 508/508/502 507/507/501
f 508/508/502 505/505/499 504/504/498
f 504/504/498 509/509/503 508/508/502
f 509/509/503 504/504/498 503/503/497
f 503/503/497 510/510/504 509/509/503
f 511/511/505 510/510/504 503/503/497
f 503/503/497 502/502/496 511/511/505
f 512/512/506 511/511/505 502/502/496
f 502/502/496 501/501/495 512/512/506
f 513/513/507 512/512/506 501/501/495
f 501/501/495 500/500/494 513/513/507
f 514/514/508 513/513/507 500/500/494
f 500/500/494 499/499/493 514/514/508
f 513/513/507 514/514/508 515/515/509
f 515/515/509 516/516/510 513/513/507
f 512/512/506 513/513/507 516/516/510
f 516/516/510 517/517/511 512/512/506
f 511/511/505 512/512/506 517/517/511
f 517/517/511 518/518/512 511/511/505
f 510/510/504 511/511/505 518/518/512
f 518/518/512 519/519/513 510/510/504
f 520/520/514 510/510/504 519/519/513
f 509/509/503 510/510/504 520/520/514
f 520/520/514 521/521/515 509/509/503
f 508/508/502 509/509/503 521/521/515
f 521/521/515 522/522/516 508/508/502
f 507/507/501 508/508/502 522/522/516
f 522/522/516 523/523/517 507/507/501
f 524/524/518 507/507/501 523/523/517
f 506/506/500 507/507/501 524/524/518
f 524/524/518 525/525/519 506/506/500
f 486/486/480 506/506/500 525/525/519
f 525/525/519 473/473/467 486/486/480
f 526/526/520 473/473/467 525/525/519
f 525/525/519 527/527/521 526/526/520
f 527/527/521 525/525/519 524/524/518
f 524/524/518 528/528/522 527/527/521
f 523/523/517 528/528/522 524/524/518
f 529/529/523 527/527/521 528/528/522
f 528/528/522 523/523/517 530/530/524
f 530/530/524 529/529/523 528/528/522
f 531/531/525 530/530/524 523/523/517
f 523/523/517 532/532/526 531/531/525
f 532/532/526 523/523/517 522/522/516
f 522/522/516 521/521/515 532/532/526
f 533/533/527 532/532/526 521/521/515
f 521/521/515 534/534/528 533/533/527
f 534/534/528 521/521/515 520/520/514
f 520/520/514 535/535/529 534/534/528
f 535/535/529 520/520/514 519/519/513
f 519/519/513 536/536/530 535/535/529
f 536/536/530 519/519/513 518/518/512
f 518/518/512 537/537/531 536/536/530
f 517/517/511 537/537/531 518/518/512
f 536/536/530 537/537/531 538/538/532
f 538/538/532 539/539/533 536/536/530
f 535/535/529 536/536/530 539/539/533
f 539/539/533 540/540/534 535/535/529
f 534/534/528 535/535/529 540/540/534
f 540/540/534 541/541/535 534/534/528
f 533/533/527 534/534/528 541/541/535
f 541/541/535 542/542/536 533/533/527
f 532/532/526 533/533/527 542/542/536
f 542/542/536 543/543/537 532/532/526
f 544/544/538 532/532/526 543/543/537
f 531/531/525 532/532/526 544/544/538
f 544/544/538 530/530/524 531/531/525
f 530/530/524 544/544/538 545/545/539
f 545/545/539 546/546/540 530/530/524
f 547/547/541 530/530/524 546/546/540
f 529/529/523 530/530/524 547/547/541
f 547/547/541 548/548/542 529/529/523
f 549/549/543 529/529/523 548/548/542
f 527/527/521 529/529/523 549/549/543
f 549/549/543 526/526/520 527/527/521
f 550/550/544 526/526/520 549/549/543
f 549/549/543 551/551/545 550/550/544
f 551/551/545 549/549/543 548/548/542
f 548/548/542 552/552/546 551/551/545
f 553/553/547 552/552/546 548/548/542
f 548/548/542 547/547/541 553/553/547
f 554/554/548 553/553/547 547/547/541
f 547/547/541 546/546/540 554/554/548
f 555/555/549 554/554/548 546/546/540
f 546/546/540 556/556/550 555/555/549
f 556/556/550 546/546/540 545/545/539
f 545/545/539 544/544/538 556/556/550
f 557/557/551 556/556/550 544/544/538
f 544/544/538 558/558/552 557/557/551
f 558/558/552 544/544/538 543/543/537
f 543/543/537 542/542/536 558/558/552
f 559/559/553 558/558/552 542/542/536
f 542/542/536 541/541/535 559/559/553
f 560/560/554 559/559/553 541/541/535
f 541/541/535 540/540/534 560/560/554
f 561/561/555 559/559/553 560/560/554
f 560/560/554 540/540/534 562/562/556
f 562/562/556 561/561/555 560/560/554
f 563/563/557 562/562/556 540/540/534
f 540/540/534 539/539/533 563/563/557
f 564/564/558 563/563/557 539/539/533
f 563/563/557 564/564/558 565/565/559
f 565/565/559 562/562/556 563/563/557
f 562/562/556 565/565/559 566/566/560
f 566/566/560 567/567/561 562/562/556
f 561/561/555 562/562/556 567/567/561
f 567/567/561 568/568/562 561/561/555
f 569/569/563 561/561/555 568/568/562
f 559/559/553 561/561/555 569/569/563
f 569/569/563 558/558/552 559/559/553
f 558/558/552 569/569/563 570/570/564
f 570/570/564 557/557/551 558/558/552
f 571/571/565 570/570/564 569/569/563
f 569/569/563 568/568/562 571/571/565
f 570/570/564 571/571/565 572/572/566
f 572/572/566 573/573/567 570/570/564
f 574/574/568 570/570/564 573/573/567
f 557/557/551 570/570/564 574/574/568
f 574/574/568 575/575/569 557/557/551
f 556/556/550 557/557/551 575/575/569
f 575/575/569 576/576/570 556/556/550
f 555/555/549 556/556/550 576/576/570
f 577/577/571 576/576/570 575/575/569
f 575/575/569 578/578/572 577/577/571
f 578/578/572 575/575/569 574/574/568
f 574/574/568 573/573/567 578/578/572
f 564/564/558 539/539/533 538/538/532
f 538/538/532 579/579/573 564/564/558
f 565/565/559 564/564/558 579/579/573
f 579/579/573 580/580/574 565/565/559
f 566/566/560 565/565/559 580/580/574
f 580/580/574 581/581/575 566/566/560
f 582/582/576 566/566/560 581/581/575
f 567/567/561 566/566/560 582/582/576
f 582/582/576 581/581/575 583/583/577
f 583/583/577 584/584/578 582/582/576
f 585/585/579 582/582/576 584/584/578
f 567/567/561 582/582/576 585/585/579
f 585/585/579 586/586/580 567/567/561
f 568/568/562 567/567/561 586/586/580
f 587/587/581 579/579/573 538/538/532
f 538/538/532 588/588/582 587/587/581
f 537/537/531 588/588/582 538/538/532
f 589/589/583 587/587/581 588/588/582
f 588/588/582 590/590/584 589/589/583
f 591/591/585 590/590/584 588/588/582
f 588/588/582 537/537/531 591/591/585
f 517/517/511 591/591/585 537/537/531
f 591/591/585 517/517/511 516/516/510
f 516/516/510 592/592/586 591/591/585
f 590/590/584 591/591/585 592/592/586
f 515/515/509 592/592/586 516/516/510
f 590/590/584 592/592/586 593/593/587
f 593/593/587 594/594/588 590/590/584
f 589/589/583 590/590/584 594/594/588
f 595/595/589 594/594/588 593/593/587
f 593/593/587 596/596/590 595/595/589
f 597/597/591 596/596/590 593/593/587
f 593/593/587 592/592/586 597/597/591
f 515/515/509 597/597/591 592/592/586
f 598/598/592 597/597/591 515/515/509
f 515/515/509 514/514/508 598/598/592
f 597/597/591 598/598/592 599/599/593
f 599/599/593 600/600/594 597/597/591
f 596/596/590 597/597/591 600/600/594
f 600/600/594 601/601/595 596/596/590
f 602/602/596 596/596/590 601/601/595
f 595/595/589 596/596/590 602/602/596
f 603/603/597 601/601/595 600/600/594
f 600/600/594 604/604/598 603/603/597
f 599/599/593 604/604/598 600/600/594
f 605/605/599 603/603/597 604/604/598
f 604/604/598 599/599/593 606/606/600
f 606/606/600 605/605/599 604/604/598
f 607/607/601 606/606/600 599/599/593
f 599/599/593 598/598/592 607/607/601
f 514/514/508 607/607/601 598/598/592
f 608/608/602 607/607/601 514/514/508
f 514/514/508 499/499/493 608/608/602
f 609/609/603 608/608/602 499/499/493
f 608/608/602 609/609/603 610/610/604
f 610/610/604 607/607/601 608/608/602
f 607/607/601 610/610/604 611/611/605
f 611/611/605 612/612/606 607/607/601
f 606/606/600 607/607/601 612/612/606
f 612/612/606 605/605/599 606/606/600
f 613/613/607 605/605/599 612/612/606
f 612/612/606 611/611/605 613/613/607
f 605/605/599 613/613/607 614/614/608
f 614/614/608 615/615/609 605/605/599
f 603/603/597 605/605/599 615/615/609
f 616/616/610 615/615/609 614/614/608
f 614/614/608 617/617/611 616/616/610
f 618/618/612 617/617/611 614/614/608
f 614/614/608 613/613/607 618/618/612
f 619/619/613 617/617/611 618/618/612
f 620/620/614 618/618/612 613/613/607
f 613/613/607 621/621/615 620/620/614
f 621/621/615 613/613/607 611/611/605
f 611/611/605 622/622/616 621/621/615
f 622/622/616 611/611/605 610/610/604
f 610/610/604 609/609/603 622/622/616
f 623/623/617 622/622/616 609/609/603
f 622/622/616 623/623/617 624/624/618
f 624/624/618 621/621/615 622/622/616
f 621/621/615 624/624/618 625/625/619
f 625/625/619 620/620/614 621/621/615
f 625/625/619 624/624/618 626/626/620
f 626/626/620 620/620/614 625/625/619
f 620/620/614 626/626/620 627/627/621
f 627/627/621 628/628/622 620/620/614
f 618/618/612 620/620/614 628/628/622
f 628/628/622 619/619/613 618/618/612
f 629/629/623 619/619/613 628/628/622
f 628/628/622 630/630/624 629/629/623
f 631/631/625 630/630/624 628/628/622
f 628/628/622 627/627/621 631/631/625
f 632/632/626 631/631/625 627/627/621
f 627/627/621 626/626/620 632/632/626
f 633/633/627 632/632/626 626/626/620
f 626/626/620 624/624/618 633/633/627
f 634/634/628 633/633/627 624/624/618
f 624/624/618 635/635/629 634/634/628
f 623/623/617 635/635/629 624/624/618
f 636/636/630 634/634/628 635/635/629
f 635/635/629 623/623/617 636/636/630
f 637/637/631 636/636/630 623/623/617
f 623/623/617 609/609/603 637/637/631
f 493/493/487 637/637/631 609/609/603
f 495/495/489 637/637/631 493/493/487
f 499/499/493 493/493/487 609/609/603
f 638/638/632 630/630/624 631/631/625
f 631/631/625 632/632/626 638/638/632
f 630/630/624 638/638/632 639/639/633
f 639/639/633 640/640/634 630/630/624
f 629/629/623 630/630/624 640/640/634
f 641/641/635 640/640/634 639/639/633
f 639/639/633 642/642/636 641/641/635
f 638/638/632 642/642/636 639/639/633
f 641/641/635 642/642/636 643/643/637
f 643/643/637 644/644/638 641/641/635
f 645/645/639 643/643/637 642/642/636
f 642/642/636 646/646/640 645/645/639
f 646/646/640 642/642/636 638/638/632
f 638/638/632 647/647/641 646/646/640
f 648/648/642 647/647/641 638/638/632
f 638/638/632 632/632/626 648/648/642
f 649/649/643 648/648/642 632/632/626
f 632/632/626 633/633/627 649/649/643
f 650/650/644 649/649/643 633/633/627
f 633/633/627 634/634/628 650/650/644
f 651/651/645 650/650/644 634/634/628
f 634/634/628 636/636/630 651/651/645
f 652/652/85 651/651/645 636/636/630
f 636/636/630 653/653/646 652/652/85
f 654/654/647 652/652/85 653/653/646
f 652/652/85 654/654/647 655/655/648
f 655/655/648 656/656/649 652/652/85
f 657/657/90 652/652/85 656/656/649
f 651/651/645 652/652/85 657/657/90
f 657/657/90 658/658/650 651/651/645
f 650/650/644 651/651/645 658/658/650
f 658/658/650 659/659/651 650/650/644
f 660/660/652 650/650/644 659/659/651
f 649/649/643 650/650/644 660/660/652
f 660/660/652 648/648/642 649/649/643
f 648/648/642 660/660/652 661/661/653
f 661/661/653 647/647/641 648/648/642
f 662/662/654 661/661/653 660/660/652
f 660/660/652 659/659/651 662/662/654
f 663/663/655 662/662/654 659/659/651
f 659/659/651 658/658/650 663/663/655
f 664/664/656 663/663/655 658/658/650
f 658/658/650 657/657/90 664/664/656
f 665/665/93 664/664/656 657/657/90
f 657/657/90 656/656/649 665/665/93
f 666/666/94 665/665/93 656/656/649
f 656/656/649 655/655/648 666/666/94
f 667/667/657 666/666/94 655/655/648
f 655/655/648 668/668/630 667/667/657
f 668/668/630 655/655/648 654/654/647
f 654/654/647 669/669/658 668/668/630
f 670/670/98 668/668/630 669/669/658
f 668/668/630 670/670/98 671/671/99
f 671/671/99 672/672/100 668/668/630
f 667/667/657 668/668/630 672/672/100
f 672/672/100 673/673/101 667/667/657
f 674/674/102 667/667/657 673/673/101
f 666/666/94 667/667/657 674/674/102
f 674/674/102 665/665/93 666/666/94
f 675/675/103 665/665/93 674/674/102
f 674/674/102 673/673/101 675/675/103
f 665/665/93 675/675/103 676/676/104
f 676/676/104 664/664/656 665/665/93
f 664/664/656 676/676/104 677/677/105
f 677/677/105 663/663/655 664/664/656
f 663/663/655 677/677/105 678/678/659
f 678/678/659 662/662/654 663/663/655
f 662/662/654 678/678/659 679/679/660
f 679/679/660 680/680/661 662/662/654
f 661/661/653 662/662/654 680/680/661
f 680/680/661 681/681/662 661/661/653
f 647/647/641 661/661/653 681/681/662
f 682/682/663 681/681/662 680/680/661
f 680/680/661 683/683/664 682/682/663
f 683/683/664 680/680/661 679/679/660
f 679/679/660 684/684/665 683/683/664
f 685/685/666 684/684/665 679/679/660
f 679/679/660 678/678/659 685/685/666
f 677/677/105 685/685/666 678/678/659
f 686/686/111 685/685/666 677/677/105
f 677/677/105 676/676/104 686/686/111
f 687/687/112 686/686/111 676/676/104
f 676/676/104 675/675/103 687/687/112
f 688/688/667 687/687/112 675/675/103
f 675/675/103 689/689/668 688/688/667
f 689/689/668 675/675/103 673/673/101
f 673/673/101 690/690/669 689/689/668
f 691/691/116 690/690/669 673/673/101
f 673/673/101 672/672/100 691/691/116
f 692/692/117 691/691/116 672/672/100
f 672/672/100 671/671/99 692/692/117
f 691/691/116 692/692/117 693/693/118
f 693/693/118 690/690/669 691/691/116
f 690/690/669 693/693/118 694/694/670
f 694/694/670 695/695/671 690/690/669
f 696/696/672 690/690/669 695/695/671
f 689/689/668 690/690/669 696/696/672
f 696/696/672 688/688/667 689/689/668
f 688/688/667 696/696/672 697/697/673
f 697/697/673 698/698/674 688/688/667
f 687/687/112 688/688/667 698/698/674
f 698/698/674 699/699/129 687/687/112
f 686/686/111 687/687/112 699/699/129
f 699/699/129 700/700/675 686/686/111
f 685/685/666 686/686/111 700/700/675
f 700/700/675 684/684/665 685/685/666
f 684/684/665 700/700/675 701/701/676
f 701/701/676 702/702/149 684/684/665
f 683/683/664 684/684/665 702/702/149
f 702/702/149 703/703/677 683/683/664
f 682/682/663 683/683/664 703/703/677
f 704/704/678 703/703/677 702/702/149
f 702/702/149 705/705/679 704/704/678
f 705/705/679 702/702/149 701/701/676
f 701/701/676 706/706/680 705/705/679
f 707/707/681 706/706/680 701/701/676
f 701/701/676 700/700/675 707/707/681
f 699/699/129 707/707/681 700/700/675
f 708/708/682 707/707/681 699/699/129
f 699/699/129 698/698/674 708/708/682
f 709/709/683 708/708/682 698/698/674
f 698/698/674 697/697/673 709/709/683
f 710/710/684 709/709/683 697/697/673
f 697/697/673 711/711/685 710/710/684
f 711/711/685 697/697/673 696/696/672
f 696/696/672 695/695/671 711/711/685
f 712/712/686 711/711/685 695/695/671
f 695/695/671 713/713/687 712/712/686
f 713/713/687 695/695/671 694/694/670
f 694/694/670 714/714/688 713/713/687
f 693/693/118 714/714/688 694/694/670
f 713/713/687 714/714/688 715/715/689
f 715/715/689 716/716/690 713/713/687
f 712/712/686 713/713/687 716/716/690
f 716/716/690 717/717/691 712/712/686
f 718/718/692 712/712/686 717/717/691
f 711/711/685 712/712/686 718/718/692
f 718/718/692 710/710/684 711/711/685
f 710/710/684 718/718/692 719/719/693
f 719/719/693 720/720/694 710/710/684
f 709/709/683 710/710/684 720/720/694
f 720/720/694 721/721/695 709/709/683
f 708/708/682 709/709/683 721/721/695
f 721/721/695 722/722/145 708/708/682
f 707/707/681 708/708/682 722/722/145
f 722/722/145 706/706/680 707/707/681
f 706/706/680 722/722/145 723/723/696
f 723/723/696 724/724/697 706/706/680
f 705/705/679 706/706/680 724/724/697
f 724/724/697 725/725/698 705/705/679
f 726/726/179 705/705/679 725/725/698
f 704/704/678 705/705/679 726/726/179
f 727/727/699 726/726/179 725/725/698
f 725/725/698 728/728/700 727/727/699
f 728/728/700 725/725/698 724/724/697
f 724/724/697 729/729/701 728/728/700
f 723/723/696 729/729/701 724/724/697
f 728/728/700 729/729/701 730/730/702
f 730/730/702 727/727/699 728/728/700
f 727/727/699 730/730/702 731/731/703
f 731/731/703 732/732/704 727/727/699
f 726/726/179 727/727/699 732/732/704
f 732/732/704 733/733/705 726/726/179
f 734/734/706 733/733/705 732/732/704
f 732/732/704 731/731/703 734/734/706
f 735/735/707 734/734/706 731/731/703
f 731/731/703 736/736/708 735/735/707
f 737/737/709 736/736/708 731/731/703
f 731/731/703 730/730/702 737/737/709
f 738/738/710 737/737/709 730/730/702
f 730/730/702 739/739/711 738/738/710
f 740/740/712 739/739/711 730/730/702
f 730/730/702 729/729/701 740/740/712
f 741/741/713 740/740/712 729/729/701
f 729/729/701 723/723/696 741/741/713
f 742/742/714 741/741/713 723/723/696
f 723/723/696 743/743/715 742/742/714
f 743/743/715 723/723/696 722/722/145
f 722/722/145 721/721/695 743/743/715
f 744/744/716 743/743/715 721/721/695
f 743/743/715 744/744/716 745/745/717
f 745/745/717 742/742/714 743/743/715
f 742/742/714 745/745/717 746/746/718
f 746/746/718 747/747/719 742/742/714
f 741/741/713 742/742/714 747/747/719
f 747/747/719 740/740/712 741/741/713
f 740/740/712 747/747/719 748/748/720
f 748/748/720 739/739/711 740/740/712
f 746/746/718 748/748/720 747/747/719
f 739/739/711 748/748/720 749/749/721
f 749/749/721 750/750/722 739/739/711
f 738/738/710 739/739/711 750/750/722
f 750/750/722 751/751/723 738/738/710
f 737/737/709 738/738/710 751/751/723
f 751/751/723 752/752/724 737/737/709
f 753/753/725 737/737/709 752/752/724
f 736/736/708 737/737/709 753/753/725
f 753/753/725 754/754/726 736/736/708
f 755/755/727 736/736/708 754/754/726
f 736/736/708 755/755/727 756/756/728
f 756/756/728 735/735/707 736/736/708
f 757/757/729 756/756/728 755/755/727
f 755/755/727 758/758/730 757/757/729
f 758/758/730 755/755/727 754/754/726
f 754/754/726 759/759/731 758/758/730
f 760/760/732 758/758/730 759/759/731
f 758/758/730 760/760/732 761/761/733
f 761/761/733 757/757/729 758/758/730
f 762/762/734 761/761/733 760/760/732
f 763/763/735 757/757/729 761/761/733
f 761/761/733 762/762/734 763/763/735
f 757/757/729 763/763/735 764/764/736
f 764/764/736 756/756/728 757/757/729
f 765/765/737 764/764/736 763/763/735
f 766/766/738 756/756/728 764/764/736
f 764/764/736 765/765/737 766/766/738
f 756/756/728 766/766/738 767/767/739
f 767/767/739 735/735/707 756/756/728
f 734/734/706 735/735/707 767/767/739
f 767/767/739 768/768/740 734/734/706
f 768/768/740 767/767/739 766/766/738
f 766/766/738 769/769/741 768/768/740
f 765/765/737 769/769/741 766/766/738
f 770/770/742 768/768/740 769/769/741
f 769/769/741 771/771/743 770/770/742
f 771/771/743 769/769/741 765/765/737
f 765/765/737 772/772/744 771/771/743
f 773/773/745 772/772/744 765/765/737
f 765/765/737 763/763/735 773/773/745
f 774/774/746 773/773/745 763/763/735
f 763/763/735 762/762/734 774/774/746
f 775/775/747 762/762/734 760/760/732
f 760/760/732 776/776/748 775/775/747
f 777/777/749 776/776/748 760/760/732
f 760/760/732 759/759/731 777/777/749
f 773/773/745 774/774/746 778/778/750
f 778/778/750 772/772/744 773/773/745
f 772/772/744 778/778/750 779/779/751
f 779/779/751 780/780/752 772/772/744
f 781/781/753 772/772/744 780/780/752
f 771/771/743 772/772/744 781/781/753
f 781/781/753 782/782/754 771/771/743
f 770/770/742 771/771/743 782/782/754
f 782/782/754 783/783/755 770/770/742
f 784/784/756 770/770/742 783/783/755
f 768/768/740 770/770/742 784/784/756
f 784/784/756 785/785/757 768/768/740
f 786/786/758 768/768/740 785/785/757
f 734/734/706 768/768/740 786/786/758
f 786/786/758 733/733/705 734/734/706
f 733/733/705 786/786/758 785/785/757
f 785/785/757 787/787/759 733/733/705
f 726/726/179 733/733/705 787/787/759
f 787/787/759 704/704/678 726/726/179
f 703/703/677 704/704/678 787/787/759
f 787/787/759 788/788/760 703/703/677
f 788/788/760 787/787/759 785/785/757
f 785/785/757 789/789/761 788/788/760
f 789/789/761 785/785/757 784/784/756
f 784/784/756 783/783/755 789/789/761
f 790/790/762 789/789/761 783/783/755
f 783/783/755 791/791/763 790/790/762
f 791/791/763 783/783/755 782/782/754
f 782/782/754 792/792/764 791/791/763
f 792/792/764 782/782/754 781/781/753
f 781/781/753 793/793/765 792/792/764
f 793/793/765 781/781/753 780/780/752
f 792/792/764 793/793/765 644/644/638
f 644/644/638 643/643/637 792/792/764
f 791/791/763 792/792/764 643/643/637
f 643/643/637 645/645/639 791/791/763
f 790/790/762 791/791/763 645/645/639
f 645/645/639 794/794/766 790/790/762
f 795/795/767 790/790/762 794/794/766
f 789/789/761 790/790/762 795/795/767
f 795/795/767 788/788/760 789/789/761
f 788/788/760 795/795/767 682/682/663
f 682/682/663 703/703/677 788/788/760
f 681/681/662 682/682/663 795/795/767
f 795/795/767 794/794/766 681/681/662
f 647/647/641 681/681/662 794/794/766
f 794/794/766 646/646/640 647/647/641
f 646/646/640 794/794/766 645/645/639
f 744/744/716 721/721/695 720/720/694
f 720/720/694 796/796/768 744/744/716
f 796/796/768 720/720/694 719/719/693
f 745/745/717 744/744/716 796/796/768
f 797/797/769 796/796/768 719/719/693
f 719/719/693 718/718/692 797/797/769
f 717/717/691 797/797/769 718/718/692
f 797/797/769 717/717/691 798/798/770
f 798/798/770 799/799/771 797/797/769
f 800/800/164 797/797/769 799/799/771
f 796/796/768 797/797/769 800/800/164
f 800/800/164 801/801/772 796/796/768
f 745/745/717 796/796/768 801/801/772
f 801/801/772 746/746/718 745/745/717
f 802/802/773 746/746/718 801/801/772
f 801/801/772 803/803/774 802/802/773
f 804/804/775 803/803/774 801/801/772
f 801/801/772 800/800/164 804/804/775
f 799/799/771 804/804/775 800/800/164
f 804/804/775 799/799/771 805/805/776
f 805/805/776 803/803/774 804/804/775
f 806/806/777 805/805/776 799/799/771
f 799/799/771 807/807/778 806/806/777
f 807/807/778 799/799/771 798/798/770
f 798/798/770 808/808/779 807/807/778
f 809/809/780 807/807/778 808/808/779
f 806/806/777 807/807/778 809/809/780
f 810/810/781 809/809/780 808/808/779
f 808/808/779 811/811/782 810/810/781
f 811/811/782 808/808/779 798/798/770
f 798/798/770 812/812/783 811/811/782
f 812/812/783 798/798/770 717/717/691
f 717/717/691 716/716/690 812/812/783
f 813/813/784 812/812/783 716/716/690
f 811/811/782 812/812/783 813/813/784
f 715/715/689 813/813/784 716/716/690
f 811/811/782 813/813/784 814/814/785
f 814/814/785 815/815/786 811/811/782
f 810/810/781 811/811/782 815/815/786
f 815/815/786 816/816/787 810/810/781
f 184/184/179 810/810/781 816/816/787
f 809/809/780 810/810/781 184/184/179
f 184/184/179 185/185/180 809/809/780
f 806/806/777 809/809/780 185/185/180
f 185/185/180 186/186/181 806/806/777
f 817/817/788 806/806/777 186/186/181
f 805/805/776 806/806/777 817/817/788
f 817/817/788 818/818/789 805/805/776
f 803/803/774 805/805/776 818/818/789
f 818/818/789 819/819/790 803/803/774
f 819/819/790 818/818/789 817/817/788
f 817/817/788 820/820/791 819/819/790
f 820/820/791 817/817/788 186/186/181
f 186/186/181 187/187/182 820/820/791
f 821/821/792 820/820/791 187/187/182
f 820/820/791 821/821/792 822/822/793
f 822/822/793 819/819/790 820/820/791
f 823/823/794 821/821/792 187/187/182
f 187/187/182 824/824/795 823/823/794
f 824/824/795 187/187/182 188/188/183
f 188/188/183 189/189/184 824/824/795
f 813/813/784 715/715/689 825/825/796
f 825/825/796 814/814/785 813/813/784
f 814/814/785 825/825/796 826/826/797
f 826/826/797 827/827/798 814/814/785
f 815/815/786 814/814/785 827/827/798
f 827/827/798 154/154/149 815/815/786
f 816/816/787 815/815/786 154/154/149
f 154/154/149 155/155/150 816/816/787
f 184/184/179 816/816/787 155/155/150
f 153/153/148 154/154/149 827/827/798
f 827/827/798 828/828/799 153/153/148
f 826/826/797 828/828/799 827/827/798
f 115/115/110 153/153/148 828/828/799
f 828/828/799 114/114/109 115/115/110
f 113/113/108 114/114/109 828/828/799
f 828/828/799 826/826/797 113/113/108
f 829/829/800 113/113/108 826/826/797
f 826/826/797 825/825/796 829/829/800
f 830/830/801 829/829/800 825/825/796
f 825/825/796 715/715/689 830/830/801
f 829/829/800 830/830/801 831/831/802
f 831/831/802 113/113/108 829/829/800
f 112/112/107 113/113/108 831/831/802
f 831/831/802 88/88/83 112/112/107
f 832/832/803 88/88/83 831/831/802
f 831/831/802 833/833/804 832/832/803
f 833/833/804 831/831/802 830/830/801
f 830/830/801 834/834/805 833/833/804
f 714/714/688 834/834/805 830/830/801
f 830/830/801 715/715/689 714/714/688
f 834/834/805 714/714/688 693/693/118
f 693/693/118 692/692/117 834/834/805
f 835/835/120 834/834/805 692/692/117
f 833/833/804 834/834/805 835/835/120
f 835/835/120 836/836/806 833/833/804
f 832/832/803 833/833/804 836/836/806
f 836/836/806 837/837/807 832/832/803
f 837/837/807 836/836/806 835/835/120
f 832/832/803 837/837/807 86/86/81
f 86/86/81 88/88/83 832/832/803
f 87/87/82 86/86/81 837/837/807
f 837/837/807 671/671/99 87/87/82
f 671/671/99 837/837/807 835/835/120
f 835/835/120 692/692/117 671/671/99
f 87/87/82 671/671/99 670/670/98
f 472/472/466 473/473/467 526/526/520
f 526/526/520 550/550/544 472/472/466
f 471/471/465 472/472/466 550/550/544
f 550/550/544 838/838/808 471/471/465
f 551/551/545 838/838/808 550/550/544
f 470/470/464 471/471/465 838/838/808
f 838/838/808 469/469/463 470/470/464
f 839/839/809 469/469/463 838/838/808
f 838/838/808 551/551/545 839/839/809
f 552/552/546 839/839/809 551/551/545
f 839/839/809 552/552/546 840/840/810
f 840/840/810 841/841/811 839/839/809
f 469/469/463 839/839/809 841/841/811
f 841/841/811 468/468/462 469/469/463
f 842/842/812 468/468/462 841/841/811
f 841/841/811 843/843/813 842/842/812
f 840/840/810 843/843/813 841/841/811
f 844/844/814 842/842/812 843/843/813
f 843/843/813 840/840/810 845/845/815
f 845/845/815 844/844/814 843/843/813
f 846/846/816 845/845/815 840/840/810
f 840/840/810 847/847/817 846/846/816
f 847/847/817 840/840/810 552/552/546
f 552/552/546 553/553/547 847/847/817
f 848/848/818 847/847/817 553/553/547
f 847/847/817 848/848/818 849/849/819
f 849/849/819 846/846/816 847/847/817
f 846/846/816 849/849/819 850/850/820
f 850/850/820 845/845/815 846/846/816
f 851/851/821 850/850/820 849/849/819
f 849/849/819 848/848/818 851/851/821
f 852/852/822 851/851/821 848/848/818
f 848/848/818 554/554/548 852/852/822
f 553/553/547 554/554/548 848/848/818
f 852/852/822 554/554/548 853/853/823
f 853/853/823 854/854/824 852/852/822
f 851/851/821 852/852/822 854/854/824
f 854/854/824 855/855/825 851/851/821
f 856/856/826 851/851/821 855/855/825
f 851/851/821 856/856/826 857/857/827
f 857/857/827 850/850/820 851/851/821
f 850/850/820 857/857/827 858/858/828
f 858/858/828 859/859/829 850/850/820
f 845/845/815 850/850/820 859/859/829
f 859/859/829 860/860/830 845/845/815
f 844/844/814 845/845/815 860/860/830
f 860/860/830 859/859/829 861/861/831
f 861/861/831 844/844/814 860/860/830
f 862/862/832 861/861/831 859/859/829
f 859/859/829 863/863/833 862/862/832
f 863/863/833 859/859/829 858/858/828
f 858/858/828 864/864/834 863/863/833
f 864/864/834 858/858/828 857/857/827
f 857/857/827 856/856/826 864/864/834
f 865/865/835 864/864/834 856/856/826
f 856/856/826 866/866/836 865/865/835
f 866/866/836 856/856/826 855/855/825
f 855/855/825 867/867/837 866/866/836
f 868/868/838 867/867/837 855/855/825
f 855/855/825 854/854/824 868/868/838
f 869/869/839 868/868/838 854/854/824
f 854/854/824 853/853/823 869/869/839
f 870/870/840 868/868/838 869/869/839
f 869/869/839 577/577/571 870/870/840
f 576/576/570 577/577/571 869/869/839
f 869/869/839 853/853/823 576/576/570
f 555/555/549 576/576/570 853/853/823
f 853/853/823 554/554/548 555/555/549
f 862/862/832 863/863/833 871/871/841
f 871/871/841 861/861/831 862/862/832
f 872/872/842 871/871/841 863/863/833
f 863/863/833 873/873/843 872/872/842
f 873/873/843 863/863/833 864/864/834
f 864/864/834 865/865/835 873/873/843
f 874/874/844 873/873/843 865/865/835
f 873/873/843 874/874/844 875/875/845
f 875/875/845 876/876/846 873/873/843
f 872/872/842 873/873/843 876/876/846
f 877/877/847 876/876/846 875/875/845
f 878/878/848 872/872/842 876/876/846
f 876/876/846 877/877/847 878/878/848
f 872/872/842 878/878/848 879/879/849
f 879/879/849 871/871/841 872/872/842
f 880/880/850 879/879/849 878/878/848
f 878/878/848 881/881/851 880/880/850
f 881/881/851 878/878/848 877/877/847
f 882/882/852 880/880/850 881/881/851
f 881/881/851 883/883/853 882/882/852
f 884/884/854 882/882/852 883/883/853
f 882/882/852 884/884/854 885/885/855
f 885/885/855 886/886/856 882/882/852
f 880/880/850 882/882/852 886/886/856
f 886/886/856 887/887/857 880/880/850
f 879/879/849 880/880/850 887/887/857
f 887/887/857 888/888/858 879/879/849
f 889/889/859 879/879/849 888/888/858
f 871/871/841 879/879/849 889/889/859
f 889/889/859 888/888/858 890/890/860
f 890/890/860 871/871/841 889/889/859
f 871/871/841 890/890/860 891/891/861
f 891/891/861 861/861/831 871/871/841
f 892/892/862 861/861/831 891/891/861
f 891/891/861 890/890/860 892/892/862
f 861/861/831 892/892/862 893/893/863
f 893/893/863 844/844/814 861/861/831
f 894/894/864 893/893/863 892/892/862
f 895/895/865 844/844/814 893/893/863
f 893/893/863 894/894/864 895/895/865
f 842/842/812 844/844/814 895/895/865
f 895/895/865 467/467/461 842/842/812
f 896/896/866 467/467/461 895/895/865
f 895/895/865 894/894/864 896/896/866
f 897/897/867 896/896/866 894/894/864
f 894/894/864 898/898/868 897/897/867
f 898/898/868 894/894/864 892/892/862
f 892/892/862 899/899/869 898/898/868
f 899/899/869 892/892/862 890/890/860
f 890/890/860 900/900/870 899/899/869
f 901/901/871 900/900/870 890/890/860
f 890/890/860 888/888/858 901/901/871
f 902/902/872 901/901/871 888/888/858
f 888/888/858 887/887/857 902/902/872
f 886/886/856 902/902/872 887/887/857
f 903/903/873 902/902/872 886/886/856
f 886/886/856 885/885/855 903/903/873
f 902/902/872 903/903/873 904/904/874
f 904/904/874 905/905/875 902/902/872
f 901/901/871 902/902/872 905/905/875
f 905/905/875 906/906/876 901/901/871
f 900/900/870 901/901/871 906/906/876
f 906/906/876 907/907/877 900/900/870
f 908/908/878 900/900/870 907/907/877
f 899/899/869 900/900/870 908/908/878
f 908/908/878 898/898/868 899/899/869
f 898/898/868 908/908/878 909/909/879
f 909/909/879 897/897/867 898/898/868
f 910/910/880 909/909/879 908/908/878
f 908/908/878 907/907/877 910/910/880
f 911/911/881 910/910/880 907/907/877
f 907/907/877 912/912/882 911/911/881
f 912/912/882 907/907/877 906/906/876
f 906/906/876 913/913/883 912/912/882
f 913/913/883 906/906/876 905/905/875
f 905/905/875 914/914/884 913/913/883
f 914/914/884 905/905/875 904/904/874
f 904/904/874 915/915/819 914/914/884
f 916/916/885 915/915/819 904/904/874
f 904/904/874 903/903/873 916/916/885
f 885/885/855 916/916/885 903/903/873
f 917/917/886 916/916/885 885/885/855
f 885/885/855 884/884/854 917/917/886
f 918/918/887 917/917/886 884/884/854
f 917/917/886 918/918/887 919/919/888
f 919/919/888 920/920/889 917/917/886
f 916/916/885 917/917/886 920/920/889
f 920/920/889 921/921/890 916/916/885
f 922/922/891 916/916/885 921/921/890
f 915/915/819 916/916/885 922/922/891
f 922/922/891 923/923/892 915/915/819
f 914/914/884 915/915/819 923/923/892
f 923/923/892 924/924/893 914/914/884
f 913/913/883 914/914/884 924/924/893
f 924/924/893 925/925/894 913/913/883
f 912/912/882 913/913/883 925/925/894
f 925/925/894 926/926/895 912/912/882
f 911/911/881 912/912/882 926/926/895
f 926/926/895 927/927/896 911/911/881
f 928/928/897 911/911/881 927/927/896
f 910/910/880 911/911/881 928/928/897
f 928/928/897 929/929/898 910/910/880
f 909/909/879 910/910/880 929/929/898
f 422/422/416 929/929/898 928/928/897
f 928/928/897 413/413/407 422/422/416
f 413/413/407 928/928/897 927/927/896
f 927/927/896 412/412/406 413/413/407
f 930/930/899 412/412/406 927/927/896
f 927/927/896 926/926/895 930/930/899
f 931/931/900 930/930/899 926/926/895
f 926/926/895 925/925/894 931/931/900
f 932/932/901 931/931/900 925/925/894
f 925/925/894 924/924/893 932/932/901
f 933/933/902 932/932/901 924/924/893
f 924/924/893 934/934/903 933/933/902
f 934/934/903 924/924/893 923/923/892
f 923/923/892 922/922/891 934/934/903
f 935/935/904 934/934/903 922/922/891
f 922/922/891 936/936/905 935/935/904
f 936/936/905 922/922/891 921/921/890
f 921/921/890 920/920/889 936/936/905
f 937/937/906 936/936/905 920/920/889
f 920/920/889 919/919/888 937/937/906
f 938/938/907 937/937/906 919/919/888
f 937/937/906 938/938/907 939/939/908
f 939/939/908 940/940/909 937/937/906
f 936/936/905 937/937/906 940/940/909
f 941/941/910 940/940/909 939/939/908
f 936/936/905 940/940/909 942/942/911
f 942/942/911 943/943/912 936/936/905
f 935/935/904 936/936/905 943/943/912
f 943/943/912 944/944/913 935/935/904
f 934/934/903 935/935/904 944/944/913
f 944/944/913 945/945/914 934/934/903
f 933/933/902 934/934/903 945/945/914
f 945/945/914 946/946/915 933/933/902
f 932/932/901 933/933/902 946/946/915
f 946/946/915 947/947/916 932/932/901
f 931/931/900 932/932/901 947/947/916
f 947/947/916 948/948/917 931/931/900
f 930/930/899 931/931/900 948/948/917
f 948/948/917 411/411/405 930/930/899
f 412/412/406 930/930/899 411/411/405
f 401/401/395 411/411/405 948/948/917
f 948/948/917 949/949/918 401/401/395
f 949/949/918 948/948/917 947/947/916
f 947/947/916 950/950/919 949/949/918
f 950/950/919 947/947/916 946/946/915
f 946/946/915 951/951/920 950/950/919
f 951/951/920 946/946/915 945/945/914
f 945/945/914 952/952/921 951/951/920
f 952/952/921 945/945/914 944/944/913
f 944/944/913 953/953/922 952/952/921
f 953/953/922 944/944/913 943/943/912
f 943/943/912 954/954/923 953/953/922
f 942/942/911 954/954/923 943/943/912
f 953/953/922 954/954/923 955/955/924
f 955/955/924 956/956/925 953/953/922
f 952/952/921 953/953/922 956/956/925
f 956/956/925 957/957/926 952/952/921
f 951/951/920 952/952/921 957/957/926
f 957/957/926 958/958/927 951/951/920
f 950/950/919 951/951/920 958/958/927
f 958/958/927 399/399/393 950/950/919
f 949/949/918 950/950/919 399/399/393
f 399/399/393 400/400/394 949/949/918
f 401/401/395 949/949/918 400/400/394
f 398/398/392 399/399/393 958/958/927
f 958/958/927 959/959/928 398/398/392
f 959/959/928 958/958/927 957/957/926
f 957/957/926 960/960/929 959/959/928
f 960/960/929 957/957/926 956/956/925
f 956/956/925 961/961/930 960/960/929
f 961/961/930 956/956/925 955/955/924
f 955/955/924 962/962/931 961/961/930
f 962/962/931 955/955/924 954/954/923
f 954/954/923 963/963/932 962/962/931
f 942/942/911 963/963/932 954/954/923
f 962/962/931 963/963/932 964/964/933
f 964/964/933 965/965/934 962/962/931
f 961/961/930 962/962/931 965/965/934
f 965/965/934 966/966/935 961/961/930
f 967/967/936 961/961/930 966/966/935
f 960/960/929 961/961/930 967/967/936
f 967/967/936 968/968/937 960/960/929
f 959/959/928 960/960/929 968/968/937
f 968/968/937 397/397/391 959/959/928
f 398/398/392 959/959/928 397/397/391
f 969/969/938 397/397/391 968/968/937
f 968/968/937 970/970/939 969/969/938
f 970/970/939 968/968/937 967/967/936
f 967/967/936 971/971/940 970/970/939
f 971/971/940 967/967/936 966/966/935
f 966/966/935 972/972/941 971/971/940
f 972/972/941 966/966/935 965/965/934
f 965/965/934 973/973/942 972/972/941
f 974/974/943 973/973/942 965/965/934
f 965/965/934 964/964/933 974/974/943
f 975/975/944 974/974/943 964/964/933
f 964/964/933 963/963/932 975/975/944
f 974/974/943 975/975/944 976/976/945
f 976/976/945 973/973/942 974/974/943
f 973/973/942 976/976/945 977/977/946
f 977/977/946 978/978/947 973/973/942
f 972/972/941 973/973/942 978/978/947
f 978/978/947 979/979/948 972/972/941
f 971/971/940 972/972/941 979/979/948
f 979/979/948 980/980/949 971/971/940
f 970/970/939 971/971/940 980/980/949
f 980/980/949 981/981/950 970/970/939
f 969/969/938 970/970/939 981/981/950
f 981/981/950 378/378/372 969/969/938
f 396/396/390 969/969/938 378/378/372
f 397/397/391 969/969/938 396/396/390
f 378/378/372 981/981/950 982/982/951
f 982/982/951 374/374/368 378/378/372
f 983/983/952 982/982/951 981/981/950
f 981/981/950 980/980/949 983/983/952
f 984/984/953 983/983/952 980/980/949
f 980/980/949 979/979/948 984/984/953
f 985/985/954 984/984/953 979/979/948
f 979/979/948 978/978/947 985/985/954
f 986/986/955 985/985/954 978/978/947
f 978/978/947 987/987/956 986/986/955
f 987/987/956 978/978/947 977/977/946
f 977/977/946 976/976/945 987/987/956
f 988/988/957 987/987/956 976/976/945
f 976/976/945 989/989/958 988/988/957
f 990/990/959 989/989/958 976/976/945
f 976/976/945 975/975/944 990/990/959
f 989/989/958 990/990/959 991/991/960
f 991/991/960 992/992/961 989/989/958
f 988/988/957 989/989/958 992/992/961
f 992/992/961 993/993/962 988/988/957
f 987/987/956 988/988/957 993/993/962
f 993/993/962 994/994/963 987/987/956
f 995/995/964 987/987/956 994/994/963
f 986/986/955 987/987/956 995/995/964
f 995/995/964 996/996/965 986/986/955
f 985/985/954 986/986/955 996/996/965
f 996/996/965 997/997/966 985/985/954
f 984/984/953 985/985/954 997/997/966
f 997/997/966 998/998/967 984/984/953
f 983/983/952 984/984/953 998/998/967
f 998/998/967 999/999/968 983/983/952
f 982/982/951 983/983/952 999/999/968
f 999/999/968 374/374/368 982/982/951
f 373/373/367 374/374/368 999/999/968
f 999/999/968 372/372/366 373/373/367
f 1000/1000/969 372/372/366 999/999/968
f 999/999/968 998/998/967 1000/1000/969
f 1001/1001/970 1000/1000/969 998/998/967
f 998/998/967 997/997/966 1001/1001/970
f 1002/1002/971 1001/1001/970 997/997/966
f 997/997/966 996/996/965 1002/1002/971
f 1003/1003/972 1002/1002/971 996/996/965
f 996/996/965 995/995/964 1003/1003/972
f 1004/1004/973 1003/1003/972 995/995/964
f 995/995/964 994/994/963 1004/1004/973
f 1005/1005/974 1004/1004/973 994/994/963
f 994/994/963 993/993/962 1005/1005/974
f 1006/1006/975 1005/1005/974 993/993/962
f 993/993/962 1007/1007/976 1006/1006/975
f 1007/1007/976 993/993/962 992/992/961
f 992/992/961 1008/1008/977 1007/1007/976
f 1008/1008/977 992/992/961 991/991/960
f 991/991/960 1009/1009/978 1008/1008/977
f 1010/1010/979 1009/1009/978 991/991/960
f 991/991/960 990/990/959 1010/1010/979
f 1011/1011/980 1010/1010/979 990/990/959
f 990/990/959 975/975/944 1011/1011/980
f 1010/1010/979 1011/1011/980 1012/1012/981
f 1012/1012/981 1013/1013/982 1010/1010/979
f 1009/1009/978 1010/1010/979 1013/1013/982
f 1008/1008/977 1009/1009/978 1014/1014/983
f 1014/1014/983 1015/1015/984 1008/1008/977
f 1007/1007/976 1008/1008/977 1015/1015/984
f 1015/1015/984 1014/1014/983 1016/1016/985
f 1016/1016/985 1017/1017/986 1015/1015/984
f 1018/1018/987 1015/1015/984 1017/1017/986
f 1015/1015/984 1018/1018/987 1019/1019/988
f 1019/1019/988 1007/1007/976 1015/1015/984
f 1007/1007/976 1019/1019/988 1020/1020/989
f 1020/1020/989 1006/1006/975 1007/1007/976
f 1006/1006/975 1020/1020/989 1021/1021/990
f 1021/1021/990 1005/1005/974 1006/1006/975
f 1005/1005/974 1021/1021/990 1022/1022/991
f 1022/1022/991 1004/1004/973 1005/1005/974
f 1004/1004/973 1022/1022/991 1023/1023/992
f 1023/1023/992 1003/1003/972 1004/1004/973
f 1024/1024/993 1023/1023/992 1022/1022/991
f 1022/1022/991 1025/1025/994 1024/1024/993
f 1025/1025/994 1022/1022/991 1021/1021/990
f 1021/1021/990 1026/1026/995 1025/1025/994
f 1027/1027/996 1026/1026/995 1021/1021/990
f 1021/1021/990 1020/1020/989 1027/1027/996
f 1028/1028/997 1027/1027/996 1020/1020/989
f 1020/1020/989 1019/1019/988 1028/1028/997
f 1018/1018/987 1028/1028/997 1019/1019/988
f 1029/1029/998 1028/1028/997 1018/1018/987
f 1018/1018/987 1030/1030/999 1029/1029/998
f 1030/1030/999 1018/1018/987 1017/1017/986
f 1023/1023/992 1024/1024/993 1031/1031/1000
f 1031/1031/1000 1032/1032/1001 1023/1023/992
f 1003/1003/972 1023/1023/992 1032/1032/1001
f 1033/1033/1002 1032/1032/1001 1031/1031/1000
f 1002/1002/971 1003/1003/972 1032/1032/1001
f 1032/1032/1001 1034/1034/1003 1002/1002/971
f 1034/1034/1003 1032/1032/1001 1033/1033/1002
f 1033/1033/1002 1035/1035/1004 1034/1034/1003
f 1036/1036/1005 1034/1034/1003 1035/1035/1004
f 1034/1034/1003 1036/1036/1005 1001/1001/970
f 1001/1001/970 1002/1002/971 1034/1034/1003
f 1000/1000/969 1001/1001/970 1036/1036/1005
f 1036/1036/1005 371/371/365 1000/1000/969
f 371/371/365 1036/1036/1005 1035/1035/1004
f 1035/1035/1004 370/370/364 371/371/365
f 1000/1000/969 371/371/365 372/372/366
f 842/842/812 467/467/461 468/468/462
f 466/466/460 467/467/461 896/896/866
f 896/896/866 1037/1037/1006 466/466/460
f 1037/1037/1006 896/896/866 897/897/867
f 445/445/439 466/466/460 1037/1037/1006
f 1037/1037/1006 444/444/438 445/445/439
f 1038/1038/1007 444/444/438 1037/1037/1006
f 1037/1037/1006 897/897/867 1038/1038/1007
f 909/909/879 1038/1038/1007 897/897/867
f 1038/1038/1007 909/909/879 929/929/898
f 929/929/898 443/443/437 1038/1038/1007
f 444/444/438 1038/1038/1007 443/443/437
f 422/422/416 443/443/437 929/929/898
f 288/288/283 289/289/284 1039/1039/1008
f 1039/1039/1008 1040/1040/1009 288/288/283
f 1040/1040/1009 1039/1039/1008 1041/1041/1010
f 287/287/282 288/288/283 1040/1040/1009
f 1040/1040/1009 1041/1041/1010 1042/1042/1011
f 1042/1042/1011 1043/1043/1012 1040/1040/1009
f 287/287/282 1040/1040/1009 1043/1043/1012
f 1043/1043/1012 1044/1044/1013 287/287/282
f 264/264/259 287/287/282 1044/1044/1013
f 1044/1044/1013 243/243/238 264/264/259
f 243/243/238 1044/1044/1013 1045/1045/1014
f 1045/1045/1014 242/242/237 243/243/238
f 1046/1046/1015 242/242/237 1045/1045/1014
f 1045/1045/1014 1044/1044/1013 1046/1046/1015
f 1047/1047/1016 1046/1046/1015 1044/1044/1013
f 1044/1044/1013 1043/1043/1012 1047/1047/1016
f 1048/1048/1017 1047/1047/1016 1043/1043/1012
f 1043/1043/1012 1042/1042/1011 1048/1048/1017
f 1047/1047/1016 1048/1048/1017 1049/1049/1018
f 1049/1049/1018 1050/1050/1019 1047/1047/1016
f 1046/1046/1015 1047/1047/1016 1050/1050/1019
f 1050/1050/1019 1051/1051/1020 1046/1046/1015
f 242/242/237 1046/1046/1015 1051/1051/1020
f 1051/1051/1020 223/223/218 242/242/237
f 1052/1052/1021 223/223/218 1051/1051/1020
f 1051/1051/1020 1053/1053/1022 1052/1052/1021
f 1050/1050/1019 1053/1053/1022 1051/1051/1020
f 223/223/218 1052/1052/1021 222/222/217
f 1042/1042/1011 1041/1041/1010 1054/1054/1023
f 1054/1054/1023 1055/1055/1024 1042/1042/1011
f 1056/1056/1025 1042/1042/1011 1055/1055/1024
f 1048/1048/1017 1042/1042/1011 1056/1056/1025
f 1056/1056/1025 1057/1057/1026 1048/1048/1017
f 1049/1049/1018 1048/1048/1017 1057/1057/1026
f 822/822/793 1059/1058/1027 1058/1059/1028
f 1058/1059/1028 819/819/790 822/822/793
f 1060/1060/1029 1058/1059/1028 1059/1058/1027
f 803/803/774 819/819/790 1058/1059/1028
f 1058/1059/1028 1061/1061/1030 803/803/774
f 1060/1060/1029 1061/1061/1030 1058/1059/1028
f 802/802/773 803/803/774 1061/1061/1030
f 1061/1061/1030 746/746/718 802/802/773
f 1062/1062/1031 746/746/718 1061/1061/1030
f 1061/1061/1030 1060/1060/1029 1062/1062/1031
f 1063/1063/1032 1062/1062/1031 1060/1060/1029
f 1062/1062/1031 1063/1063/1032 749/749/721
f 749/749/721 748/748/720 1062/1062/1031
f 746/746/718 1062/1062/1031 748/748/720
f 1064/1064/1033 942/942/911 940/940/909
f 940/940/909 941/941/910 1064/1064/1033
f 942/942/911 1064/1064/1033 1065/1065/1034
f 1065/1065/1034 963/963/932 942/942/911
f 1065/1065/1034 1064/1064/1033 1066/1066/1035
f 1066/1066/1035 963/963/932 1065/1065/1034
f 1067/1067/1036 1066/1066/1035 1064/1064/1033
f 1064/1064/1033 941/941/910 1067/1067/1036
f 1068/1068/1037 1067/1067/1036 941/941/910
f 1067/1067/1036 1068/1068/1037 1012/1012/981
f 1012/1012/981 1011/1011/980 1067/1067/1036
f 1066/1066/1035 1067/1067/1036 1011/1011/980
f 1011/1011/980 975/975/944 1066/1066/1035
f 963/963/932 1066/1066/1035 975/975/944
o mesh3
v -11.267104 0.055964 1.480902
v -11.481607 -0.672488 1.391633
v -11.481859 0.055964 1.392320
v -11.266855 -0.673194 1.480279
v -10.656855 0.055964 1.484680
v -11.266504 -0.897610 1.374588
v -11.480679 -0.859398 1.299156
v -10.656736 -0.900684 1.378395
v -10.657055 -0.673154 1.484053
v -10.252033 0.055964 1.344065
v -10.250833 -0.675718 1.342226
v -10.249518 -0.814532 1.251192
v -10.020117 -0.574632 1.268793
v -10.021548 0.055964 1.269981
v -9.399678 0.055964 1.345139
v -9.399528 -0.575386 1.343930
v -9.398725 -0.713044 1.255914
v -10.017983 -0.715469 1.177392
v -10.248662 -1.027849 0.745006
v -10.656574 -1.265570 0.699121
v -11.270036 -1.242017 0.697882
v -11.488044 -1.089897 0.662592
v -8.667994 -0.575266 1.444094
v -8.668034 0.055964 1.445277
v -7.544024 0.055964 1.344689
v -7.544044 -0.575625 1.343373
v -7.542713 -0.715270 1.254758
v -8.667849 -0.713975 1.355137
v -8.666853 -1.125653 0.751392
v -9.399375 -1.132208 0.753593
v -10.022684 -0.915854 0.747056
v -7.535496 -1.095463 0.752501
v -7.078872 -0.979164 0.744486
v -7.081076 -0.715720 1.474452
v -7.081900 -0.574929 1.564288
v -7.082371 0.055964 1.565287
v -6.608555 0.055964 1.609006
v -6.608647 -0.575181 1.607850
v -6.608957 -0.714419 1.519121
v -6.614930 -1.256486 0.749812
v -5.678667 -1.257793 0.755342
v -5.674045 -0.711717 1.334196
v -5.672559 -0.574946 1.421078
v -5.672053 0.055964 1.422061
v -5.455968 0.055964 1.316889
v -5.455916 -0.575836 1.315514
v -5.457589 -0.711645 1.228910
v -4.753718 -0.715135 1.353493
v -4.763953 -1.025853 0.748174
v -3.845212 -1.282710 0.757088
v -3.820505 -0.711148 1.256654
v -4.753994 -0.575222 1.443633
v -4.754057 0.055964 1.444803
v -3.819552 0.055964 1.344326
v -3.819783 -0.575265 1.343165
v -3.399115 -0.712573 1.159812
v -3.344829 -1.106325 0.757242
v -2.850963 -1.088291 0.751147
v -3.192431 -0.713952 1.321708
v -3.400861 -0.575867 1.247071
v -3.400584 0.055964 1.248539
v -3.194982 0.055964 1.411471
v -3.194218 -0.574659 1.410688
v -2.428329 0.055964 1.510303
v -2.428549 -0.575073 1.509192
v -2.428858 -0.714886 1.419249
v -1.966716 -0.911920 0.746998
v -1.965780 -0.717265 1.250578
v -1.964823 -0.575807 1.343053
v -1.964829 0.055964 1.344404
v -1.038691 0.055964 1.514051
v -1.038691 -0.575175 1.512894
v -1.038692 -0.715039 1.422837
v -1.043452 -1.061252 0.749764
v -0.112576 -1.239653 0.756444
v -0.112488 -0.711939 1.255803
v -0.113061 -0.575820 1.342782
v -0.113045 0.055964 1.344140
v 0.351988 -0.575010 1.526401
v 0.352857 -0.712921 1.438377
v 0.822749 -1.135132 0.751736
v 0.821809 -0.713880 1.333865
v 0.822874 -0.575446 1.422598
v 1.745869 -0.713138 1.250773
v 1.749635 -1.052269 0.745934
v 2.673607 -0.715135 1.353494
v 2.669103 -0.967927 0.746482
v 3.582114 -1.282710 0.757089
v 3.606823 -0.711148 1.256656
v 2.673331 -0.575222 1.443635
v 1.745221 -0.575841 1.342641
v 1.745184 0.055964 1.343998
v 0.823015 0.055964 1.423827
v 0.351815 0.055964 1.527502
v 2.673270 0.055964 1.444804
v 3.607774 0.055964 1.344328
v 3.607545 -0.575265 1.343166
v 4.028212 -0.712573 1.159813
v 4.082499 -1.106325 0.757243
v 4.576365 -1.088291 0.751148
v 4.234896 -0.713952 1.321710
v 4.026466 -0.575867 1.247073
v 4.026743 0.055964 1.248541
v 4.232346 0.055964 1.411472
v 4.233109 -0.574659 1.410689
v 4.998997 0.055964 1.510305
v 4.998778 -0.575073 1.509193
v 4.998468 -0.714886 1.419250
v 5.460610 -0.911920 0.746999
v 5.461547 -0.717265 1.250580
v 5.462503 -0.575807 1.343054
v 5.462498 0.055964 1.344405
v 6.388636 0.055964 1.514053
v 6.388636 -0.575175 1.512896
v 6.388635 -0.715039 1.422839
v 6.383873 -1.061252 0.749765
v 7.314750 -1.239653 0.756445
v 7.314839 -0.711939 1.255805
v 7.314265 -0.575820 1.342783
v 7.314281 0.055964 1.344141
v 7.779315 -0.575010 1.526403
v 7.780183 -0.712921 1.438379
v 8.250075 -1.135132 0.751737
v 8.249135 -0.713880 1.333866
v 8.250199 -0.575445 1.422600
v 9.173195 -0.713138 1.250775
v 9.176963 -0.922901 0.745936
v 9.890162 -0.715459 1.403450
v 10.161413 -0.967927 0.746483
v 9.891397 -0.574913 1.493947
v 9.172546 -0.575842 1.342643
v 9.172510 0.055964 1.343999
v 8.250340 0.055964 1.423829
v 7.779141 0.055964 1.527503
v 10.163477 -0.715723 1.252308
v 10.559878 -0.973782 1.373790
v 10.560782 -1.193882 0.694077
v 10.561824 -0.774777 1.483345
v 10.168736 -0.574850 1.343706
v 10.170290 0.055964 1.344691
v 9.891726 0.055964 1.494995
v 10.563255 0.055964 1.484682
v 11.274487 0.055964 1.480866
v 11.274218 -0.774119 1.480038
v 11.274698 -0.970040 1.371571
v 11.276360 -1.240663 0.695621
v 11.486405 -1.090121 0.660942
v 11.481181 -0.907330 1.296457
v 11.480191 -0.771375 1.390886
v 11.480550 0.055964 1.392146
v 11.274279 0.055963 -1.408234
v 11.480973 -0.771933 -1.315722
v 11.480451 0.055963 -1.317595
v 11.274136 -0.801128 -1.406758
v 10.561738 -0.775695 -1.410012
v 10.563591 0.055963 -1.411666
v 10.559211 -0.974477 -1.283823
v 11.274552 -0.971564 -1.281215
v 11.481177 -0.902948 -1.207476
v 11.276007 -1.241020 -0.553372
v 10.561097 -1.194185 -0.551669
v 10.161268 -0.717467 -1.140433
v 10.166402 -0.578357 -1.290015
v 10.168975 0.055963 -1.292303
v 9.878529 0.055963 -1.401667
v 9.878228 -0.578364 -1.399420
v 9.173651 0.055963 -1.293034
v 9.871849 -0.718198 -1.250002
v 10.162546 -0.935022 -0.712284
v 9.177752 -1.008651 -0.594054
v 9.173944 -0.717887 -1.141875
v 9.173697 -0.579414 -1.290311
v 8.245776 -0.578735 -1.390521
v 8.245776 0.055963 -1.392943
v 7.318162 0.055963 -1.292799
v 7.318101 -0.579439 -1.290065
v 7.317894 -0.714225 -1.145985
v 8.245777 -0.716084 -1.244129
v 8.249742 -1.221398 -0.598415
v 7.316462 -1.324594 -0.602479
v 6.384057 -1.147271 -0.595488
v 6.389606 -0.717108 -1.303104
v 6.390065 -0.578698 -1.450775
v 6.390221 0.055963 -1.453176
v 5.457311 0.055963 -1.392483
v 5.457552 -0.578927 -1.389989
v 5.458550 -0.718351 -1.240686
v 5.460757 -0.998504 -0.591954
v 4.531027 -0.716479 -1.132607
v 4.615768 -1.173098 -0.599555
v 4.099905 -1.021735 -0.595470
v 3.861647 -0.717886 -1.275054
v 4.532821 -0.579530 -1.279400
v 4.532905 0.055963 -1.282176
v 3.860437 0.055963 -1.426174
v 3.860891 -0.578125 -1.424045
v 3.599075 0.055963 -1.292127
v 3.599785 -0.716078 -1.143312
v 3.582258 -1.140368 -0.598490
v 2.644358 -0.717467 -1.214625
v 3.599140 -0.580019 -1.289100
v 2.649492 -0.578357 -1.364206
v 2.652066 0.055963 -1.366495
v 1.746372 -0.579414 -1.290313
v 1.746326 0.055963 -1.293036
v 0.818451 -0.578735 -1.390523
v 1.746619 -0.717887 -1.141877
v 1.750427 -1.008651 -0.594055
v 2.637556 -0.935022 -0.531005
v 0.822416 -1.221398 -0.598416
v 0.818452 -0.716084 -1.244130
v -0.109431 -0.714225 -1.145986
v -0.110864 -1.324594 -0.602481
v -1.043270 -1.147270 -0.595490
v -1.037721 -0.717108 -1.303105
v -1.037261 -0.578698 -1.450776
v -0.109226 -0.579438 -1.290067
v -0.109165 0.055963 -1.292800
v 0.818451 0.055963 -1.392945
v -1.037104 0.055963 -1.453177
v -1.970015 0.055963 -1.392484
v -1.969773 -0.578927 -1.389991
v -1.968775 -0.718351 -1.240687
v -1.966570 -0.998504 -0.591956
v -2.896298 -0.716479 -1.132608
v -2.811558 -1.173098 -0.599556
v -3.327422 -1.021735 -0.595472
v -3.565678 -0.717886 -1.275056
v -2.894505 -0.579529 -1.279402
v -2.894421 0.055963 -1.282177
v -3.566889 0.055963 -1.426175
v -3.566435 -0.578125 -1.424047
v -3.828251 0.055963 -1.292128
v -3.827541 -0.716078 -1.143314
v -3.845070 -1.140368 -0.598491
v -4.752028 -0.779992 -1.232726
v -3.828186 -0.580020 -1.289102
v -4.751262 -0.579838 -1.494397
v -4.751029 0.055963 -1.497309
v -5.686848 0.055963 -1.416225
v -5.686249 -0.579953 -1.413309
v -5.684153 -0.778783 -1.153934
v -5.680425 -1.078230 -0.594220
v -4.764622 -0.994758 -0.589578
v -6.111906 -0.716704 -1.149303
v -6.612951 -1.072457 -0.594909
v -6.112109 -0.579748 -1.295992
v -6.112148 0.055963 -1.298871
v -6.608830 0.055963 -1.403252
v -6.608963 -0.578586 -1.400897
v -6.609349 -0.717495 -1.252653
v -7.532090 -0.717344 -1.140258
v -7.078066 -0.946877 -0.588770
v -7.530338 -0.579797 -1.287708
v -7.530366 0.055963 -1.290752
v -7.800810 -0.577895 -1.508633
v -7.803192 -0.718645 -1.358499
v -8.665413 -0.974581 -0.590234
v -7.536645 -1.064097 -0.596144
v -8.669559 -0.718764 -1.339193
v -9.399091 -0.722364 -1.142213
v -9.401297 -1.100799 -0.592016
v -8.671248 -0.578632 -1.489191
v -8.671676 0.055963 -1.491532
v -7.799709 0.055963 -1.510456
v -9.401139 0.055963 -1.291245
v -9.400795 -0.578845 -1.288798
v -10.020308 -0.577550 -1.235288
v -10.022314 0.055963 -1.237459
v -10.253860 0.055963 -1.290498
v -10.252212 -0.678775 -1.287441
v -10.657131 0.055963 -1.411672
v -10.250106 -0.833953 -1.136178
v -10.017522 -0.727389 -1.081906
v -10.024368 -0.825567 -0.399259
v -10.243965 -0.956826 -0.580643
v -10.653873 -1.257556 -0.555895
v -10.656088 -0.901370 -1.297042
v -10.657314 -0.673592 -1.410944
v -11.266870 0.055963 -1.408293
v -11.266594 -0.673592 -1.407587
v -11.266237 -0.898003 -1.294062
v -11.269797 -1.265652 -0.556123
v -11.489264 -1.095376 -0.523638
v -11.480761 -0.866472 -1.210302
v -11.482033 -0.673184 -1.316967
v -11.482351 0.055963 -1.317806
v 11.485796 -1.096625 -0.522809
v -11.492689 0.026418 -1.513468
v -11.272023 0.613875 -1.446847
v -11.491691 0.644412 -1.354489
v -11.272243 0.026413 -1.613438
v -11.271939 -0.632225 -1.445679
v -11.492559 -0.632416 -1.353324
v -10.653476 -0.632206 -1.449297
v -10.653187 0.026413 -1.617361
v -10.653226 0.614071 -1.450411
v -10.246152 0.026411 -1.483350
v -10.243526 -0.642277 -1.322976
v -10.016530 -0.539651 -1.272615
v -10.019465 0.026426 -1.427121
v -10.020516 0.629002 -1.272877
v -10.247552 0.628115 -1.325482
v -9.405802 0.026413 -1.484915
v -9.405597 0.628498 -1.326504
v -9.405426 -0.542265 -1.325458
v -8.674906 -0.541830 -1.526103
v -8.675365 0.026412 -1.702290
v -8.675074 0.627719 -1.527249
v -7.791536 0.026414 -1.721938
v -7.792706 -0.540389 -1.544798
v -7.522521 0.026406 -1.483201
v -7.792384 0.626509 -1.545738
v -7.522326 0.629336 -1.324742
v -6.607842 0.627663 -1.439205
v -6.607746 0.026412 -1.606883
v -6.607892 -0.541716 -1.438075
v -7.522650 -0.544175 -1.323165
v -6.112931 -0.544008 -1.332685
v -6.112980 0.026408 -1.493324
v -6.112980 0.629409 -1.334179
v -5.691070 0.627761 -1.451798
v -5.691348 0.026397 -1.620206
v -5.690660 -0.544444 -1.449519
v -4.749619 -0.544218 -1.530993
v -4.749351 0.026398 -1.708495
v -4.749473 0.627690 -1.533223
v -3.831796 0.026406 -1.485657
v -3.831645 -0.544566 -1.325435
v -3.569700 -0.540815 -1.461219
v -3.570189 0.026414 -1.631689
v -3.831810 0.629782 -1.327039
v -3.569828 0.626950 -1.462222
v -2.893235 0.629054 -1.317607
v -2.893193 0.026409 -1.475301
v -2.893298 -0.543579 -1.316176
v -1.972126 -0.542395 -1.426942
v -1.972392 0.026411 -1.594997
v -1.972240 0.628171 -1.428173
v -1.035745 0.026412 -1.660940
v -1.035915 -0.541950 -1.487891
v -0.108320 0.026409 -1.486865
v -1.035852 0.627840 -1.489055
v -0.108349 0.628943 -1.328288
v 0.818447 0.026412 -1.595682
v 0.818447 0.627897 -1.428833
v 0.818447 -0.542018 -1.427659
v -0.108391 -0.543398 -1.326896
v 1.745720 0.026409 -1.487136
v 1.745777 -0.543352 -1.327159
v 1.745746 0.628908 -1.328543
v 2.677977 0.026398 -1.708493
v 2.677707 -0.544218 -1.530992
v 3.595530 0.026406 -1.485656
v 2.677854 0.627690 -1.533221
v 3.595516 0.629782 -1.327038
v 3.857137 0.026414 -1.631688
v 3.857498 0.626950 -1.462221
v 4.534090 0.629054 -1.317605
v 4.534132 0.026409 -1.475299
v 5.455086 0.628171 -1.428171
v 4.534027 -0.543579 -1.316174
v 3.857627 -0.540815 -1.461217
v 3.595682 -0.544566 -1.325434
v 5.455200 -0.542395 -1.426940
v 5.454934 0.026411 -1.594995
v 6.391411 -0.541950 -1.487889
v 6.391582 0.026412 -1.660939
v 6.391474 0.627840 -1.489054
v 7.319005 0.026409 -1.486863
v 7.318935 -0.543398 -1.326895
v 8.245773 -0.542018 -1.427658
v 8.245772 0.026412 -1.595681
v 7.318977 0.628943 -1.328287
v 8.245773 0.627897 -1.428832
v 9.173046 0.026409 -1.487134
v 9.173103 -0.543352 -1.327157
v 9.880904 -0.541292 -1.436564
v 9.881196 0.026413 -1.605124
v 9.173071 0.628908 -1.328542
v 9.880914 0.627276 -1.437659
v 10.168254 0.026418 -1.486567
v 10.164886 -0.541297 -1.327248
v 10.558660 0.026405 -1.616850
v 10.168145 0.628954 -1.327816
v 10.559329 0.681928 -1.450139
v 11.280084 0.645265 -1.446584
v 11.280037 0.026401 -1.612959
v 10.555998 -0.736247 -1.447506
v 11.279801 -0.762165 -1.444114
v 11.492689 -0.732977 -1.350973
v 11.491904 0.026404 -1.512494
v 11.491574 0.643391 -1.353729
v -11.272342 0.623726 1.497800
v -11.492348 0.026425 1.556838
v -11.492188 0.624844 1.407025
v -11.272450 0.026419 1.654747
v -10.652442 0.615901 1.501738
v -11.492032 -0.631062 1.406812
v -11.272147 -0.631462 1.497075
v -10.652396 0.026419 1.659025
v -10.652665 -0.631376 1.501021
v -10.242731 0.026414 1.504630
v -10.243589 0.621219 1.359143
v -10.018853 0.619705 1.286628
v -10.018209 0.026417 1.426126
v -9.403137 0.619137 1.361810
v -10.016120 -0.534112 1.285525
v -10.240815 -0.636340 1.356990
v -9.403164 0.026411 1.507492
v -9.402985 -0.535640 1.360524
v -8.668644 0.619061 1.462177
v -8.668655 0.026412 1.616284
v -8.668610 -0.535401 1.460937
v -7.549031 0.026410 1.506693
v -7.549123 0.619383 1.361049
v -7.089310 0.618441 1.581406
v -7.089472 0.026413 1.745424
v -6.607182 0.618775 1.625932
v -7.088912 -0.534752 1.580299
v -7.549009 -0.536117 1.359657
v -6.607152 0.026412 1.793737
v -6.607260 -0.535241 1.624686
v -5.663452 0.026413 1.589701
v -5.663606 0.618342 1.437751
v -5.452090 0.026408 1.476736
v -5.664067 -0.534771 1.436646
v -5.452078 -0.536533 1.331921
v -4.755046 0.026412 1.615778
v -4.754970 -0.535313 1.460479
v -4.755025 0.618781 1.461745
v -5.452002 0.619263 1.333466
v -3.815052 0.026411 1.506485
v -3.815109 0.618764 1.360922
v -3.815340 -0.535390 1.359650
v -3.407204 -0.536626 1.262974
v -3.406985 0.026408 1.402122
v -3.407202 0.619224 1.264595
v -3.205006 0.618009 1.426654
v -3.205311 0.026414 1.577588
v -3.204399 -0.534222 1.425709
v -2.425475 0.026413 1.686656
v -2.425561 0.618634 1.527148
v -1.962499 0.619261 1.361172
v -1.962541 0.026409 1.506761
v -2.425735 -0.535026 1.525946
v -1.962558 -0.536461 1.359654
v -1.038684 0.026412 1.690862
v -1.038687 0.618739 1.531019
v -0.115813 0.622276 1.360199
v -0.115775 0.026417 1.506257
v -1.038685 -0.535221 1.529770
v -0.115771 -0.536483 1.359339
v 0.349917 -0.534897 1.543241
v 0.349726 0.026420 1.705248
v 0.349850 0.621190 1.543892
v 0.827068 0.621756 1.439846
v 0.827129 0.026418 1.592527
v 0.826963 -0.535749 1.439088
v 1.743524 0.026416 1.506210
v 1.743533 0.622036 1.360210
v 2.672302 0.618781 1.461746
v 2.672279 0.026412 1.615779
v 2.672357 -0.535313 1.460480
v 1.743577 -0.536510 1.359284
v 3.612275 0.026411 1.506485
v 3.611987 -0.535390 1.359651
v 3.612217 0.618764 1.360923
v 4.020126 0.619224 1.264597
v 4.020343 0.026408 1.402123
v 4.020123 -0.536626 1.262975
v 4.222015 0.026414 1.577589
v 4.222322 0.618009 1.426655
v 5.001852 0.026413 1.686658
v 4.222929 -0.534222 1.425710
v 5.001591 -0.535026 1.525948
v 5.464786 0.026409 1.506762
v 5.464769 -0.536461 1.359655
v 5.464828 0.619261 1.361173
v 5.001765 0.618634 1.527149
v 6.388643 0.026412 1.690863
v 6.388639 0.618739 1.531020
v 6.388641 -0.535221 1.529771
v 7.311551 0.026417 1.506258
v 7.311515 0.622276 1.360200
v 7.777176 0.621190 1.543894
v 7.777053 0.026420 1.705250
v 8.254395 0.621756 1.439847
v 7.777244 -0.534897 1.543243
v 7.311555 -0.536483 1.359340
v 8.254456 0.026418 1.592528
v 8.254290 -0.535749 1.439089
v 9.170851 0.026416 1.506212
v 9.170857 0.622036 1.360211
v 9.895236 0.621039 1.511260
v 9.895492 0.026420 1.669839
v 10.172449 0.622651 1.360711
v 9.895147 -0.534712 1.510629
v 9.170902 -0.536510 1.359285
v 10.171683 0.026424 1.507080
v 10.169299 -0.534602 1.360656
v 10.558749 0.615914 1.501722
v 10.558002 0.026411 1.658702
v 10.555765 -0.734502 1.499622
v 11.280013 0.026415 1.654597
v 11.279849 0.615872 1.497757
v 11.491302 0.026414 1.556243
v 11.279681 -0.733192 1.496613
v 11.490905 -0.731972 1.405366
v 11.490867 0.625079 1.406806
v -11.473352 -0.650616 1.374695
v -11.262653 -0.863541 1.363201
v -11.473276 -0.824091 1.290554
v -11.262668 -0.651564 1.462049
v -10.660420 -0.866745 1.366824
v -11.262674 -0.369092 1.462072
v -10.660513 -0.651553 1.465686
v -10.258348 -0.780182 1.242845
v -10.258669 -0.652237 1.325580
v -10.660506 -0.369092 1.465709
v -10.258758 -0.369092 1.325648
v -10.023241 -0.551936 1.250638
v -10.022785 -0.680435 1.167770
v -9.396708 -0.680497 1.243135
v -9.396834 -0.552137 1.325872
v -9.396838 -0.369092 1.325901
v -10.023302 -0.369092 1.250664
v -10.023333 -0.286199 1.229513
v -10.258785 -0.286199 1.304507
v -10.660503 -0.286199 1.444553
v -11.262675 -0.286199 1.440917
v -11.473358 -0.369092 1.374703
v -11.473360 -0.286199 1.353542
v -11.262689 0.317373 1.440965
v -10.660489 0.317373 1.444602
v -10.258971 0.317373 1.304652
v -10.023533 0.317374 1.229597
v -9.396852 0.317374 1.304849
v -9.396839 -0.286199 1.304753
v -8.667496 -0.286199 1.404723
v -8.667496 -0.369092 1.425872
v -8.667496 -0.552105 1.425843
v -8.667482 -0.680521 1.343073
v -7.539812 -0.681854 1.242911
v -7.540131 -0.552201 1.325562
v -7.540132 -0.369092 1.325594
v -7.540134 -0.286199 1.304446
v -7.540142 0.317373 1.304550
v -8.667498 0.317373 1.404815
v -8.667500 0.435677 1.425995
v -9.396853 0.435677 1.326029
v -10.023569 0.435677 1.250775
v -10.259006 0.435677 1.325841
v -10.660486 0.435677 1.465774
v -10.259049 0.579599 1.325875
v -10.023617 0.579392 1.250795
v -9.396855 0.579314 1.326052
v -8.667500 0.579303 1.426017
v -9.396809 0.899731 1.261413
v -10.023937 0.899812 1.184513
v -10.258880 0.900209 1.243397
v -10.660482 0.578862 1.465786
v -10.660356 0.908349 1.349741
v -11.262692 0.435677 1.462137
v -11.262694 0.586598 1.462150
v -11.262739 0.912846 1.292183
v -11.474474 0.763792 1.218641
v -11.473375 0.584463 1.374727
v -11.473373 0.435677 1.374723
v -11.473372 0.317373 1.353557
v -8.667496 0.899751 1.361365
v -7.540145 0.579346 1.325757
v -7.539960 0.899715 1.261154
v -7.076500 0.899587 1.483829
v -7.076470 0.579217 1.546838
v -6.609728 0.899683 1.526764
v -7.076463 0.435677 1.546818
v -7.540144 0.435677 1.325732
v -7.076459 0.317374 1.525640
v -6.609728 0.435677 1.589757
v -6.609726 0.579263 1.589779
v -5.679096 0.579204 1.403965
v -5.679113 0.899548 1.340976
v -5.679104 0.435677 1.403945
v -5.458896 0.579329 1.297812
v -5.459054 0.899667 1.234834
v -4.753264 0.579264 1.425558
v -5.458898 0.435677 1.297785
v -5.679110 0.317373 1.382767
v -6.609728 0.317374 1.568577
v -7.076429 -0.286199 1.525557
v -7.076423 -0.369092 1.546708
v -6.609734 -0.286199 1.568484
v -5.679144 -0.286199 1.382683
v -5.458898 0.317373 1.276601
v -4.753262 0.435677 1.425536
v -3.823148 0.579262 1.325362
v -4.753262 0.899685 1.362543
v -3.823189 0.899652 1.262361
v -3.395471 0.899634 1.166871
v -3.395794 0.579323 1.229793
v -3.186502 0.899462 1.330938
v -3.395796 0.435677 1.229764
v -3.823151 0.435677 1.325340
v -4.753262 0.317373 1.404355
v -5.458904 -0.286199 1.276486
v -5.679150 -0.369092 1.403834
v -6.609736 -0.369092 1.589633
v -7.076416 -0.552015 1.546683
v -7.076339 -0.681425 1.463969
v -6.609758 -0.681204 1.506841
v -6.609738 -0.552082 1.589604
v -5.679161 -0.552019 1.403809
v -5.679302 -0.680345 1.321124
v -5.459173 -0.680499 1.214914
v -5.458906 -0.552257 1.297597
v -5.458904 -0.369092 1.297632
v -4.753256 -0.286199 1.404261
v -3.823154 0.317373 1.304159
v -3.395796 0.317373 1.208579
v -3.823172 -0.286199 1.304064
v -4.753256 -0.369092 1.425409
v -4.753254 -0.552093 1.425380
v -4.753239 -0.680520 1.342608
v -3.823301 -0.680480 1.242447
v -3.823180 -0.552104 1.325183
v -3.823174 -0.369092 1.325212
v -3.395800 -0.286199 1.208458
v -3.395800 -0.369092 1.229603
v -3.395801 -0.552265 1.229566
v -3.395274 -0.680463 1.146978
v -3.186335 -0.680223 1.311116
v -3.186299 -0.551943 1.393837
v -3.186312 -0.369092 1.393859
v -3.186319 -0.286199 1.372706
v -3.186364 0.317373 1.372778
v -3.186373 0.435677 1.393954
v -2.430732 0.435677 1.491157
v -2.430734 0.317374 1.469978
v -2.430748 -0.286199 1.469888
v -2.430749 -0.369092 1.491037
v -2.430753 -0.552053 1.491010
v -2.430765 -0.680501 1.408234
v -1.966616 -0.552249 1.324992
v -1.966615 -0.369092 1.325026
v -1.966614 -0.286199 1.303880
v -1.966611 0.317373 1.303994
v -1.966609 0.435677 1.325177
v -1.966609 0.579330 1.325204
v -2.430728 0.579244 1.491179
v -3.186383 0.579158 1.393971
v -2.430707 0.899670 1.428161
v -1.966695 0.899679 1.262209
v -1.038693 0.579259 1.494794
v -1.038693 0.435677 1.494772
v -1.038693 0.317374 1.473592
v -1.038693 -0.286199 1.473498
v -1.038693 -0.369092 1.494647
v -1.038693 -0.552080 1.494618
v -1.038694 -0.680522 1.411841
v -1.966765 -0.680514 1.242279
v -0.110722 -0.680510 1.242053
v -0.110905 -0.552253 1.324758
v -0.110906 -0.369092 1.324778
v -0.110906 -0.286199 1.303624
v -0.110909 0.317373 1.303689
v -0.110910 0.435677 1.324863
v -0.110910 0.579748 1.324879
v -1.038616 0.899687 1.431776
v -0.110699 0.900404 1.242456
v 0.353555 0.900403 1.425765
v 0.353576 0.579600 1.508244
v 0.353577 0.435677 1.508232
v 0.353677 0.317374 1.488473
v 0.353584 -0.286199 1.487011
v 0.353584 -0.369092 1.508167
v 0.353586 -0.552037 1.508152
v 0.353577 -0.680510 1.425365
v 0.819465 -0.680487 1.321912
v 0.819632 -0.552153 1.404631
v 0.819635 -0.369092 1.404648
v 0.819637 -0.286199 1.383494
v 0.819644 0.317373 1.384521
v 0.819646 0.435677 1.404724
v 0.819648 0.579677 1.404738
v 0.819520 0.900381 1.322305
v 1.746539 0.579716 1.324684
v 1.746502 0.435677 1.324755
v 1.746541 0.317373 1.303492
v 1.746544 -0.286199 1.303422
v 1.746545 -0.369092 1.324575
v 1.746545 -0.552258 1.324553
v 1.746636 -0.676954 1.241777
v 2.674070 -0.552093 1.425382
v 2.674069 -0.369092 1.425411
v 2.674068 -0.286199 1.404262
v 2.674082 0.317373 1.403564
v 2.674063 0.435677 1.425537
v 2.673709 0.579580 1.475899
v 1.746607 0.900408 1.242237
v 2.673775 0.900377 1.393416
v 3.604180 0.579262 1.325364
v 3.604176 0.435677 1.325341
v 3.604095 0.317373 1.302483
v 3.604156 -0.286199 1.304065
v 3.604153 -0.369092 1.325214
v 3.604148 -0.552105 1.325185
v 3.604026 -0.680480 1.242448
v 2.674086 -0.680520 1.342609
v 4.032053 -0.680463 1.146979
v 4.031526 -0.552265 1.229568
v 4.031526 -0.369092 1.229604
v 4.031528 -0.286199 1.208460
v 4.031531 0.317373 1.208581
v 4.031532 0.435677 1.229766
v 4.031532 0.579323 1.229794
v 4.031857 0.899634 1.166873
v 3.604138 0.899652 1.262362
v 4.240825 0.899462 1.330940
v 4.240944 0.579158 1.393972
v 4.240953 0.435677 1.393955
v 4.240962 0.317374 1.372779
v 4.241007 -0.286199 1.372708
v 4.241014 -0.369092 1.393861
v 4.241028 -0.551943 1.393839
v 4.240992 -0.680223 1.311117
v 4.996573 -0.552053 1.491012
v 4.996561 -0.680501 1.408235
v 4.996577 -0.369092 1.491039
v 4.996579 -0.286199 1.469890
v 4.996592 0.317374 1.469980
v 4.996595 0.435677 1.491159
v 4.996598 0.579244 1.491181
v 4.996621 0.899670 1.428163
v 5.460718 0.579330 1.325206
v 5.460717 0.435677 1.325179
v 5.460717 0.317373 1.303995
v 5.460713 -0.286199 1.303882
v 5.460712 -0.369092 1.325028
v 5.460711 -0.552249 1.324993
v 5.460562 -0.680514 1.242280
v 6.388633 -0.680522 1.411842
v 6.388634 -0.552081 1.494620
v 7.316605 -0.680510 1.242055
v 6.388634 -0.369092 1.494648
v 6.388634 -0.286199 1.473500
v 6.388634 0.317374 1.473593
v 6.388634 0.435677 1.494773
v 6.388634 0.579259 1.494795
v 5.460631 0.899679 1.262211
v 6.388711 0.899687 1.431778
v 7.316416 0.579748 1.324880
v 7.316416 0.435677 1.324865
v 7.316417 0.317373 1.303690
v 7.316420 -0.286199 1.303626
v 7.316421 -0.369092 1.324779
v 7.316422 -0.552252 1.324759
v 7.780903 -0.680510 1.425367
v 7.780911 -0.552037 1.508153
v 7.780910 -0.369092 1.508168
v 7.780910 -0.286199 1.487013
v 7.780904 0.317374 1.487062
v 7.780903 0.435677 1.508233
v 7.780902 0.579600 1.508245
v 7.780881 0.900403 1.425767
v 7.316629 0.900404 1.242458
v 8.246845 0.900381 1.322306
v 8.246974 0.579677 1.404739
v 8.246972 0.435677 1.404726
v 8.246970 0.317374 1.383552
v 8.246962 -0.286199 1.383496
v 8.246961 -0.369092 1.404650
v 8.246958 -0.552153 1.404632
v 8.246791 -0.680487 1.321913
v 9.173962 -0.676954 1.241778
v 9.173870 -0.552258 1.324555
v 9.173870 -0.369092 1.324576
v 9.173868 -0.286199 1.303424
v 9.173866 0.317373 1.303493
v 9.173864 0.435677 1.324668
v 9.173864 0.579716 1.324685
v 9.173933 0.900408 1.242239
v 9.888546 0.579580 1.475900
v 9.888544 0.435677 1.475889
v 9.888542 0.317374 1.454717
v 9.888533 -0.286199 1.454670
v 9.888532 -0.369092 1.475826
v 9.888529 -0.552011 1.475812
v 9.888567 -0.680482 1.393024
v 10.166724 -0.680473 1.242490
v 10.168168 -0.551996 1.325370
v 10.168239 -0.369092 1.325372
v 10.168275 -0.286199 1.304209
v 10.168508 0.317373 1.304215
v 10.168550 0.435677 1.325379
v 10.168607 0.579787 1.325380
v 9.888614 0.900377 1.393417
v 10.167441 0.900402 1.242958
v 10.566919 0.578859 1.465793
v 10.566875 0.435677 1.465762
v 10.566843 0.317374 1.444575
v 10.566656 -0.286199 1.444444
v 10.566628 -0.369092 1.465587
v 10.566509 -0.752004 1.465504
v 10.566435 -0.938052 1.365384
v 11.270009 -0.934877 1.361794
v 11.269889 -0.751828 1.461992
v 11.472020 -0.871948 1.289840
v 11.471699 -0.747931 1.374503
v 11.269894 -0.369092 1.462038
v 11.269897 -0.286199 1.440885
v 11.269907 0.317374 1.440958
v 11.269907 0.435678 1.462134
v 11.269911 0.578852 1.462152
v 11.471695 0.435677 1.374682
v 11.471696 0.317373 1.353502
v 11.471696 -0.286199 1.353412
v 11.471696 -0.369092 1.374561
v 10.566795 0.896254 1.338537
v 11.269952 0.893026 1.334904
v 11.471695 0.584496 1.374705
v 11.472792 0.763779 1.296551
v -11.459234 0.580280 -1.364631
v -11.248069 0.881073 -1.261530
v -11.443217 0.733098 -1.180902
v -11.253431 0.566384 -1.447355
v -11.454274 0.441718 -1.360037
v -10.667082 0.565987 -1.450252
v -10.667240 0.883719 -1.263158
v -10.272330 0.870315 -1.200728
v -10.271649 0.563427 -1.331647
v -10.026436 0.869452 -1.145752
v -10.272262 0.441835 -1.329053
v -10.667353 0.441889 -1.449028
v -11.252541 0.441811 -1.446356
v -11.252241 0.333685 -1.418286
v -11.454268 0.333050 -1.331843
v -10.667519 0.333729 -1.420917
v -10.272143 0.333505 -1.300862
v -10.027103 0.333624 -1.245634
v -10.027241 0.442080 -1.273804
v -10.027168 0.562757 -1.276719
v -9.390399 0.869654 -1.200167
v -9.388804 0.563115 -1.331298
v -8.662419 0.869617 -1.400251
v -9.388392 0.441969 -1.328544
v -9.388509 0.333583 -1.300358
v -9.388528 -0.283357 -1.300404
v -10.026781 -0.283408 -1.245735
v -10.271823 -0.283271 -1.300810
v -10.667530 -0.283545 -1.420978
v -11.252241 -0.283499 -1.418344
v -11.454371 -0.282724 -1.331858
v -11.252581 -0.376159 -1.446366
v -10.667345 -0.376250 -1.449050
v -10.271855 -0.376204 -1.328948
v -10.026825 -0.376509 -1.273907
v -9.388389 -0.376364 -1.328573
v -8.661261 -0.376265 -1.528492
v -8.661108 -0.283525 -1.500412
v -8.661113 0.333715 -1.500362
v -8.661250 0.441901 -1.528482
v -8.661690 0.563678 -1.530994
v -7.821739 0.564553 -1.552463
v -7.821913 0.870669 -1.421696
v -7.822799 0.441573 -1.550467
v -7.823632 0.333516 -1.522631
v -7.823692 -0.283314 -1.522710
v -7.822748 -0.375880 -1.550464
v -7.550759 -0.376352 -1.329775
v -7.549821 -0.283044 -1.301321
v -7.549874 0.333333 -1.301341
v -7.550686 0.441944 -1.329779
v -7.550607 0.562529 -1.332959
v -7.546568 0.869898 -1.200687
v -6.611620 0.869449 -1.311475
v -6.611800 0.563712 -1.442045
v -6.611938 0.441936 -1.439519
v -6.611993 0.333798 -1.411387
v -6.611995 -0.283625 -1.411442
v -6.611936 -0.376301 -1.439533
v -7.550378 -0.531904 -1.334108
v -7.821499 -0.534604 -1.553153
v -8.661816 -0.533566 -1.531835
v -8.663030 -0.645450 -1.403599
v -7.820970 -0.646482 -1.424766
v -7.545643 -0.645687 -1.203945
v -6.611474 -0.645307 -1.314884
v -6.611765 -0.533642 -1.442875
v -6.109998 -0.531998 -1.339196
v -6.109917 -0.376572 -1.335029
v -6.109980 -0.283360 -1.306858
v -6.109969 0.333603 -1.306845
v -6.109915 0.442144 -1.335036
v -6.109964 0.562462 -1.338103
v -6.110331 0.869423 -1.207080
v -5.675676 0.869698 -1.325187
v -5.674687 0.563641 -1.456052
v -5.674165 0.441892 -1.453518
v -5.674039 0.333674 -1.425380
v -5.674026 -0.283461 -1.425343
v -5.674160 -0.376245 -1.453415
v -5.674985 -0.531695 -1.457705
v -6.111368 -0.645268 -1.210500
v -5.677911 -0.703087 -1.221034
v -4.755414 -0.531856 -1.537809
v -4.755724 -0.376294 -1.533549
v -4.755809 -0.283601 -1.505471
v -4.755802 0.333791 -1.505497
v -4.755724 0.441941 -1.533642
v -4.755519 0.563694 -1.536191
v -4.755220 0.869470 -1.405593
v -3.819035 0.562197 -1.332050
v -3.820789 0.869515 -1.200684
v -3.558075 0.869625 -1.334819
v -3.558044 0.564228 -1.465288
v -2.897245 0.869435 -1.190413
v -3.557603 0.441813 -1.462996
v -3.818911 0.442145 -1.328845
v -3.819242 0.333515 -1.300599
v -3.819260 -0.283250 -1.300597
v -3.818877 -0.376583 -1.328832
v -3.819155 -0.531606 -1.333220
v -4.754229 -0.702977 -1.301625
v -3.820914 -0.645368 -1.204096
v -3.558140 -0.534290 -1.466027
v -3.557622 -0.376148 -1.463013
v -3.557238 -0.283688 -1.435001
v -3.557263 0.333836 -1.434930
v -2.897781 0.333634 -1.290220
v -2.897840 0.442102 -1.318403
v -2.897739 0.562713 -1.321356
v -1.964306 0.869495 -1.300868
v -1.963667 0.563350 -1.431636
v -1.963410 0.441984 -1.428966
v -1.963389 0.333708 -1.400815
v -1.963391 -0.283508 -1.400856
v -2.897777 -0.283402 -1.290241
v -2.897846 -0.376518 -1.318399
v -2.897694 -0.532307 -1.322403
v -3.558493 -0.645476 -1.338175
v -2.897086 -0.645011 -1.193863
v -1.963751 -0.533157 -1.432538
v -1.963411 -0.376367 -1.428974
v -1.040905 -0.376326 -1.489483
v -1.040959 -0.283590 -1.461384
v -1.040957 0.333772 -1.461334
v -1.040908 0.441955 -1.489471
v -1.040747 0.563589 -1.492047
v -1.040471 0.869455 -1.361424
v -0.111081 0.869428 -1.201008
v -0.111402 0.562794 -1.331905
v 0.818458 0.869430 -1.301121
v -0.111471 0.442092 -1.328987
v -0.111438 0.333649 -1.300810
v -0.111435 -0.283422 -1.300835
v -0.111474 -0.376505 -1.328987
v -0.111371 -0.532437 -1.332924
v -1.040700 -0.533478 -1.492901
v -1.964614 -0.645344 -1.304265
v -1.040290 -0.645311 -1.364832
v -0.110972 -0.645280 -1.204430
v 0.818458 -0.533427 -1.432596
v 0.818459 -0.376342 -1.429148
v 0.818459 -0.283593 -1.401044
v 0.818459 0.333775 -1.400995
v 0.818459 0.441968 -1.429137
v 0.818458 0.563547 -1.431734
v 1.746187 0.869424 -1.201230
v 1.745930 0.562982 -1.332048
v 1.745884 0.442067 -1.329200
v 1.745897 0.333676 -1.301030
v 1.745902 -0.283458 -1.301057
v 1.745886 -0.376471 -1.329198
v 1.745956 -0.532686 -1.333025
v 1.745542 -0.645287 -1.204663
v 0.818458 -0.645288 -1.304537
v 2.672165 -0.703006 -1.161116
v 2.671516 -0.531817 -1.397324
v 2.671161 -0.376296 -1.393049
v 2.671070 -0.283590 -1.364970
v 2.671077 0.333782 -1.364998
v 2.671161 0.441941 -1.393142
v 2.671392 0.563671 -1.395696
v 2.671754 0.869483 -1.265077
v 3.608291 0.562198 -1.191519
v 3.606537 0.869515 -1.060154
v 3.869251 0.869625 -1.194288
v 3.869282 0.564227 -1.324758
v 4.530080 0.869435 -1.049882
v 3.869723 0.441813 -1.322466
v 3.608415 0.442145 -1.188314
v 3.608084 0.333515 -1.160068
v 3.608065 -0.283250 -1.160067
v 3.608449 -0.376583 -1.188302
v 3.608171 -0.531606 -1.192690
v 3.606412 -0.645368 -1.063566
v 3.869186 -0.534290 -1.325497
v 3.869704 -0.376148 -1.322483
v 3.870088 -0.283687 -1.294471
v 3.870064 0.333836 -1.294399
v 4.529544 0.333634 -1.149690
v 4.529486 0.442102 -1.177872
v 4.529586 0.562714 -1.180826
v 5.463020 0.869495 -1.160338
v 5.463658 0.563350 -1.291105
v 5.463917 0.441984 -1.288436
v 5.463937 0.333709 -1.260285
v 5.463935 -0.283507 -1.260325
v 4.529549 -0.283402 -1.149710
v 4.529480 -0.376518 -1.177869
v 4.529633 -0.532307 -1.181872
v 3.868834 -0.645476 -1.197644
v 4.530240 -0.645011 -1.053332
v 5.463574 -0.533157 -1.292007
v 5.463915 -0.376367 -1.288443
v 6.386421 -0.376326 -1.348952
v 6.386367 -0.283590 -1.320853
v 6.386369 0.333772 -1.320803
v 6.386418 0.441955 -1.348940
v 6.386579 0.563589 -1.351516
v 6.386856 0.869455 -1.220893
v 7.316245 0.869428 -1.060477
v 7.315924 0.562794 -1.191375
v 8.245786 0.869431 -1.160590
v 7.315855 0.442092 -1.188457
v 7.315889 0.333649 -1.160279
v 7.315891 -0.283422 -1.160304
v 7.315852 -0.376505 -1.188456
v 7.315955 -0.532437 -1.192393
v 6.386626 -0.533478 -1.352371
v 5.462712 -0.645344 -1.163735
v 6.387035 -0.645311 -1.224302
v 7.316353 -0.645280 -1.063899
v 8.245786 -0.533427 -1.292065
v 8.245786 -0.376342 -1.288618
v 8.245786 -0.283593 -1.260514
v 8.245786 0.333775 -1.260464
v 8.245786 0.441969 -1.288606
v 8.245786 0.563547 -1.291203
v 9.175058 0.869425 -1.060701
v 9.175287 0.562820 -1.191583
v 9.175341 0.442089 -1.188676
v 9.175318 0.333655 -1.160501
v 9.175316 -0.283430 -1.160526
v 9.175343 -0.376500 -1.188676
v 9.175264 -0.532470 -1.192596
v 9.174992 -0.645278 -1.064124
v 8.245784 -0.645288 -1.164007
v 9.867344 -0.645313 -1.172887
v 9.871570 -0.533954 -1.300921
v 9.871234 -0.376217 -1.297733
v 9.871006 -0.283655 -1.269679
v 9.871015 0.333816 -1.269618
v 9.871218 0.441868 -1.297720
v 9.871552 0.563989 -1.300119
v 9.871739 0.869541 -1.169590
v 10.175312 0.869863 -1.060443
v 10.167802 0.562819 -1.190850
v 10.166239 0.442185 -1.188002
v 10.166276 0.333558 -1.159810
v 10.166031 -0.283311 -1.159888
v 10.165897 -0.376637 -1.188088
v 10.170174 -0.533959 -1.191284
v 10.178144 -0.646246 -1.064193
v 10.576462 -0.737726 -1.310476
v 10.573363 -0.376248 -1.308328
v 10.573579 -0.283541 -1.280267
v 10.573792 0.333733 -1.280290
v 10.573669 0.441893 -1.308416
v 10.574041 0.638319 -1.308563
v 10.577629 0.896059 -1.241972
v 11.259494 0.893793 -1.238359
v 11.259240 0.603984 -1.305839
v 11.446593 0.748887 -1.166738
v 11.451405 0.596453 -1.220102
v 11.259453 0.441804 -1.305835
v 11.259126 0.333684 -1.277761
v 11.259114 -0.283486 -1.277747
v 11.259480 -0.376139 -1.305748
v 11.259437 -0.761843 -1.307640
v 10.578410 -0.912944 -1.199853
v 11.258661 -0.906961 -1.198274
v 11.450592 -0.732642 -1.222117
v 11.451603 -0.376061 -1.219575
v 11.451565 -0.282664 -1.191400
v 11.451450 0.333009 -1.191482
v 11.451456 0.441690 -1.219693
v 11.449921 -0.838935 -1.131716
v -11.454406 -0.376107 -1.360046
v -11.252779 -0.640605 -1.447041
v -11.454780 -0.638685 -1.360944
v -11.454753 -0.808429 -1.267279
v -11.252494 -0.841826 -1.344499
v -10.669678 -0.845299 -1.347444
v -10.667192 -0.640612 -1.449722
v -10.274553 -0.633337 -1.333455
v -10.278402 -0.765648 -1.203875
v -10.030070 -0.535114 -1.276919
v -9.388933 -0.533262 -1.332062
v -9.391030 -0.652066 -1.202821
v -10.033268 -0.654668 -1.148868
v -11.482033 -0.753512 -1.316967
v -11.267071 0.480434 -1.408251
v -11.482351 0.505982 -1.317806
v -11.266594 -0.753921 -1.407587
v -11.480546 -0.947531 -1.209435
v -10.961286 0.480434 -1.410444
v -10.961282 -0.754158 -1.409642
v -11.266151 -0.979136 -1.293266
v -11.489364 -1.164598 -0.465068
v -11.270105 -1.335376 -0.525334
v -10.960813 -1.332481 -0.526015
v -10.961356 -0.981448 -1.294763
v -10.657314 -0.753921 -1.410944
v -10.657131 0.480434 -1.411672
v -10.253860 0.480434 -1.290499
v -10.252212 -0.759104 -1.287441
v -10.250232 -0.914701 -1.135467
v -10.656168 -0.982475 -1.296264
v -10.653459 -1.327220 -0.524937
v -10.245180 -1.099483 -0.573788
v -10.017522 -0.807718 -1.081906
v -10.020308 -0.657878 -1.235288
v -10.022314 0.480434 -1.237466
v -9.400795 -0.659173 -1.288798
v -9.399127 -0.802534 -1.142402
v -10.025417 -0.967133 -0.573716
v -9.398412 -1.099474 -0.598667
v -8.662724 -1.043722 -0.590689
v -8.669460 -0.799528 -1.338470
v -8.671248 -0.658961 -1.489190
v -9.401139 0.480434 -1.291246
v -8.671676 0.480434 -1.491532
v -7.799709 0.480434 -1.510457
v -7.800810 -0.658224 -1.508633
v -7.803359 -0.799164 -1.358236
v -7.530338 -0.660126 -1.287708
v -7.532827 -0.798913 -1.138600
v -7.536481 -1.210156 -0.599340
v -7.083168 -1.015761 -0.581079
v -6.616019 -1.231096 -0.604932
v -6.609328 -0.797422 -1.253193
v -6.608963 -0.658915 -1.400897
v -7.530366 0.480434 -1.290752
v -6.608830 0.480434 -1.403253
v -6.112148 0.480434 -1.298871
v -6.112109 -0.660077 -1.295992
v -6.111702 -0.796868 -1.149516
v -5.678524 -1.237056 -0.604358
v -5.684160 -0.858630 -1.154670
v -5.686249 -0.660282 -1.413309
v -5.686848 0.480434 -1.416226
v -4.751028 0.480434 -1.497310
v -4.751262 -0.660166 -1.494397
v -4.752024 -0.860758 -1.231873
v -4.762234 -1.064180 -0.589155
v -3.844985 -1.211444 -0.603568
v -3.827114 -0.797837 -1.141539
v -3.828186 -0.660348 -1.289102
v -3.828251 0.480434 -1.292129
v -3.566889 0.480434 -1.426176
v -3.566435 -0.658454 -1.424047
v -3.565518 -0.798718 -1.274321
v -3.330593 -1.093255 -0.592759
v -2.894861 -0.797187 -1.132099
v -2.894505 -0.659858 -1.279402
v -2.894421 0.480434 -1.282177
v -1.969773 -0.659256 -1.389991
v -1.970015 0.480434 -1.392485
v -1.037104 0.480434 -1.453178
v -1.037261 -0.659027 -1.450776
v -1.968682 -0.799324 -1.239660
v -1.966554 -1.068240 -0.593048
v -2.811685 -1.244427 -0.605472
v -1.043503 -1.217445 -0.599370
v -1.037775 -0.798222 -1.302023
v -0.109484 -0.796114 -1.144337
v -0.109226 -0.659767 -1.290067
v -0.109165 0.480434 -1.292801
v 0.818450 0.480434 -1.392945
v 0.818451 -0.659064 -1.390523
v 1.746372 -0.659743 -1.290313
v 1.746326 0.480434 -1.293036
v 2.741169 0.480431 -1.292317
v 2.739076 -0.658685 -1.290016
v 2.675303 -0.860758 -1.231872
v 1.746656 -0.799171 -1.140408
v 0.818452 -0.797435 -1.242859
v 0.822755 -1.292165 -0.604278
v -0.110983 -1.396425 -0.611559
v 1.750778 -1.078825 -0.595799
v 2.665094 -1.064180 -0.589154
v 3.582343 -1.211444 -0.603566
v 3.600212 -0.797837 -1.141538
v 3.599140 -0.660348 -1.289100
v 3.599075 0.480434 -1.292127
v 3.860437 0.480434 -1.426175
v 3.860891 -0.658454 -1.424045
v 3.861807 -0.798718 -1.274320
v 4.096733 -1.093255 -0.592757
v 4.532464 -0.797187 -1.132097
v 4.532821 -0.659858 -1.279400
v 4.532905 0.480434 -1.282176
v 5.457552 -0.659255 -1.389989
v 5.457311 0.480434 -1.392483
v 6.390221 0.480434 -1.453177
v 6.390065 -0.659027 -1.450775
v 5.458644 -0.799324 -1.239658
v 5.460772 -1.068240 -0.593047
v 4.615642 -1.244427 -0.605470
v 6.383823 -1.217445 -0.599369
v 6.389551 -0.798222 -1.302022
v 7.317843 -0.796114 -1.144335
v 7.318101 -0.659768 -1.290065
v 7.318162 0.480434 -1.292799
v 8.245776 0.480434 -1.392944
v 8.245776 -0.659064 -1.390521
v 9.173697 -0.659743 -1.290311
v 9.173651 0.480434 -1.293034
v 9.878529 0.480432 -1.401667
v 9.878228 -0.658693 -1.399420
v 10.168496 0.480431 -1.292316
v 9.871886 -0.799150 -1.249019
v 9.173983 -0.799171 -1.140407
v 8.245777 -0.797435 -1.242857
v 8.250080 -1.292165 -0.604277
v 7.316344 -1.396425 -0.611558
v 9.178103 -1.078825 -0.595797
v 10.121427 -1.080157 -0.607634
v 10.160767 -0.798807 -1.138587
v 10.166402 -0.658686 -1.290015
v 10.561738 -0.856024 -1.410012
v 10.563751 0.546470 -1.411689
v 10.918068 0.528814 -1.410435
v 10.917750 -0.868528 -1.409117
v 10.559230 -1.055261 -1.283209
v 10.560723 -1.263369 -0.518038
v 10.918126 -1.054652 -1.282433
v 10.916049 -1.287814 -0.519880
v 11.274136 -0.881457 -1.406758
v 11.274136 0.511156 -1.408265
v 11.480450 0.505982 -1.317595
v 11.480973 -0.852262 -1.315722
v 11.274501 -1.052451 -1.280475
v 11.276160 -1.310440 -0.520777
v 11.481085 -0.983777 -1.206728
v 11.485832 -1.165794 -0.463780
v -11.480487 -0.940679 1.298082
v -11.270391 -1.345073 0.651516
v -11.488148 -1.192416 0.586034
v -11.266420 -0.978969 1.373579
v -11.481607 -0.752816 1.391633
v -11.266855 -0.753523 1.480279
v -10.961701 -0.981034 1.375575
v -10.962432 -1.357865 0.653250
v -10.656069 -1.368782 0.653594
v -10.656796 -0.982092 1.377348
v -10.961637 -0.753732 1.482587
v -11.267105 0.488157 1.480901
v -11.481859 0.485520 1.392320
v -10.961640 0.484296 1.483291
v -10.656876 0.480435 1.484683
v -10.657055 -0.753483 1.484053
v -10.252033 0.480435 1.344064
v -10.250302 -0.894372 1.252274
v -10.247413 -1.130229 0.740278
v -10.018407 -0.789530 1.182989
v -10.010639 -1.057384 0.729877
v -10.020117 -0.654961 1.268793
v -10.250833 -0.756047 1.342226
v -10.021547 0.480435 1.269981
v -9.399528 -0.655715 1.343930
v -9.398860 -0.792570 1.256585
v -9.391056 -1.139626 0.760680
v -8.664174 -1.229501 0.751468
v -8.667818 -0.795623 1.353791
v -8.667994 -0.655595 1.444094
v -7.542326 -0.797546 1.252767
v -7.535120 -1.199975 0.752510
v -7.078886 -1.081793 0.741050
v -7.080746 -0.796860 1.473653
v -7.544044 -0.655954 1.343373
v -8.668032 0.480435 1.445276
v -9.399678 0.480435 1.345139
v -7.544024 0.480435 1.344689
v -7.082371 0.480435 1.565287
v -7.081900 -0.655258 1.564288
v -6.609011 -0.795851 1.518036
v -6.615498 -1.299034 0.749650
v -5.678518 -1.302033 0.758412
v -5.674482 -0.793729 1.332843
v -6.608647 -0.655510 1.607850
v -6.608555 0.480435 1.609005
v -5.672053 0.480435 1.422060
v -5.672559 -0.655275 1.421078
v -5.457608 -0.794359 1.226833
v -4.753684 -0.796501 1.352324
v -4.763983 -1.129188 0.746170
v -5.455914 -0.656164 1.315514
v -5.455968 0.480435 1.316888
v -4.753994 -0.655551 1.443633
v -4.754057 0.480435 1.444802
v -3.819552 0.480435 1.344326
v -3.819783 -0.655594 1.343165
v -3.820773 -0.793492 1.255034
v -3.845092 -1.388371 0.761608
v -3.398687 -0.795604 1.157256
v -3.344083 -1.212090 0.760003
v -2.850416 -1.191853 0.751421
v -3.191973 -0.795244 1.320858
v -3.400861 -0.656196 1.247072
v -3.400584 0.480436 1.248538
v -3.194218 -0.654988 1.410688
v -3.194982 0.480435 1.411471
v -2.428329 0.480435 1.510302
v -2.428549 -0.655401 1.509192
v -2.429077 -0.796059 1.418350
v -1.966704 -1.014858 0.744140
v -1.965929 -0.798654 1.249068
v -1.964823 -0.656136 1.343053
v -1.964829 0.480435 1.344403
v -1.038691 0.480435 1.514051
v -1.038691 -0.655504 1.512894
v -1.038692 -0.796311 1.421790
v -1.043669 -1.164447 0.749699
v -0.112304 -1.344614 0.760478
v -0.112294 -0.794544 1.253798
v -0.113061 -0.656149 1.342782
v -0.113045 0.480435 1.344139
v 0.351815 0.480435 1.527501
v 0.351988 -0.655339 1.526401
v 0.352854 -0.794575 1.437150
v 0.822938 -1.239159 0.752347
v 0.821565 -0.795755 1.332303
v 0.822874 -0.655774 1.422598
v 0.823015 0.480435 1.423827
v 1.745184 0.480435 1.343997
v 1.745221 -0.656170 1.342641
v 1.745967 -0.794551 1.249310
v 1.749713 -1.191542 0.741856
v 2.673643 -0.796501 1.352325
v 2.673331 -0.655551 1.443635
v 2.673270 0.480435 1.444803
v 3.607774 0.480435 1.344327
v 3.607545 -0.655594 1.343166
v 3.606554 -0.793492 1.255035
v 3.582234 -1.388371 0.761609
v 2.663343 -1.129188 0.746171
v 4.028640 -0.795604 1.157258
v 4.083243 -1.212090 0.760005
v 4.576912 -1.191853 0.751423
v 4.026466 -0.656196 1.247073
v 4.026743 0.480435 1.248540
v 4.233109 -0.654988 1.410689
v 4.235354 -0.795244 1.320859
v 4.998250 -0.796059 1.418351
v 5.460621 -1.014858 0.744142
v 4.998778 -0.655401 1.509193
v 4.998998 0.480435 1.510304
v 4.232346 0.480435 1.411472
v 5.462503 -0.656136 1.343054
v 5.462498 0.480435 1.344404
v 5.461399 -0.798654 1.249070
v 6.383657 -1.164447 0.749700
v 6.388635 -0.796311 1.421791
v 7.315021 -1.344614 0.760479
v 6.388636 -0.655504 1.512896
v 6.388636 0.480435 1.514052
v 7.314265 -0.656149 1.342783
v 7.315032 -0.794544 1.253799
v 7.780180 -0.794575 1.437151
v 8.250264 -1.239159 0.752348
v 8.248891 -0.795755 1.332305
v 7.779315 -0.655339 1.526403
v 7.779141 0.480435 1.527502
v 7.314281 0.480435 1.344141
v 8.250199 -0.655774 1.422600
v 8.250340 0.480435 1.423828
v 9.173292 -0.794551 1.249312
v 9.177039 -1.025954 0.741857
v 9.890199 -0.796482 1.402642
v 10.160597 -1.070890 0.742840
v 9.891397 -0.655242 1.493947
v 9.172546 -0.656170 1.342643
v 9.172510 0.480435 1.343999
v 9.891726 0.480435 1.494994
v 10.168736 -0.655179 1.343706
v 10.162712 -0.797327 1.250505
v 10.559882 -1.054734 1.372995
v 10.560475 -1.296338 0.645617
v 10.561824 -0.855106 1.483345
v 10.563255 0.480428 1.484681
v 10.170291 0.480432 1.344690
v 10.918413 -0.854689 1.482374
v 10.918419 0.480428 1.483300
v 10.918468 -1.053643 1.372453
v 10.916135 -1.320860 0.647290
v 11.274638 -1.051164 1.370661
v 11.274218 -0.854448 1.480038
v 11.274531 0.480428 1.480856
v 11.480191 -0.851704 1.390886
v 11.481068 -0.988327 1.295540
v 11.486437 -1.192472 0.583576
v 11.276569 -1.343392 0.647906
v 11.480550 0.485520 1.392145
v 11.480100 -0.761469 -1.350389
v 11.274231 -0.954581 -1.321867
v 11.480549 -0.886129 -1.248928
v 11.273712 -0.790663 -1.441261
v 10.560846 -0.956015 -1.325941
v 11.273787 -0.011274 -1.441932
v 10.562143 -0.765275 -1.444496
v 10.161169 -0.703358 -1.178857
v 10.166492 -0.567725 -1.324536
v 10.563008 -0.011275 -1.445181
v 11.273843 0.604336 -1.442462
v 11.479560 0.600732 -1.351733
v 11.479802 -0.011274 -1.351130
v 11.482768 0.762081 -1.268437
v 11.273671 0.902029 -1.311394
v 10.563759 0.640303 -1.445772
v 10.561366 0.905942 -1.314125
v 10.163057 0.907489 -1.181360
v 10.168071 0.580570 -1.324826
v 10.167256 -0.011275 -1.324677
v 9.878081 0.579793 -1.434484
v 9.878074 -0.011274 -1.434208
v 9.878068 -0.567727 -1.433948
v 9.872569 -0.703978 -1.288661
v 9.173744 -0.568713 -1.324864
v 9.173737 -0.011275 -1.325191
v 9.173729 0.580577 -1.325539
v 9.173883 0.907786 -1.182398
v 9.877953 0.907707 -1.291104
v 8.245776 0.580091 -1.425628
v 8.245777 0.907783 -1.282307
v 8.245776 -0.011275 -1.425332
v 8.245776 -0.568075 -1.425053
v 9.173929 -0.703997 -1.180114
v 8.245777 -0.703991 -1.280028
v 7.317775 -0.703996 -1.179884
v 7.318041 -0.568736 -1.324619
v 7.318050 -0.011275 -1.324949
v 7.318062 0.580593 -1.325299
v 7.317848 0.907784 -1.182168
v 6.390002 0.580063 -1.485878
v 6.389818 0.907766 -1.342563
v 6.389987 -0.011275 -1.485584
v 6.389971 -0.568041 -1.485308
v 6.389698 -0.703976 -1.340289
v 5.458292 -0.703953 -1.279652
v 5.457716 -0.568255 -1.424534
v 5.457689 -0.011275 -1.424827
v 5.457661 0.580223 -1.425137
v 5.458086 0.907740 -1.281918
v 4.532754 0.580647 -1.314656
v 4.532737 -0.011274 -1.314297
v 4.532722 -0.568822 -1.313958
v 4.532317 -0.703763 -1.169254
v 3.861346 -0.703866 -1.313412
v 3.861109 -0.567500 -1.458575
v 3.861079 -0.011274 -1.458814
v 3.861046 0.579637 -1.459068
v 4.532424 0.907779 -1.171555
v 3.861067 0.907653 -1.315651
v 3.599328 0.580991 -1.324468
v 3.599368 -0.011274 -1.324066
v 3.599407 -0.569289 -1.323687
v 3.600581 -0.703937 -1.179373
v 2.675167 -0.766037 -1.271851
v 2.675957 -0.569120 -1.528959
v 2.675991 -0.011275 -1.529483
v 2.676028 0.579994 -1.530038
v 2.675828 0.907756 -1.386706
v 3.600497 0.907726 -1.181649
v 1.746558 0.907786 -1.182400
v 1.746404 0.580577 -1.325541
v 1.746411 -0.011275 -1.325193
v 1.746419 -0.568713 -1.324865
v 1.746603 -0.703997 -1.180116
v 0.818452 -0.568075 -1.425055
v 0.818452 -0.703991 -1.280029
v -0.109551 -0.703996 -1.179886
v -0.109285 -0.568736 -1.324620
v -0.109275 -0.011274 -1.324950
v 0.818452 -0.011275 -1.425334
v 0.818452 0.580091 -1.425630
v 0.818452 0.907783 -1.282309
v -0.109265 0.580593 -1.325300
v -1.037323 0.580063 -1.485880
v -0.109478 0.907784 -1.182169
v -1.037507 0.907766 -1.342565
v -1.969665 0.580223 -1.425138
v -1.037339 -0.011275 -1.485586
v -1.037354 -0.568041 -1.485309
v -1.037627 -0.703976 -1.340290
v -1.969033 -0.703953 -1.279653
v -1.969609 -0.568255 -1.424536
v -1.969636 -0.011275 -1.424828
v -2.894588 -0.011274 -1.314298
v -2.894572 0.580647 -1.314657
v -1.969239 0.907740 -1.281920
v -2.894902 0.907779 -1.171557
v -3.566280 0.579637 -1.459069
v -3.566247 -0.011275 -1.458815
v -2.894603 -0.568822 -1.313959
v -2.895009 -0.703763 -1.169255
v -3.565981 -0.703866 -1.313413
v -3.566216 -0.567500 -1.458576
v -3.826746 -0.703937 -1.179374
v -3.827958 -0.011275 -1.324067
v -3.827999 0.580991 -1.324469
v -3.566259 0.907653 -1.315652
v -3.826829 0.907726 -1.181650
v -4.751499 0.907756 -1.386708
v -4.751299 0.579994 -1.530039
v -5.685483 0.907605 -1.305848
v -4.751335 -0.011275 -1.529484
v -5.686142 0.580028 -1.449001
v -5.686041 -0.011275 -1.448434
v -4.751370 -0.569120 -1.528960
v -3.827920 -0.569289 -1.323689
v -4.752161 -0.766037 -1.271852
v -5.683995 -0.765964 -1.191115
v -5.685944 -0.569229 -1.447899
v -6.112061 -0.011274 -1.330909
v -6.112072 0.580815 -1.331284
v -6.111828 0.907787 -1.188237
v -6.609022 0.579980 -1.435982
v -6.609143 0.907770 -1.292632
v -6.609035 -0.011275 -1.435696
v -6.112051 -0.569028 -1.330555
v -6.111136 -0.704004 -1.185955
v -6.609242 -0.703978 -1.290357
v -6.609046 -0.567932 -1.435427
v -7.530853 -0.011275 -1.322734
v -7.530775 0.580770 -1.323129
v -7.533469 0.907471 -1.180914
v -7.801094 0.906957 -1.400482
v -7.801208 0.579420 -1.543689
v -8.670580 0.907658 -1.381078
v -7.801291 -0.011275 -1.543451
v -8.671066 0.580004 -1.524299
v -8.671022 -0.011275 -1.524010
v -7.801368 -0.567289 -1.543227
v -7.530926 -0.569091 -1.322361
v -7.534086 -0.703725 -1.178740
v -7.801722 -0.703196 -1.398434
v -8.670172 -0.703883 -1.378844
v -8.670981 -0.567981 -1.523738
v -9.400512 -0.011274 -1.323606
v -9.400556 0.580379 -1.323869
v -9.399491 0.907634 -1.180894
v -10.022520 0.580618 -1.269959
v -10.023008 0.907768 -1.126861
v -10.254770 0.580170 -1.323269
v -10.251723 0.906631 -1.179514
v -10.253853 -0.011275 -1.322697
v -10.021523 -0.011275 -1.269884
v -10.020585 -0.566951 -1.269813
v -9.400472 -0.568185 -1.323359
v -9.399070 -0.709369 -1.179123
v -10.018453 -0.710783 -1.124782
v -10.250269 -0.817387 -1.178053
v -10.252834 -0.668160 -1.322063
v -10.657589 -0.663311 -1.445366
v -10.655933 -0.882943 -1.337027
v -11.266203 -0.663315 -1.442028
v -11.266392 -0.879835 -1.333866
v -11.481273 -0.846583 -1.252256
v -11.481254 -0.662868 -1.351541
v -11.481042 -0.011275 -1.351834
v -11.266222 -0.011274 -1.442327
v -10.657526 -0.011274 -1.445651
v -10.657471 0.573385 -1.445907
v -10.655128 0.904648 -1.340508
v -11.266218 0.901490 -1.253330
v -11.266241 0.573289 -1.442595
v -11.480843 0.601215 -1.352109
v -11.484646 0.762178 -1.171364
v 11.479383 0.581301 1.410193
v 11.274056 0.903204 1.308995
v 11.483171 0.763324 1.232290
v 11.273892 0.574251 1.499045
v 11.479388 -0.011273 1.409884
v 11.273859 -0.011273 1.498801
v 10.563666 0.574273 1.502819
v 10.563232 0.906411 1.312742
v 10.166232 0.902214 1.278230
v 10.170174 0.577520 1.362163
v 9.891479 0.902117 1.428535
v 10.169385 -0.011273 1.362146
v 10.563038 -0.011273 1.502375
v 10.562229 -0.764424 1.501805
v 11.273812 -0.763801 1.498489
v 11.479398 -0.760966 1.409492
v 11.480515 -0.889350 1.322285
v 11.274238 -0.951472 1.396418
v 10.561987 -0.954505 1.400028
v 10.163777 -0.698365 1.276617
v 10.168645 -0.564473 1.362131
v 9.891160 -0.564527 1.512388
v 9.891187 -0.011273 1.512537
v 9.891213 0.576764 1.512695
v 9.172888 0.902234 1.277514
v 9.172655 0.577244 1.361545
v 9.172667 -0.011273 1.361312
v 9.172676 -0.565395 1.361093
v 9.172987 -0.695205 1.275904
v 9.891343 -0.698411 1.427157
v 8.249896 -0.565026 1.441061
v 8.249318 -0.698442 1.356070
v 8.249921 -0.011273 1.441240
v 8.249948 0.577108 1.441431
v 8.249505 0.902138 1.357448
v 7.779419 0.576836 1.545155
v 7.779436 -0.011273 1.544991
v 7.779452 -0.564617 1.544836
v 7.779419 -0.698514 1.459616
v 7.314471 -0.565378 1.361238
v 7.314460 -0.011273 1.361441
v 7.314450 0.577357 1.361657
v 7.779337 0.902209 1.461016
v 7.315173 0.902219 1.277710
v 6.388912 0.899716 1.467885
v 6.388637 0.575648 1.531936
v 6.388637 -0.011273 1.531623
v 6.388637 -0.564772 1.531327
v 7.315097 -0.698524 1.276296
v 6.388636 -0.698558 1.446137
v 5.462338 -0.565366 1.361505
v 5.461827 -0.698537 1.276536
v 4.998539 -0.698483 1.442448
v 4.998581 -0.564677 1.527633
v 5.462352 -0.011273 1.361863
v 5.462365 0.575898 1.362244
v 5.462068 0.899693 1.298270
v 4.998745 0.899659 1.464165
v 4.998665 0.575596 1.528219
v 4.998621 -0.011273 1.527917
v 4.233806 -0.564290 1.429241
v 4.233651 -0.697509 1.344236
v 4.026950 -0.565434 1.265576
v 4.233663 -0.011273 1.429465
v 4.233510 0.575294 1.429703
v 4.233073 0.898927 1.365591
v 4.026961 0.575876 1.266365
v 4.026956 -0.011273 1.265959
v 3.607317 -0.011273 1.361922
v 3.607263 -0.564855 1.361621
v 4.028740 -0.698361 1.181035
v 3.606834 -0.698412 1.276575
v 2.673391 -0.564816 1.462068
v 2.673449 -0.698551 1.376895
v 1.745659 -0.695205 1.275903
v 1.745349 -0.565394 1.361092
v 1.745340 -0.011273 1.361311
v 2.673378 -0.011273 1.462368
v 2.673364 0.575667 1.462686
v 3.607376 0.575660 1.362242
v 4.028063 0.899535 1.202641
v 3.607225 0.899597 1.298247
v 2.673369 0.899711 1.398641
v 1.745561 0.902234 1.277513
v 1.745328 0.577244 1.361543
v 0.822178 0.902138 1.357446
v 0.822621 0.577108 1.441430
v 0.822595 -0.011273 1.441239
v 0.822570 -0.565026 1.441059
v 0.821991 -0.698442 1.356068
v 0.352124 -0.564617 1.544835
v 0.352108 -0.011273 1.544989
v 0.352092 0.576836 1.545153
v 0.352009 0.902209 1.461014
v -0.112876 0.577357 1.361656
v -0.112866 -0.011273 1.361440
v -0.112856 -0.565378 1.361237
v 0.352090 -0.698514 1.459615
v -0.112229 -0.698524 1.276294
v -1.038691 -0.564772 1.531326
v -1.038691 -0.011273 1.531621
v -1.964990 -0.565366 1.361504
v -1.038691 -0.698558 1.446136
v -1.965500 -0.698537 1.276535
v -2.428788 -0.698483 1.442446
v -2.428747 -0.564677 1.527632
v -1.964977 -0.011273 1.361862
v -1.964963 0.575898 1.362242
v -1.038691 0.575648 1.531935
v -1.038415 0.899716 1.467884
v -0.112152 0.902219 1.277708
v -1.965261 0.899693 1.298269
v -2.428582 0.899659 1.464164
v -2.428662 0.575596 1.528218
v -2.428706 -0.011273 1.527916
v -3.193522 -0.564290 1.429239
v -3.193674 -0.697509 1.344234
v -3.400377 -0.565434 1.265575
v -3.193665 -0.011273 1.429463
v -3.193816 0.575294 1.429702
v -3.194254 0.898927 1.365589
v -3.400365 0.575876 1.266364
v -3.400371 -0.011273 1.265958
v -3.820009 -0.011273 1.361921
v -3.820063 -0.564855 1.361620
v -3.398586 -0.698361 1.181033
v -3.820492 -0.698412 1.276574
v -4.753935 -0.564816 1.462067
v -4.753876 -0.698551 1.376894
v -4.753948 -0.011273 1.462366
v -5.456181 -0.565397 1.333975
v -5.457100 -0.698487 1.249112
v -5.673139 -0.564557 1.439595
v -5.456165 -0.011273 1.334339
v -4.753963 0.575667 1.462684
v -3.819951 0.575660 1.362240
v -3.399265 0.899535 1.202640
v -3.820101 0.899597 1.298245
v -4.753956 0.899711 1.398640
v -5.456696 0.899649 1.270811
v -5.456147 0.575898 1.334726
v -5.672973 0.899229 1.376183
v -5.672914 0.575456 1.440135
v -5.673030 -0.011273 1.439857
v -6.608747 -0.564780 1.626284
v -5.673624 -0.697941 1.354724
v -6.608819 -0.699187 1.541144
v -7.081409 -0.564544 1.582778
v -6.608727 -0.011273 1.626579
v -6.608708 0.575664 1.626891
v -6.608714 0.899704 1.562848
v -7.081604 0.575503 1.583318
v -7.081503 -0.011273 1.583040
v -7.543710 -0.011273 1.362176
v -7.543685 -0.565199 1.361847
v -7.081146 -0.699086 1.497808
v -7.542592 -0.699711 1.277090
v -8.667946 -0.564858 1.462527
v -8.667908 -0.698556 1.377363
v -9.398862 -0.698474 1.277330
v -9.399291 -0.564972 1.362381
v -9.399327 -0.011273 1.362684
v -8.667953 -0.011273 1.462821
v -7.543737 0.575957 1.362525
v -7.081708 0.899368 1.519295
v -7.543104 0.899817 1.296967
v -8.667952 0.899941 1.397405
v -8.667961 0.575803 1.463132
v -9.399367 0.575840 1.363007
v -9.399201 0.899870 1.297324
v -10.021715 0.576114 1.287779
v -10.021035 -0.011273 1.287500
v -10.020396 -0.564252 1.287238
v -10.018819 -0.698248 1.201736
v -10.250421 -0.797347 1.275750
v -10.251536 -0.665300 1.360797
v -10.252238 -0.011273 1.361343
v -10.252871 0.576842 1.361834
v -10.252290 0.901542 1.277702
v -10.022827 0.900156 1.220463
v -10.657265 0.574268 1.502819
v -10.656811 0.906419 1.332507
v -10.657316 -0.011273 1.502653
v -10.657373 -0.662906 1.502470
v -10.657040 -0.882188 1.402210
v -11.266466 -0.662945 1.498710
v -11.266514 -0.011273 1.498893
v -11.266560 0.582040 1.499061
v -11.266729 0.910941 1.270446
v -11.484713 0.763370 1.193819
v -11.480917 0.581188 1.410295
v -11.480878 -0.011273 1.410244
v -11.480836 -0.662216 1.410187
v -11.266409 -0.879058 1.398477
v -11.480571 -0.839436 1.324781
v 11.300072 0.014993 -1.449474
v 10.565008 -0.672430 -1.608590
v 11.300072 -0.519406 -1.563758
v 10.565027 0.014963 -1.530638
v 10.168637 -0.700829 -1.449676
v 10.565048 0.586627 -1.431764
v 10.168637 0.017701 -1.402319
v 9.877416 0.017270 -1.519363
v 9.877508 -0.700827 -1.532929
v 9.877323 0.591235 -1.390608
v 10.168637 0.592100 -1.280859
v 10.163765 0.921977 -1.130750
v 10.562897 0.928036 -1.284988
v 11.300072 0.586686 -1.428884
v 11.300102 0.925420 -1.282118
v 11.300152 0.929873 -0.592428
v 10.564003 0.932728 -0.592428
v 10.164038 0.923208 -0.581563
v 9.875467 0.923598 -0.581563
v 9.876549 0.921241 -1.242938
v 9.174181 0.922040 -1.132543
v 9.173904 0.591792 -1.281710
v 9.173895 0.017549 -1.403162
v 9.173885 -0.700826 -1.546943
v 8.245777 -0.595700 -1.437623
v 8.245777 0.017376 -1.509943
v 8.245777 0.591446 -1.381745
v 8.245780 0.921565 -1.233492
v 7.317817 0.591804 -1.281472
v 7.317831 0.017555 -1.402911
v 7.317844 -0.595700 -1.445989
v 6.389694 -0.685827 -1.699099
v 6.389650 0.017366 -1.574299
v 6.389608 0.591426 -1.442002
v 7.317440 0.922056 -1.132274
v 8.245777 0.923599 -0.581564
v 9.174351 0.923599 -0.581563
v 7.317207 0.923599 -0.581564
v 6.388633 0.923599 -0.581565
v 6.389126 0.921539 -1.293805
v 5.458347 0.591540 -1.381298
v 5.458288 0.017423 -1.509481
v 5.458228 -0.637839 -1.683109
v 4.532414 0.017574 -1.391563
v 4.532432 -0.637839 -1.540615
v 4.532397 0.591842 -1.270841
v 5.459274 0.921719 -1.232798
v 5.460059 0.923599 -0.581565
v 4.531823 0.922106 -1.121544
v 3.602912 0.923599 -0.581566
v 3.861993 0.591125 -1.415198
v 3.861867 0.017215 -1.545602
v 3.861739 -0.511280 -1.726674
v 3.600347 0.017694 -1.402209
v 3.600341 0.592082 -1.280753
v 3.862847 0.921049 -1.267848
v 3.602152 0.922432 -1.130824
v 2.674339 0.923599 -0.581567
v 2.674967 0.921467 -1.338094
v 2.675539 0.591378 -1.486159
v 1.746857 0.922040 -1.132544
v 1.747028 0.923599 -0.581565
v 0.818455 0.923599 -0.581565
v 0.818454 0.921565 -1.233493
v 0.818452 0.591446 -1.381746
v 1.746579 0.591792 -1.281711
v 2.675593 0.017343 -1.621455
v 1.746570 0.017549 -1.403163
v 2.675645 -0.607461 -1.798721
v 3.600355 -0.511280 -1.608404
v 1.746561 -0.700826 -1.546945
v 0.818452 -0.595700 -1.437624
v 0.818453 0.017376 -1.509945
v -0.109508 0.591804 -1.281474
v -0.109888 0.922056 -1.132275
v -0.110119 0.923599 -0.581565
v -1.038693 0.923599 -0.581566
v -1.038200 0.921539 -1.293807
v -1.037716 0.591426 -1.442003
v -0.109495 0.017555 -1.402912
v -0.109482 -0.595700 -1.445991
v -1.037634 -0.685828 -1.699100
v -1.037675 0.017366 -1.574301
v -1.968978 0.591540 -1.381300
v -1.969038 0.017423 -1.509482
v -1.969099 -0.637839 -1.683111
v -2.894911 0.017574 -1.391564
v -2.894894 -0.637839 -1.540617
v -2.894928 0.591842 -1.270842
v -1.968051 0.921719 -1.232799
v -1.967267 0.923599 -0.581567
v -2.895504 0.922106 -1.121546
v -3.824414 0.923599 -0.581567
v -3.565333 0.591125 -1.415199
v -3.565460 0.017215 -1.545603
v -3.565588 -0.511280 -1.726675
v -3.826978 0.017694 -1.402211
v -3.826985 0.592082 -1.280755
v -3.564479 0.921049 -1.267849
v -3.825175 0.922432 -1.130825
v -4.752987 0.923599 -0.581568
v -4.752360 0.921467 -1.338096
v -4.751787 0.591378 -1.486161
v -5.683171 0.921561 -1.257103
v -5.681561 0.923599 -0.581568
v -6.111431 0.922242 -1.137884
v -6.610134 0.923599 -0.630535
v -6.111829 0.591959 -1.287483
v -5.684827 0.591404 -1.405226
v -4.751734 0.017343 -1.621457
v -4.751680 -0.607461 -1.798723
v -3.826972 -0.511280 -1.608406
v -5.684956 0.017355 -1.535001
v -5.685084 -0.607462 -1.592126
v -6.111836 0.017633 -1.409364
v -6.609335 0.591369 -1.392093
v -6.609712 0.921449 -1.244053
v -7.537122 0.922499 -1.130042
v -7.538708 0.923599 -0.581569
v -7.533023 0.591920 -1.279669
v -7.533086 0.017613 -1.401062
v -6.609301 0.017337 -1.520979
v -6.111841 -0.499609 -1.618698
v -6.609263 -0.499609 -1.753504
v -7.533146 -0.642257 -1.747824
v -7.802945 -0.680590 -1.710598
v -7.803254 0.017137 -1.636206
v -7.803564 0.590967 -1.500113
v -7.805586 0.920848 -1.353207
v -8.667315 0.923599 -0.581570
v -8.668677 0.921506 -1.332420
v -8.669995 0.591383 -1.480483
v -8.670107 0.017345 -1.615384
v -8.670219 -0.596392 -1.793419
v -9.399294 0.017478 -1.401449
v -9.399210 0.591650 -1.280137
v -9.397211 0.921935 -1.131344
v -9.395856 0.923599 -0.581570
v -10.024380 0.923600 -0.527500
v -10.023883 0.922084 -1.076910
v -10.023053 0.591818 -1.226152
v -10.023026 0.017562 -1.284639
v -10.023002 -0.700228 -1.421620
v -9.399378 -0.596393 -1.506243
v -10.256551 0.017395 -1.341702
v -10.256411 -0.700227 -1.514356
v -10.256692 0.591485 -1.279650
v -10.255109 0.920911 -1.130947
v -10.257860 0.923262 -0.581571
v -10.657564 0.932735 -0.592436
v -10.656446 0.928040 -1.284073
v -10.658586 0.586633 -1.401676
v -10.658565 0.014970 -1.485526
v -10.658545 -0.814705 -1.622012
v -11.367600 0.014999 -1.368616
v -11.367600 0.586693 -1.398799
v -11.367631 0.925427 -1.227972
v -11.367685 0.929880 -0.592437
v -11.367600 -0.814705 -1.496222
v -10.024378 0.923600 0.679414
v -10.023546 0.921280 1.167614
v -10.257565 0.923205 0.679414
v -9.395853 0.923600 0.679415
v -10.254614 0.919346 1.244007
v -10.657682 0.932717 0.679408
v -10.022487 0.589435 1.259433
v -9.397181 0.920664 1.243917
v -8.667315 0.923600 0.679415
v -8.667587 0.920325 1.344436
v -8.667774 0.589230 1.434740
v -9.398337 0.589279 1.334674
v -9.398372 0.016293 1.446295
v -10.022490 0.016371 1.365953
v -10.255270 0.016208 1.445640
v -10.255347 0.589108 1.334090
v -10.658546 0.587276 1.474642
v -10.657383 0.928589 1.309152
v -11.388586 0.929860 0.679155
v -11.388778 0.925769 1.191535
v -11.388751 0.587373 1.471307
v -11.388751 0.015340 1.545724
v -10.658510 0.015292 1.595597
v -11.388751 -0.708887 1.546105
v -10.658474 -0.708887 1.690834
v -10.255196 -0.792191 1.620526
v -10.022491 -0.792191 1.524247
v -9.398404 -0.727006 1.545119
v -8.667793 -0.727006 1.674337
v -8.667784 0.016269 1.553174
v -7.542291 0.589415 1.334247
v -7.542271 0.016361 1.445868
v -7.542251 -0.804803 1.627713
v -7.079722 -0.674314 1.766843
v -7.079602 0.016188 1.681784
v -7.079481 0.589069 1.555190
v -6.609128 0.589206 1.598488
v -6.609106 0.016257 1.728073
v -6.609081 -0.674314 1.792517
v -5.675349 0.016173 1.528978
v -5.675224 -0.717186 1.744855
v -5.675474 0.589038 1.412138
v -6.609524 0.920228 1.508331
v -7.077599 0.920043 1.465479
v -7.540209 0.921418 1.242310
v -6.610134 0.923600 0.679416
v -5.681561 0.923600 0.679417
v -5.677876 0.920157 1.322391
v -5.457258 0.589482 1.306366
v -5.457284 0.016394 1.416094
v -5.457311 -0.717186 1.651059
v -4.753685 0.016259 1.552674
v -4.753669 0.589210 1.434275
v -5.458905 0.921563 1.214073
v -4.753401 0.920234 1.344105
v -4.752987 0.923600 0.679417
v -3.821282 0.589219 1.333932
v -3.821227 0.016263 1.445492
v -4.753702 -0.604228 1.806658
v -3.821173 -0.604228 1.753817
v -3.398377 -0.720647 1.687118
v -3.398468 0.016393 1.343230
v -3.398561 0.589478 1.238126
v -3.395557 0.921904 1.145367
v -3.822643 0.920462 1.243517
v -3.824415 0.923600 0.679418
v -3.188383 0.919645 1.312834
v -3.190729 0.588886 1.401909
v -3.190928 0.016097 1.517996
v -3.191128 -0.720647 1.781986
v -2.429461 0.016222 1.622706
v -2.429518 0.589136 1.499853
v -2.430224 0.919952 1.410102
v -1.967267 0.923600 0.679419
v -1.966580 0.921423 1.241738
v -1.965625 0.589475 1.333834
v -1.965633 0.016391 1.445428
v -2.429405 -0.720647 1.782514
v -1.965642 -0.582819 1.730637
v -1.038692 0.016248 1.626636
v -1.038692 0.589189 1.503522
v -1.038693 0.920126 1.413502
v -1.038694 0.923600 0.679419
v -0.110933 0.921468 1.241417
v -0.112094 0.589479 1.333582
v -0.112082 0.016393 1.445160
v -1.038692 -0.582819 1.697519
v -0.112070 -0.728951 1.627086
v 0.352599 -0.605355 1.767782
v 0.352645 0.016208 1.641048
v 0.352691 0.589109 1.517027
v 0.353157 0.919784 1.427487
v -0.110121 0.923600 0.679420
v 0.818455 0.923600 0.679420
v 0.819968 0.920831 1.322402
v 0.821438 0.589303 1.413389
v 0.821466 0.016305 1.530376
v 0.821493 -0.605355 1.686246
v 1.745802 0.016354 1.444990
v 1.745807 0.589400 1.333436
v 1.746454 0.921090 1.241925
v 1.747027 0.923600 0.679420
v 2.673925 0.920234 1.344107
v 2.673657 0.589210 1.434277
v 2.673641 0.016259 1.552676
v 2.673625 -0.604228 1.806659
v 1.745798 -0.726294 1.611079
v 3.606099 0.016263 1.445493
v 3.606153 -0.604228 1.753819
v 3.606044 0.589219 1.333934
v 3.604683 0.920462 1.243519
v 2.674338 0.923600 0.679419
v 3.602912 0.923600 0.679419
v 4.031770 0.921904 1.145368
v 4.028764 0.589478 1.238127
v 4.238943 0.919645 1.312835
v 5.460061 0.923600 0.679420
v 4.997103 0.919952 1.410104
v 4.997810 0.589136 1.499854
v 4.236598 0.588886 1.401910
v 4.028858 0.016393 1.343231
v 4.028949 -0.720647 1.687119
v 4.236398 0.016097 1.517998
v 4.997865 0.016222 1.622707
v 5.461703 0.589475 1.333835
v 5.460747 0.921423 1.241739
v 6.388634 0.920126 1.413504
v 6.388634 0.923600 0.679420
v 6.388636 0.589189 1.503523
v 6.388635 0.016248 1.626637
v 5.461693 0.016391 1.445429
v 4.997922 -0.720647 1.782516
v 4.236197 -0.720647 1.781987
v 7.315232 0.589479 1.333583
v 7.316394 0.921468 1.241418
v 7.317207 0.923600 0.679421
v 7.780483 0.919785 1.427489
v 8.245781 0.923600 0.679421
v 7.780018 0.589109 1.517028
v 7.315244 0.016393 1.445161
v 6.388635 -0.582819 1.697520
v 5.461685 -0.582819 1.730639
v 8.247294 0.920831 1.322404
v 8.248765 0.589303 1.413390
v 7.779972 0.016208 1.641050
v 7.779925 -0.605355 1.767784
v 7.315257 -0.728951 1.627087
v 8.248792 0.016305 1.530378
v 8.248820 -0.605355 1.686247
v 9.173130 0.016354 1.444992
v 9.173134 0.589400 1.333437
v 9.173780 0.921090 1.241927
v 9.174355 0.923600 0.679422
v 9.889376 0.919614 1.395314
v 9.890137 0.589059 1.484615
v 9.890225 0.016183 1.606414
v 10.169573 0.589583 1.334087
v 10.164798 0.921288 1.241742
v 9.875471 0.923598 0.679422
v 10.164009 0.923202 0.679422
v 10.564125 0.932710 0.679417
v 10.563816 0.928578 1.284661
v 10.564970 0.587268 1.456092
v 10.169543 0.016444 1.445714
v 9.890314 -0.726294 1.615434
v 9.173124 -0.726294 1.611080
v 10.169515 -0.726297 1.584524
v 10.561990 -0.612829 1.646088
v 10.564934 0.015284 1.595602
v 11.276398 0.587366 1.452760
v 11.276423 0.925763 1.281331
v 11.276236 0.929853 0.679164
v 11.276398 -0.567451 1.615909
v 11.276398 0.015333 1.538483
v -7.538708 0.923600 0.679416
vt -0.9023 17.4043
vt -0.9072 17.6162
vt -1.9531 17.5771
vt -1.9404 17.3691
vt -0.9170 16.8584
vt -2.0908 17.3721
vt -2.1045 17.5723
vt -2.1045 16.8389
vt -1.9580 16.8242
vt -0.9492 16.4531
vt -2.0127 16.4219
vt -2.1299 16.4414
vt -1.9805 16.1348
vt -0.9873 16.1738
vt -0.9863 15.4775
vt -1.9727 15.4385
vt -2.0947 15.4414
vt -2.1348 16.1396
vt -2.5498 16.4629
vt -2.6328 16.8740
vt -2.6084 17.3887
vt -2.5859 17.6143
vt -1.9668 14.6729
vt -0.9863 14.7100
vt -1.0254 13.5156
vt -2.0156 13.4766
vt -2.1680 13.4834
vt -2.0664 14.6777
vt -2.6416 14.7207
vt -2.6641 15.4424
vt -2.5293 16.1719
vt -2.6738 13.5498
vt -2.6670 13.0283
vt -2.0703 12.9590
vt -1.9746 12.9512
vt -1.0020 12.9893
vt -1.0020 12.5469
vt -1.9717 12.5088
vt -2.0615 12.5107
vt -2.7744 12.4893
vt -2.7773 11.5674
vt -2.1455 11.5625
vt -2.0205 11.5654
vt -1.0371 11.6025
vt -1.0605 11.3359
vt -2.0527 11.2959
vt -2.1992 11.2998
vt -2.1523 10.5195
vt -2.7100 10.5420
vt -2.7930 9.5361
vt -2.1924 9.5098
vt -2.0439 10.5176
vt -1.0596 10.5566
vt -1.0762 9.5508
vt -2.0674 9.5117
vt -2.2529 9.0049
vt -2.7324 8.9824
vt -2.7373 8.4150
vt -2.1592 8.7275
vt -2.0928 9.0059
vt -1.0947 9.0498
vt -1.0645 8.7568
vt -2.0488 8.7158
vt -1.0547 7.9707
vt -2.0332 7.9307
vt -2.1270 7.9277
vt -2.7012 7.4258
vt -2.2295 7.4102
vt -2.0762 7.4062
vt -1.0820 7.4502
vt -1.0518 6.4307
vt -2.0332 6.3857
vt -2.1289 6.3828
vt -2.7539 6.3711
vt -2.8008 5.3252
vt -2.1934 5.3545
vt -2.0420 5.3613
vt -1.0479 5.4111
vt -1.9922 4.8311
vt -2.0850 4.8301
vt -2.7559 4.4834
vt -2.1318 4.4717
vt -2.0078 4.4707
vt -2.1436 3.4697
vt -2.6406 3.4766
vt -2.1396 2.1562
vt -2.6982 2.1787
vt -2.7803 1.1729
vt -2.1797 1.1475
vt -1.9834 2.1475
vt -1.9941 3.4688
vt -0.9951 3.5107
vt -1.0166 4.5117
vt -1.0117 4.8779
vt -1.0479 2.1934
vt -1.0645 1.1885
vt -2.0547 1.1494
vt -2.2412 0.6416
vt -2.7197 0.6191
vt -2.7246 0.0527
vt -2.1465 0.3652
vt -2.0801 0.6426
vt -1.0820 0.6875
vt -1.0527 0.3945
vt -2.0371 0.3525
vt -1.0430 -0.3916
vt -2.0215 -0.4316
vt -2.1143 -0.4346
vt -2.6885 -0.9375
vt -2.2178 -0.9531
vt -2.0635 -0.9561
vt -1.0693 -0.9121
vt -1.0400 -1.9316
vt -2.0215 -1.9766
vt -2.1162 -1.9805
vt -2.7412 -1.9922
vt -2.7891 -3.0381
vt -2.1816 -3.0078
vt -2.0293 -3.0010
vt -1.0352 -2.9512
vt -1.9795 -3.5312
vt -2.0723 -3.5322
vt -2.7441 -3.8789
vt -2.1191 -3.8906
vt -1.9951 -3.8926
vt -2.1309 -4.8936
vt -2.6289 -4.8867
vt -2.0215 -5.7559
vt -2.6465 -6.0186
vt -1.9219 -5.7490
vt -1.9814 -4.8945
vt -0.9834 -4.8516
vt -1.0049 -3.8506
vt -1.0000 -3.4844
vt -2.1318 -5.9980
vt -2.1934 -6.5361
vt -2.7656 -6.5605
vt -2.0596 -6.5342
vt -1.9658 -5.9951
vt -0.9570 -5.9521
vt -0.9336 -5.7080
vt -0.9072 -6.4922
vt -0.8848 -7.1807
vt -2.0479 -7.2197
vt -2.2178 -7.2148
vt -2.8174 -7.2109
vt -2.8232 -7.5322
vt -2.2412 -7.5635
vt -2.0742 -7.5742
vt -0.8916 -7.5342
vt 2.1846 -7.2627
vt 2.1992 -7.6172
vt 3.0811 -7.5684
vt 3.0723 -7.2207
vt 3.0566 -6.4297
vt 2.1855 -6.4688
vt 3.1689 -6.4316
vt 3.1875 -7.2158
vt 3.2041 -7.5605
vt 3.6895 -7.1992
vt 3.6660 -6.4346
vt 3.1406 -5.9971
vt 2.9795 -5.9951
vt 2.2295 -6.0381
vt 2.2256 -5.7031
vt 2.9678 -5.6650
vt 2.2314 -4.9346
vt 3.0879 -5.6592
vt 3.5723 -6.0020
vt 3.6387 -4.8896
vt 3.1562 -4.8916
vt 2.9863 -4.8926
vt 2.9414 -3.8926
vt 2.1914 -3.9336
vt 2.1865 -2.8486
vt 2.9424 -2.8037
vt 3.1055 -2.8037
vt 3.0674 -3.8916
vt 3.6934 -3.8848
vt 3.7227 -2.8174
vt 3.6709 -1.8867
vt 3.0352 -1.8525
vt 2.9121 -1.8477
vt 2.1650 -1.8896
vt 2.1787 -0.9541
vt 2.9316 -0.9141
vt 3.0752 -0.9121
vt 3.6436 -0.9082
vt 3.1357 0.0811
vt 3.6963 -0.0225
vt 3.6611 0.5293
vt 3.0576 0.8105
vt 2.9619 0.0869
vt 2.2012 0.0459
vt 2.1836 0.7686
vt 2.9336 0.8057
vt 2.2051 1.0703
vt 3.1406 1.1025
vt 3.7109 1.0977
vt 3.1621 2.0918
vt 2.9668 1.1113
vt 2.9375 2.1035
vt 2.1904 2.0645
vt 2.9746 3.4707
vt 2.2188 3.4277
vt 2.9287 4.4697
vt 3.1445 3.4707
vt 3.6260 3.4727
vt 3.7061 2.0781
vt 3.6807 4.4775
vt 3.0547 4.4707
vt 3.0928 5.5586
vt 3.7100 5.5449
vt 3.6582 6.4756
vt 3.0225 6.5098
vt 2.9004 6.5146
vt 2.9297 5.5596
vt 2.1738 5.5146
vt 2.1797 4.4287
vt 2.1523 6.4727
vt 2.1670 7.4082
vt 2.9199 7.4492
vt 3.0625 7.4502
vt 3.6318 7.4541
vt 3.1230 8.4434
vt 3.6836 8.3398
vt 3.6494 8.8916
vt 3.0459 9.1729
vt 2.9492 8.4492
vt 2.1885 8.4082
vt 2.1709 9.1309
vt 2.9209 9.1680
vt 2.1934 9.4336
vt 3.1289 9.4658
vt 3.6982 9.4600
vt 3.1494 10.4541
vt 2.9541 9.4736
vt 2.9258 10.4668
vt 2.1777 10.4268
vt 2.1953 11.3701
vt 2.9482 11.4102
vt 3.1934 11.4229
vt 3.7764 11.4326
vt 3.6934 10.4414
vt 3.1553 11.8926
vt 3.7764 12.4150
vt 2.9805 11.8926
vt 2.2178 11.8506
vt 2.2070 12.4033
vt 2.9619 12.4434
vt 3.0977 12.4395
vt 3.1768 13.4609
vt 3.6895 12.9824
vt 2.9883 13.4609
vt 2.2256 13.4160
vt 2.9277 13.8037
vt 3.0391 13.7812
vt 3.6748 14.6660
vt 3.7139 13.4912
vt 3.0527 14.6494
vt 3.1748 15.4355
vt 3.7627 15.4131
vt 2.9336 14.6396
vt 2.1865 14.5986
vt 2.1826 13.7637
vt 2.2275 15.3906
vt 2.9932 15.4336
vt 3.0049 16.1748
vt 2.2324 16.1289
vt 2.1992 16.4238
vt 3.0459 16.4707
vt 2.1738 16.8535
vt 3.2080 16.4863
vt 3.1904 16.1738
vt 3.7588 16.1562
vt 3.6543 16.4541
vt 3.7520 16.9131
vt 3.1602 16.9072
vt 3.0020 16.8965
vt 2.1738 17.4482
vt 3.0029 17.4844
vt 3.1680 17.4746
vt 3.7617 17.4541
vt 3.7451 17.6895
vt 3.1982 17.6924
vt 3.0273 17.7148
vt 2.1855 17.6816
vt 3.6875 -7.5410
vt 3.9746 16.1006
vt 3.0713 16.1143
vt 3.1611 15.9229
vt 3.9814 15.9180
vt 4.8955 15.9111
vt 4.9365 16.0859
vt 4.8955 15.4619
vt 3.9834 15.4600
vt 3.1650 15.4580
vt 3.9785 15.1299
vt 4.9717 15.1357
vt 4.8906 14.9121
vt 4.0010 14.9082
vt 3.0537 14.9043
vt 3.0850 15.1250
vt 4.0156 14.3486
vt 3.1016 14.3467
vt 4.8760 14.3506
vt 4.7744 13.7480
vt 4.0127 13.7461
vt 3.2041 13.7451
vt 4.0156 13.1104
vt 4.7646 13.1113
vt 4.0195 12.8486
vt 3.2197 13.1094
vt 3.1201 12.8486
vt 3.1504 12.0811
vt 4.0127 12.0791
vt 4.8242 12.0781
vt 4.8672 12.8486
vt 4.8545 11.6582
vt 4.0049 11.6611
vt 3.1035 11.6641
vt 3.1553 11.2998
vt 4.0010 11.2959
vt 4.7988 11.2930
vt 4.7598 10.5752
vt 3.9912 10.5791
vt 3.1748 10.5830
vt 3.9707 9.8252
vt 4.8066 9.8203
vt 4.7520 9.5898
vt 3.9678 9.5938
vt 3.0840 9.8301
vt 3.1357 9.5977
vt 3.0693 9.0479
vt 3.9600 9.0449
vt 4.7979 9.0410
vt 4.7471 8.2812
vt 3.9541 8.2832
vt 3.1113 8.2842
vt 3.9512 7.5693
vt 4.7129 7.5713
vt 3.9570 6.8369
vt 3.1416 7.5684
vt 3.0996 6.8301
vt 3.9932 6.0166
vt 3.1738 6.0166
vt 4.7646 6.0166
vt 4.7646 6.8438
vt 4.0449 5.2559
vt 4.8438 5.2559
vt 3.1973 5.2559
vt 4.1689 4.5547
vt 4.9385 4.5508
vt 4.1494 3.8008
vt 3.3535 4.5596
vt 3.2617 3.8057
vt 4.1465 3.5693
vt 3.3135 3.5742
vt 3.2480 3.0244
vt 4.1387 3.0205
vt 3.2900 2.2598
vt 4.9766 3.0166
vt 4.9307 3.5654
vt 4.9854 3.7969
vt 4.9258 2.2578
vt 4.1328 2.2588
vt 4.8916 1.5469
vt 4.1289 1.5459
vt 3.3193 1.5439
vt 4.1348 0.8135
vt 4.9424 0.8203
vt 4.9424 -0.0078
vt 4.1709 -0.0078
vt 3.2773 0.8057
vt 3.3525 -0.0078
vt 4.2236 -0.7676
vt 5.0225 -0.7676
vt 4.9941 -1.3535
vt 4.2539 -1.3477
vt 3.3760 -0.7676
vt 3.4668 -1.3408
vt 4.2432 -1.6055
vt 5.0088 -1.6055
vt 4.2275 -1.9336
vt 3.4277 -1.6055
vt 3.4268 -1.9336
vt 3.4746 -2.5381
vt 4.2285 -2.5381
vt 5.1553 -1.9336
vt 5.1816 -2.5381
vt 5.1924 -2.8076
vt 4.2305 -2.8076
vt 3.4463 -2.8076
vt -2.3477 15.7998
vt -2.3076 15.9619
vt -3.0957 15.9717
vt -3.1074 15.8105
vt -2.3691 15.3828
vt -3.9629 15.9824
vt -3.9424 15.8223
vt -3.1289 15.3945
vt -3.9746 15.4062
vt -3.1318 15.0859
vt -2.2900 15.0752
vt -2.2529 14.8662
vt -3.1553 14.8740
vt -2.2979 14.3369
vt -4.0059 14.8828
vt -4.0674 15.0977
vt -3.1719 14.3457
vt -3.9961 14.3545
vt -2.3564 13.7520
vt -3.1963 13.7617
vt -3.9883 13.7715
vt -3.2383 12.8525
vt -2.3584 12.8418
vt -2.4648 12.4473
vt -3.2568 12.4561
vt -2.4912 12.1143
vt -4.0039 12.4639
vt -4.0684 12.8633
vt -3.2676 12.1211
vt -4.0000 12.1270
vt -3.2842 11.4023
vt -2.4395 11.3965
vt -3.2900 11.1982
vt -4.0811 11.4082
vt -4.1377 11.2051
vt -3.3135 10.6074
vt -4.1260 10.6133
vt -2.4512 10.6025
vt -2.3926 11.1904
vt -3.3203 9.8447
vt -2.4258 9.8418
vt -4.1650 9.8477
vt -4.2070 9.4658
vt -3.3252 9.4648
vt -2.3916 9.4639
vt -2.4639 9.2451
vt -3.3242 9.2451
vt -4.1348 9.2441
vt -3.3271 8.6475
vt -2.4980 8.6494
vt -2.4297 8.2568
vt -3.3291 8.2529
vt -4.1094 8.6465
vt -4.1768 8.2490
vt -3.3086 7.4824
vt -2.4600 7.4922
vt -2.3613 6.7266
vt -3.2656 6.7109
vt -4.1084 7.4727
vt -4.1162 6.6963
vt -4.0342 6.2910
vt -3.2432 6.3076
vt -2.4023 6.3252
vt -2.3262 6.0166
vt -3.2178 6.0166
vt -4.0576 6.0166
vt -3.1455 5.2559
vt -2.2070 5.2559
vt -2.1934 4.6162
vt -3.0879 4.6104
vt -3.9287 4.6035
vt -4.0293 5.2559
vt -3.1426 3.8213
vt -3.9863 3.8242
vt -2.2471 3.8174
vt -2.2129 3.4404
vt -3.1475 3.4414
vt -4.0293 3.4424
vt -3.1455 3.2207
vt -2.2852 3.2217
vt -3.1484 2.6230
vt -3.9561 3.2207
vt -3.9307 2.6221
vt -3.1504 2.2285
vt -3.9990 2.2246
vt -2.2510 2.2324
vt -2.3193 2.6250
vt -3.1299 1.4580
vt -2.2822 1.4678
vt -3.9307 1.4492
vt -3.0869 0.6865
vt -2.1836 0.7021
vt -2.2246 0.3018
vt -3.0654 0.2842
vt -2.1475 -0.0078
vt -3.8564 0.2676
vt -3.9375 0.6719
vt -3.0400 -0.0078
vt -3.8789 -0.0078
vt -2.9668 -0.7676
vt -2.0293 -0.7676
vt -2.0146 -1.4072
vt -2.9092 -1.4141
vt -1.9482 -1.6055
vt -3.7500 -1.4199
vt -3.8506 -0.7676
vt -2.9072 -1.6055
vt -3.8086 -1.6055
vt -2.0039 -2.0137
vt -2.8770 -2.0137
vt -3.9990 -2.0137
vt -2.8193 -2.5381
vt -1.9219 -2.5381
vt -2.7891 -2.8076
vt -3.9736 -2.5381
vt -4.0137 -2.8076
vt -1.8203 -2.8076
vt -2.8037 5.3965
vt -3.0195 5.3965
vt -3.0029 5.2598
vt -2.7881 5.2559
vt -3.0225 4.9004
vt -2.5078 5.2520
vt -2.8125 4.8926
vt -3.0537 4.6328
vt -2.8848 4.6221
vt -2.5293 4.8877
vt -2.5703 4.6172
vt -2.8369 4.4336
vt -3.0566 4.4355
vt -3.0039 3.9736
vt -2.8291 3.9717
vt -2.6182 3.9688
vt -2.6191 4.4316
vt -2.5078 4.4297
vt -2.4668 4.6162
vt -2.4355 4.8857
vt -2.4160 5.2500
vt -2.5137 5.3926
vt -2.4180 5.3906
vt -1.8184 5.2412
vt -1.8301 4.8760
vt -1.7969 4.6064
vt -1.7881 4.4219
vt -1.8135 3.9590
vt -2.5107 3.9678
vt -2.5166 3.4570
vt -2.6201 3.4580
vt -2.8232 3.4609
vt -2.9668 3.4639
vt -3.1035 2.6699
vt -2.8848 2.6660
vt -2.6719 2.6631
vt -2.5645 2.6611
vt -1.8623 2.6514
vt -1.8467 3.4473
vt -1.7266 3.4463
vt -1.6885 3.9580
vt -1.6592 4.4209
vt -1.6768 4.6045
vt -1.7217 4.8740
vt -1.5166 4.6016
vt -1.4883 4.4189
vt -1.5234 3.9561
vt -1.5674 3.4443
vt -1.3115 3.9541
vt -1.2432 4.4180
vt -1.2861 4.6094
vt -1.5781 4.8721
vt -1.2861 4.8867
vt -1.7109 5.2393
vt -1.5615 5.2373
vt -1.2734 5.2178
vt -1.2988 5.3643
vt -1.5303 5.3779
vt -1.6836 5.3809
vt -1.7949 5.3818
vt -1.3906 3.4434
vt -1.5693 2.6465
vt -1.3174 2.6406
vt -1.4863 2.3037
vt -1.6514 2.3018
vt -1.5166 2.0098
vt -1.8018 2.3037
vt -1.7363 2.6494
vt -1.9150 2.3047
vt -1.8193 2.0117
vt -1.6719 2.0098
vt -1.6318 1.3809
vt -1.4199 1.3770
vt -1.7920 1.3828
vt -1.5957 1.2012
vt -1.3447 1.1992
vt -1.6406 0.6865
vt -1.7656 1.2021
vt -1.9131 1.3838
vt -1.9297 2.0127
vt -2.5469 2.3125
vt -2.6436 2.3135
vt -2.5488 2.0176
vt -2.5869 1.3896
vt -1.8945 1.2041
vt -1.8047 0.6875
vt -1.6211 0.0205
vt -1.4609 0.6846
vt -1.4062 0.0176
vt -1.3340 -0.3154
vt -1.5947 -0.3105
vt -1.4570 -0.4941
vt -1.7715 -0.3105
vt -1.7910 0.0205
vt -1.9277 0.6885
vt -2.6104 1.2109
vt -2.6904 1.3896
vt -2.6445 2.0186
vt -2.8359 2.3154
vt -2.9746 2.3232
vt -2.9609 2.0225
vt -2.8320 2.0205
vt -2.8945 1.3916
vt -3.0732 1.3887
vt -3.1445 1.2148
vt -2.9375 1.2139
vt -2.7207 1.2119
vt -2.6152 0.6934
vt -1.9189 0.0215
vt -1.9053 -0.3105
vt -2.6328 0.0244
vt -2.7207 0.6943
vt -2.9287 0.6953
vt -3.0840 0.6973
vt -3.1367 0.0244
vt -2.9590 0.0254
vt -2.7432 0.0244
vt -2.6504 -0.3086
vt -2.7656 -0.3086
vt -2.9912 -0.3086
vt -3.2168 -0.3096
vt -3.0938 -0.4941
vt -2.9355 -0.5029
vt -2.7275 -0.5029
vt -2.6221 -0.5029
vt -1.9365 -0.5020
vt -1.8135 -0.5020
vt -1.8340 -1.0244
vt -1.9521 -1.0244
vt -2.6133 -1.0264
vt -2.7158 -1.0264
vt -2.9160 -1.0264
vt -3.0498 -1.0293
vt -2.9688 -1.3750
vt -2.7510 -1.3740
vt -2.6406 -1.3730
vt -1.9238 -1.3691
vt -1.7949 -1.3682
vt -1.6240 -1.3672
vt -1.6768 -1.0244
vt -1.6504 -0.5020
vt -1.5117 -1.0254
vt -1.3730 -1.3643
vt -1.6475 -2.0371
vt -1.8086 -2.0391
vt -1.9297 -2.0410
vt -2.6064 -2.0498
vt -2.7109 -2.0508
vt -2.9160 -2.0537
vt -3.0547 -2.0557
vt -3.1895 -1.3730
vt -3.1367 -2.7383
vt -2.9219 -2.7344
vt -2.7031 -2.7295
vt -2.5928 -2.7275
vt -1.8730 -2.7139
vt -1.7441 -2.7109
vt -1.5723 -2.7080
vt -1.4824 -2.0352
vt -1.3164 -2.7041
vt -1.4424 -3.0527
vt -1.6035 -3.0586
vt -1.7627 -3.0625
vt -1.8828 -3.0654
vt -2.5527 -3.0811
vt -2.6562 -3.0840
vt -2.8584 -3.0889
vt -2.9932 -3.0889
vt -3.0547 -3.3291
vt -2.8760 -3.3291
vt -2.6611 -3.3291
vt -2.5518 -3.3291
vt -1.8418 -3.3291
vt -1.7139 -3.3291
vt -1.5449 -3.3291
vt -1.3340 -3.3291
vt -1.4531 -3.9951
vt -1.6318 -3.9951
vt -1.7656 -3.9951
vt -2.5127 -3.9951
vt -2.6279 -3.9951
vt -2.8545 -3.9951
vt -3.0703 -3.9951
vt -2.7773 -4.5654
vt -2.5615 -4.5645
vt -2.4521 -4.5635
vt -1.7402 -4.5576
vt -1.6211 -4.5566
vt -1.4424 -4.5547
vt -1.2070 -3.9951
vt -1.2666 -4.5547
vt -1.5605 -5.2959
vt -1.7295 -5.2949
vt -1.8584 -5.2939
vt -2.5723 -5.2910
vt -2.6816 -5.2910
vt -2.8984 -5.2900
vt -3.0762 -5.2910
vt -2.9346 -4.5703
vt -3.1562 -5.6260
vt -2.9307 -5.6240
vt -2.7051 -5.6250
vt -2.5898 -5.6250
vt -1.8447 -5.6260
vt -1.7109 -5.6260
vt -1.5332 -5.6260
vt -1.2734 -5.6309
vt -1.3447 -5.2988
vt -1.3955 -5.8096
vt -1.5898 -5.8174
vt -1.7529 -5.8174
vt -1.8760 -5.8184
vt -2.5615 -5.8184
vt -2.6670 -5.8184
vt -2.8750 -5.8184
vt -3.0332 -5.8096
vt -2.8555 -6.3428
vt -2.9893 -6.3447
vt -2.6543 -6.3418
vt -2.5527 -6.3418
vt -1.8916 -6.3408
vt -1.7734 -6.3398
vt -1.6162 -6.3398
vt -1.4512 -6.3408
vt -1.5635 -6.6836
vt -1.7344 -6.6846
vt -1.8623 -6.6846
vt -2.5791 -6.6885
vt -2.6895 -6.6895
vt -2.9072 -6.6904
vt -3.1289 -6.6885
vt -2.9941 -7.3711
vt -2.8545 -7.3691
vt -3.0762 -8.0537
vt -2.6494 -7.3672
vt -2.5459 -7.3652
vt -1.8691 -7.3564
vt -1.7480 -7.3555
vt -1.5869 -7.3535
vt -1.3125 -6.6797
vt -1.4219 -7.3506
vt -1.5107 -8.0234
vt -1.6826 -8.0264
vt -1.8115 -8.0293
vt -2.5312 -8.0430
vt -2.6426 -8.0459
vt -2.8604 -8.0498
vt -2.9316 -8.4053
vt -2.7979 -8.4043
vt -2.5947 -8.3994
vt -2.4922 -8.3975
vt -1.8223 -8.3809
vt -1.7021 -8.3779
vt -1.5430 -8.3740
vt -1.3818 -8.3682
vt -1.2549 -8.0195
vt -1.2734 -8.6445
vt -1.4834 -8.6445
vt -1.6533 -8.6445
vt -1.7803 -8.6445
vt -2.4912 -8.6445
vt -2.5996 -8.6445
vt -2.8154 -8.6445
vt -2.9941 -8.6445
vt -3.0098 -9.3105
vt -2.7939 -9.3105
vt -2.5664 -9.3105
vt -2.4521 -9.3105
vt -1.7051 -9.3105
vt -1.5703 -9.3105
vt -1.3926 -9.3105
vt -1.1455 -9.3105
vt -1.3818 -9.8711
vt -1.5518 -9.8721
vt -1.6787 -9.8730
vt -2.3906 -9.8789
vt -2.5010 -9.8799
vt -2.7168 -9.8818
vt -2.8643 -9.8857
vt -3.0107 -10.0439
vt -2.7617 -10.0439
vt -2.5303 -10.0439
vt -2.4131 -10.0439
vt -1.6494 -10.0439
vt -1.5127 -10.0439
vt -1.3301 -10.0439
vt -1.2051 -9.8701
vt -1.0547 -10.0439
vt -1.3730 -10.4014
vt -1.5381 -10.4014
vt -1.6631 -10.4014
vt -2.3594 -10.4014
vt -2.4658 -10.4014
vt -2.9082 -10.4014
vt -3.1016 -10.4014
vt -3.1328 -10.8604
vt -2.8877 -10.8604
vt -3.1602 -11.0967
vt -2.9189 -11.0967
vt -2.4346 -10.8604
vt -2.3242 -10.8604
vt -1.6084 -10.8604
vt -1.4795 -10.8604
vt -1.3096 -10.8604
vt -1.4199 -11.0967
vt -1.5576 -11.0967
vt -2.3213 -11.0967
vt -2.4395 -11.0967
vt -1.0371 -10.4014
vt -0.9688 -10.8604
vt -1.2314 -11.0967
vt -0.9463 -11.0967
vt 2.6074 5.5117
vt 2.3389 5.4902
vt 2.3467 5.3232
vt 2.6768 5.3447
vt 2.8008 5.5088
vt 2.6797 4.9375
vt 2.3740 4.9600
vt 2.3281 4.6504
vt 2.6182 4.6465
vt 2.2998 4.4502
vt 2.7881 4.6475
vt 2.8340 4.9385
vt 2.8311 5.3438
vt 2.9492 5.3428
vt 2.9238 5.5068
vt 2.9512 4.9385
vt 2.9160 4.6484
vt 2.9102 4.4541
vt 2.7744 4.4531
vt 2.5938 4.4531
vt 2.3555 3.9639
vt 2.6299 3.9639
vt 2.5078 3.4414
vt 2.8047 3.9648
vt 2.9355 3.9648
vt 3.6621 3.9668
vt 3.6621 4.4580
vt 3.6260 4.6523
vt 3.6045 4.9395
vt 3.6035 5.3379
vt 3.6143 5.4941
vt 3.7041 5.3369
vt 3.7051 4.9395
vt 3.7354 4.6533
vt 3.7783 4.4580
vt 3.7734 3.9678
vt 3.7217 3.4395
vt 3.6221 3.4395
vt 2.9795 3.4385
vt 2.8643 3.4375
vt 2.7100 3.4375
vt 2.7217 2.8809
vt 2.5322 2.8672
vt 2.8740 2.8818
vt 2.9873 2.8818
vt 3.6201 2.8828
vt 3.7178 2.8828
vt 3.7705 2.6523
vt 3.6611 2.6523
vt 2.9453 2.6523
vt 2.8174 2.6523
vt 2.6455 2.6523
vt 2.3535 2.6543
vt 2.4492 1.9814
vt 2.6689 1.9814
vt 2.8330 1.9805
vt 2.9561 1.9805
vt 3.6416 1.9785
vt 3.7471 1.9785
vt 3.9893 2.6523
vt 3.9102 2.8828
vt 3.9170 3.4404
vt 4.0908 3.4463
vt 4.0723 2.8672
vt 4.2578 2.6533
vt 4.1494 1.9756
vt 3.9561 1.9775
vt 3.9795 1.6104
vt 3.7607 1.6113
vt 3.6504 1.6123
vt 2.9326 1.6143
vt 2.8047 1.6152
vt 2.6318 1.6162
vt 2.3486 1.6182
vt 2.4404 1.3027
vt 2.6719 1.2969
vt 2.8340 1.2959
vt 2.9541 1.2949
vt 3.6279 1.2920
vt 3.7314 1.2920
vt 3.9365 1.2910
vt 4.2275 1.6104
vt 4.2842 1.2988
vt 3.9062 0.6621
vt 3.7080 0.6631
vt 3.6084 0.6641
vt 2.9600 0.6680
vt 2.8428 0.6689
vt 2.6875 0.6699
vt 2.4902 0.6680
vt 2.6172 0.0098
vt 2.3301 0.0098
vt 2.4512 -0.1875
vt 2.6562 -0.1934
vt 2.3262 -0.6729
vt 2.8154 -0.1943
vt 2.7861 0.0088
vt 2.9131 0.0078
vt 3.6182 0.0039
vt 3.7275 0.0029
vt 3.9424 0.0020
vt 4.2246 0.6533
vt 4.1914 -0.0029
vt 3.9004 -0.2002
vt 3.6982 -0.1992
vt 3.5967 -0.1982
vt 2.9346 -0.1953
vt 2.9033 -0.6758
vt 2.7764 -0.6758
vt 2.6064 -0.6748
vt 2.4072 -1.3418
vt 2.6387 -1.3438
vt 2.7988 -1.3438
vt 2.9199 -1.3438
vt 3.5898 -1.3457
vt 3.6113 -0.6797
vt 3.7197 -0.6797
vt 3.9355 -0.6807
vt 4.0791 -0.1992
vt 4.1846 -0.6846
vt 3.8965 -1.3457
vt 3.6924 -1.3457
vt 3.6738 -1.9688
vt 3.5752 -1.9688
vt 2.9316 -1.9697
vt 2.8154 -1.9697
vt 2.6611 -1.9707
vt 2.4580 -1.9736
vt 2.3584 -2.6211
vt 2.6289 -2.6172
vt 2.4746 -3.3291
vt 2.7930 -2.6152
vt 2.9150 -2.6143
vt 3.5967 -2.6074
vt 3.7021 -2.6064
vt 3.9102 -2.6045
vt 3.8701 -1.9678
vt 4.1016 -1.3447
vt 4.0469 -1.9707
vt 4.1416 -2.6045
vt 3.9102 -3.3291
vt 3.7109 -3.3291
vt 3.6113 -3.3291
vt 2.9590 -3.3291
vt 2.8428 -3.3291
vt 2.6865 -3.3291
vt 2.4434 -3.9951
vt 2.7041 -3.9951
vt 2.8662 -3.9951
vt 2.9873 -3.9951
vt 3.6621 -3.9951
vt 3.7656 -3.9951
vt 3.9707 -3.9951
vt 4.2139 -3.9951
vt 4.0908 -3.3291
vt 4.1191 -4.5059
vt 3.9492 -4.5078
vt 3.7588 -4.5059
vt 3.6621 -4.5049
vt 3.0371 -4.4990
vt 2.9248 -4.4980
vt 2.7744 -4.4971
vt 2.5684 -4.5010
vt 2.6250 -5.2002
vt 2.3379 -5.2012
vt 2.4600 -5.3975
vt 2.6650 -5.4033
vt 2.3340 -5.8828
vt 2.8232 -5.4043
vt 2.7949 -5.2012
vt 2.9209 -5.2021
vt 3.6270 -5.2070
vt 3.7354 -5.2070
vt 3.9502 -5.2090
vt 4.1992 -5.2139
vt 3.9082 -5.4111
vt 3.7070 -5.4092
vt 3.6045 -5.4092
vt 2.9424 -5.4053
vt 2.9111 -5.8867
vt 2.7842 -5.8857
vt 2.6143 -5.8848
vt 2.4150 -6.5518
vt 2.6465 -6.5537
vt 2.8076 -6.5537
vt 2.9277 -6.5547
vt 3.5977 -6.5557
vt 3.6191 -5.8896
vt 3.7275 -5.8906
vt 3.9443 -5.8916
vt 4.0869 -5.4102
vt 4.1924 -5.8945
vt 3.9053 -6.5566
vt 3.7012 -6.5557
vt 3.6826 -7.1787
vt 3.5830 -7.1787
vt 2.9395 -7.1797
vt 2.8242 -7.1807
vt 2.6689 -7.1807
vt 2.4658 -7.1836
vt 2.3662 -7.8311
vt 2.6367 -7.8271
vt 2.4834 -8.5391
vt 2.8008 -7.8252
vt 2.9229 -7.8242
vt 3.6045 -7.8174
vt 3.7100 -7.8164
vt 3.9180 -7.8145
vt 3.8789 -7.1787
vt 4.1094 -6.5557
vt 4.0547 -7.1816
vt 4.1494 -7.8145
vt 3.9180 -8.5391
vt 3.7188 -8.5391
vt 3.6191 -8.5391
vt 2.9678 -8.5391
vt 2.8506 -8.5391
vt 2.6943 -8.5391
vt 2.4512 -9.2051
vt 2.7129 -9.2051
vt 2.8750 -9.2051
vt 2.9951 -9.2051
vt 3.6699 -9.2051
vt 3.7734 -9.2051
vt 3.9795 -9.2051
vt 4.2217 -9.2051
vt 4.0996 -8.5391
vt 4.1270 -9.7158
vt 3.9580 -9.7178
vt 3.7666 -9.7168
vt 3.6709 -9.7158
vt 3.0449 -9.7100
vt 2.9326 -9.7080
vt 2.7822 -9.7070
vt 2.5762 -9.7109
vt 2.4697 -9.9385
vt 2.7529 -9.9385
vt 2.9082 -9.9385
vt 3.0244 -9.9385
vt 3.6719 -9.9385
vt 3.7715 -9.9385
vt 3.9688 -9.9385
vt 4.1992 -9.9385
vt 4.0811 -10.2256
vt 3.7168 -10.2256
vt 3.6279 -10.2256
vt 3.0537 -10.2256
vt 2.9502 -10.2256
vt 2.7520 -10.2256
vt 2.5371 -10.2256
vt 2.5410 -10.7549
vt 2.7881 -10.7549
vt 2.5674 -10.9912
vt 2.7666 -10.9912
vt 2.9531 -10.7549
vt 3.0557 -10.7549
vt 3.6270 -10.7549
vt 3.7148 -10.7549
vt 4.1016 -10.7549
vt 4.2451 -10.2256
vt 4.2695 -10.7549
vt 4.1104 -10.9912
vt 3.7334 -10.9912
vt 3.6416 -10.9912
vt 3.0420 -10.9912
vt 2.9346 -10.9912
vt 4.2900 -10.9912
vt 3.7197 5.4932
vt 4.0107 5.3340
vt 4.0420 5.4873
vt 4.2871 5.4766
vt 4.2480 5.3291
vt 4.2373 4.9463
vt 4.0107 4.9404
vt 4.0693 4.6553
vt 4.3047 4.6621
vt 4.0068 4.4590
vt 3.9951 3.9678
vt 4.2549 3.9707
vt 4.2793 4.4580
vt -17.9248 1.9922
vt -17.9502 0.6855
vt -17.7773 0.7480
vt -17.7666 1.9639
vt -17.9131 2.2158
vt -17.5674 0.7500
vt -17.5635 1.9639
vt -17.7617 2.1797
vt -17.9326 3.0850
vt -17.7529 3.0996
vt -17.5557 3.0947
vt -17.5635 2.1748
vt -17.3594 1.9639
vt -17.3574 0.7520
vt -17.0557 0.6953
vt -17.0654 2.0176
vt -17.0713 2.2314
vt -17.3652 2.1699
vt -17.3574 3.0898
vt -17.0312 2.9727
vt -16.8613 2.2080
vt -16.8623 1.9609
vt -16.8555 0.6738
vt -16.3555 1.9502
vt -16.3574 2.1865
vt -16.8496 2.9316
vt -16.3467 3.1006
vt -15.8242 2.9883
vt -15.8154 2.0371
vt -15.8096 1.8789
vt -16.3506 0.7070
vt -15.8066 0.7793
vt -15.2324 0.7900
vt -15.2334 1.8721
vt -15.2178 2.0195
vt -14.9961 1.9443
vt -14.9961 2.1885
vt -15.0146 3.0400
vt -14.6738 3.0146
vt -14.2861 3.1143
vt -14.2959 2.0898
vt -14.2988 1.9141
vt -14.9961 0.7197
vt -14.3018 0.7412
vt -13.9248 0.7080
vt -13.9189 1.9355
vt -13.9189 2.1611
vt -13.5996 3.1143
vt -13.5967 2.2129
vt -13.5889 1.8965
vt -13.5947 0.7451
vt -12.9473 0.7588
vt -12.9395 1.8691
vt -12.9307 2.1582
vt -12.9160 3.0156
vt -12.2402 3.0234
vt -12.2520 2.1289
vt -12.2568 1.9014
vt -12.2656 0.6943
vt -12.0557 0.7305
vt -12.0479 1.8633
vt -12.0488 2.0264
vt -11.8555 2.9609
vt -11.5479 2.1221
vt -11.5518 1.8955
vt -11.5576 0.6846
vt -10.8643 1.8604
vt -10.8672 0.7139
vt -10.2188 0.7344
vt -10.2217 1.8359
vt -10.8652 2.0469
vt -10.8672 2.9365
vt -11.4756 3.0000
vt -10.1982 2.9658
vt -10.2188 1.9971
vt -9.5635 2.0830
vt -9.5635 1.8721
vt -9.5508 0.7051
vt -8.8154 0.7578
vt -8.8154 1.8721
vt -8.1279 1.9277
vt -8.1279 0.7744
vt -7.2490 0.7598
vt -7.2109 1.8594
vt -7.2324 2.1602
vt -8.1279 2.1484
vt -8.8154 2.0371
vt -8.8154 2.9727
vt -9.5547 3.0176
vt -8.1279 2.9170
vt -7.2178 3.0166
vt -6.5430 3.0244
vt -6.5537 2.1299
vt -6.5586 1.9033
vt -6.5674 0.6953
vt -6.3574 0.7324
vt -6.3496 1.8643
vt -6.3506 2.0273
vt -6.1572 2.9619
vt -5.8506 2.1230
vt -5.8535 1.8975
vt -5.8604 0.6855
vt -5.1660 1.8613
vt -5.1689 0.7148
vt -4.5215 0.7363
vt -4.5234 1.8379
vt -5.1670 2.0479
vt -5.1689 2.9385
vt -5.7783 3.0020
vt -4.5010 2.9678
vt -4.5205 1.9980
vt -3.8662 2.0840
vt -3.8662 1.8730
vt -3.8535 0.7070
vt -3.1172 0.7588
vt -3.1172 1.8730
vt -2.4297 1.9287
vt -2.4297 0.7754
vt -1.9111 0.8389
vt -1.8994 1.9092
vt -1.6719 0.8115
vt -1.9014 2.0645
vt -2.4297 2.1504
vt -3.1172 2.0381
vt -3.1172 2.9736
vt -3.8564 3.0186
vt -2.4297 2.9189
vt -1.6719 2.8477
vt -1.6719 2.1299
vt -1.6719 1.9199
vt -1.3750 2.0215
vt -1.3750 0.8105
vt -1.0605 0.8115
vt -1.0605 2.0146
vt -1.3750 2.1719
vt -1.3750 2.9590
vt -1.0605 2.1660
vt -1.0605 2.9531
vt -0.8281 2.0410
vt -0.8281 0.8447
vt -0.5840 0.8242
vt -0.5840 2.0479
vt -0.8281 2.1934
vt -0.8281 2.9814
vt -0.5840 2.2129
vt -0.5840 2.9854
vt -17.8096 -2.6855
vt -17.8643 -3.4912
vt -17.6992 -3.5137
vt -17.6680 -2.6699
vt -17.8096 -2.4883
vt -17.6641 -2.4746
vt -17.4824 -2.6787
vt -17.5107 -3.5303
vt -17.3213 -3.5469
vt -17.2969 -2.6875
vt -17.4766 -2.4854
vt -17.6445 -1.3574
vt -17.7900 -1.3281
vt -17.4561 -1.3643
vt -17.2676 -1.3721
vt -17.2881 -2.4961
vt -16.9883 -1.3164
vt -17.0381 -2.6914
vt -17.0049 -3.5146
vt -16.8193 -2.7070
vt -16.7217 -3.5088
vt -16.8145 -2.5186
vt -17.0088 -2.5625
vt -16.7988 -1.2900
vt -16.3271 -2.4541
vt -16.2998 -2.6807
vt -16.3574 -3.5820
vt -15.8447 -3.5576
vt -15.8223 -2.6797
vt -15.8096 -2.5059
vt -14.9922 -2.7617
vt -15.0410 -3.6084
vt -14.7012 -3.6035
vt -14.6338 -2.6445
vt -14.9883 -2.5625
vt -15.7920 -1.3623
vt -16.3213 -1.3223
vt -14.9678 -1.3643
vt -14.6113 -1.4385
vt -14.6260 -2.5176
vt -14.3223 -2.6318
vt -14.3252 -3.7256
vt -13.6631 -3.7295
vt -13.6680 -2.7344
vt -14.3213 -2.5146
vt -14.3096 -1.4570
vt -13.6602 -1.4209
vt -13.6719 -2.5713
vt -13.4883 -2.7998
vt -12.9531 -2.7441
vt -12.9697 -3.6543
vt -13.4873 -2.6104
vt -13.4746 -1.3887
vt -12.9521 -2.6025
vt -12.9424 -1.4297
vt -12.2539 -1.4111
vt -12.2598 -2.6299
vt -12.2588 -2.7920
vt -12.2773 -3.7607
vt -11.9131 -2.8652
vt -11.8906 -3.6914
vt -11.5098 -3.6973
vt -11.7227 -2.7529
vt -11.9141 -2.6602
vt -11.9121 -1.3877
vt -11.7139 -2.6094
vt -11.7148 -1.4385
vt -11.1748 -1.4619
vt -11.1729 -2.5908
vt -11.1699 -2.7129
vt -10.8271 -3.6641
vt -10.8154 -2.8398
vt -10.8125 -2.6387
vt -10.8203 -1.4141
vt -10.1279 -1.4355
vt -10.1113 -2.5908
vt -10.1094 -2.7168
vt -10.1074 -3.7256
vt -9.3848 -3.7705
vt -9.4043 -2.7920
vt -9.4082 -2.5957
vt -9.4355 -1.3662
vt -9.0732 -1.3955
vt -9.0420 -2.5391
vt -9.0420 -2.6611
vt -8.7939 -3.7090
vt -8.7939 -2.7178
vt -8.7939 -2.5547
vt -8.7939 -1.3418
vt -8.1055 -1.2588
vt -8.1055 -2.5352
vt -8.1055 -2.7314
vt -8.1055 -3.5928
vt -7.2559 -2.7422
vt -7.2539 -2.6016
vt -7.2441 -1.4287
vt -6.5566 -1.4102
vt -6.5615 -2.6289
vt -6.5605 -2.7910
vt -6.5791 -3.7598
vt -7.3174 -3.6367
vt -6.2148 -2.8643
vt -6.1924 -3.6895
vt -5.8115 -3.6953
vt -6.2168 -2.6582
vt -6.2148 -1.3857
vt -6.0156 -2.6074
vt -6.0254 -2.7520
vt -5.4717 -2.7119
vt -5.1299 -3.6631
vt -5.4746 -2.5898
vt -5.4775 -1.4609
vt -6.0166 -1.4365
vt -5.1152 -2.6377
vt -5.1221 -1.4131
vt -5.1172 -2.8389
vt -4.4092 -3.7236
vt -4.4121 -2.7158
vt -3.6865 -3.7686
vt -4.4131 -2.5898
vt -4.4307 -1.4346
vt -3.7109 -2.5947
vt -3.7061 -2.7910
vt -3.3438 -2.6592
vt -3.0957 -3.7080
vt -3.0957 -2.7158
vt -3.3438 -2.5371
vt -3.3750 -1.3936
vt -3.7373 -1.3652
vt -3.0957 -2.5537
vt -3.0957 -1.3408
vt -2.4082 -2.7305
vt -2.4082 -3.5918
vt -1.8135 -2.5986
vt -1.6504 -3.6201
vt -1.8174 -2.4629
vt -2.4082 -2.5332
vt -2.4082 -1.2568
vt -1.8291 -1.2471
vt -1.6504 -2.5049
vt -1.6504 -2.7314
vt -1.2803 -2.8145
vt -1.2803 -3.7695
vt -1.2803 -2.6377
vt -1.2803 -1.2402
vt -1.6504 -1.2002
vt -1.0391 -2.6455
vt -1.0391 -1.2275
vt -1.0391 -2.8457
vt -1.0391 -3.8193
vt -0.8066 -2.8428
vt -0.8066 -2.6201
vt -0.8066 -1.1816
vt -0.5625 -2.6475
vt -0.5625 -2.8672
vt -0.5625 -3.8564
vt -0.8066 -3.8359
vt -0.5625 -1.1113
vt 4.2510 -13.1992
vt 4.4355 -13.1992
vt 4.4150 -12.9512
vt 4.2422 -12.9512
vt 4.3896 -12.3955
vt 3.4873 -12.9512
vt 4.2207 -12.3955
vt 4.3428 -12.0928
vt 4.1055 -12.0928
vt 3.4873 -12.3955
vt 2.8916 -12.9512
vt 2.8691 -13.1992
vt 3.4893 -13.1992
vt 2.6641 -13.1992
vt 2.6377 -12.9512
vt 2.8535 -12.3955
vt 2.6328 -12.3955
vt 2.5635 -12.0928
vt 2.8545 -12.0928
vt 3.4990 -12.0928
vt 2.8857 -11.8496
vt 3.5078 -11.8555
vt 4.0938 -11.8613
vt 4.2686 -11.8594
vt 4.1162 -11.3223
vt 3.4844 -11.3223
vt 2.8135 -11.3223
vt 2.5449 -11.3223
vt 2.6738 -11.8535
vt 2.7949 -10.6221
vt 2.5771 -10.6221
vt 3.4424 -10.6221
vt 4.0527 -10.6221
vt 4.3652 -11.3223
vt 4.2393 -10.6221
vt 4.2910 -9.8604
vt 4.0527 -9.8604
vt 3.4141 -9.8672
vt 2.7363 -9.8730
vt 2.4570 -9.8779
vt 2.7695 -9.1943
vt 2.5596 -9.1973
vt 3.4092 -9.1924
vt 4.0127 -9.1914
vt 4.1943 -9.1943
vt 4.2500 -8.5361
vt 4.0400 -8.5371
vt 3.4121 -8.5361
vt 2.7461 -8.5352
vt 2.5078 -8.5332
vt 2.7129 -7.8320
vt 3.4170 -7.8350
vt 4.0801 -7.8389
vt 4.3350 -7.8418
vt 4.2275 -7.3320
vt 4.0430 -7.3330
vt 3.4229 -7.3301
vt 2.7646 -7.3252
vt 2.4238 -7.8301
vt 2.5537 -7.3193
vt 2.7236 -7.1123
vt 3.4258 -7.1162
vt 4.0869 -7.1211
vt 4.3428 -7.1260
vt 4.3770 -6.4355
vt 4.0498 -6.4268
vt 3.4414 -6.4229
vt 2.7959 -6.4189
vt 2.5928 -6.4209
vt 2.4287 -7.1123
vt 2.4854 -5.7617
vt 2.7549 -5.7617
vt 3.4248 -5.7617
vt 4.0566 -5.7617
vt 4.3066 -5.7617
vt 3.9941 -5.0625
vt 4.1807 -5.0625
vt 4.2314 -4.3008
vt 3.9941 -4.3008
vt 3.3555 -4.3066
vt 3.3838 -5.0625
vt 2.7354 -5.0625
vt 2.5186 -5.0625
vt 2.6768 -4.3135
vt 2.7100 -3.6338
vt 2.3984 -4.3184
vt 2.5010 -3.6367
vt 2.6865 -2.9746
vt 3.3506 -3.6328
vt 3.9531 -3.6318
vt 4.1348 -3.6348
vt 4.1914 -2.9766
vt 3.9805 -2.9775
vt 3.3525 -2.9766
vt 3.3574 -2.2754
vt 2.6533 -2.2715
vt 2.4492 -2.9736
vt 2.3652 -2.2695
vt 2.7051 -1.7656
vt 3.3643 -1.7695
vt 4.0205 -2.2783
vt 4.2764 -2.2822
vt 4.1680 -1.7725
vt 3.9844 -1.7734
vt 4.2832 -1.5664
vt 3.3662 -1.5566
vt 2.6641 -1.5518
vt 2.4941 -1.7598
vt 2.3691 -1.5527
vt 2.5342 -0.8604
vt 2.7373 -0.8584
vt 2.4834 -0.1934
vt 3.3818 -0.8623
vt 2.7217 -0.1992
vt 3.3906 -0.2031
vt 3.9902 -0.8662
vt 4.0273 -1.5605
vt 4.3174 -0.8750
vt 4.3789 -0.1973
vt 4.0215 -0.2061
vt 3.3936 0.1328
vt 2.6797 0.1357
vt 2.3887 0.1387
vt 2.7178 0.5195
vt 2.4922 0.5195
vt 3.3994 0.5186
vt 4.0654 0.1309
vt 4.3203 0.1309
vt 4.2402 0.5137
vt 4.0410 0.5166
vt 3.4053 1.2256
vt 2.6934 1.2256
vt 2.3936 1.2275
vt 2.5781 1.4512
vt 2.7725 1.4658
vt 2.5527 2.0557
vt 3.4014 1.4668
vt 2.7598 2.0508
vt 3.3994 2.0527
vt 3.9941 1.4678
vt 4.0752 1.2256
vt 4.3516 1.2266
vt 4.1611 1.4512
vt 4.1807 2.0596
vt 4.0020 2.0537
vt 3.4014 2.6064
vt 2.6787 2.6045
vt 2.3955 2.6045
vt 2.6406 3.1182
vt 2.3389 3.1152
vt 2.6650 3.3213
vt 2.3672 3.3262
vt 3.3730 3.3262
vt 3.3906 3.1221
vt 4.0938 3.1250
vt 4.0820 2.6094
vt 4.3486 2.6113
vt 4.3740 3.1240
vt 4.4004 3.3379
vt 4.1582 3.3311
vt 4.0977 3.6309
vt 4.3301 3.6367
vt 4.0977 4.0449
vt 4.3418 4.0391
vt 4.3818 4.1943
vt 4.1299 4.2061
vt 3.3691 4.2188
vt 3.3740 4.0508
vt 3.3760 3.6299
vt 2.7295 3.6279
vt 2.4141 3.6514
vt 2.3867 4.0332
vt 2.7256 4.0557
vt 2.6543 4.2314
vt 2.3789 4.2090
vt -1.2969 -13.1992
vt -1.0029 -13.1992
vt -1.0264 -12.9512
vt -1.3770 -12.9512
vt -2.0625 -13.1992
vt -2.0869 -12.9512
vt -1.4424 -12.4688
vt -1.0967 -12.4688
vt -1.1152 -12.0928
vt -1.3975 -12.0928
vt -1.2695 -11.9102
vt -2.1572 -12.0928
vt -2.1328 -12.4688
vt -3.0205 -12.4688
vt -3.0000 -12.9512
vt -3.0322 -13.1992
vt -3.2803 -13.1992
vt -3.2520 -12.9512
vt -3.2197 -12.4688
vt -3.1260 -12.0928
vt -2.8701 -12.0928
vt -2.8232 -11.9219
vt -2.1582 -11.9170
vt -1.4512 -11.9111
vt -1.2080 -11.3223
vt -1.4619 -11.3223
vt -2.2041 -11.3223
vt -2.9023 -11.3223
vt -3.1250 -11.3223
vt -2.9756 -11.9268
vt -2.9258 -10.6221
vt -3.1084 -10.6221
vt -2.2617 -10.6221
vt -1.5557 -10.6221
vt -1.3398 -10.6221
vt -1.6162 -10.3379
vt -2.2812 -10.3535
vt -2.9072 -10.3691
vt -3.0449 -10.3701
vt -2.9717 -9.9971
vt -2.2988 -9.9834
vt -1.5840 -9.9688
vt -1.4502 -10.3311
vt -1.3213 -9.9648
vt -1.4922 -9.2617
vt -1.6621 -9.2646
vt -2.3330 -9.2734
vt -2.9658 -9.2812
vt -3.1934 -10.0010
vt -3.1084 -9.2832
vt -3.0195 -8.5674
vt -3.2480 -8.5654
vt -3.1045 -8.2041
vt -2.9658 -8.2021
vt -2.3486 -8.5645
vt -1.6377 -8.5605
vt -1.3799 -8.5566
vt -1.5225 -8.2002
vt -1.6914 -8.1992
vt -2.3477 -8.2002
vt -2.9863 -7.6514
vt -3.1494 -7.6416
vt -3.0439 -7.4473
vt -2.3447 -7.6504
vt -1.6641 -7.6504
vt -1.4658 -7.6416
vt -1.6074 -7.4492
vt -2.3467 -7.4482
vt -2.3428 -7.0986
vt -3.0107 -7.0957
vt -3.2754 -7.4482
vt -3.1934 -7.0967
vt -2.9795 -6.3916
vt -3.1387 -6.3896
vt -3.1846 -5.7617
vt -2.9619 -5.7617
vt -2.2627 -5.7617
vt -2.3369 -6.3965
vt -1.6553 -6.4014
vt -1.6348 -7.1016
vt -1.3398 -7.4541
vt -1.4131 -7.1045
vt -1.4697 -6.4023
vt -1.2676 -5.7617
vt -1.5205 -5.7617
vt -1.3984 -5.0625
vt -1.6152 -5.0625
vt -2.3203 -5.0625
vt -2.9844 -5.0625
vt -3.1680 -5.0625
vt -2.9668 -4.8096
vt -2.3408 -4.7939
vt -1.6758 -4.7773
vt -1.5098 -4.7715
vt -1.6436 -4.4092
vt -2.3584 -4.4229
vt -3.0312 -4.4365
vt -3.1045 -4.8096
vt -3.2520 -4.4404
vt -3.0254 -3.7217
vt -2.3926 -3.7129
vt -3.0791 -3.0078
vt -3.1680 -3.7236
vt -3.3066 -3.0059
vt -3.1631 -2.6445
vt -3.0254 -2.6416
vt -2.4082 -3.0039
vt -1.6973 -3.0000
vt -1.7207 -3.7041
vt -1.5508 -3.7021
vt -1.3799 -4.4053
vt -1.4395 -2.9971
vt -1.5811 -2.6396
vt -1.7510 -2.6396
vt -2.4062 -2.6406
vt -3.0459 -2.0908
vt -3.2080 -2.0820
vt -3.1035 -1.8867
vt -2.4043 -2.0908
vt -1.7236 -2.0898
vt -1.5244 -2.0820
vt -1.6660 -1.8887
vt -2.4053 -1.8877
vt -2.4014 -1.5381
vt -3.0693 -1.5352
vt -3.3350 -1.8887
vt -3.2529 -1.5371
vt -3.0381 -0.8320
vt -3.1973 -0.8301
vt -2.3955 -0.8359
vt -3.0479 -0.2871
vt -3.2607 -0.2852
vt -3.0039 -0.0996
vt -2.3779 -0.2930
vt -1.7139 -0.8408
vt -1.6934 -1.5410
vt -1.3984 -1.8945
vt -1.4727 -1.5439
vt -1.5293 -0.8428
vt -1.4102 -0.3018
vt -1.6670 -0.2998
vt -1.4873 -0.1152
vt -1.7051 -0.1104
vt -2.3730 -0.1045
vt -2.9395 0.5615
vt -3.1865 -0.1025
vt -3.0713 0.5635
vt -2.9424 0.8721
vt -2.3594 0.5557
vt -1.7451 0.5498
vt -1.5859 0.5498
vt -1.7246 0.8574
vt -2.3516 0.8643
vt -2.3369 1.2305
vt -2.9932 1.2402
vt -3.0859 0.8789
vt -3.2178 1.2441
vt -2.9297 2.0752
vt -3.0771 2.0791
vt -3.1152 2.6152
vt -2.9355 2.6123
vt -2.2842 2.6045
vt -2.3027 2.0664
vt -1.6406 1.2197
vt -1.5557 0.8594
vt -1.3809 1.2139
vt -1.4561 2.0576
vt -1.6387 2.0576
vt -1.5928 2.5957
vt -1.3750 2.5938
vt -1.5566 3.0830
vt -2.2715 3.0908
vt -2.9434 3.0977
vt -3.1699 3.1006
vt -3.1670 3.3076
vt -2.9932 3.2969
vt -2.2520 3.2852
vt -1.5859 3.2754
vt -1.3496 3.2832
vt -1.3047 3.0820
vt -1.6494 3.5586
vt -1.3486 3.5752
vt -2.2500 3.5693
vt -2.9189 3.5801
vt -3.1348 3.5889
vt -2.8936 3.9629
vt -2.2334 3.9521
vt -1.6328 3.9424
vt -1.3369 3.9229
vt -1.3623 4.0762
vt -1.5996 4.0908
vt -2.2236 4.1006
vt -2.9092 4.1104
vt -3.1143 3.9668
vt -3.1318 4.1104
vt 5.6533 -0.5576
vt 5.5850 -1.4111
vt 4.7930 -1.4111
vt 4.8574 -0.5479
vt 4.5068 -1.4111
vt 4.9209 0.3145
vt 4.5771 -0.5518
vt 4.3584 -0.5518
vt 4.2930 -1.4111
vt 4.4238 0.3076
vt 4.6475 0.3066
vt 4.6738 0.5479
vt 4.9688 0.5596
vt 5.7207 0.2959
vt 5.7480 0.5742
vt 5.7998 0.9766
vt 4.9756 0.9766
vt 4.6660 0.9766
vt 4.4551 0.9766
vt 4.4404 0.4844
vt 3.9277 0.6025
vt 3.9160 0.3848
vt 3.8574 -0.5127
vt 3.7988 -1.4111
vt 3.1484 -1.4111
vt 3.1973 -0.4980
vt 3.2451 0.4150
vt 3.2520 0.5879
vt 2.5791 0.3457
vt 2.5391 -0.5322
vt 2.4980 -1.4111
vt 1.8350 -1.4111
vt 1.8682 -0.5195
vt 1.9004 0.3730
vt 2.5859 0.5527
vt 3.2627 0.9766
vt 3.9424 0.9766
vt 2.5840 0.9766
vt 1.9033 0.9766
vt 1.9043 0.5781
vt 1.2383 0.3643
vt 1.2139 -0.5234
vt 1.1885 -1.4111
vt 0.5547 -0.4961
vt 0.5381 -1.4111
vt 0.5713 0.4199
vt 1.2402 0.5352
vt 1.2295 0.9766
vt 0.5908 0.5605
vt -0.1104 0.9766
vt 0.1113 0.4189
vt 0.0928 -0.4961
vt 0.0732 -1.4111
vt -0.1055 -0.4854
vt -0.0889 0.4414
vt 0.0957 0.5479
vt -0.0996 0.5498
vt -0.7676 0.9766
vt -0.8262 0.5264
vt -0.7969 0.2100
vt -1.3389 0.5234
vt -1.3242 0.8965
vt -2.0039 0.8965
vt -2.0146 0.5078
vt -2.0215 0.3359
vt -1.3506 0.3047
vt -0.7500 -0.4775
vt -1.4092 -0.5928
vt -0.7578 -1.4111
vt -0.1221 -1.4111
vt -1.4678 -1.4912
vt -2.1182 -1.4912
vt -2.0693 -0.5771
vt -2.6875 0.2666
vt -2.6807 0.4736
vt -2.6826 0.8965
vt -3.3623 0.8965
vt -3.3613 0.4980
vt -3.3662 0.2930
vt -2.7275 -0.6123
vt -2.7686 -1.4912
vt -3.4316 -1.4912
vt -3.3984 -0.5986
vt -4.0273 0.2852
vt -4.0527 -0.6025
vt -4.0781 -1.4912
vt -4.7119 -0.5752
vt -4.7285 -1.4912
vt -4.6953 0.3398
vt -4.0254 0.4551
vt -4.0361 0.8965
vt -4.6758 0.4814
vt -5.3770 0.8965
vt -5.1553 0.3398
vt -5.1738 -0.5752
vt -5.1934 -1.4912
vt -5.3721 -0.5645
vt -5.3555 0.3613
vt -5.1709 0.4678
vt -5.3662 0.4707
vt -6.0342 0.8965
vt -6.0098 0.5293
vt -6.0088 0.3770
vt -6.6289 0.4521
vt -6.6816 0.8965
vt -6.9355 0.5117
vt -7.3291 0.8965
vt -6.9287 0.2969
vt -6.6211 0.2764
vt -6.0166 -0.5566
vt -6.0244 -1.4912
vt -5.3887 -1.4912
vt -6.6250 -0.6074
vt -6.6289 -1.4912
vt -6.9277 -0.5967
vt -7.2773 0.2539
vt -7.2812 0.4199
vt -7.9277 0.5518
vt -7.9775 0.8965
vt -7.9131 0.3330
vt -7.9004 -0.5791
vt -7.2715 -0.6182
vt -6.9258 -1.4912
vt -7.2666 -1.4912
vt -7.8887 -1.4912
vt -8.0996 -1.4912
vt -8.1143 -0.6182
vt -8.1289 0.2549
vt -8.1230 0.3994
vt -8.7607 0.8965
vt -8.6748 0.3643
vt -8.6631 0.2129
vt -8.6396 -0.6387
vt -8.6162 -1.4912
vt -9.1289 -0.6367
vt -9.1631 0.2178
vt -9.1787 0.4229
vt -9.2607 0.8965
vt -9.7031 0.8965
vt -9.6367 0.3984
vt -9.6152 0.1807
vt -9.5723 -0.6553
vt -9.5293 -1.4912
vt -9.0947 -1.4912
vt -9.7461 -0.6797
vt -9.7021 -1.4912
vt -9.7910 0.1309
vt -9.8193 0.3467
vt -9.8613 0.8965
vt -10.1543 0.8965
vt -10.1279 0.4004
vt -10.0791 0.1748
vt -10.0234 -0.6582
vt -9.9668 -1.4912
vt -10.7148 -0.6514
vt -10.7363 0.1875
vt -10.7725 0.4375
vt -10.8506 0.9561
vt -10.6934 -1.4912
vt -9.4990 3.4678
vt -9.6582 3.4678
vt -9.5527 3.0889
vt -9.0693 3.4678
vt -9.7471 3.0576
vt -9.9453 3.4678
vt -9.5615 2.8896
vt -9.0977 3.0557
vt -8.5762 3.4678
vt -8.6025 2.9893
vt -8.6084 2.8496
vt -9.1064 2.8877
vt -9.1299 2.0391
vt -9.5869 2.0400
vt -9.7725 2.0293
vt -9.7471 2.8682
vt -10.0488 2.8838
vt -10.0361 3.0693
vt -10.7051 3.4678
vt -10.7930 3.0078
vt -10.8057 2.8965
vt -10.8311 2.0430
vt -10.0645 2.0371
vt -10.8564 1.1904
vt -10.0801 1.1904
vt -9.7988 1.1904
vt -9.6123 1.1904
vt -9.1533 1.1904
vt -8.6494 1.1904
vt -8.6289 2.0205
vt -7.8438 2.8545
vt -7.8652 2.0225
vt -7.8857 1.1904
vt -7.5410 1.1904
vt -7.5254 2.0547
vt -7.5098 2.9189
vt -7.2334 2.9199
vt -7.2451 2.0547
vt -7.2578 1.1904
vt -6.6396 2.0176
vt -6.6504 1.1904
vt -6.6289 2.8438
vt -7.2314 3.0439
vt -7.5107 3.0469
vt -7.8311 3.0518
vt -7.2002 3.4678
vt -6.5830 3.4678
vt -6.6260 3.0078
vt -6.4580 2.8809
vt -6.4688 2.0352
vt -6.4805 1.1904
vt -5.9883 2.0020
vt -5.9629 2.8135
vt -6.4561 3.0732
vt -5.9580 2.9512
vt -5.9268 3.4678
vt -5.3262 2.8047
vt -5.3467 1.9980
vt -6.0137 1.1904
vt -5.3682 1.1904
vt -5.0479 1.1904
vt -5.0303 2.0029
vt -5.0117 2.8154
vt -5.0029 3.0156
vt -5.3213 2.9707
vt -5.2842 3.4678
vt -4.8232 2.9805
vt -4.8203 2.8301
vt -4.8408 2.0107
vt -4.8604 1.1904
vt -4.3330 1.9941
vt -4.3164 2.7969
vt -4.3145 2.9248
vt -3.9961 3.4678
vt -3.9883 3.0049
vt -3.9854 2.8203
vt -3.9990 2.0049
vt -4.3496 1.1904
vt -4.0117 1.1904
vt -3.3340 2.0020
vt -3.3252 2.8135
vt -3.3262 2.9756
vt -3.3418 3.4678
vt -2.6484 2.9805
vt -2.6562 2.7891
vt -2.6797 1.9902
vt -3.3428 1.1904
vt -2.7041 1.1904
vt -2.3535 1.1904
vt -2.3350 1.9912
vt -2.3174 2.7920
vt -2.3164 2.9180
vt -2.6455 3.4678
vt -1.9961 3.4678
vt -1.9971 2.8770
vt -1.9961 2.7109
vt -2.0107 1.9512
vt -2.0264 1.1904
vt -1.3291 1.9854
vt -1.3203 2.7793
vt -1.3193 2.9756
vt -1.3340 3.4678
vt -0.6475 2.8770
vt -0.6523 2.7393
vt -0.6777 1.9277
vt -0.7031 1.1162
vt -1.3389 1.1904
vt -0.0361 1.9229
vt -0.0576 1.1162
vt -0.0156 2.7295
vt -0.0107 2.8955
vt -0.6436 3.4297
vt 0.0264 3.3926
vt 0.3076 2.9404
vt 0.2979 2.7402
vt 0.4873 2.9053
vt 1.3145 3.3926
vt 0.9961 2.8496
vt 0.9941 2.7227
vt 0.4893 2.7559
vt 0.2803 1.9277
vt 0.2627 1.1162
vt 0.4697 1.9355
vt 0.9775 1.9189
vt 1.3252 2.7451
vt 1.3213 2.9297
vt 1.9844 2.9004
vt 1.9688 3.3926
vt 1.9844 2.7383
vt 1.9766 1.9277
vt 1.3115 1.9307
vt 0.9600 1.1162
vt 0.4502 1.1162
vt 2.6543 2.7148
vt 2.6621 2.9053
vt 2.6650 3.3926
vt 2.9941 2.8428
vt 3.3145 3.3926
vt 2.9932 2.7178
vt 2.6309 1.9150
vt 1.9678 1.1162
vt 1.2988 1.1162
vt 3.3135 2.8027
vt 3.3145 2.6367
vt 2.9756 1.9170
vt 2.9570 1.1162
vt 2.6064 1.1162
vt 3.2998 1.8760
vt 3.2842 1.1162
vt 3.9814 1.9102
vt 3.9902 2.7051
vt 3.9912 2.9004
vt 3.9766 3.3926
vt 4.4971 2.8125
vt 4.4951 2.6729
vt 4.5020 1.8945
vt 4.7393 2.6133
vt 4.7402 2.8330
vt 4.4756 3.3926
vt 4.6826 3.3926
vt 4.9854 3.3926
vt 5.0527 2.8164
vt 5.0371 2.5459
vt 4.7412 1.8643
vt 4.5088 1.1162
vt 3.9717 1.1162
vt 4.7422 1.1162
vt 5.0537 1.1162
vt 5.0459 1.8311
vt 5.8740 2.5283
vt 5.8496 2.8389
vt 5.7871 3.3926
vt 5.9170 1.1162
vt 5.8955 1.8223
vt -7.8174 3.4678
vn 0.6111 0.7704 -0.1818
vn -0.7307 0.5129 -0.4506
vn -0.4837 -0.5788 -0.6565
vn -0.5927 0.7155 -0.3699
vn -0.6757 0.7083 -0.2044
vn 0.4763 0.6949 0.5388
vn -0.8515 0.4963 -0.1694
vn 0.8291 0.0751 -0.5541
vn 0.5372 0.8028 -0.2587
vn -0.5695 0.8198 0.0595
vn -0.8277 -0.5490 -0.1160
vn -0.6183 -0.6322 -0.4670
vn 0.8993 0.4315 0.0708
vn -0.6370 0.7194 0.2770
vn 0.6568 0.7538 0.0196
vn -0.6232 0.7820 -0.0080
vn 0.0393 0.5744 0.8176
vn -0.1591 0.4032 0.9012
vn -0.3475 -0.6797 -0.6459
vn -0.7218 -0.3883 -0.5729
vn 0.8003 -0.2829 -0.5286
vn -0.7013 0.0524 -0.7109
vn -0.6106 -0.6644 -0.4310
vn 0.7012 0.6983 -0.1442
vn 0.5570 0.7490 0.3590
vn -0.6316 0.7225 0.2813
vn 0.2049 0.3920 0.8969
vn -0.0390 -0.8140 -0.5796
vn 0.9190 -0.3894 0.0616
vn 0.8706 -0.4616 -0.1703
vn -0.6775 -0.7244 -0.1272
vn -0.8888 -0.4504 -0.0851
vn 0.5911 -0.7879 -0.1725
vn 0.1431 -0.6546 -0.7423
vn 0.7244 -0.5536 -0.4107
vn 0.6179 0.7646 -0.1832
vn 0.6903 0.7002 -0.1821
vn -0.5711 -0.6957 -0.4358
vn -0.3400 -0.7749 -0.5329
vn 0.7799 -0.4431 -0.4420
vn -0.9071 -0.4207 -0.0154
vn 0.2783 0.7561 0.5923
vn 0.4920 0.8203 -0.2916
vn -0.6240 0.7703 -0.1313
vn -0.5400 0.7595 0.3626
vn -0.6515 -0.7564 0.0581
vn -0.7125 -0.6846 0.1539
vn -0.6313 -0.6510 -0.4216
vn 0.7824 -0.6179 -0.0778
vn -0.9820 -0.1848 0.0388
vn 0.3194 0.6635 0.6765
vn -0.6929 -0.5910 -0.4131
vn 0.6665 0.7228 -0.1828
vn -0.6534 0.7545 -0.0619
vn -0.6491 -0.6912 -0.3178
vn -0.7717 0.1028 0.6276
vn -0.8214 -0.5317 0.2063
vn 0.9382 -0.3419 -0.0537
vn 0.7938 -0.4396 -0.4204
vn -0.2831 0.8487 0.4467
vn 0.4497 0.7235 0.5237
vn 0.5474 0.8172 -0.1801
vn -0.5404 0.6002 -0.5897
vn 0.6545 0.6885 -0.3124
vn -0.5741 -0.6237 -0.5304
vn 0.1459 -0.6089 -0.7797
vn -0.7801 -0.5603 -0.2784
vn 0.0813 0.3970 0.9142
vn 0.3227 0.8206 0.4717
vn -0.5945 0.7354 0.3251
vn 0.6628 0.7078 -0.2445
vn -0.5139 -0.7062 -0.4870
vn 0.0285 0.6413 0.7668
vn 0.7489 -0.5575 -0.3582
vn 0.9375 -0.3477 0.0163
vn 0.0254 -0.9757 -0.2177
vn 0.4732 -0.8810 0.0017
vn 0.6090 0.7095 0.3546
vn -0.8386 0.2383 -0.4899
vn -0.0170 0.7581 0.6520
vn -0.8615 -0.5054 -0.0477
vn 0.2295 0.5454 0.8062
vn 0.5946 0.8009 0.0710
vn 0.8875 -0.4601 0.0233
vn -0.8516 -0.5009 -0.1547
vn -0.8161 -0.4648 -0.3435
vn 0.7026 -0.6465 -0.2972
vn -0.9887 -0.1482 0.0224
vn -0.3845 0.9211 0.0616
vn -0.5824 0.7735 0.2500
vn 0.6997 0.7008 0.1391
vn -0.6334 0.7675 0.0983
vn 0.6464 0.6711 -0.3631
vn 0.7003 0.7004 -0.1383
vn -0.6535 0.7544 -0.0618
vn 0.7937 -0.4396 -0.4204
vn 0.4497 0.7235 0.5238
vn 0.5474 0.8173 -0.1801
vn 0.6627 0.7079 -0.2445
vn 0.6089 0.7096 0.3546
vn -0.8248 -0.5301 -0.1965
vn -0.8920 -0.0226 0.4516
vn -0.7689 -0.5524 -0.3220
vn 0.4418 0.7792 0.4445
vn 0.5054 -0.6832 -0.5270
vn 0.1921 0.9222 -0.3356
vn -0.6093 0.7589 0.2297
vn 0.6630 0.7204 0.2033
vn -0.6334 0.7676 0.0982
vn 0.6464 0.6710 -0.3631
vn -0.3718 0.1851 0.9097
vn -0.7434 0.2076 -0.6358
vn 0.6239 -0.2304 -0.7468
vn 0.6134 -0.6167 -0.4935
vn -0.2462 0.8072 0.5364
vn -0.5358 0.7146 0.4496
vn -0.6324 0.6551 -0.4134
vn 0.6214 0.7603 -0.1891
vn -0.6438 0.7392 -0.1977
vn -0.6831 -0.6059 -0.4078
vn -0.2599 -0.3578 -0.8969
vn -0.7932 -0.1315 -0.5946
vn 0.7011 0.0602 -0.7106
vn 0.8310 0.5125 -0.2163
vn 0.4778 -0.4840 -0.7332
vn 0.7209 0.5109 -0.4682
vn -0.6457 0.7396 0.1898
vn 0.7252 0.5137 0.4585
vn 0.5011 -0.3834 0.7758
vn 0.4609 0.8490 0.2584
vn 0.0609 -0.7363 0.6739
vn 0.6340 0.7577 0.1543
vn 0.3210 -0.2525 0.9128
vn 0.1320 -0.2950 0.9463
vn 0.7514 0.6470 -0.1292
vn -0.7456 -0.1639 0.6460
vn 0.3877 -0.3039 0.8702
vn -0.2255 0.1020 -0.9689
vn -0.2148 0.8697 -0.4443
vn -0.6427 0.6589 -0.3908
vn -0.6342 0.7264 0.2648
vn 0.5065 0.8364 0.2097
vn 0.6923 0.6958 -0.1914
vn 0.0775 0.5638 -0.8223
vn 0.5341 -0.7166 0.4486
vn -0.7003 -0.6256 0.3439
vn 0.3167 -0.8086 0.4958
vn -0.1979 0.8537 -0.4818
vn -0.5606 -0.6646 0.4940
vn 0.7015 0.7017 0.1246
vn -0.6861 0.6971 -0.2079
vn 0.4225 0.8228 -0.3801
vn -0.3144 0.2301 -0.9210
vn 0.0341 0.3927 -0.9190
vn -0.8659 -0.4962 0.0638
vn 0.9549 -0.1830 -0.2338
vn 0.8183 -0.5540 0.1534
vn 0.0689 -0.7607 0.6455
vn -0.6453 -0.5846 0.4918
vn -0.6927 0.7081 0.1367
vn 0.6785 0.7344 0.0200
vn 0.5379 -0.7213 0.4362
vn -0.0070 -0.7086 0.7056
vn 0.8191 -0.5681 0.0797
vn -0.6960 0.0178 -0.7178
vn 0.9635 -0.2675 0.0102
vn -0.8050 -0.5915 -0.0460
vn 0.0667 0.6045 -0.7938
vn 0.2945 0.8358 -0.4633
vn 0.6944 0.6833 -0.2255
vn 0.6718 0.6189 0.4071
vn 0.4907 -0.5347 0.6879
vn 0.5446 0.7552 -0.3648
vn -0.4894 -0.7966 0.3548
vn 0.9389 -0.2825 0.1967
vn -0.5235 0.3107 -0.7933
vn 0.4465 -0.8794 0.1651
vn 0.9778 0.0446 0.2045
vn 0.7038 0.7040 0.0946
vn -0.9406 -0.3343 0.0595
vn -0.6905 0.7088 -0.1441
vn -0.0714 -0.8248 0.5609
vn -0.7815 -0.5531 0.2887
vn 0.7218 -0.5470 0.4240
vn 0.1841 0.3814 -0.9059
vn 0.7759 -0.6305 0.0232
vn 0.5048 0.7846 -0.3600
vn -0.6861 0.6972 -0.2079
vn 0.7014 0.7018 0.1246
vn -0.6927 0.7082 0.1367
vn 0.5716 0.7062 -0.4178
vn -0.4714 -0.8249 0.3118
vn 0.9304 -0.3176 0.1830
vn 0.9156 -0.3227 0.2398
vn 0.4721 -0.8733 0.1204
vn 0.9091 0.0902 0.4066
vn -0.6874 0.7039 0.1786
vn 0.6589 0.7458 0.0986
vn 0.5788 -0.6022 0.5499
vn 0.0904 -0.7008 0.7076
vn 0.8875 -0.4134 0.2036
vn 0.7670 -0.5066 0.3938
vn -0.2408 0.2055 -0.9486
vn 0.8212 -0.4037 0.4033
vn -0.3654 -0.9033 0.2247
vn 0.6330 0.7143 -0.2984
vn -0.6728 0.7161 0.1858
vn 0.5412 0.8402 0.0347
vn -0.3972 0.3978 -0.8270
vn 0.9685 -0.2488 -0.0108
vn 0.7389 -0.6003 0.3060
vn -0.3198 -0.9466 0.0404
vn -0.4282 0.7514 -0.5020
vn 0.6007 0.3398 0.7237
vn -0.3906 0.5894 -0.7072
vn -0.7950 -0.5353 0.2855
vn -0.8974 -0.3841 0.2173
vn 0.2910 0.4213 -0.8590
vn -0.7199 0.2953 -0.6281
vn 0.9813 -0.1425 0.1293
vn -0.4148 0.9099 -0.0022
vn 0.6734 0.7254 0.1427
vn -0.6217 0.7013 0.3488
vn 0.6187 0.7704 -0.1537
vn 0.6570 -0.6939 0.2947
vn 0.7055 -0.6194 0.3443
vn -0.6637 0.7169 -0.2132
vn -0.6017 0.7948 -0.0797
vn 0.3465 0.9366 0.0513
vn -0.6410 0.7526 0.1509
vn -0.7673 0.1217 -0.6297
vn 0.4975 -0.4072 0.7659
vn -0.7059 -0.7081 0.0180
vn -0.6915 -0.5567 0.4603
vn -0.6569 -0.2612 0.7073
vn -0.1753 -0.5438 0.8207
vn -0.8766 -0.3708 0.3067
vn 0.6657 0.7126 0.2215
vn 0.6995 -0.5999 0.3884
vn -0.0572 -0.4898 0.8700
vn 0.7726 -0.2744 0.5725
vn -0.7221 -0.0007 0.6918
vn -0.8841 0.3802 0.2716
vn -0.5279 -0.5511 0.6462
vn -0.7341 0.5122 0.4459
vn 0.6987 0.1848 0.6911
vn -0.2339 0.7652 0.5998
vn 0.7762 0.5968 -0.2032
vn 0.6043 -0.7687 -0.2095
vn -0.5318 0.4960 0.6864
vn 0.6653 0.7201 -0.1970
vn 0.7127 -0.6779 -0.1805
vn -0.7218 0.6689 -0.1776
vn -0.7278 0.5672 0.3854
vn -0.6910 -0.6798 -0.2457
vn 0.7736 -0.0465 0.6320
vn -0.8315 0.4025 -0.3830
vn -0.8706 0.1371 -0.4726
vn 0.6939 0.6994 0.1712
vn -0.7165 -0.4990 -0.4874
vn -0.5758 -0.6858 -0.4450
vn -0.8901 -0.1262 0.4380
vn 0.6437 -0.5930 -0.4838
vn 0.6591 0.5666 -0.4945
vn 0.7269 0.6261 -0.2822
vn 0.6809 -0.6233 0.3846
vn 0.7300 -0.6387 -0.2431
vn 0.4067 0.1945 0.8926
vn -0.6608 0.7483 -0.0575
vn 0.9516 0.1647 0.2594
vn -0.5836 -0.7992 -0.1439
vn -0.4141 -0.5045 -0.7577
vn -0.7958 -0.5874 -0.1471
vn -0.6539 -0.6187 0.4354
vn 0.8376 0.5236 -0.1556
vn -0.4227 0.4822 -0.7673
vn -0.7436 0.3726 -0.5552
vn -0.7291 -0.6760 0.1067
vn 0.7100 -0.4282 -0.5591
vn 0.6970 -0.6523 -0.2978
vn -0.6062 0.5581 0.5665
vn 0.6977 0.6344 -0.3328
vn -0.7989 0.5711 -0.1886
vn -0.6646 0.6126 0.4278
vn -0.7687 -0.6070 -0.2016
vn -0.9736 -0.2099 0.0897
vn 0.5938 0.4222 -0.6849
vn 0.7091 0.7014 -0.0721
vn -0.4575 -0.4704 0.7546
vn 0.5446 -0.4800 -0.6877
vn 0.7384 -0.6741 0.0200
vn -0.7093 -0.4753 -0.5206
vn -0.6954 0.7173 -0.0432
vn -0.7194 0.4450 -0.5333
vn 0.7515 0.5520 -0.3613
vn 0.6865 -0.6710 0.2801
vn 0.7458 -0.5724 -0.3408
vn 0.8566 0.1849 0.4818
vn -0.8032 0.5525 -0.2226
vn 0.9657 -0.2288 0.1228
vn -0.7775 -0.5851 -0.2306
vn 0.7695 -0.4336 -0.4690
vn -0.1984 0.9065 0.3727
vn -0.8052 -0.5488 -0.2247
vn 0.8249 0.5208 -0.2196
vn -0.7566 0.4389 -0.4847
vn -0.2370 -0.9661 0.1027
vn 0.7304 0.4486 -0.5150
vn 0.6972 -0.4821 -0.5306
vn -0.1853 0.8533 0.4874
vn 0.8283 0.5557 -0.0713
vn -0.2092 -0.9778 -0.0144
vn -0.7971 -0.5959 -0.0976
vn 0.3443 0.6932 0.6332
vn 0.2070 -0.9726 0.1057
vn -0.6505 -0.6536 0.3868
vn -0.9732 -0.1858 0.1354
vn 0.7596 0.4425 -0.4766
vn -0.8013 0.5976 -0.0292
vn 0.5171 0.5716 0.6371
vn 0.7346 -0.4756 -0.4839
vn -0.7297 -0.6738 -0.1160
vn 0.9509 -0.3095 0.0085
vn -0.4161 0.5979 -0.6851
vn -0.7810 -0.0369 0.6234
vn 0.7475 -0.2877 -0.5988
vn 0.7734 -0.6171 -0.1449
vn -0.7611 -0.6378 -0.1182
vn -0.7885 -0.4837 0.3799
vn 0.9607 0.2748 -0.0396
vn -0.7513 0.6569 -0.0637
vn -0.6562 -0.7359 -0.1669
vn 0.2704 0.7871 0.5544
vn -0.6992 0.6903 -0.1859
vn 0.6508 -0.7342 0.1933
vn 0.7225 0.6703 0.1693
vn -0.2743 0.7554 -0.5951
vn 0.7361 0.5476 -0.3979
vn -0.7215 -0.6737 0.1601
vn 0.7309 -0.6608 0.1708
vn 0.7204 0.6869 0.0958
vn 0.7510 -0.0038 -0.6603
vn -0.6855 0.7125 0.1496
vn -0.5253 0.8134 -0.2499
vn -0.5501 -0.7285 0.4083
vn -0.6513 -0.5408 0.5323
vn 0.6778 -0.7174 -0.1611
vn 0.7038 -0.6188 0.3489
vn -0.8367 0.1698 0.5206
vn -0.8045 0.4622 0.3729
vn 0.0385 -0.9416 -0.3345
vn 0.7174 0.5948 0.3627
vn 0.7788 -0.5963 0.1948
vn 0.6470 0.6662 -0.3708
vn 0.8043 0.5650 0.1840
vn -0.1975 -0.9760 -0.0912
vn 0.6108 -0.5047 0.6100
vn 0.6153 -0.7536 0.2312
vn 0.7456 0.5492 -0.3773
vn -0.7908 -0.5880 0.1699
vn 0.6574 0.7203 0.2212
vn 0.5855 0.5162 0.6251
vn 0.8505 0.1086 -0.5147
vn -0.7870 0.5837 0.1997
vn 0.5668 -0.3313 -0.7543
vn -0.5655 -0.7717 0.2910
vn 0.9094 -0.3565 -0.2141
vn -0.5740 0.7562 0.3141
vn -0.6428 0.4336 0.6315
vn -0.0761 -0.8980 -0.4333
vn -0.8272 0.5427 0.1454
vn 0.7831 -0.6073 0.1339
vn -0.5979 -0.4894 0.6348
vn 0.0371 -0.8950 -0.4446
vn -0.6970 -0.6629 0.2734
vn -0.7078 0.6429 0.2928
vn 0.4788 0.4893 0.7289
vn -0.8502 -0.5115 -0.1247
vn 0.5293 -0.4666 0.7086
vn 0.5764 -0.8075 0.1257
vn -0.4709 0.3310 -0.8177
vn 0.6338 0.7702 0.0717
vn 0.0203 0.8049 -0.5931
vn -0.7578 -0.6492 0.0656
vn -0.6697 -0.4569 0.5854
vn -0.7482 -0.6623 0.0396
vn -0.7364 0.6682 0.1060
vn 0.7585 0.3557 0.5460
vn -0.8547 0.2111 -0.4742
vn 0.8122 -0.5725 0.1119
vn 0.6746 -0.4407 0.5922
vn -0.7560 0.6505 -0.0731
vn -0.8080 0.5770 0.1193
vn 0.6531 0.4569 0.6038
vn 0.7710 0.6368 -0.0076
vn -0.5209 -0.5480 -0.6545
vn 0.7258 -0.6877 0.0156
vn -0.6773 -0.5963 0.4309
vn -0.7796 -0.6022 -0.1723
vn -0.6981 0.5697 0.4337
vn -0.2306 -0.9639 -0.1330
vn 0.7614 -0.5034 0.4085
vn 0.8012 -0.5717 0.1767
vn -0.6622 0.6639 -0.3475
vn 0.8155 0.5483 0.1852
vn 0.7744 0.4772 0.4153
vn 0.7713 -0.2836 -0.5698
vn 0.7422 0.6081 0.2816
vn 0.6259 -0.6973 -0.3492
vn 0.7238 0.1241 -0.6788
vn 0.9928 0.0566 -0.1055
vn -0.1884 0.8625 -0.4696
vn -0.8079 0.5771 0.1193
vn -0.1813 -0.9830 -0.0298
vn 0.5956 0.5854 -0.5501
vn 0.8966 0.0386 -0.4411
vn -0.1975 -0.9720 -0.1275
vn 0.7173 -0.5153 0.4690
vn -0.7547 -0.6446 -0.1224
vn 0.4849 -0.4949 -0.7211
vn -0.5714 -0.4365 0.6949
vn -0.7381 0.6724 -0.0560
vn 0.7283 0.4921 0.4769
vn 0.9576 0.2879 0.0073
vn 0.8071 0.0005 0.5905
vn 0.6995 -0.6975 0.1552
vn -0.5940 0.4871 -0.6403
vn 0.9451 0.3267 0.0028
vn -0.2262 0.8155 -0.5327
vn -0.6372 -0.7446 0.1987
vn 0.2527 0.7631 -0.5948
vn -0.6610 0.7414 0.1161
vn -0.7451 -0.6412 0.1836
vn -0.7417 0.6459 0.1808
vn -0.4940 -0.5864 -0.6419
vn 0.4102 -0.9096 -0.0660
vn 0.8612 0.3724 0.3459
vn 0.6753 -0.6301 -0.3833
vn -0.9140 0.3414 0.2193
vn 0.0839 -0.9681 -0.2361
vn 0.3242 -0.7472 -0.5802
vn -0.8421 -0.0632 0.5356
vn 0.5451 0.8030 -0.2410
vn 0.2257 -0.9467 -0.2297
vn -0.8189 0.5725 0.0401
vn 0.5169 -0.8460 -0.1305
vn -0.7516 -0.2940 0.5904
vn 0.8222 0.1411 0.5514
vn 0.6395 -0.7233 -0.2607
vn -0.4948 -0.8685 -0.0312
vn 0.6615 -0.7242 0.1948
vn -0.8032 0.4587 0.3801
vn 0.7598 -0.6447 -0.0842
vn 0.7032 -0.7016 -0.1150
vn 0.7257 0.6844 -0.0704
vn -0.4845 0.7218 -0.4943
vn -0.5704 0.7942 -0.2094
vn 0.8694 0.4915 0.0505
vn 0.9488 -0.0018 -0.3160
vn 0.9570 0.0166 -0.2896
vn 0.9128 0.3298 0.2408
vn 0.0034 -1.0000 -0.0079
vn 0.6991 0.7023 0.1344
vn -0.7952 0.6037 -0.0573
vn 0.6737 0.6985 -0.2412
vn -0.5617 0.8261 0.0462
vn 0.9187 0.1210 0.3760
vn 0.6993 0.0444 0.7135
vn 0.5345 -0.8423 0.0693
vn -0.6292 -0.7479 0.2114
vn -0.6532 -0.6747 0.3435
vn 0.8476 -0.2523 0.4669
vn -0.6760 0.7358 0.0399
vn 0.7958 -0.5715 -0.2003
vn -0.6950 0.7111 -0.1064
vn -0.6661 -0.7187 0.1993
vn -0.7789 -0.6247 0.0554
vn -0.7427 -0.6205 -0.2519
vn -0.9535 0.2701 0.1337
vn -0.6882 0.7142 0.1274
vn -0.7935 0.5617 -0.2342
vn -0.6807 -0.7241 -0.1111
vn 0.6930 -0.6541 0.3032
vn -0.7018 -0.5367 0.4685
vn -0.6182 -0.6658 0.4177
vn 0.0022 0.8870 -0.4617
vn -0.8506 -0.4786 0.2179
vn -0.3631 -0.7869 -0.4989
vn 0.7333 0.5596 -0.3861
vn 0.9633 -0.0655 0.2604
vn -0.1800 0.9468 -0.2666
vn -0.5789 0.3587 -0.7323
vn -0.4410 -0.7801 -0.4437
vn -0.5467 -0.7889 -0.2806
vn -0.7860 -0.6082 0.1113
vn -0.4757 0.8757 0.0824
vn 0.5698 -0.5887 0.5734
vn 0.6087 -0.7858 0.1095
vn 0.7854 0.5841 -0.2046
vn -0.7585 -0.6493 0.0557
vn -0.4884 0.7619 -0.4254
vn 0.6934 -0.6739 0.2548
vn -0.6927 0.6404 -0.3319
vn 0.8481 -0.4312 -0.3079
vn -0.8554 0.4665 -0.2251
vn 0.6492 0.4710 -0.5973
vn -0.5719 -0.7962 0.1977
vn -0.8321 -0.5473 -0.0897
vn 0.9935 -0.0267 0.1106
vn -0.6278 -0.5009 0.5958
vn -0.3042 0.9000 -0.3121
vn 0.5651 0.7778 0.2751
vn 0.3559 0.9127 -0.2007
vn 0.7819 -0.6042 -0.1535
vn 0.0256 -0.9997 -0.0048
vn 0.7949 0.5659 -0.2190
vn 0.6214 0.7695 -0.1471
vn 0.7460 -0.6141 -0.2574
vn 0.9155 0.2964 0.2722
vn -0.5603 -0.7722 -0.2995
vn 0.5015 0.7930 -0.3460
vn -0.7849 -0.6172 0.0554
vn -0.6888 -0.6915 0.2180
vn 0.5120 -0.4957 0.7015
vn 0.6318 0.6655 0.3974
vn 0.5899 -0.8074 0.0104
vn -0.5045 0.7874 0.3543
vn 0.6900 0.6861 -0.2304
vn 0.7662 -0.6370 -0.0849
vn -0.8397 0.1161 0.5304
vn -0.9535 0.3000 -0.0285
vn 0.5916 0.7235 -0.3558
vn 0.9096 -0.3201 -0.2648
vn 0.7563 0.3694 0.5400
vn -0.9224 0.1789 0.3424
vn 0.4859 0.8738 -0.0205
vn 0.3776 -0.6474 -0.6620
vn -0.7374 0.3925 0.5498
vn -0.6667 -0.0217 0.7450
vn 0.6850 0.6334 0.3599
vn -0.6613 0.7077 0.2488
vn -0.7877 0.6060 -0.1103
vn 0.9482 -0.2440 -0.2033
vn -0.7323 0.5815 0.3545
vn -0.9565 -0.1799 0.2298
vn -0.5652 -0.8126 -0.1421
vn -0.5526 0.8331 -0.0262
vn 0.9168 0.1534 0.3687
vn -0.8317 0.2138 0.5123
vn 0.5717 0.8178 -0.0665
vn -0.7394 0.6584 -0.1404
vn -0.8242 0.5076 0.2511
vn 0.5534 0.7187 0.4210
vn -0.7086 0.5806 0.4009
vn 0.6041 -0.0103 0.7968
vn 0.7097 0.5275 0.4670
vn 0.7833 -0.5368 -0.3136
vn -0.1534 -0.8649 -0.4779
vn -0.4324 -0.8237 -0.3668
vn 0.8237 0.5606 0.0851
vn 0.9861 -0.1359 -0.0953
vn 0.7251 -0.4869 -0.4869
vn -0.6949 -0.6911 -0.1989
vn 0.6663 -0.7363 -0.1184
vn 0.5999 -0.7359 -0.3141
vn -0.7400 -0.4797 -0.4714
vn -0.8939 0.2743 0.3546
vn 0.8948 -0.4442 0.0457
vn -0.8556 0.4266 0.2932
vn -0.7156 0.5782 0.3919
vn -0.0740 0.8943 0.4413
vn 0.5193 0.8040 0.2896
vn -0.8623 0.4250 0.2754
vn 0.6182 -0.6925 -0.3720
vn 0.8869 0.4475 -0.1143
vn -0.6987 -0.7150 -0.0249
vn 0.7339 -0.4479 0.5106
vn -0.4023 0.8583 -0.3186
vn -0.6657 0.7266 -0.1703
vn -0.6822 0.7309 -0.0195
vn 0.6782 0.7250 -0.1200
vn 0.6271 -0.7686 -0.1266
vn -0.6700 -0.6007 -0.4362
vn 0.9398 0.1533 0.3055
vn -0.7683 -0.0274 0.6395
vn 0.7552 -0.0316 0.6547
vn 0.5116 -0.8579 0.0475
vn -0.5354 -0.7817 0.3199
vn -0.5846 -0.6824 0.4388
vn 0.8696 -0.2241 0.4399
vn 0.7036 -0.6676 0.2434
vn -0.5700 -0.7510 0.3334
vn -0.7638 -0.6454 0.0029
vn 0.6498 -0.4599 0.6052
vn 0.7217 -0.6918 -0.0233
vn 0.6553 0.6240 -0.4257
vn -0.4373 0.8043 -0.4024
vn -0.6733 0.6946 -0.2533
vn 0.7329 0.6458 -0.2139
vn 0.6794 0.5842 -0.4440
vn -0.4094 -0.6925 -0.5940
vn 0.9119 0.2979 0.2824
vn -0.7837 0.1255 0.6084
vn 0.5613 0.8212 0.1033
vn -0.9241 0.3709 0.0918
vn -0.7783 0.5843 0.2298
vn -0.0463 0.9751 0.2167
vn 0.5276 0.8493 -0.0202
vn -0.9061 0.4201 0.0498
vn -0.6757 -0.5932 0.4377
vn -0.4696 0.8829 0.0031
vn -0.6659 -0.7451 0.0375
vn -0.6521 0.6981 0.2957
vn 0.6272 0.7535 0.1973
vn 0.6489 0.7608 0.0096
vn -0.4352 0.8316 0.3450
vn 0.8578 -0.0255 0.5134
vn -0.7326 -0.5974 -0.3260
vn -0.7819 0.5823 -0.2226
vn -0.5999 -0.7832 0.1633
vn 0.9674 -0.2530 -0.0091
vn 0.7409 -0.6626 -0.1101
vn -0.6349 -0.6075 -0.4773
vn 0.7228 -0.5063 0.4704
vn -0.7915 -0.5991 0.1209
vn 0.8054 0.4722 -0.3582
vn -0.7378 -0.6641 -0.1209
vn -0.7107 -0.7024 0.0385
vn 0.7319 -0.6813 0.0132
vn 0.6554 -0.7293 -0.1963
vn -0.8181 -0.5264 -0.2316
vn 0.9292 0.0968 0.3568
vn 0.6041 -0.0103 0.7969
vn 0.4511 -0.8637 0.2246
vn -0.4527 -0.8056 0.3822
vn -0.5658 -0.6887 0.4534
vn 0.7344 0.2089 0.6458
vn 0.7045 -0.4840 0.5191
vn -0.7958 -0.5754 0.1888
vn -0.6754 -0.6970 0.2408
vn 0.8763 0.4664 -0.1205
vn -0.5471 0.4999 -0.6714
vn -0.6216 0.5780 -0.5286
vn 0.8833 0.4677 0.0322
vn 0.8454 0.4798 -0.2348
vn -0.5802 0.6172 -0.5315
vn 0.8089 -0.1974 -0.5538
vn -0.6885 0.6373 -0.3463
vn -0.7553 0.6408 -0.1377
vn 0.0835 0.9876 -0.1331
vn 0.4878 0.8003 -0.3486
vn -0.7833 0.5212 -0.3389
vn 0.9501 0.2790 0.1397
vn -0.6740 -0.6940 0.2532
vn -0.6348 -0.6901 0.3475
vn 0.6895 -0.5881 0.4228
vn 0.6953 -0.6522 0.3022
vn -0.5775 -0.8144 0.0568
vn 0.5270 0.8495 -0.0232
vn -0.6272 0.7145 -0.3099
vn -0.6084 -0.7902 0.0731
vn 0.9662 -0.2348 -0.1065
vn 0.7506 -0.5952 -0.2868
vn -0.5794 -0.7994 -0.1590
vn -0.4839 0.8642 0.1380
vn -0.6717 0.7040 0.2305
vn -0.6722 0.6433 0.3665
vn 0.5860 0.7163 0.3789
vn 0.6131 0.7534 0.2378
vn -0.6046 0.6820 0.4116
vn 0.4960 0.8636 -0.0903
vn -0.3600 -0.8663 -0.3463
vn -0.5548 -0.8217 -0.1308
vn 0.9778 0.1400 -0.1557
vn 0.8232 -0.3976 -0.4054
vn -0.6078 -0.7086 -0.3585
vn 0.7162 -0.6954 -0.0587
vn -0.7372 -0.6743 0.0420
vn -0.6919 -0.7002 0.1764
vn 0.7475 -0.6472 0.1494
vn 0.7120 -0.7017 -0.0253
vn -0.6437 -0.7445 -0.1773
vn 0.8093 -0.0139 0.5872
vn 0.5818 -0.8084 -0.0898
vn -0.6809 -0.7126 0.1692
vn -0.5876 -0.7235 0.3624
vn 0.9235 -0.2398 0.2993
vn 0.7437 -0.6603 0.1049
vn -0.5596 -0.7994 0.2189
vn 0.6945 -0.5118 0.5057
vn 0.7784 0.1299 -0.6142
vn -0.7715 -0.4373 -0.4621
vn -0.6957 -0.6486 -0.3086
vn 0.6287 -0.7299 -0.2684
vn 0.5121 -0.7020 -0.4949
vn -0.5581 -0.5523 -0.6193
vn -0.8935 0.3724 0.2511
vn 0.6140 -0.6059 0.5059
vn 0.4820 -0.8658 0.1346
vn -0.8706 0.2424 0.4282
vn -0.7196 0.4690 0.5120
vn -0.2518 0.7908 0.5579
vn 0.4317 0.8033 0.4103
vn -0.8573 0.2873 0.4271
vn -0.6890 -0.7236 -0.0406
vn 0.7403 -0.2698 0.6158
vn -0.0292 0.8739 -0.4852
vn -0.4424 0.8372 -0.3215
vn -0.7013 0.6814 -0.2092
vn 0.7686 0.6378 -0.0502
vn 0.7393 0.6078 -0.2897
vn -0.2442 0.9465 -0.2108
vn 0.9870 0.0274 0.1582
vn -0.9503 0.2314 0.2081
vn 0.4571 0.8323 -0.3136
vn -0.1833 -0.9670 -0.1770
vn 0.4800 -0.4969 -0.7230
vn -0.1932 -0.9630 -0.1881
vn -0.7946 0.6063 -0.0303
vn 0.0997 0.9852 -0.1397
vn 0.4581 0.7983 -0.3909
vn -0.8610 0.4190 -0.2882
vn 0.4480 -0.7684 -0.4571
vn 0.5331 -0.8048 -0.2610
vn 0.5889 0.7633 -0.2656
vn 0.4529 0.7289 -0.5135
vn 0.7831 -0.5074 0.3595
vn -0.9875 -0.0698 0.1411
vn 0.5067 0.5910 -0.6277
vn -0.1168 0.9725 -0.2017
vn -0.4955 0.2812 0.8218
vn -0.4451 0.6001 0.6647
vn 0.9890 0.1143 -0.0942
vn 0.7742 0.5168 0.3654
vn -0.4844 -0.7444 0.4596
vn 0.8995 -0.0011 0.4370
vn -0.8780 -0.1925 -0.4383
vn -0.7451 -0.3864 -0.5437
vn 0.6324 -0.7511 0.1893
vn -0.7481 -0.2857 -0.5989
vn -0.9152 -0.3882 -0.1084
vn 0.6662 0.6925 0.2767
vn 0.7335 -0.6199 0.2790
vn -0.3146 0.9476 0.0554
vn -0.5823 -0.7868 0.2047
vn 0.5621 -0.7965 0.2228
vn 0.4086 -0.9091 0.0809
vn 0.3582 -0.9145 -0.1880
vn 0.6810 0.6968 -0.2251
vn -0.6457 0.7629 0.0315
vn 0.6948 -0.3925 -0.6027
vn 0.6736 0.7391 0.0052
vn 0.7808 -0.4961 -0.3797
vn -0.7252 0.6885 0.0064
vn -0.5903 0.7781 -0.2149
vn 0.9135 0.0290 -0.4058
vn -0.6007 0.7496 -0.2778
vn -0.7032 0.6598 -0.2648
vn -0.7333 0.6799 -0.0020
vn -0.7139 -0.6918 0.1083
vn -0.6256 0.7442 0.2340
vn 0.9392 0.2709 0.2111
vn 0.7498 0.4798 0.4556
vn 0.7301 0.5760 0.3677
vn 0.9139 0.4049 -0.0277
vn -0.5879 0.7804 0.2129
vn -0.4891 0.7685 0.4126
vn -0.7128 -0.7012 -0.0163
vn 0.7363 -0.6767 0.0015
vn 0.7237 -0.6599 0.2021
vn -0.6686 -0.7078 0.2281
vn 0.5748 0.1463 0.8051
vn -0.6474 -0.7081 -0.2820
vn -0.8868 -0.3499 0.3019
vn -0.8460 -0.5227 0.1050
vn 0.1351 -0.9610 0.2414
vn 0.3612 -0.7483 0.5564
vn 0.7329 0.6800 -0.0194
vn -0.5335 0.6427 -0.5498
vn 0.8273 0.4618 -0.3198
vn 0.7625 0.6255 -0.1656
vn -0.7812 0.3253 -0.5328
vn -0.4552 -0.3032 -0.8372
vn 0.8897 -0.3720 -0.2648
vn 0.5977 -0.7888 0.1434
vn -0.7290 -0.6264 0.2759
vn -0.7329 -0.6782 0.0529
vn 0.1316 -0.9776 -0.1645
vn 0.5268 -0.8413 0.1215
vn 0.4983 0.6746 -0.5446
vn 0.4367 0.7561 0.4875
vn 0.4973 -0.6874 0.5293
vn 0.9409 -0.1710 -0.2923
vn -0.8993 0.0313 -0.4361
vn -0.6960 -0.3405 -0.6321
vn -0.9653 -0.2205 -0.1398
vn 0.3663 0.9300 -0.0291
vn -0.9799 -0.1468 -0.1348
vn -0.6350 0.7587 -0.1457
vn -0.5835 -0.6328 -0.5090
vn 0.5788 -0.7435 -0.3349
vn 0.5984 -0.7800 -0.1831
vn -0.6353 -0.6946 -0.3377
vn -0.7740 -0.1771 -0.6079
vn 0.7478 -0.4967 -0.4406
vn 0.7163 0.6568 0.2355
vn -0.5056 0.8461 0.1687
vn -0.5288 0.8485 -0.0222
vn 0.9515 -0.1787 -0.2506
vn 0.8614 0.4931 0.1220
vn -0.4736 0.8805 -0.0203
vn 0.7985 -0.5951 -0.0904
vn 0.9069 -0.4199 -0.0352
vn 0.9281 0.0913 0.3611
vn -0.6535 0.7019 0.2833
vn -0.6444 0.7628 0.0546
vn 0.6639 0.7471 -0.0331
vn 0.6359 0.7554 0.1580
vn -0.5962 0.7164 0.3623
vn -0.8344 -0.4451 -0.3252
vn -0.5544 0.8288 -0.0750
vn 0.6331 -0.2321 -0.7385
vn 0.7814 -0.5938 -0.1919
vn 0.6309 0.5488 0.5484
vn -0.7494 -0.2579 -0.6098
vn -0.3066 0.8642 0.3990
vn 0.6833 -0.6606 -0.3110
vn -0.5635 0.6831 -0.4646
vn 0.7901 0.2598 -0.5552
vn 0.6338 0.7109 -0.3048
vn -0.2828 0.7511 -0.5965
vn -0.9310 -0.3649 -0.0002
vn 0.7539 -0.3732 -0.5407
vn -0.0991 -0.5622 0.8210
vn -0.6386 -0.6505 0.4112
vn -0.6921 -0.6994 0.1786
vn 0.7557 -0.6087 0.2416
vn 0.5668 -0.7948 -0.2168
vn 0.6697 0.6955 -0.2605
vn -0.5696 -0.7219 -0.3930
vn 0.7921 -0.3935 -0.4666
vn 0.6556 0.7282 0.1996
vn -0.5935 0.8048 0.0106
vn -0.6029 0.7798 -0.1682
vn 0.9481 0.2447 -0.2030
vn -0.5870 0.7562 -0.2892
vn 0.5821 -0.7572 -0.2962
vn -0.5314 -0.8210 0.2087
vn 0.9931 -0.0084 -0.1172
vn 0.8598 -0.4675 -0.2054
vn -0.7622 -0.4755 0.4393
vn -0.5738 -0.8189 -0.0158
vn 0.8090 0.5112 0.2903
vn -0.6392 0.7689 0.0151
vn 0.6655 0.7409 -0.0901
vn 0.6451 0.7575 0.1001
vn -0.6195 0.7172 0.3191
vn -0.8548 -0.4052 -0.3241
vn -0.7730 -0.2565 -0.5802
vn 0.6545 -0.7043 -0.2748
vn 0.8633 -0.3735 -0.3395
vn -0.6395 -0.7661 -0.0645
vn -0.7029 -0.6602 -0.2648
vn 0.1571 -0.8682 -0.4707
vn 0.5813 -0.7620 -0.2854
vn -0.7026 -0.6808 0.2071
vn 0.4616 0.8784 -0.1241
vn 0.9218 -0.2772 -0.2711
vn -0.9485 -0.2581 -0.1839
vn -0.8756 -0.3943 -0.2789
vn -0.7777 -0.5108 0.3664
vn -0.6526 -0.7577 -0.0013
vn -0.6571 -0.7213 -0.2190
vn 0.6620 -0.7494 0.0152
vn 0.6407 0.7676 0.0168
vn -0.5867 0.7471 0.3125
vn -0.8105 -0.2673 -0.5212
vn 0.6681 -0.7122 -0.2155
vn -0.6179 0.7446 -0.2526
vn -0.7099 -0.6718 -0.2113
vn 0.1407 -0.8893 -0.4352
vn 0.5703 -0.7845 -0.2435
vn -0.6108 -0.7440 0.2711
vn -0.8991 -0.2970 -0.3217
vn 0.9438 -0.3032 -0.1316
vn -0.9519 -0.2777 -0.1296
vn 0.3841 0.9215 -0.0581
vn -0.6614 0.6995 0.2707
vn -0.6473 0.7610 0.0434
vn 0.6691 0.7425 -0.0312
vn 0.6396 0.7536 0.1516
vn -0.6123 0.7095 0.3488
vn -0.8271 -0.4477 -0.3398
vn -0.5546 0.8287 -0.0750
vn 0.6330 -0.2321 -0.7385
vn -0.5636 0.6831 -0.4645
vn 0.7900 0.2600 -0.5552
vn -0.2829 0.7511 -0.5964
vn 0.7539 -0.3731 -0.5408
vn -0.6921 -0.6994 0.1787
vn 0.9481 0.2447 -0.2029
vn 0.8632 -0.3735 -0.3397
vn -0.7027 -0.6604 -0.2647
vn 0.6620 -0.7494 0.0151
vn 0.6408 0.7675 0.0164
vn -0.5867 0.7472 0.3124
vn 0.7870 -0.2515 -0.5633
vn 0.6375 0.7705 -0.0032
vn -0.6427 0.7278 -0.2393
vn -0.5322 0.7433 -0.4054
vn 0.8947 0.3077 -0.3239
vn 0.6972 0.7129 -0.0757
vn -0.2825 0.8237 -0.4916
vn -0.8761 -0.4321 -0.2138
vn 0.9438 -0.3031 -0.1318
vn -0.9822 -0.1220 -0.1430
vn 0.3242 0.9395 0.1104
vn -0.6539 0.6403 0.4030
vn -0.6540 0.7392 0.1607
vn 0.6566 0.7487 0.0908
vn 0.5710 0.7568 0.3181
vn -0.6249 0.6213 0.4727
vn -0.8356 -0.5003 -0.2270
vn 0.6996 -0.1422 -0.7002
vn 0.6116 0.7744 -0.1622
vn -0.8451 -0.4286 -0.3194
vn -0.7743 -0.4519 -0.4431
vn -0.3093 -0.7316 -0.6076
vn 0.4310 -0.7884 -0.4389
vn -0.0969 0.7982 -0.5945
vn 0.5277 -0.8087 -0.2600
vn -0.7584 -0.0732 0.6477
vn -0.4169 -0.8909 0.1802
vn -0.7094 -0.7046 -0.0139
vn 0.7397 -0.6726 0.0202
vn 0.7188 -0.6466 0.2553
vn -0.5195 -0.8066 0.2820
vn 0.7308 -0.6709 -0.1258
vn -0.9859 -0.1658 0.0215
vn 0.5353 -0.7317 0.4219
vn -0.1875 0.9821 0.0199
vn 0.4276 0.7160 0.5518
vn 0.1805 0.9444 0.2750
vn -0.8136 -0.5813 0.0114
vn 0.0844 -0.9961 -0.0260
vn 0.4573 -0.8109 0.3652
vn -0.6481 -0.5843 0.4884
vn 0.9979 -0.0522 -0.0375
vn -0.9525 -0.0625 -0.2982
vn 0.4863 -0.3871 0.7834
vn 0.4974 0.6891 0.5270
vn 0.5957 0.7783 0.1987
vn 0.6056 -0.7520 0.2603
vn 0.4616 -0.7267 0.5088
vn 0.0418 -0.9148 0.4017
vn -0.4535 0.7254 0.5178
vn 0.1218 0.9819 0.1452
vn -0.5208 -0.5539 0.6496
vn 0.3731 -0.9261 0.0560
vn 0.8740 0.3445 -0.3426
vn -0.9129 0.3282 -0.2427
vn 0.4997 0.8383 0.2181
vn 0.0640 -0.7312 0.6792
vn -0.8165 -0.3699 -0.4432
vn 0.8539 0.5022 -0.1363
vn -0.8599 -0.3782 0.3429
vn 0.8479 -0.2533 -0.4657
vn -0.7054 -0.6473 -0.2890
vn -0.4692 -0.5750 0.6703
vn -0.6779 0.6015 0.4227
vn 0.6912 0.7093 0.1381
vn -0.6156 0.7058 0.3506
vn -0.8683 0.4264 0.2536
vn 0.7071 0.7070 -0.0103
vn -0.5958 0.7994 -0.0774
vn 0.6311 -0.3763 0.6783
vn -0.6724 0.0124 0.7401
vn 0.8231 -0.2248 0.5216
vn 0.8610 -0.4281 0.2746
vn 0.0263 -0.7617 0.6474
vn 0.8739 0.1737 0.4541
vn -0.6828 0.7170 0.1404
vn -0.5956 0.8001 -0.0716
vn -0.7762 -0.5685 0.2726
vn -0.4452 -0.5811 0.6813
vn 0.0374 0.8832 -0.4674
vn -0.6165 -0.3672 0.6965
vn -0.3044 -0.4943 0.8143
vn -0.0687 0.2630 -0.9624
vn -0.4279 0.8208 -0.3784
vn 0.7010 0.6882 -0.1870
vn -0.8813 0.4406 0.1708
vn 0.4689 0.2584 -0.8446
vn -0.5656 -0.7543 0.3333
vn 0.8864 -0.3657 0.2840
vn 0.8024 -0.5132 0.3047
vn -0.1056 -0.5671 0.8168
vn 0.7533 -0.4583 0.4716
vn 0.6027 0.7842 -0.1479
vn 0.6577 0.7409 0.1364
vn -0.6214 0.7239 0.2995
vn -0.5860 -0.5068 0.6323
vn 0.2939 -0.1982 0.9351
vn 0.8900 -0.4028 0.2137
vn -0.2137 -0.7838 0.5831
vn -0.9295 -0.3233 0.1776
vn 0.6401 -0.6903 0.3371
vn 0.8110 -0.4008 0.4263
vn -0.2191 0.4379 -0.8719
vn 0.4447 0.8935 0.0633
vn -0.4941 0.7204 -0.4867
vn -0.6892 0.6971 0.1977
vn 0.6800 0.6871 -0.2559
vn -0.4464 -0.8783 0.1710
vn 0.2863 0.1809 -0.9409
vn 0.9366 -0.3463 0.0525
vn -0.3103 -0.7327 0.6056
vn 0.8101 -0.3786 0.4477
vn 0.6462 0.7580 0.0887
vn -0.6850 0.7065 0.1778
vn -0.3208 -0.6935 0.6450
vn 0.3736 -0.6158 0.6937
vn -0.7616 -0.5258 0.3788
vn 0.9269 -0.3099 0.2115
vn -0.2211 -0.9018 0.3712
vn 0.6184 -0.7623 0.1912
vn 0.5659 0.7066 -0.4248
vn 0.6435 0.6916 0.3280
vn -0.5071 0.8240 0.2527
vn -0.1797 0.6076 -0.7737
vn -0.7996 -0.5998 -0.0291
vn -0.7663 -0.6244 0.1515
vn 0.2851 0.8558 -0.4315
vn 0.6963 0.6864 -0.2098
vn -0.9296 0.3055 0.2065
vn 0.6727 0.7397 0.0146
vn -0.6901 0.7109 0.1360
vn -0.3503 -0.7808 0.5174
vn -0.0174 -0.6963 0.7176
vn 0.8159 -0.5705 0.0937
vn 0.9662 -0.2576 0.0101
vn 0.8172 -0.5545 0.1574
vn -0.2406 0.3978 -0.8854
vn 0.7433 0.0047 -0.6690
vn 0.5908 0.7627 -0.2631
vn -0.6860 0.7023 -0.1899
vn 0.7015 0.7018 0.1239
vn -0.3845 0.8917 -0.2388
vn 0.0775 -0.8894 0.4506
vn -0.6880 0.7207 -0.0852
vn 0.7070 0.7070 -0.0147
vn -0.6452 0.7592 -0.0854
vn 0.5097 0.6371 -0.5782
vn -0.2823 0.2427 -0.9281
vn -0.2002 -0.8344 0.5135
vn -0.8679 -0.4925 0.0644
vn 0.9553 -0.1801 -0.2344
vn -0.7662 -0.5989 0.2330
vn 0.7616 -0.5080 0.4024
vn 0.6872 -0.7054 0.1736
vn 0.5254 0.7819 -0.3355
vn 0.6436 0.6915 0.3280
vn -0.6902 0.7107 0.1360
vn -0.6861 0.7023 -0.1899
vn -0.9296 0.3473 -0.1230
vn 0.6940 0.6975 -0.1783
vn 0.6582 0.6908 0.2994
vn -0.4765 -0.5807 0.6602
vn -0.7686 0.5601 -0.3093
vn 0.0535 -0.5903 0.8054
vn -0.3112 0.2186 -0.9248
vn -0.7716 -0.5850 0.2499
vn 0.6361 -0.6604 0.3990
vn -0.6170 -0.7010 0.3577
vn 0.2768 -0.9497 0.1465
vn -0.7060 -0.1804 0.6848
vn 0.5729 0.7997 0.1798
vn 0.7737 0.6335 -0.0108
vn -0.5185 0.8460 -0.1241
vn 0.5531 -0.2125 0.8055
vn 0.5439 -0.3807 0.7478
vn -0.6347 -0.4797 0.6058
vn 0.7833 -0.3802 0.4917
vn 0.7896 0.0757 0.6089
vn -0.6164 0.7601 0.2056
vn 0.7354 0.4936 0.4642
vn 0.5775 -0.3318 0.7459
vn -0.7199 0.5256 -0.4533
vn -0.8031 -0.1100 0.5856
vn 0.7196 0.6782 -0.1488
vn 0.6432 0.1939 0.7408
vn -0.8566 0.4888 -0.1654
vn -0.6429 0.0150 -0.7658
vn 0.8569 -0.2637 -0.4429
vn 0.1644 -0.6035 -0.7802
vn -0.5360 -0.5468 -0.6432
vn 0.7083 -0.5968 -0.3769
vn -0.7787 0.4384 0.4488
vn 0.8585 -0.4629 -0.2207
vn -0.6822 -0.4234 -0.5961
vn -0.0674 0.8717 0.4854
vn 0.0110 0.9969 0.0778
vn 0.6659 0.7205 -0.1936
vn -0.7357 0.5031 -0.4535
vn 0.7248 0.6890 -0.0012
vn -0.6680 0.7235 -0.1744
vn -0.6990 -0.6172 -0.3613
vn -0.5653 0.8228 0.0593
vn 0.6811 -0.1517 -0.7163
vn -0.3936 -0.7468 -0.5361
vn 0.2224 0.4603 0.8595
vn -0.7746 -0.6323 -0.0157
vn -0.2209 0.8774 0.4259
vn -0.4434 -0.7987 -0.4068
vn -0.6483 0.7266 0.2274
vn -0.9066 0.3447 -0.2434
vn 0.1041 0.5665 0.8174
vn 0.8564 -0.5098 -0.0818
vn 0.9128 -0.4071 -0.0320
vn 0.1210 -0.8231 -0.5548
vn 0.6946 -0.6307 -0.3460
vn -0.9243 0.0185 0.3813
vn -0.9004 -0.4330 -0.0415
vn 0.6635 -0.7390 -0.1170
vn 0.1573 -0.6498 -0.7436
vn -0.4670 0.8409 0.2735
vn 0.7017 0.6982 -0.1416
vn 0.6570 0.7536 0.0178
vn 0.5621 0.7521 0.3441
vn 0.6158 0.7735 -0.1501
vn -0.5769 0.7424 -0.3406
vn 0.9651 -0.2379 -0.1094
vn 0.8101 -0.4274 -0.4013
vn -0.9086 -0.4177 -0.0006
vn 0.2507 0.7518 0.6100
vn -0.7303 -0.5337 -0.4265
vn -0.6857 0.7041 -0.1847
vn -0.6229 0.7728 -0.1215
vn -0.7986 -0.5433 -0.2588
vn 0.2724 -0.9448 -0.1820
vn -0.6395 -0.6485 -0.4128
vn 0.7775 -0.6252 -0.0679
vn -0.6051 -0.7939 0.0595
vn -0.5998 0.7300 0.3276
vn -0.9031 0.3593 -0.2353
vn 0.6843 0.7056 -0.1841
vn -0.6601 0.7482 -0.0672
vn -0.6828 -0.6464 -0.3405
vn -0.4282 -0.8498 -0.3075
vn -0.9853 -0.1556 0.0698
vn -0.5646 -0.8025 -0.1928
vn -0.8348 -0.4918 0.2475
vn 0.9417 -0.3366 -0.0029
vn 0.7984 -0.4531 -0.3966
vn -0.2423 0.8050 0.5415
vn 0.4957 0.7552 0.4289
vn -0.6384 0.3896 -0.6639
vn 0.5976 0.7628 -0.2469
vn -0.6641 0.7025 -0.2559
vn -0.5282 -0.6685 -0.5236
vn 0.1295 -0.6319 -0.7642
vn -0.7888 -0.5725 -0.2238
vn 0.1017 0.3970 0.9121
vn 0.3636 0.8386 0.4057
vn -0.6336 0.7038 0.3212
vn 0.6884 0.6886 -0.2280
vn -0.4732 -0.7457 -0.4691
vn 0.0155 0.6425 0.7661
vn 0.7601 -0.5713 -0.3097
vn 0.9441 -0.3253 0.0536
vn 0.0399 -0.9797 -0.1965
vn 0.5413 -0.8381 -0.0670
vn 0.6121 0.7120 0.3441
vn 0.6576 0.6877 -0.3077
vn -0.5400 0.8009 -0.2589
vn -0.0257 0.7598 0.6497
vn -0.8741 -0.4841 0.0414
vn 0.2465 0.5471 0.8000
vn 0.6098 0.7926 0.0020
vn -0.6442 0.7592 0.0929
vn 0.7011 0.7020 0.1248
vn -0.5765 0.7860 0.2232
vn 0.1416 0.4329 0.8902
vn -0.8904 -0.4551 -0.0057
vn -0.7537 -0.5608 -0.3428
vn 0.3508 0.9331 0.0789
vn 0.6861 0.7143 -0.1377
vn 0.7662 -0.6283 -0.1349
vn 0.4144 -0.8974 0.1517
vn 0.4958 0.7551 0.4289
vn 0.1100 0.8057 0.5820
vn 0.3142 0.7190 0.6199
vn 0.2311 0.9627 -0.1407
vn -0.6640 0.7026 -0.2559
vn -0.3165 -0.9433 -0.0998
vn -0.1092 -0.7990 -0.5913
vn 0.1337 -0.7830 -0.6075
vn 0.4732 0.8809 -0.0038
vn -0.9657 0.2340 0.1127
vn 0.0308 0.4345 0.9002
vn -0.1475 -0.7538 -0.6404
vn -0.8357 -0.5266 -0.1560
vn -0.1064 0.9786 -0.1760
vn 0.6577 0.6876 -0.3077
vn 0.6120 0.7121 0.3441
vn -0.3673 -0.8640 -0.3443
vn -0.8942 -0.0349 0.4464
vn -0.7791 -0.5661 -0.2692
vn 0.4526 0.7779 0.4360
vn 0.4667 -0.6830 -0.5619
vn 0.1356 0.9490 -0.2845
vn -0.6505 0.7378 0.1803
vn 0.6889 0.7004 0.1869
vn -0.6445 0.6788 -0.3521
vn -0.5317 -0.8461 -0.0368
vn 0.5283 -0.0326 0.8484
vn -0.6668 0.1593 -0.7280
vn 0.5475 -0.2844 -0.7870
vn 0.6462 -0.6384 -0.4181
vn 0.6496 0.7437 -0.1579
vn -0.5842 0.6613 0.4705
vn -0.3211 -0.8822 -0.3444
vn 0.7071 0.7071 -0.0007
vn 0.1872 0.6246 0.7582
vn 0.8087 -0.4184 -0.4133
vn 0.1023 0.8982 0.4276
vn 0.4508 0.8373 -0.3092
vn -0.6342 0.7549 -0.1672
vn 0.4771 -0.4775 -0.7378
vn 0.8332 0.5130 -0.2064
vn 0.6360 0.0171 -0.7715
vn -0.8570 -0.1100 -0.5035
vn 0.7097 0.5298 -0.4644
vn 0.4969 -0.3897 0.7754
vn -0.0105 -0.9308 0.3654
vn -0.9453 -0.0176 -0.3258
vn -0.5252 -0.6644 0.5317
vn 0.9983 -0.0111 -0.0566
vn -0.8188 0.5644 0.1055
vn -0.3877 0.8840 0.2611
vn 0.5525 -0.7659 -0.3288
vn -0.2127 0.8646 -0.4551
vn 0.9683 0.2331 0.0897
vn -0.9819 -0.0020 0.1894
vn 0.4711 0.5897 0.6560
vn 0.4171 -0.8481 0.3267
vn -0.0147 0.9775 0.2104
vn -0.9951 -0.0010 -0.0992
vn -0.8440 0.1999 0.4977
vn 0.7968 -0.4439 -0.4100
vn -0.7280 -0.1234 -0.6744
vn -0.5563 -0.7139 -0.4254
vn 0.7176 0.6455 -0.2617
vn 0.8386 -0.3493 0.4181
vn 0.6652 0.6391 0.3861
vn 0.5068 0.8362 0.2096
vn -0.9822 -0.0558 -0.1796
vn -0.9576 -0.2836 0.0503
vn -0.1201 0.9811 -0.1519
vn 0.9845 0.1632 -0.0639
vn 0.7899 -0.2356 -0.5662
vn -0.8326 -0.5058 -0.2259
vn 0.4681 0.8150 0.3417
vn 0.8667 -0.3574 -0.3481
vn 0.7028 -0.7028 0.1098
vn 0.7963 -0.4563 0.3971
vn -0.8779 -0.4003 -0.2625
vn 0.9467 -0.2691 -0.1769
vn -0.8733 -0.3631 -0.3248
vn -0.3999 -0.8459 0.3528
vn -0.9567 -0.2185 -0.1926
vn 0.9390 0.3378 -0.0649
vn -0.7760 -0.2450 -0.5812
vn 0.4111 0.8159 0.4065
vn -0.8580 -0.3904 -0.3338
vn 0.6998 -0.7038 0.1226
vn 0.0408 0.9891 -0.1416
vn -0.9485 -0.2183 -0.2294
vn 0.9196 -0.2348 -0.3151
vn -0.4589 0.8721 -0.1699
vn -0.2808 0.9545 0.1003
vn 0.9658 0.2383 0.1022
vn 0.7952 -0.3834 -0.4697
vn 0.5484 0.8324 0.0795
vn 0.9612 -0.2055 -0.1840
vn 0.4474 0.7809 -0.4358
vn 0.8632 -0.4352 -0.2559
vn 0.9884 0.0376 -0.1468
vn -0.3038 0.9301 0.2063
vn -0.0490 0.8968 0.4398
vn 0.5836 0.6113 0.5345
vn -0.7541 -0.2464 -0.6088
vn 0.7860 -0.5797 -0.2148
vn -0.9929 -0.0144 -0.1183
vn 0.6586 -0.6437 -0.3896
vn 0.5607 -0.8239 0.0824
vn 0.7384 -0.3300 -0.5882
vn 0.9617 -0.2718 -0.0355
vn -0.4076 0.9132 0.0011
vn -0.7024 0.6750 0.2259
vn 0.1282 -0.9861 0.1058
vn -0.8744 -0.4258 -0.2328
vn 0.6342 -0.2201 -0.7412
vn 0.7565 -0.2407 -0.6080
vn -0.6932 -0.6892 -0.2108
vn 0.6863 -0.6962 -0.2106
vn 0.4753 -0.8429 0.2524
vn -0.8804 -0.3504 -0.3196
vn -0.9629 -0.1041 0.2491
vn 0.7029 -0.7028 0.1098
vn 0.1297 -0.9911 -0.0301
vn -0.9181 0.3789 -0.1162
vn 0.9434 0.1475 0.2970
vn -0.9011 0.3214 0.2911
vn -0.2207 0.9726 0.0728
vn -0.1943 -0.9518 -0.2373
vn 0.6144 -0.7467 -0.2550
vn -0.8121 -0.0401 0.5821
vn 0.9515 0.0000 0.3077
vn -0.9294 -0.3683 0.0226
vn 0.9884 0.0376 -0.1469
vn -0.3039 0.9301 0.2063
vn -0.9474 0.2625 -0.1830
vn 0.8722 -0.2492 -0.4209
vn -0.8350 -0.4387 -0.3323
vn -0.6521 0.6653 0.3635
vn 0.7500 -0.4891 -0.4452
vn 0.6835 0.6866 0.2476
vn -0.1335 0.8715 0.4719
vn 0.7754 -0.6291 0.0542
vn -0.8030 -0.3400 0.4895
vn -0.3455 0.7545 -0.5580
vn -0.9342 -0.3551 -0.0336
vn 0.9090 -0.4131 -0.0563
vn -0.3689 0.9291 -0.0245
vn -0.9747 0.0936 -0.2032
vn 0.6580 0.7512 -0.0517
vn -0.7761 -0.1587 -0.6104
vn 0.1660 0.8635 0.4762
vn 0.8941 -0.3569 -0.2705
vn 0.7079 0.6715 0.2190
vn -0.9497 -0.3103 -0.0419
vn 0.8012 -0.5862 -0.1206
vn -0.9663 -0.1846 -0.1796
vn -0.5467 -0.6008 0.5833
vn 0.1342 -0.9475 -0.2902
vn 0.7259 -0.6529 -0.2163
vn -0.4485 -0.2892 -0.8457
vn -0.6474 -0.6994 -0.3030
vn -0.7875 0.4739 0.3940
vn 0.7843 -0.4824 -0.3901
vn 0.4913 0.5118 0.7047
vn -0.1431 0.8654 0.4802
vn 0.7580 -0.6440 0.1033
vn -0.9178 -0.0637 0.3920
vn -0.5998 -0.7886 -0.1357
vn -0.6741 -0.3057 -0.6724
vn -0.8842 0.0773 -0.4607
vn 0.9339 -0.1265 -0.3343
vn -0.4122 0.9111 -0.0039
vn -0.9585 -0.2455 0.1452
vn 0.7224 0.6903 0.0408
vn 0.6969 -0.3777 -0.6096
vn 0.3881 0.9044 0.1771
vn -0.7467 -0.2813 -0.6027
vn -0.2086 0.9299 0.3029
vn -0.5593 -0.5214 -0.6445
vn -0.2686 0.9631 0.0153
vn -0.7117 -0.6830 -0.1642
vn -0.9653 0.1642 -0.2032
vn -0.5665 0.8131 -0.1343
vn 0.8385 -0.2140 -0.5011
vn -0.7103 -0.6164 -0.3400
vn -0.8182 -0.3049 -0.4875
vn -0.2531 -0.7911 0.5569
vn 0.8585 0.2578 0.4432
vn -0.8919 0.3808 -0.2439
vn -0.7889 -0.1768 0.5885
vn 0.8666 0.3589 -0.3467
vn 0.3884 -0.9199 0.0536
vn -0.5292 -0.5562 0.6408
vn -0.4226 -0.8489 0.3175
vn 0.7814 -0.6062 0.1480
vn 0.6840 0.6469 0.3371
vn -0.1944 -0.9744 0.1128
vn -0.7699 -0.6289 -0.1082
vn 0.9550 -0.0319 -0.2949
vn -0.5293 -0.7961 0.2934
vn -0.5700 0.2621 0.7787
vn -0.3880 0.7285 0.5646
vn 0.5412 0.3165 -0.7790
vn 0.3042 0.8053 -0.5088
vn -0.9908 0.0413 0.1288
vn -0.7492 0.5416 -0.3812
vn 0.4098 -0.8470 -0.3386
vn 0.6280 0.6114 -0.4814
vn -0.1053 0.8133 -0.5722
vn 0.8743 -0.1886 0.4473
vn -0.6365 -0.3850 0.6684
vn -0.6379 0.7199 0.2736
vn -0.6850 -0.7277 -0.0365
vn -0.1356 0.9302 0.3411
vn -0.7047 0.5991 -0.3800
vn 0.9741 0.0723 -0.2142
vn -0.7213 -0.5714 -0.3914
vn 0.5420 -0.4570 -0.7053
vn -0.1874 -0.9662 -0.1771
vn -0.9474 0.2406 0.2111
vn 0.9871 0.0298 0.1574
vn 0.6149 -0.5988 0.5132
vn -0.2452 0.8046 0.5408
vn 0.7372 0.3502 -0.5779
vn -0.7682 -0.5742 -0.2830
vn 0.5432 -0.6639 -0.5139
vn 0.7011 -0.5051 0.5033
vn -0.6770 -0.7196 0.1544
vn 0.9762 -0.0707 0.2051
vn 0.6345 -0.7556 -0.1629
vn 0.8128 -0.0033 0.5825
vn -0.8917 0.3825 0.2419
vn 0.6482 -0.6667 -0.3679
vn -0.7845 0.1301 0.6063
vn -0.7583 -0.6444 0.0982
vn 0.2621 -0.9648 0.0201
vn -0.6760 -0.5925 0.4381
vn -0.8745 0.0173 -0.4847
vn 0.9555 0.1147 -0.2717
vn 0.9105 0.0481 -0.4106
vn 0.9066 0.3058 0.2909
vn -0.8629 -0.5050 -0.0179
vn -0.0319 0.9677 0.2499
vn 0.6714 0.7063 0.2242
vn 0.7218 -0.6918 -0.0197
vn 0.6540 -0.4541 0.6050
vn -0.7626 -0.6469 0.0040
vn -0.6500 -0.7442 -0.1537
vn 0.9503 -0.2116 -0.2282
vn 0.1261 0.9920 -0.0028
vn 0.7535 -0.0257 0.6570
vn 0.9372 0.1612 0.3093
vn 0.8062 -0.5916 -0.0026
vn -0.7659 -0.0147 0.6428
vn -0.8893 0.2907 0.3530
vn -0.6261 -0.5878 -0.5124
vn 0.0065 0.9764 0.2161
vn 0.2373 -0.9269 0.2909
vn 0.7339 -0.4469 0.5115
vn -0.6996 -0.7144 -0.0175
vn -0.6878 0.6402 -0.3421
vn -0.1019 0.9383 -0.3304
vn 0.1217 -0.7107 -0.6929
vn 0.7020 0.5458 0.4574
vn -0.8680 -0.4846 -0.1079
vn 0.8309 0.5556 -0.0280
vn 0.9916 -0.1232 -0.0398
vn 0.5847 -0.8112 0.0106
vn -0.9982 0.0020 0.0601
vn 0.7039 0.5291 0.4740
vn -0.2318 -0.9642 -0.1284
vn 0.6066 0.7891 -0.0969
vn 0.5964 -0.0037 0.8027
vn -0.8300 0.2205 0.5123
vn -0.9128 -0.2939 -0.2836
vn 0.9265 0.1046 0.3614
vn 0.8590 -0.0148 0.5117
vn -0.5865 0.7737 0.2394
vn -0.2452 0.9624 0.1169
vn 0.7033 -0.7029 -0.1064
vn 0.9509 0.2451 -0.1891
vn -0.7436 0.6558 -0.1303
vn 0.5083 -0.4950 0.7047
vn -0.6887 -0.6920 0.2165
vn -0.7794 -0.6195 0.0941
vn 0.7375 -0.5097 0.4430
vn -0.6349 0.7725 -0.0067
vn 0.9415 0.2385 -0.2380
vn 0.7530 0.6445 -0.1324
vn 0.1715 0.9667 0.1900
vn -0.8252 -0.0271 -0.5642
vn -0.6346 0.6624 -0.3982
vn 0.6458 0.6229 -0.4415
vn -0.9658 0.2246 0.1292
vn 0.9236 0.1716 0.3427
vn 0.6462 -0.7610 0.0576
vn 0.9066 0.3058 0.2908
vn 0.6158 -0.6377 -0.4628
vn -0.6885 0.6887 -0.2273
vn 0.9864 0.0006 0.1642
vn -0.6760 -0.7202 -0.1560
vn 0.7020 0.5458 0.4575
vn 0.6765 -0.6360 -0.3713
vn 0.9139 0.1691 0.3691
vn -0.7108 0.6725 -0.2063
vn 0.9873 0.1202 0.1037
vn -0.6662 -0.0087 0.7458
vn -0.0387 -0.8088 -0.5868
vn -0.2537 0.9303 0.2649
vn -0.0859 -0.9867 -0.1383
vn -0.7874 -0.6140 0.0549
vn -0.6226 -0.5032 0.5993
vn -0.6658 0.7107 0.2272
vn -0.5709 -0.7970 0.1971
vn -0.8161 0.5690 -0.1007
vn 0.6369 0.5533 -0.5368
vn 0.9310 -0.1196 -0.3448
vn -0.7323 0.4025 0.5494
vn -0.9223 0.1833 0.3403
vn -0.6879 -0.2204 -0.6915
vn 0.9828 0.0816 -0.1659
vn 0.2217 -0.9627 -0.1548
vn -0.7585 -0.6492 0.0567
vn -0.7786 0.2058 -0.5928
vn 0.9691 0.2392 -0.0603
vn -0.9970 -0.0659 0.0408
vn 0.6910 -0.7167 0.0936
vn 0.7519 0.3770 0.5409
vn 0.6985 0.0484 0.7140
vn -0.8874 -0.3197 -0.3322
vn 0.9161 0.1283 0.3800
vn 0.8226 0.1465 0.5495
vn -0.5792 0.8152 0.0069
vn -0.2001 0.9752 -0.0942
vn 0.7031 -0.6996 -0.1275
vn -0.3477 -0.9055 0.2434
vn 0.6082 -0.7860 0.1107
vn 0.5685 -0.5883 0.5750
vn -0.7860 -0.6079 0.1124
vn -0.6719 -0.7308 -0.1206
vn 0.7480 0.6593 -0.0762
vn 0.6926 -0.6542 0.3038
vn 0.3327 0.9430 -0.0085
vn 0.0521 0.9862 0.1572
vn -0.0211 0.9362 0.3509
vn -0.7498 -0.2890 0.5952
vn -0.8397 -0.0563 0.5401
vn -0.4020 -0.8351 -0.3755
vn -0.8390 0.5238 0.1475
vn 0.7205 -0.6088 -0.3318
vn -0.6825 -0.6263 0.3767
vn -0.7046 -0.5325 0.4690
vn -0.0225 0.8509 -0.5249
vn -0.9128 -0.2139 0.3479
vn 0.6702 0.6315 -0.3899
vn -0.2081 0.9736 -0.0942
vn -0.9115 0.3477 0.2198
vn -0.7795 -0.1777 -0.6007
vn -0.6783 0.5943 -0.4321
vn 0.6920 0.5501 -0.4674
vn 0.9568 0.0787 0.2797
vn -0.3379 0.8461 -0.4123
vn -0.6249 0.1907 -0.7571
vn -0.4168 -0.8502 -0.3215
vn -0.4876 -0.5838 -0.6491
vn 0.8565 0.3853 0.3435
vn 0.4237 -0.9037 -0.0614
vn 0.7373 0.6744 -0.0396
vn 0.7595 -0.5936 -0.2662
vn 0.8694 -0.4877 0.0793
vn 0.7103 0.6713 0.2119
vn 0.7053 -0.5744 -0.4155
vn 0.9792 0.1571 0.1281
vn -0.0296 0.9817 -0.1882
vn 0.8472 -0.3771 0.3741
vn -0.7107 -0.7000 0.0702
vn -0.4377 -0.8924 -0.1099
vn -0.3978 -0.6516 -0.6460
vn 0.9411 -0.2975 -0.1609
vn -0.0189 -0.8770 -0.4801
vn 0.8196 0.5448 0.1775
vn 0.8831 -0.4692 0.0074
vn -0.7072 0.0073 -0.7070
vn 0.6878 -0.0145 -0.7258
vn 0.6873 0.0244 -0.7259
vn 0.7071 0.0062 -0.7071
vn -0.0027 0.2544 0.9671
vn -0.7112 -0.4428 -0.5460
vn -0.5971 -0.6580 -0.4588
vn -0.6694 -0.6954 -0.2615
vn 0.6802 -0.6971 -0.2265
vn 0.7780 0.6215 -0.0918
vn 0.6642 0.6957 0.2736
vn 0.0444 -0.9417 -0.3335
vn -0.2465 0.4127 0.8769
vn -0.9062 0.3529 -0.2330
vn -0.6504 0.7537 -0.0949
vn -0.5692 -0.7765 -0.2704
vn -0.6887 -0.7201 -0.0845
vn 0.6456 -0.7606 -0.0681
vn 0.0863 -0.9519 -0.2939
vn -0.0563 0.4173 0.9070
vn 0.7071 0.0069 -0.7071
vn 0.7071 0.0072 -0.7071
vn 0.7071 0.0071 -0.7071
vn 0.1393 0.3114 0.9400
vn -0.9595 0.2545 0.1208
vn -0.6475 -0.7311 -0.2149
vn 0.7135 -0.6450 -0.2737
vn -0.1861 0.9664 -0.1772
vn -0.7692 -0.3394 -0.5413
vn 0.5146 -0.7020 -0.4923
vn 0.3596 -0.6239 -0.6939
vn 0.9993 0.0003 0.0385
vn 0.7071 0.0074 -0.7071
vn -0.9026 -0.1921 0.3853
vn 0.1320 -0.9902 -0.0449
vn 0.6373 -0.7570 -0.1445
vn 0.2171 0.9390 -0.2668
vn 0.8394 -0.0529 -0.5410
vn 0.6669 -0.6842 -0.2953
vn 0.0597 -0.5275 -0.8475
vn 0.9622 -0.2695 0.0383
vn -0.5933 0.7242 0.3514
vn -0.9379 0.0914 0.3346
vn 0.2464 -0.6767 -0.6938
vn -0.8302 0.5364 0.1516
vn 0.5173 0.8556 -0.0197
vn 0.9513 0.2930 0.0963
vn -0.6901 -0.6594 -0.2983
vn 0.9001 -0.4355 -0.0141
vn 0.6945 -0.2277 -0.6825
vn 0.6141 -0.6667 -0.4224
vn -0.3303 0.9437 -0.0193
vn -0.4593 -0.5300 -0.7129
vn -0.8455 0.5148 0.1416
vn 0.2116 -0.9391 -0.2706
vn -0.3522 0.8944 0.2758
vn 0.9993 0.0002 0.0385
vn 0.9125 -0.4088 -0.0168
vn -0.6103 0.7399 0.2828
vn -0.8751 -0.0768 0.4779
vn 0.7433 0.0074 -0.6689
vn 0.9591 0.0940 0.2670
vn 0.7070 0.0068 -0.7071
vn 0.0413 -0.7880 -0.6143
vn 0.6695 0.7185 0.1887
vn 0.0570 -0.9698 -0.2371
vn -0.7505 -0.6539 -0.0960
vn -0.1357 0.9379 0.3192
vn 0.4865 -0.7682 -0.4162
vn -0.8855 -0.0706 -0.4592
vn 0.9782 -0.1938 0.0749
vn -0.3370 0.4084 0.8483
vn 0.9395 -0.3315 -0.0859
vn 0.6688 0.0083 -0.7434
vn -0.6276 0.6664 -0.4026
vn -0.6894 0.4609 -0.5589
vn 0.5252 -0.7659 -0.3709
vn -0.8143 -0.2475 -0.5250
vn -0.7608 -0.5379 -0.3631
vn 0.9197 -0.0655 -0.3870
vn -0.6915 -0.4945 -0.5266
vn 0.5160 -0.6185 0.5927
vn -0.3423 -0.9394 -0.0200
vn -0.5154 -0.7581 -0.3996
vn 0.7071 0.0070 -0.7071
vn 0.1415 -0.7284 -0.6704
vn -0.5804 -0.8087 -0.0956
vn -0.6270 -0.7774 -0.0514
vn 0.6370 -0.7650 -0.0952
vn -0.0386 0.9949 0.0934
vn 0.6312 0.7756 -0.0115
vn -0.0755 0.2667 0.9608
vn 0.6439 0.0065 -0.7651
vn 0.7999 0.0065 -0.6001
vn 0.2870 0.3262 0.9007
vn -0.8800 0.4683 -0.0793
vn -0.5950 0.7743 -0.2154
vn -0.5409 -0.6360 -0.5503
vn 0.6670 -0.6081 -0.4304
vn 0.9149 -0.3912 0.1001
vn -0.3720 -0.9000 -0.2271
vn 0.6719 -0.7391 0.0482
vn -0.1640 -0.7918 -0.5884
vn 0.8622 0.0201 -0.5061
vn 0.7258 -0.0153 -0.6877
vn -0.0116 0.1779 0.9840
vn -0.9870 0.0952 0.1298
vn -0.7209 0.6666 0.1896
vn 0.9007 -0.4322 0.0448
vn -0.6945 0.7193 0.0166
vn -0.7766 0.5471 0.3125
vn -0.8544 -0.5178 -0.0431
vn 0.7071 0.0110 0.7071
vn -0.7207 -0.6933 -0.0004
vn 0.7071 0.0167 -0.7069
vn 0.7070 0.0349 -0.7064
vn -0.9666 -0.2284 -0.1163
vn 0.7071 0.0184 -0.7069
vn -0.0854 0.1559 -0.9841
vn 0.7074 0.0028 -0.7068
vn -0.2069 -0.8476 0.4886
vn -0.8944 -0.4468 0.0194
vn 0.7071 0.0180 -0.7069
vn -0.1022 -0.7800 0.6174
vn 0.9094 0.4085 -0.0786
vn -0.6738 -0.7262 0.1365
vn -0.0947 -0.9751 0.2004
vn 0.1748 0.9815 0.0778
vn -0.4587 0.8885 -0.0162
vn 0.7299 -0.6776 -0.0903
vn 0.9435 -0.2107 -0.2557
vn -0.1802 -0.7809 0.5980
vn -0.7065 0.0142 -0.7076
vn -0.8247 -0.5116 0.2413
vn -0.8675 0.3927 -0.3054
vn -0.7208 0.6760 -0.1529
vn 0.5990 -0.7684 -0.2252
vn -0.7516 -0.6596 -0.0055
vn -0.8491 -0.5278 -0.0209
vn -0.7466 -0.6139 0.2563
vn -0.5470 -0.6847 0.4816
vn 0.7477 -0.6056 0.2724
vn 0.6943 -0.7149 0.0826
vn -0.6504 -0.7557 0.0768
vn -0.9738 0.1934 0.1193
vn 0.5939 0.7509 0.2887
vn 0.7487 -0.4264 0.5075
vn 0.8176 -0.5674 0.0981
vn -0.6551 -0.6694 -0.3504
vn 0.0806 -0.9947 0.0636
vn 0.0375 0.9565 -0.2894
vn 0.6205 -0.7821 -0.0578
vn -0.7756 -0.6225 0.1049
vn 0.0200 0.9247 -0.3801
vn -0.6799 -0.6678 0.3030
vn -0.7497 0.6589 -0.0617
vn -0.1752 -0.8610 0.4774
vn 0.2136 0.2836 -0.9349
vn 0.0319 0.3520 -0.9355
vn 0.7071 0.0170 -0.7069
vn 0.7071 0.0177 -0.7069
vn -0.1428 -0.8872 0.4388
vn 0.9742 -0.0494 0.2201
vn -0.3405 -0.6803 0.6490
vn 0.8131 -0.1193 0.5698
vn -0.9919 -0.0883 0.0910
vn -0.0098 -0.9876 0.1568
vn -0.4700 -0.4973 0.7292
vn 0.6791 -0.6296 0.3774
vn 0.9022 0.3354 -0.2710
vn 0.1589 -0.8711 0.4647
vn 0.9145 -0.3354 0.2262
vn -0.9167 -0.1811 0.3563
vn 0.4838 -0.4375 0.7580
vn -0.6078 -0.5039 0.6137
vn 0.1187 -0.7752 0.6205
vn 0.6182 -0.3716 0.6926
vn -0.0918 -0.8652 0.4929
vn 0.7071 0.0188 -0.7069
vn -0.3329 0.0280 -0.9425
vn 0.8488 0.5236 -0.0736
vn 0.8086 0.5813 0.0908
vn 0.7148 -0.6731 0.1897
vn 0.1061 0.9074 -0.4067
vn -0.5887 0.7423 -0.3200
vn 0.0327 0.3294 -0.9436
vn 0.7071 0.0173 -0.7069
vn -0.3420 0.5690 -0.7478
vn 0.1448 -0.8257 0.5452
vn 0.6203 -0.5390 0.5699
vn -0.5663 -0.7336 0.3756
vn 0.9354 -0.1206 0.3325
vn 0.3534 0.8805 -0.3160
vn -0.6415 -0.7558 0.1317
vn 0.2790 0.3408 -0.8978
vn 0.7071 0.0176 -0.7069
vn -0.9796 -0.1956 -0.0465
vn 0.7378 0.6013 0.3068
vn 0.5574 0.7832 0.2756
vn -0.8172 -0.5553 0.1541
vn 0.7016 -0.4520 0.5509
vn 0.8891 -0.4569 -0.0275
vn -0.6460 -0.7503 -0.1401
vn 0.1798 -0.9837 -0.0017
vn 0.4037 -0.8689 0.2863
vn 0.7071 0.0175 -0.7069
vn 0.1582 -0.7135 0.6826
vn 0.6937 -0.6978 0.1786
vn 0.7060 -0.6822 0.1900
vn -0.7861 -0.5059 0.3551
vn -0.9652 0.0753 0.2503
vn -0.5992 0.7992 0.0485
vn 0.2526 -0.6549 0.7123
vn 0.7002 -0.6257 0.3437
vn 0.8603 0.4959 -0.1183
vn 0.5782 0.8145 -0.0477
vn 0.8821 -0.4053 0.2400
vn 0.7012 -0.5326 0.4739
vn 0.2795 0.9481 -0.1517
vn -0.6681 0.7369 -0.1030
vn 0.0991 0.2561 -0.9616
vn -0.9083 0.0478 -0.4155
vn 0.4894 0.8055 0.3342
vn -0.7161 -0.5858 -0.3795
vn -0.7226 -0.6436 0.2522
vn 0.1657 -0.9860 0.0161
vn -0.5720 -0.7247 -0.3842
vn 0.1587 -0.5663 0.8088
vn -0.8437 -0.4293 -0.3224
vn 0.9528 -0.0981 -0.2874
vn -0.0903 0.9877 0.1273
vn 0.4093 -0.4423 0.7980
vn 0.6302 -0.7049 0.3254
vn 0.8648 0.4736 -0.1666
vn 0.0598 -0.9963 0.0618
vn -0.4592 0.8575 0.2319
vn -0.9605 0.0795 0.2667
vn 0.4680 -0.5633 0.6809
vn -0.4770 0.1157 -0.8712
vn 0.6891 0.6355 -0.3481
vn 0.0623 -0.8311 0.5526
vn 0.2605 -0.9653 -0.0179
vn -0.1180 0.9918 -0.0496
vn -0.9731 0.0954 0.2098
vn -0.5907 -0.7136 0.3767
vn 0.2548 -0.6314 0.7324
vn 0.7071 0.0178 -0.7069
vn 0.3725 -0.9222 0.1043
vn 0.0686 -0.9854 -0.1559
vn 0.5744 -0.6867 -0.4455
vn -0.3407 0.9043 0.2571
vn -0.1802 0.1985 -0.9634
vn 0.7071 0.0172 -0.7069
vn 0.7066 0.0326 -0.7068
vn 0.7069 0.0016 -0.7073
vn -0.2234 0.2784 -0.9341
vn 0.9834 0.1792 -0.0284
vn 0.2540 -0.7954 0.5503
vn -0.7053 -0.6976 0.1264
vn -0.8236 -0.4580 0.3347
vn 0.8586 -0.3421 0.3819
vn 0.8827 -0.4671 0.0511
vn -0.6427 -0.7054 -0.2990
vn 0.8423 0.5104 -0.1735
vn 0.8845 -0.4651 0.0370
vn 0.7075 0.0112 0.7067
vn 0.7305 -0.6821 0.0347
vn 0.7385 0.6645 -0.1141
vn 0.7071 0.0166 -0.7069
usemtl AM_A_1000_3
s 1
f 1069/1069/1038 1071/1070/1039 1070/1071/1040
f 1070/1071/1040 1072/1072/1041 1069/1069/1038
f 1073/1073/1042 1069/1069/1038 1072/1072/1041
f 1074/1074/1043 1072/1072/1041 1070/1071/1040
f 1070/1071/1040 1075/1075/1044 1074/1074/1043
f 1072/1072/1041 1074/1074/1043 1076/1076/1045
f 1076/1076/1045 1077/1077/1046 1072/1072/1041
f 1073/1073/1042 1072/1072/1041 1077/1077/1046
f 1077/1077/1046 1078/1078/1047 1073/1073/1042
f 1079/1079/1048 1078/1078/1047 1077/1077/1046
f 1077/1077/1046 1080/1080/1049 1079/1079/1048
f 1080/1080/1049 1077/1077/1046 1076/1076/1045
f 1079/1079/1048 1080/1080/1049 1081/1081/1050
f 1081/1081/1050 1078/1078/1047 1079/1079/1048
f 1082/1082/1051 1078/1078/1047 1081/1081/1050
f 1081/1081/1050 1083/1083/1052 1082/1082/1051
f 1084/1084/1053 1083/1083/1052 1081/1081/1050
f 1081/1081/1050 1085/1085/1054 1084/1084/1053
f 1086/1086/1055 1085/1085/1054 1081/1081/1050
f 1081/1081/1050 1080/1080/1049 1086/1086/1055
f 1087/1087/1056 1086/1086/1055 1080/1080/1049
f 1080/1080/1049 1076/1076/1045 1087/1087/1056
f 1088/1088/1057 1087/1087/1056 1076/1076/1045
f 1076/1076/1045 1089/1089/1058 1088/1088/1057
f 1089/1089/1058 1076/1076/1045 1074/1074/1043
f 1074/1074/1043 1075/1075/1044 1089/1089/1058
f 1090/1090/1059 1089/1089/1058 1075/1075/1044
f 1084/1084/1053 1085/1085/1054 1091/1091/1060
f 1091/1091/1060 1083/1083/1052 1084/1084/1053
f 1092/1092/1061 1083/1083/1052 1091/1091/1060
f 1091/1091/1060 1093/1093/1062 1092/1092/1061
f 1094/1094/1063 1093/1093/1062 1091/1091/1060
f 1091/1091/1060 1095/1095/1064 1094/1094/1063
f 1096/1096/1065 1095/1095/1064 1091/1091/1060
f 1091/1091/1060 1085/1085/1054 1096/1096/1065
f 1097/1097/1066 1096/1096/1065 1085/1085/1054
f 1095/1095/1064 1096/1096/1065 1097/1097/1066
f 1098/1098/1067 1097/1097/1066 1085/1085/1054
f 1085/1085/1054 1086/1086/1055 1098/1098/1067
f 1099/1099/1068 1098/1098/1067 1086/1086/1055
f 1086/1086/1055 1087/1087/1056 1099/1099/1068
f 1095/1095/1064 1097/1097/1066 1100/1100/1069
f 1100/1100/1069 1101/1101/1070 1095/1095/1064
f 1102/1102/1071 1095/1095/1064 1101/1101/1070
f 1094/1094/1063 1095/1095/1064 1102/1102/1071
f 1102/1102/1071 1103/1103/1072 1094/1094/1063
f 1093/1093/1062 1094/1094/1063 1103/1103/1072
f 1103/1103/1072 1104/1104/1073 1093/1093/1062
f 1105/1105/1074 1104/1104/1073 1103/1103/1072
f 1103/1103/1072 1106/1106/1075 1105/1105/1074
f 1107/1107/1076 1106/1106/1075 1103/1103/1072
f 1103/1103/1072 1102/1102/1071 1107/1107/1076
f 1108/1108/1077 1107/1107/1076 1102/1102/1071
f 1102/1102/1071 1101/1101/1070 1108/1108/1077
f 1107/1107/1076 1108/1108/1077 1109/1109/1078
f 1109/1109/1078 1110/1110/1079 1107/1107/1076
f 1106/1106/1075 1107/1107/1076 1110/1110/1079
f 1110/1110/1079 1111/1111/1080 1106/1106/1075
f 1112/1112/1081 1106/1106/1075 1111/1111/1080
f 1105/1105/1074 1106/1106/1075 1112/1112/1081
f 1113/1113/1082 1112/1112/1081 1111/1111/1080
f 1111/1111/1080 1114/1114/1083 1113/1113/1082
f 1115/1115/1084 1114/1114/1083 1111/1111/1080
f 1111/1111/1080 1110/1110/1079 1115/1115/1084
f 1109/1109/1078 1115/1115/1084 1110/1110/1079
f 1115/1115/1084 1109/1109/1078 1116/1116/1085
f 1116/1116/1085 1114/1114/1083 1115/1115/1084
f 1116/1116/1085 1109/1109/1078 1117/1117/1086
f 1117/1117/1086 1118/1118/1087 1116/1116/1085
f 1119/1119/1088 1116/1116/1085 1118/1118/1087
f 1116/1116/1085 1119/1119/1088 1120/1120/1089
f 1120/1120/1089 1114/1114/1083 1116/1116/1085
f 1114/1114/1083 1120/1120/1089 1121/1121/1090
f 1121/1121/1090 1113/1113/1082 1114/1114/1083
f 1122/1122/1091 1121/1121/1090 1120/1120/1089
f 1120/1120/1089 1123/1123/1092 1122/1122/1091
f 1123/1123/1092 1120/1120/1089 1119/1119/1088
f 1119/1119/1088 1124/1124/1093 1123/1123/1092
f 1124/1124/1093 1119/1119/1088 1118/1118/1087
f 1118/1118/1087 1125/1125/1094 1124/1124/1093
f 1126/1126/1095 1124/1124/1093 1125/1125/1094
f 1124/1124/1093 1126/1126/1095 1127/1127/1096
f 1127/1127/1096 1128/1128/1097 1124/1124/1093
f 1123/1123/1092 1124/1124/1093 1128/1128/1097
f 1128/1128/1097 1122/1122/1091 1123/1123/1092
f 1129/1129/1098 1122/1122/1091 1128/1128/1097
f 1128/1128/1097 1130/1130/1099 1129/1129/1098
f 1131/1131/1100 1130/1130/1099 1128/1128/1097
f 1128/1128/1097 1127/1127/1096 1131/1131/1100
f 1132/1132/1101 1130/1130/1099 1131/1131/1100
f 1131/1131/1100 1133/1133/1102 1132/1132/1101
f 1133/1133/1102 1131/1131/1100 1127/1127/1096
f 1127/1127/1096 1134/1134/1103 1133/1133/1102
f 1134/1134/1103 1127/1127/1096 1126/1126/1095
f 1126/1126/1095 1135/1135/1104 1134/1134/1103
f 1136/1136/1105 1134/1134/1103 1135/1135/1104
f 1134/1134/1103 1136/1136/1105 1137/1137/1106
f 1137/1137/1106 1133/1133/1102 1134/1134/1103
f 1133/1133/1102 1137/1137/1106 1138/1138/1107
f 1138/1138/1107 1132/1132/1101 1133/1133/1102
f 1139/1139/1108 1138/1138/1107 1137/1137/1106
f 1137/1137/1106 1140/1140/1109 1139/1139/1108
f 1141/1141/1110 1140/1140/1109 1137/1137/1106
f 1137/1137/1106 1136/1136/1105 1141/1141/1110
f 1142/1142/1111 1141/1141/1110 1136/1136/1105
f 1136/1136/1105 1135/1135/1104 1142/1142/1111
f 1141/1141/1110 1142/1142/1111 1143/1143/1112
f 1143/1143/1112 1144/1144/1113 1141/1141/1110
f 1140/1140/1109 1141/1141/1110 1144/1144/1113
f 1144/1144/1113 1145/1145/1114 1140/1140/1109
f 1146/1146/1115 1140/1140/1109 1145/1145/1114
f 1139/1139/1108 1140/1140/1109 1146/1146/1115
f 1147/1147/1116 1146/1146/1115 1145/1145/1114
f 1145/1145/1114 1148/1148/1117 1147/1147/1116
f 1148/1148/1117 1145/1145/1114 1144/1144/1113
f 1144/1144/1113 1143/1143/1112 1148/1148/1117
f 1149/1149/1118 1148/1148/1117 1143/1143/1112
f 1148/1148/1117 1149/1149/1118 1150/1150/1119
f 1150/1150/1119 1147/1147/1116 1148/1148/1117
f 1151/1151/1120 1147/1147/1116 1150/1150/1119
f 1150/1150/1119 1152/1152/1121 1151/1151/1120
f 1152/1152/1121 1150/1150/1119 1149/1149/1118
f 1149/1149/1118 1153/1153/1122 1152/1152/1121
f 1154/1154/1123 1152/1152/1121 1153/1153/1122
f 1153/1153/1122 1155/1155/1124 1154/1154/1123
f 1156/1156/1125 1154/1154/1123 1155/1155/1124
f 1154/1154/1123 1156/1156/1125 1157/1157/1088
f 1157/1157/1088 1158/1158/1126 1154/1154/1123
f 1152/1152/1121 1154/1154/1123 1158/1158/1126
f 1158/1158/1126 1159/1159/1127 1152/1152/1121
f 1151/1151/1120 1152/1152/1121 1159/1159/1127
f 1159/1159/1127 1160/1160/1128 1151/1151/1120
f 1158/1158/1126 1160/1160/1128 1159/1159/1127
f 1151/1151/1120 1160/1160/1128 1161/1161/1129
f 1161/1161/1129 1147/1147/1116 1151/1151/1120
f 1147/1147/1116 1161/1161/1129 1162/1162/1130
f 1162/1162/1130 1146/1146/1115 1147/1147/1116
f 1163/1163/1131 1160/1160/1128 1158/1158/1126
f 1158/1158/1126 1164/1164/1132 1163/1163/1131
f 1165/1165/1092 1164/1164/1132 1158/1158/1126
f 1158/1158/1126 1157/1157/1088 1165/1165/1092
f 1166/1166/1093 1165/1165/1092 1157/1157/1088
f 1157/1157/1088 1156/1156/1125 1166/1166/1093
f 1167/1167/1094 1166/1166/1093 1156/1156/1125
f 1166/1166/1093 1167/1167/1094 1168/1168/1095
f 1168/1168/1095 1169/1169/1133 1166/1166/1093
f 1170/1170/1097 1166/1166/1093 1169/1169/1133
f 1165/1165/1092 1166/1166/1093 1170/1170/1097
f 1170/1170/1097 1164/1164/1132 1165/1165/1092
f 1171/1171/1134 1164/1164/1132 1170/1170/1097
f 1170/1170/1097 1172/1172/1135 1171/1171/1134
f 1173/1173/1100 1172/1172/1135 1170/1170/1097
f 1170/1170/1097 1169/1169/1133 1173/1173/1100
f 1174/1174/1101 1172/1172/1135 1173/1173/1100
f 1173/1173/1100 1175/1175/1102 1174/1174/1101
f 1175/1175/1102 1173/1173/1100 1169/1169/1133
f 1169/1169/1133 1176/1176/1103 1175/1175/1102
f 1176/1176/1103 1169/1169/1133 1168/1168/1095
f 1168/1168/1095 1177/1177/1104 1176/1176/1103
f 1178/1178/1105 1176/1176/1103 1177/1177/1104
f 1176/1176/1103 1178/1178/1105 1179/1179/1106
f 1179/1179/1106 1175/1175/1102 1176/1176/1103
f 1175/1175/1102 1179/1179/1106 1180/1180/1107
f 1180/1180/1107 1174/1174/1101 1175/1175/1102
f 1181/1181/1136 1180/1180/1107 1179/1179/1106
f 1179/1179/1106 1182/1182/1109 1181/1181/1136
f 1183/1183/1110 1182/1182/1109 1179/1179/1106
f 1179/1179/1106 1178/1178/1105 1183/1183/1110
f 1184/1184/1111 1183/1183/1110 1178/1178/1105
f 1178/1178/1105 1177/1177/1104 1184/1184/1111
f 1183/1183/1110 1184/1184/1111 1185/1185/1112
f 1185/1185/1112 1186/1186/1113 1183/1183/1110
f 1182/1182/1109 1183/1183/1110 1186/1186/1113
f 1186/1186/1113 1187/1187/1114 1182/1182/1109
f 1188/1188/1137 1182/1182/1109 1187/1187/1114
f 1181/1181/1136 1182/1182/1109 1188/1188/1137
f 1189/1189/1116 1188/1188/1137 1187/1187/1114
f 1187/1187/1114 1190/1190/1117 1189/1189/1116
f 1190/1190/1117 1187/1187/1114 1186/1186/1113
f 1186/1186/1113 1185/1185/1112 1190/1190/1117
f 1191/1191/1138 1190/1190/1117 1185/1185/1112
f 1190/1190/1117 1191/1191/1138 1192/1192/1119
f 1192/1192/1119 1189/1189/1116 1190/1190/1117
f 1193/1193/1120 1189/1189/1116 1192/1192/1119
f 1192/1192/1119 1194/1194/1139 1193/1193/1120
f 1194/1194/1139 1192/1192/1119 1191/1191/1138
f 1191/1191/1138 1195/1195/1140 1194/1194/1139
f 1196/1196/1141 1194/1194/1139 1195/1195/1140
f 1195/1195/1140 1197/1197/1142 1196/1196/1141
f 1194/1194/1139 1196/1196/1141 1198/1198/1143
f 1198/1198/1143 1199/1199/1144 1194/1194/1139
f 1193/1193/1120 1194/1194/1139 1199/1199/1144
f 1199/1199/1144 1200/1200/1145 1193/1193/1120
f 1198/1198/1143 1200/1200/1145 1199/1199/1144
f 1193/1193/1120 1200/1200/1145 1201/1201/1146
f 1201/1201/1146 1189/1189/1116 1193/1193/1120
f 1189/1189/1116 1201/1201/1146 1202/1202/1147
f 1202/1202/1147 1188/1188/1137 1189/1189/1116
f 1203/1203/1148 1198/1198/1143 1196/1196/1141
f 1196/1196/1141 1197/1197/1142 1203/1203/1148
f 1204/1204/1149 1203/1203/1148 1197/1197/1142
f 1197/1197/1142 1205/1205/1150 1204/1204/1149
f 1203/1203/1148 1204/1204/1149 1206/1206/1151
f 1206/1206/1151 1207/1207/1152 1203/1203/1148
f 1198/1198/1143 1203/1203/1148 1207/1207/1152
f 1207/1207/1152 1208/1208/1153 1198/1198/1143
f 1209/1209/1154 1198/1198/1143 1208/1208/1153
f 1200/1200/1145 1198/1198/1143 1209/1209/1154
f 1210/1210/1155 1208/1208/1153 1207/1207/1152
f 1207/1207/1152 1206/1206/1151 1210/1210/1155
f 1211/1211/1156 1210/1210/1155 1206/1206/1151
f 1206/1206/1151 1212/1212/1157 1211/1211/1156
f 1213/1213/1158 1212/1212/1157 1206/1206/1151
f 1206/1206/1151 1204/1204/1149 1213/1213/1158
f 1205/1205/1150 1213/1213/1158 1204/1204/1149
f 1213/1213/1158 1205/1205/1150 1214/1214/1159
f 1214/1214/1159 1215/1215/1160 1213/1213/1158
f 1216/1216/1161 1213/1213/1158 1215/1215/1160
f 1212/1212/1157 1213/1213/1158 1216/1216/1161
f 1216/1216/1161 1217/1217/1162 1212/1212/1157
f 1211/1211/1156 1212/1212/1157 1217/1217/1162
f 1217/1217/1162 1218/1218/1163 1211/1211/1156
f 1219/1219/1164 1221/1220/1165 1220/1221/1166
f 1220/1221/1166 1222/1222/1167 1219/1219/1164
f 1223/1223/1168 1219/1219/1164 1222/1222/1167
f 1224/1224/1169 1219/1219/1164 1223/1223/1168
f 1225/1225/1170 1223/1223/1168 1222/1222/1167
f 1222/1222/1167 1226/1226/1171 1225/1225/1170
f 1226/1226/1171 1222/1222/1167 1220/1221/1166
f 1220/1221/1166 1227/1227/1172 1226/1226/1171
f 1228/1228/1173 1226/1226/1171 1227/1227/1172
f 1226/1226/1171 1228/1228/1173 1229/1229/1174
f 1229/1229/1174 1225/1225/1170 1226/1226/1171
f 1225/1225/1170 1229/1229/1174 1230/1230/1175
f 1230/1230/1175 1223/1223/1168 1225/1225/1170
f 1223/1223/1168 1230/1230/1175 1231/1231/1176
f 1231/1231/1176 1224/1224/1169 1223/1223/1168
f 1232/1232/1177 1224/1224/1169 1231/1231/1176
f 1231/1231/1176 1233/1233/1178 1232/1232/1177
f 1234/1234/1179 1233/1233/1178 1231/1231/1176
f 1231/1231/1176 1230/1230/1175 1234/1234/1179
f 1235/1235/1180 1233/1233/1178 1234/1234/1179
f 1236/1236/1181 1234/1234/1179 1230/1230/1175
f 1230/1230/1175 1237/1237/1182 1236/1236/1181
f 1229/1229/1174 1237/1237/1182 1230/1230/1175
f 1236/1236/1181 1237/1237/1182 1238/1238/1183
f 1238/1238/1183 1239/1239/1184 1236/1236/1181
f 1240/1240/1185 1236/1236/1181 1239/1239/1184
f 1234/1234/1179 1236/1236/1181 1240/1240/1185
f 1240/1240/1185 1235/1235/1180 1234/1234/1179
f 1241/1241/1186 1235/1235/1180 1240/1240/1185
f 1240/1240/1185 1239/1239/1184 1241/1241/1186
f 1242/1242/1187 1235/1235/1180 1241/1241/1186
f 1241/1241/1186 1243/1243/1188 1242/1242/1187
f 1244/1244/1189 1243/1243/1188 1241/1241/1186
f 1241/1241/1186 1245/1245/1190 1244/1244/1189
f 1246/1246/1191 1245/1245/1190 1241/1241/1186
f 1241/1241/1186 1239/1239/1184 1246/1246/1191
f 1247/1247/1192 1246/1246/1191 1239/1239/1184
f 1239/1239/1184 1238/1238/1183 1247/1247/1192
f 1245/1245/1190 1246/1246/1191 1247/1247/1192
f 1247/1247/1192 1248/1248/1193 1245/1245/1190
f 1249/1249/1194 1245/1245/1190 1248/1248/1193
f 1245/1245/1190 1249/1249/1194 1250/1250/1195
f 1250/1250/1195 1251/1251/1196 1245/1245/1190
f 1244/1244/1189 1245/1245/1190 1251/1251/1196
f 1251/1251/1196 1243/1243/1188 1244/1244/1189
f 1252/1252/1197 1243/1243/1188 1251/1251/1196
f 1251/1251/1196 1253/1253/1198 1252/1252/1197
f 1254/1254/1199 1253/1253/1198 1251/1251/1196
f 1251/1251/1196 1255/1255/1200 1254/1254/1199
f 1255/1255/1200 1251/1251/1196 1250/1250/1195
f 1250/1250/1195 1249/1249/1194 1255/1255/1200
f 1256/1256/1201 1255/1255/1200 1249/1249/1194
f 1255/1255/1200 1256/1256/1201 1257/1257/1202
f 1257/1257/1202 1254/1254/1199 1255/1255/1200
f 1257/1257/1202 1256/1256/1201 1258/1258/1203
f 1258/1258/1203 1259/1259/1204 1257/1257/1202
f 1260/1260/1205 1257/1257/1202 1259/1259/1204
f 1257/1257/1202 1260/1260/1205 1261/1261/1206
f 1261/1261/1206 1254/1254/1199 1257/1257/1202
f 1254/1254/1199 1261/1261/1206 1262/1262/1207
f 1262/1262/1207 1253/1253/1198 1254/1254/1199
f 1263/1263/1208 1262/1262/1207 1261/1261/1206
f 1261/1261/1206 1264/1264/1209 1263/1263/1208
f 1260/1260/1205 1264/1264/1209 1261/1261/1206
f 1265/1265/1210 1263/1263/1208 1264/1264/1209
f 1266/1266/1211 1264/1264/1209 1260/1260/1205
f 1260/1260/1205 1267/1267/1212 1266/1266/1211
f 1267/1267/1212 1260/1260/1205 1259/1259/1204
f 1266/1266/1211 1267/1267/1212 1268/1268/1213
f 1268/1268/1213 1269/1269/1214 1266/1266/1211
f 1264/1264/1209 1266/1266/1211 1269/1269/1214
f 1269/1269/1214 1265/1265/1210 1264/1264/1209
f 1270/1270/1215 1265/1265/1210 1269/1269/1214
f 1269/1269/1214 1268/1268/1213 1270/1270/1215
f 1271/1271/1216 1265/1265/1210 1270/1270/1215
f 1270/1270/1215 1268/1268/1213 1272/1272/1217
f 1272/1272/1217 1271/1271/1216 1270/1270/1215
f 1273/1273/1218 1271/1271/1216 1272/1272/1217
f 1272/1272/1217 1274/1274/1186 1273/1273/1218
f 1275/1275/1219 1274/1274/1186 1272/1272/1217
f 1272/1272/1217 1268/1268/1213 1275/1275/1219
f 1276/1276/1220 1275/1275/1219 1268/1268/1213
f 1268/1268/1213 1277/1277/1221 1276/1276/1220
f 1267/1267/1212 1277/1277/1221 1268/1268/1213
f 1275/1275/1219 1276/1276/1220 1278/1278/1192
f 1278/1278/1192 1279/1279/1222 1275/1275/1219
f 1274/1274/1186 1275/1275/1219 1279/1279/1222
f 1279/1279/1222 1278/1278/1192 1280/1280/1223
f 1280/1280/1223 1274/1274/1186 1279/1279/1222
f 1280/1280/1223 1278/1278/1192 1281/1281/1193
f 1281/1281/1193 1282/1282/1194 1280/1280/1223
f 1283/1283/1195 1280/1280/1223 1282/1282/1194
f 1280/1280/1223 1283/1283/1195 1284/1284/1196
f 1284/1284/1196 1285/1285/1224 1280/1280/1223
f 1274/1274/1186 1280/1280/1223 1285/1285/1224
f 1285/1285/1224 1286/1286/1225 1274/1274/1186
f 1284/1284/1196 1286/1286/1225 1285/1285/1224
f 1274/1274/1186 1286/1286/1225 1287/1287/1226
f 1287/1287/1226 1273/1273/1218 1274/1274/1186
f 1288/1288/1227 1286/1286/1225 1284/1284/1196
f 1284/1284/1196 1289/1289/1198 1288/1288/1227
f 1290/1290/1199 1289/1289/1198 1284/1284/1196
f 1284/1284/1196 1291/1291/1200 1290/1290/1199
f 1291/1291/1200 1284/1284/1196 1283/1283/1195
f 1283/1283/1195 1282/1282/1194 1291/1291/1200
f 1292/1292/1201 1291/1291/1200 1282/1282/1194
f 1291/1291/1200 1292/1292/1201 1293/1293/1202
f 1293/1293/1202 1290/1290/1199 1291/1291/1200
f 1293/1293/1202 1292/1292/1201 1294/1294/1203
f 1294/1294/1203 1295/1295/1204 1293/1293/1202
f 1296/1296/1205 1293/1293/1202 1295/1295/1204
f 1293/1293/1202 1296/1296/1205 1297/1297/1206
f 1297/1297/1206 1290/1290/1199 1293/1293/1202
f 1290/1290/1199 1297/1297/1206 1298/1298/1207
f 1298/1298/1207 1289/1289/1198 1290/1290/1199
f 1299/1299/1208 1298/1298/1207 1297/1297/1206
f 1297/1297/1206 1300/1300/1209 1299/1299/1208
f 1296/1296/1205 1300/1300/1209 1297/1297/1206
f 1301/1301/1228 1299/1299/1208 1300/1300/1209
f 1302/1302/1229 1300/1300/1209 1296/1296/1205
f 1296/1296/1205 1303/1303/1230 1302/1302/1229
f 1303/1303/1230 1296/1296/1205 1295/1295/1204
f 1302/1302/1229 1303/1303/1230 1304/1304/1231
f 1304/1304/1231 1305/1305/1232 1302/1302/1229
f 1300/1300/1209 1302/1302/1229 1305/1305/1232
f 1305/1305/1232 1301/1301/1228 1300/1300/1209
f 1306/1306/1233 1301/1301/1228 1305/1305/1232
f 1305/1305/1232 1304/1304/1231 1306/1306/1233
f 1307/1307/1234 1301/1301/1228 1306/1306/1233
f 1306/1306/1233 1308/1308/1235 1307/1307/1234
f 1309/1309/1236 1308/1308/1235 1306/1306/1233
f 1306/1306/1233 1310/1310/1237 1309/1309/1236
f 1310/1310/1237 1306/1306/1233 1304/1304/1231
f 1304/1304/1231 1311/1311/1238 1310/1310/1237
f 1312/1312/1239 1311/1311/1238 1304/1304/1231
f 1304/1304/1231 1303/1303/1230 1312/1312/1239
f 1313/1313/1240 1310/1310/1237 1311/1311/1238
f 1311/1311/1238 1314/1314/1241 1313/1313/1240
f 1309/1309/1236 1310/1310/1237 1313/1313/1240
f 1313/1313/1240 1315/1315/1242 1309/1309/1236
f 1316/1316/1243 1309/1309/1236 1315/1315/1242
f 1308/1308/1235 1309/1309/1236 1316/1316/1243
f 1317/1317/1244 1316/1316/1243 1315/1315/1242
f 1315/1315/1242 1318/1318/1245 1317/1317/1244
f 1319/1319/1246 1318/1318/1245 1315/1315/1242
f 1315/1315/1242 1313/1313/1240 1319/1319/1246
f 1314/1314/1241 1319/1319/1246 1313/1313/1240
f 1320/1320/1247 1319/1319/1246 1314/1314/1241
f 1314/1314/1241 1321/1321/1248 1320/1320/1247
f 1319/1319/1246 1320/1320/1247 1322/1322/1249
f 1322/1322/1249 1318/1318/1245 1319/1319/1246
f 1318/1318/1245 1322/1322/1249 1323/1323/1250
f 1323/1323/1250 1317/1317/1244 1318/1318/1245
f 1324/1324/1251 1323/1323/1250 1322/1322/1249
f 1322/1322/1249 1325/1325/1252 1324/1324/1251
f 1325/1325/1252 1322/1322/1249 1320/1320/1247
f 1320/1320/1247 1326/1326/1253 1325/1325/1252
f 1327/1327/1254 1326/1326/1253 1320/1320/1247
f 1320/1320/1247 1321/1321/1248 1327/1327/1254
f 1328/1328/1255 1325/1325/1252 1326/1326/1253
f 1326/1326/1253 1329/1329/1256 1328/1328/1255
f 1329/1329/1256 1326/1326/1253 1330/1330/1257
f 1324/1324/1251 1325/1325/1252 1328/1328/1255
f 1328/1328/1255 1331/1331/1258 1324/1324/1251
f 1329/1329/1256 1331/1331/1258 1328/1328/1255
f 1324/1324/1251 1331/1331/1258 1332/1332/1259
f 1332/1332/1259 1333/1333/1260 1324/1324/1251
f 1323/1323/1250 1324/1324/1251 1333/1333/1260
f 1334/1334/1261 1332/1332/1259 1331/1331/1258
f 1331/1331/1258 1335/1335/1262 1334/1334/1261
f 1335/1335/1262 1331/1331/1258 1329/1329/1256
f 1329/1329/1256 1336/1336/1263 1335/1335/1262
f 1334/1334/1261 1335/1335/1262 1336/1336/1263
f 1336/1336/1263 1337/1337/1264 1334/1334/1261
f 1338/1338/1265 1337/1337/1264 1336/1336/1263
f 1336/1336/1263 1339/1339/1266 1338/1338/1265
f 1340/1340/1267 1338/1338/1265 1339/1339/1266
f 1341/1341/1268 1339/1339/1266 1336/1336/1263
f 1336/1336/1263 1342/1342/1269 1341/1341/1268
f 1342/1342/1269 1336/1336/1263 1329/1329/1256
f 1329/1329/1256 1343/1343/1270 1342/1342/1269
f 1343/1343/1270 1329/1329/1256 1330/1330/1257
f 1342/1342/1269 1343/1343/1270 1344/1344/1271
f 1344/1344/1271 1341/1341/1268 1342/1342/1269
f 1341/1341/1268 1344/1344/1271 1345/1345/1272
f 1345/1345/1272 1346/1346/1273 1341/1341/1268
f 1347/1347/1274 1341/1341/1268 1346/1346/1273
f 1339/1339/1266 1341/1341/1268 1347/1347/1274
f 1347/1347/1274 1340/1340/1267 1339/1339/1266
f 1348/1348/1275 1340/1340/1267 1347/1347/1274
f 1347/1347/1274 1349/1349/1276 1348/1348/1275
f 1349/1349/1276 1347/1347/1274 1346/1346/1273
f 1346/1346/1273 1350/1350/1277 1349/1349/1276
f 1350/1350/1277 1346/1346/1273 1345/1345/1272
f 1345/1345/1272 1351/1351/1278 1350/1350/1277
f 1352/1352/1279 1350/1350/1277 1351/1351/1278
f 1350/1350/1277 1352/1352/1279 1353/1353/1280
f 1353/1353/1280 1349/1349/1276 1350/1350/1277
f 1349/1349/1276 1353/1353/1280 1354/1354/1281
f 1354/1354/1281 1355/1355/1282 1349/1349/1276
f 1348/1348/1275 1349/1349/1276 1355/1355/1282
f 1228/1228/1173 1227/1227/1172 1356/1356/1283
f 1357/1357/1284 1359/1358/1285 1358/1359/1286
f 1358/1359/1286 1360/1360/1287 1357/1357/1284
f 1361/1361/1288 1357/1357/1284 1360/1360/1287
f 1362/1362/1289 1357/1357/1284 1361/1361/1288
f 1363/1363/1290 1361/1361/1288 1360/1360/1287
f 1360/1360/1287 1364/1364/1291 1363/1363/1290
f 1364/1364/1291 1360/1360/1287 1358/1359/1286
f 1358/1359/1286 1365/1365/1292 1364/1364/1291
f 1366/1366/1293 1364/1364/1291 1365/1365/1292
f 1363/1363/1290 1364/1364/1291 1366/1366/1293
f 1366/1366/1293 1367/1367/1294 1363/1363/1290
f 1368/1368/1295 1367/1367/1294 1366/1366/1293
f 1366/1366/1293 1369/1369/1296 1368/1368/1295
f 1370/1370/1297 1369/1369/1296 1366/1366/1293
f 1366/1366/1293 1371/1371/1298 1370/1370/1297
f 1365/1365/1292 1371/1371/1298 1366/1366/1293
f 1372/1372/1299 1369/1369/1296 1370/1370/1297
f 1370/1370/1297 1373/1373/1300 1372/1372/1299
f 1368/1368/1295 1369/1369/1296 1372/1372/1299
f 1372/1372/1299 1374/1374/1301 1368/1368/1295
f 1375/1375/1302 1374/1374/1301 1372/1372/1299
f 1372/1372/1299 1376/1376/1303 1375/1375/1302
f 1377/1377/1304 1376/1376/1303 1372/1372/1299
f 1372/1372/1299 1373/1373/1300 1377/1377/1304
f 1376/1376/1303 1377/1377/1304 1378/1378/1305
f 1378/1378/1305 1379/1379/1306 1376/1376/1303
f 1375/1375/1302 1376/1376/1303 1379/1379/1306
f 1380/1380/1307 1379/1379/1306 1378/1378/1305
f 1378/1378/1305 1381/1381/1308 1380/1380/1307
f 1377/1377/1304 1381/1381/1308 1378/1378/1305
f 1380/1380/1307 1381/1381/1308 1382/1382/1309
f 1382/1382/1309 1383/1383/1310 1380/1380/1307
f 1384/1384/1311 1380/1380/1307 1383/1383/1310
f 1380/1380/1307 1384/1384/1311 1385/1385/1312
f 1385/1385/1312 1386/1386/1313 1380/1380/1307
f 1379/1379/1306 1380/1380/1307 1386/1386/1313
f 1387/1387/1314 1385/1385/1312 1384/1384/1311
f 1384/1384/1311 1388/1388/1315 1387/1387/1314
f 1388/1388/1315 1384/1384/1311 1383/1383/1310
f 1383/1383/1310 1389/1389/1316 1388/1388/1315
f 1390/1390/1317 1388/1388/1315 1389/1389/1316
f 1388/1388/1315 1390/1390/1317 1391/1391/1318
f 1391/1391/1318 1392/1392/1319 1388/1388/1315
f 1387/1387/1314 1388/1388/1315 1392/1392/1319
f 1393/1393/1320 1392/1392/1319 1391/1391/1318
f 1391/1391/1318 1394/1394/1321 1393/1393/1320
f 1394/1394/1321 1391/1391/1318 1390/1390/1317
f 1390/1390/1317 1395/1395/1322 1394/1394/1321
f 1396/1396/1323 1394/1394/1321 1395/1395/1322
f 1393/1393/1320 1394/1394/1321 1396/1396/1323
f 1396/1396/1323 1397/1397/1324 1393/1393/1320
f 1398/1398/1325 1397/1397/1324 1396/1396/1323
f 1396/1396/1323 1399/1399/1326 1398/1398/1325
f 1400/1400/1327 1399/1399/1326 1396/1396/1323
f 1396/1396/1323 1395/1395/1322 1400/1400/1327
f 1399/1399/1326 1400/1400/1327 1401/1401/1328
f 1401/1401/1328 1402/1402/1329 1399/1399/1326
f 1403/1403/1330 1399/1399/1326 1402/1402/1329
f 1399/1399/1326 1403/1403/1330 1404/1404/1331
f 1404/1404/1331 1398/1398/1325 1399/1399/1326
f 1405/1405/1332 1404/1404/1331 1403/1403/1330
f 1403/1403/1330 1406/1406/1333 1405/1405/1332
f 1407/1407/1334 1406/1406/1333 1403/1403/1330
f 1403/1403/1330 1402/1402/1329 1407/1407/1334
f 1406/1406/1333 1407/1407/1334 1408/1408/1335
f 1408/1408/1335 1409/1409/1336 1406/1406/1333
f 1405/1405/1332 1406/1406/1333 1409/1409/1336
f 1410/1410/1337 1409/1409/1336 1408/1408/1335
f 1408/1408/1335 1411/1411/1338 1410/1410/1337
f 1407/1407/1334 1411/1411/1338 1408/1408/1335
f 1410/1410/1337 1411/1411/1338 1412/1412/1339
f 1412/1412/1339 1413/1413/1340 1410/1410/1337
f 1413/1413/1340 1412/1412/1339 1414/1414/1341
f 1410/1410/1337 1413/1413/1340 1415/1415/1342
f 1415/1415/1342 1416/1416/1343 1410/1410/1337
f 1409/1409/1336 1410/1410/1337 1416/1416/1343
f 1415/1415/1342 1413/1413/1340 1417/1417/1344
f 1417/1417/1344 1418/1418/1345 1415/1415/1342
f 1417/1417/1344 1413/1413/1340 1414/1414/1341
f 1414/1414/1341 1419/1419/1346 1417/1417/1344
f 1420/1420/1347 1417/1417/1344 1419/1419/1346
f 1417/1417/1344 1420/1420/1347 1421/1421/1348
f 1421/1421/1348 1418/1418/1345 1417/1417/1344
f 1422/1422/1349 1421/1421/1348 1420/1420/1347
f 1420/1420/1347 1423/1423/1350 1422/1422/1349
f 1419/1419/1346 1423/1423/1350 1420/1420/1347
f 1422/1422/1349 1423/1423/1350 1424/1424/1327
f 1424/1424/1327 1425/1425/1351 1422/1422/1349
f 1425/1425/1351 1424/1424/1327 1426/1426/1328
f 1426/1426/1328 1427/1427/1329 1425/1425/1351
f 1428/1428/1330 1425/1425/1351 1427/1427/1329
f 1427/1427/1329 1429/1429/1334 1428/1428/1330
f 1425/1425/1351 1428/1428/1330 1430/1430/1331
f 1430/1430/1331 1431/1431/1325 1425/1425/1351
f 1422/1422/1349 1425/1425/1351 1431/1431/1325
f 1431/1431/1325 1432/1432/1324 1422/1422/1349
f 1421/1421/1348 1422/1422/1349 1432/1432/1324
f 1433/1433/1332 1430/1430/1331 1428/1428/1330
f 1428/1428/1330 1434/1434/1333 1433/1433/1332
f 1429/1429/1334 1434/1434/1333 1428/1428/1330
f 1435/1435/1336 1433/1433/1332 1434/1434/1333
f 1434/1434/1333 1429/1429/1334 1436/1436/1335
f 1436/1436/1335 1435/1435/1336 1434/1434/1333
f 1436/1436/1335 1429/1429/1334 1437/1437/1338
f 1437/1437/1338 1438/1438/1352 1436/1436/1335
f 1435/1435/1336 1436/1436/1335 1438/1438/1352
f 1438/1438/1352 1439/1439/1343 1435/1435/1336
f 1440/1440/1342 1439/1439/1343 1438/1438/1352
f 1438/1438/1352 1441/1441/1353 1440/1440/1342
f 1442/1442/1339 1441/1441/1353 1438/1438/1352
f 1438/1438/1352 1437/1437/1338 1442/1442/1339
f 1441/1441/1353 1442/1442/1339 1443/1443/1341
f 1443/1443/1341 1444/1444/1354 1441/1441/1353
f 1440/1440/1342 1441/1441/1353 1444/1444/1354
f 1444/1444/1354 1445/1445/1355 1440/1440/1342
f 1446/1446/1356 1445/1445/1355 1444/1444/1354
f 1444/1444/1354 1447/1447/1357 1446/1446/1356
f 1448/1448/1358 1447/1447/1357 1444/1444/1354
f 1444/1444/1354 1443/1443/1341 1448/1448/1358
f 1447/1447/1357 1448/1448/1358 1449/1449/1359
f 1449/1449/1359 1450/1450/1360 1447/1447/1357
f 1451/1451/1361 1447/1447/1357 1450/1450/1360
f 1446/1446/1356 1447/1447/1357 1451/1451/1361
f 1452/1452/1362 1451/1451/1361 1450/1450/1360
f 1450/1450/1360 1453/1453/1363 1452/1452/1362
f 1449/1449/1359 1453/1453/1363 1450/1450/1360
f 1452/1452/1362 1453/1453/1363 1454/1454/1364
f 1454/1454/1364 1455/1455/1365 1452/1452/1362
f 1456/1456/1366 1452/1452/1362 1455/1455/1365
f 1452/1452/1362 1456/1456/1366 1457/1457/1367
f 1457/1457/1367 1451/1451/1361 1452/1452/1362
f 1458/1458/1368 1457/1457/1367 1456/1456/1366
f 1456/1456/1366 1459/1459/1369 1458/1458/1368
f 1460/1460/1370 1459/1459/1369 1456/1456/1366
f 1456/1456/1366 1461/1461/1371 1460/1460/1370
f 1461/1461/1371 1456/1456/1366 1455/1455/1365
f 1462/1462/1372 1464/1463/1373 1463/1464/1374
f 1463/1464/1374 1465/1465/1375 1462/1462/1372
f 1466/1466/1376 1462/1462/1372 1465/1465/1375
f 1465/1465/1375 1463/1464/1374 1467/1467/1377
f 1467/1467/1377 1468/1468/1378 1465/1465/1375
f 1469/1469/1379 1465/1465/1375 1468/1468/1378
f 1466/1466/1376 1465/1465/1375 1469/1469/1379
f 1469/1469/1379 1468/1468/1378 1470/1470/1380
f 1470/1470/1380 1471/1471/1381 1469/1469/1379
f 1466/1466/1376 1469/1469/1379 1471/1471/1381
f 1471/1471/1381 1472/1472/1382 1466/1466/1376
f 1473/1473/1383 1472/1472/1382 1471/1471/1381
f 1471/1471/1381 1474/1474/1384 1473/1473/1383
f 1475/1475/1385 1473/1473/1383 1474/1474/1384
f 1476/1476/1386 1474/1474/1384 1471/1471/1381
f 1471/1471/1381 1477/1477/1387 1476/1476/1386
f 1470/1470/1380 1477/1477/1387 1471/1471/1381
f 1478/1478/1388 1474/1474/1384 1476/1476/1386
f 1476/1476/1386 1479/1479/1389 1478/1478/1388
f 1475/1475/1385 1474/1474/1384 1478/1478/1388
f 1478/1478/1388 1480/1480/1390 1475/1475/1385
f 1481/1481/1391 1480/1480/1390 1478/1478/1388
f 1478/1478/1388 1482/1482/1392 1481/1481/1391
f 1482/1482/1392 1478/1478/1388 1479/1479/1389
f 1481/1481/1391 1482/1482/1392 1483/1483/1393
f 1483/1483/1393 1484/1484/1394 1481/1481/1391
f 1480/1480/1390 1481/1481/1391 1484/1484/1394
f 1485/1485/1395 1484/1484/1394 1483/1483/1393
f 1483/1483/1393 1486/1486/1396 1485/1485/1395
f 1487/1487/1397 1485/1485/1395 1486/1486/1396
f 1488/1488/1398 1486/1486/1396 1483/1483/1393
f 1483/1483/1393 1489/1489/1399 1488/1488/1398
f 1482/1482/1392 1489/1489/1399 1483/1483/1393
f 1490/1490/1400 1486/1486/1396 1488/1488/1398
f 1488/1488/1398 1491/1491/1401 1490/1490/1400
f 1487/1487/1397 1486/1486/1396 1490/1490/1400
f 1490/1490/1400 1491/1491/1401 1492/1492/1402
f 1492/1492/1402 1487/1487/1397 1490/1490/1400
f 1493/1493/1403 1487/1487/1397 1492/1492/1402
f 1492/1492/1402 1494/1494/1404 1493/1493/1403
f 1495/1495/1405 1494/1494/1404 1492/1492/1402
f 1492/1492/1402 1491/1491/1401 1495/1495/1405
f 1494/1494/1404 1495/1495/1405 1496/1496/1406
f 1496/1496/1406 1497/1497/1407 1494/1494/1404
f 1497/1497/1407 1496/1496/1406 1498/1498/1408
f 1494/1494/1404 1497/1497/1407 1499/1499/1409
f 1499/1499/1409 1500/1500/1410 1494/1494/1404
f 1493/1493/1403 1494/1494/1404 1500/1500/1410
f 1499/1499/1409 1497/1497/1407 1501/1501/1411
f 1501/1501/1411 1502/1502/1412 1499/1499/1409
f 1501/1501/1411 1497/1497/1407 1498/1498/1408
f 1498/1498/1408 1503/1503/1413 1501/1501/1411
f 1504/1504/1414 1501/1501/1411 1503/1503/1413
f 1501/1501/1411 1504/1504/1414 1505/1505/1415
f 1505/1505/1415 1506/1506/1416 1501/1501/1411
f 1502/1502/1412 1501/1501/1411 1506/1506/1416
f 1507/1507/1417 1506/1506/1416 1505/1505/1415
f 1505/1505/1415 1508/1508/1418 1507/1507/1417
f 1508/1508/1418 1505/1505/1415 1504/1504/1414
f 1504/1504/1414 1509/1509/1419 1508/1508/1418
f 1510/1510/1420 1508/1508/1418 1509/1509/1419
f 1507/1507/1417 1508/1508/1418 1510/1510/1420
f 1510/1510/1420 1511/1511/1421 1507/1507/1417
f 1512/1512/1422 1511/1511/1421 1510/1510/1420
f 1510/1510/1420 1513/1513/1423 1512/1512/1422
f 1514/1514/1424 1513/1513/1423 1510/1510/1420
f 1510/1510/1420 1509/1509/1419 1514/1514/1424
f 1513/1513/1423 1514/1514/1424 1515/1515/1425
f 1515/1515/1425 1516/1516/1426 1513/1513/1423
f 1512/1512/1422 1513/1513/1423 1516/1516/1426
f 1516/1516/1426 1517/1517/1427 1512/1512/1422
f 1518/1518/1428 1517/1517/1427 1516/1516/1426
f 1516/1516/1426 1519/1519/1429 1518/1518/1428
f 1520/1520/1430 1519/1519/1429 1516/1516/1426
f 1516/1516/1426 1515/1515/1425 1520/1520/1430
f 1519/1519/1429 1520/1520/1430 1521/1521/1431
f 1521/1521/1431 1522/1522/1432 1519/1519/1429
f 1523/1523/1433 1519/1519/1429 1522/1522/1432
f 1519/1519/1429 1523/1523/1433 1524/1524/1434
f 1524/1524/1434 1518/1518/1428 1519/1519/1429
f 1525/1525/1435 1524/1524/1434 1523/1523/1433
f 1523/1523/1433 1526/1526/1436 1525/1525/1435
f 1526/1526/1436 1523/1523/1433 1522/1522/1432
f 1522/1522/1432 1527/1527/1437 1526/1526/1436
f 1528/1528/1438 1526/1526/1436 1527/1527/1437
f 1525/1525/1435 1526/1526/1436 1528/1528/1438
f 1528/1528/1438 1529/1529/1439 1525/1525/1435
f 1530/1530/1440 1529/1529/1439 1528/1528/1438
f 1528/1528/1438 1531/1531/1441 1530/1530/1440
f 1532/1532/1442 1531/1531/1441 1528/1528/1438
f 1528/1528/1438 1533/1533/1443 1532/1532/1442
f 1527/1527/1437 1533/1533/1443 1528/1528/1438
f 1534/1534/1444 1531/1531/1441 1532/1532/1442
f 1532/1532/1442 1535/1535/1413 1534/1534/1444
f 1530/1530/1440 1531/1531/1441 1534/1534/1444
f 1534/1534/1444 1536/1536/1412 1530/1530/1440
f 1537/1537/1416 1536/1536/1412 1534/1534/1444
f 1534/1534/1444 1538/1538/1445 1537/1537/1416
f 1539/1539/1414 1538/1538/1445 1534/1534/1444
f 1534/1534/1444 1535/1535/1413 1539/1539/1414
f 1538/1538/1445 1539/1539/1414 1540/1540/1446
f 1540/1540/1446 1541/1541/1417 1538/1538/1445
f 1537/1537/1416 1538/1538/1445 1541/1541/1417
f 1542/1542/1447 1541/1541/1417 1540/1540/1446
f 1540/1540/1446 1543/1543/1419 1542/1542/1447
f 1539/1539/1414 1543/1543/1419 1540/1540/1446
f 1542/1542/1447 1543/1543/1419 1544/1544/1424
f 1544/1544/1424 1545/1545/1448 1542/1542/1447
f 1545/1545/1448 1544/1544/1424 1546/1546/1425
f 1542/1542/1447 1545/1545/1448 1547/1547/1422
f 1547/1547/1422 1548/1548/1421 1542/1542/1447
f 1541/1541/1417 1542/1542/1447 1548/1548/1421
f 1547/1547/1422 1545/1545/1448 1549/1549/1449
f 1549/1549/1449 1550/1550/1427 1547/1547/1422
f 1549/1549/1449 1545/1545/1448 1546/1546/1425
f 1546/1546/1425 1551/1551/1450 1549/1549/1449
f 1552/1552/1451 1549/1549/1449 1551/1551/1450
f 1549/1549/1449 1552/1552/1451 1553/1553/1428
f 1553/1553/1428 1550/1550/1427 1549/1549/1449
f 1554/1554/1434 1553/1553/1428 1552/1552/1451
f 1552/1552/1451 1555/1555/1452 1554/1554/1434
f 1556/1556/1435 1554/1554/1434 1555/1555/1452
f 1557/1557/1432 1555/1555/1452 1552/1552/1451
f 1552/1552/1451 1558/1558/1431 1557/1557/1432
f 1551/1551/1450 1558/1558/1431 1552/1552/1451
f 1559/1559/1453 1555/1555/1452 1557/1557/1432
f 1557/1557/1432 1560/1560/1437 1559/1559/1453
f 1556/1556/1435 1555/1555/1452 1559/1559/1453
f 1559/1559/1453 1560/1560/1437 1561/1561/1454
f 1561/1561/1454 1556/1556/1435 1559/1559/1453
f 1562/1562/1455 1556/1556/1435 1561/1561/1454
f 1561/1561/1454 1563/1563/1456 1562/1562/1455
f 1563/1563/1456 1561/1561/1454 1564/1564/1457
f 1564/1564/1457 1565/1565/1458 1563/1563/1456
f 1566/1566/1459 1564/1564/1457 1561/1561/1454
f 1561/1561/1454 1567/1567/1460 1566/1566/1459
f 1560/1560/1437 1567/1567/1460 1561/1561/1454
f 1568/1568/1461 1564/1564/1457 1566/1566/1459
f 1566/1566/1459 1569/1569/1462 1568/1568/1461
f 1565/1565/1458 1564/1564/1457 1568/1568/1461
f 1568/1568/1461 1570/1570/1463 1565/1565/1458
f 1571/1571/1464 1570/1570/1463 1568/1568/1461
f 1568/1568/1461 1569/1569/1462 1571/1571/1464
f 1572/1572/1465 1571/1571/1464 1569/1569/1462
f 1571/1571/1464 1572/1572/1465 1573/1573/1466
f 1573/1573/1466 1570/1570/1463 1571/1571/1464
f 1574/1574/1467 1570/1570/1463 1573/1573/1466
f 1573/1573/1466 1575/1575/1468 1574/1574/1467
f 1576/1576/1469 1575/1575/1468 1573/1573/1466
f 1573/1573/1466 1572/1572/1465 1576/1576/1469
f 1577/1577/1470 1575/1575/1468 1576/1576/1469
f 1574/1574/1467 1575/1575/1468 1578/1578/1471
f 1579/1579/1472 1581/1580/1473 1580/1581/1474
f 1580/1581/1474 1582/1582/1475 1579/1579/1472
f 1583/1583/1476 1582/1582/1475 1580/1581/1474
f 1584/1584/1477 1579/1579/1472 1582/1582/1475
f 1582/1582/1475 1585/1585/1478 1584/1584/1477
f 1585/1585/1478 1582/1582/1475 1583/1583/1476
f 1583/1583/1476 1586/1586/1479 1585/1585/1478
f 1587/1587/1480 1585/1585/1478 1586/1586/1479
f 1585/1585/1478 1587/1587/1480 1588/1588/1481
f 1588/1588/1481 1584/1584/1477 1585/1585/1478
f 1589/1589/1482 1588/1588/1481 1587/1587/1480
f 1587/1587/1480 1590/1590/1483 1589/1589/1482
f 1590/1590/1483 1587/1587/1480 1586/1586/1479
f 1586/1586/1479 1591/1591/1484 1590/1590/1483
f 1592/1592/1485 1590/1590/1483 1591/1591/1484
f 1590/1590/1483 1592/1592/1485 1593/1593/1486
f 1593/1593/1486 1594/1594/1487 1590/1590/1483
f 1595/1595/1488 1590/1590/1483 1594/1594/1487
f 1589/1589/1482 1590/1590/1483 1595/1595/1488
f 1595/1595/1488 1596/1596/1489 1589/1589/1482
f 1597/1597/1490 1589/1589/1482 1596/1596/1489
f 1588/1588/1481 1589/1589/1482 1597/1597/1490
f 1597/1597/1490 1598/1598/1491 1588/1588/1481
f 1584/1584/1477 1588/1588/1481 1598/1598/1491
f 1598/1598/1491 1599/1599/1492 1584/1584/1477
f 1600/1600/1493 1584/1584/1477 1599/1599/1492
f 1579/1579/1472 1584/1584/1477 1600/1600/1493
f 1601/1601/1494 1600/1600/1493 1599/1599/1492
f 1599/1599/1492 1602/1602/1495 1601/1601/1494
f 1603/1603/1496 1602/1602/1495 1599/1599/1492
f 1599/1599/1492 1598/1598/1491 1603/1603/1496
f 1604/1604/1497 1603/1603/1496 1598/1598/1491
f 1598/1598/1491 1597/1597/1490 1604/1604/1497
f 1605/1605/1498 1604/1604/1497 1597/1597/1490
f 1597/1597/1490 1596/1596/1489 1605/1605/1498
f 1606/1606/1499 1605/1605/1498 1596/1596/1489
f 1596/1596/1489 1607/1607/1500 1606/1606/1499
f 1607/1607/1500 1596/1596/1489 1595/1595/1488
f 1595/1595/1488 1594/1594/1487 1607/1607/1500
f 1608/1608/1501 1607/1607/1500 1594/1594/1487
f 1594/1594/1487 1609/1609/1502 1608/1608/1501
f 1609/1609/1502 1594/1594/1487 1593/1593/1486
f 1593/1593/1486 1610/1610/1503 1609/1609/1502
f 1610/1610/1503 1593/1593/1486 1592/1592/1485
f 1592/1592/1485 1611/1611/1504 1610/1610/1503
f 1612/1612/1505 1610/1610/1503 1611/1611/1504
f 1610/1610/1503 1612/1612/1505 1613/1613/1506
f 1613/1613/1506 1614/1614/1507 1610/1610/1503
f 1609/1609/1502 1610/1610/1503 1614/1614/1507
f 1614/1614/1507 1615/1615/1508 1609/1609/1502
f 1608/1608/1501 1609/1609/1502 1615/1615/1508
f 1615/1615/1508 1616/1616/1509 1608/1608/1501
f 1617/1617/1510 1608/1608/1501 1616/1616/1509
f 1607/1607/1500 1608/1608/1501 1617/1617/1510
f 1617/1617/1510 1606/1606/1499 1607/1607/1500
f 1606/1606/1499 1617/1617/1510 1618/1618/1511
f 1618/1618/1511 1619/1619/1512 1606/1606/1499
f 1605/1605/1498 1606/1606/1499 1619/1619/1512
f 1619/1619/1512 1620/1620/1513 1605/1605/1498
f 1604/1604/1497 1605/1605/1498 1620/1620/1513
f 1620/1620/1513 1621/1621/1514 1604/1604/1497
f 1603/1603/1496 1604/1604/1497 1621/1621/1514
f 1621/1621/1514 1622/1622/1515 1603/1603/1496
f 1602/1602/1495 1603/1603/1496 1622/1622/1515
f 1623/1623/1516 1622/1622/1515 1621/1621/1514
f 1621/1621/1514 1620/1620/1513 1623/1623/1516
f 1624/1624/1517 1623/1623/1516 1620/1620/1513
f 1620/1620/1513 1625/1625/1518 1624/1624/1517
f 1625/1625/1518 1620/1620/1513 1619/1619/1512
f 1619/1619/1512 1618/1618/1511 1625/1625/1518
f 1626/1626/1519 1625/1625/1518 1618/1618/1511
f 1625/1625/1518 1626/1626/1519 1627/1627/1520
f 1627/1627/1520 1624/1624/1517 1625/1625/1518
f 1624/1624/1517 1627/1627/1520 1628/1628/1521
f 1628/1628/1521 1629/1629/1522 1624/1624/1517
f 1623/1623/1516 1624/1624/1517 1629/1629/1522
f 1629/1629/1522 1630/1630/1523 1623/1623/1516
f 1622/1622/1515 1623/1623/1516 1630/1630/1523
f 1630/1630/1523 1629/1629/1522 1631/1631/1524
f 1622/1622/1515 1630/1630/1523 1632/1632/1525
f 1632/1632/1525 1602/1602/1495 1622/1622/1515
f 1633/1633/1526 1632/1632/1525 1630/1630/1523
f 1630/1630/1523 1631/1631/1524 1633/1633/1526
f 1634/1634/1527 1633/1633/1526 1631/1631/1524
f 1633/1633/1526 1634/1634/1527 1635/1635/1528
f 1635/1635/1528 1636/1636/1529 1633/1633/1526
f 1637/1637/1530 1633/1633/1526 1636/1636/1529
f 1632/1632/1525 1633/1633/1526 1637/1637/1530
f 1637/1637/1530 1638/1638/1531 1632/1632/1525
f 1602/1602/1495 1632/1632/1525 1638/1638/1531
f 1638/1638/1531 1601/1601/1494 1602/1602/1495
f 1639/1639/1532 1627/1627/1520 1626/1626/1519
f 1626/1626/1519 1640/1640/1533 1639/1639/1532
f 1618/1618/1511 1640/1640/1533 1626/1626/1519
f 1641/1641/1534 1639/1639/1532 1640/1640/1533
f 1640/1640/1533 1642/1642/1535 1641/1641/1534
f 1642/1642/1535 1640/1640/1533 1643/1643/1536
f 1643/1643/1536 1644/1644/1537 1642/1642/1535
f 1645/1645/1538 1643/1643/1536 1640/1640/1533
f 1640/1640/1533 1646/1646/1539 1645/1645/1538
f 1646/1646/1539 1640/1640/1533 1618/1618/1511
f 1618/1618/1511 1617/1617/1510 1646/1646/1539
f 1616/1616/1509 1646/1646/1539 1617/1617/1510
f 1645/1645/1538 1646/1646/1539 1616/1616/1509
f 1616/1616/1509 1647/1647/1540 1645/1645/1538
f 1615/1615/1508 1647/1647/1540 1616/1616/1509
f 1645/1645/1538 1647/1647/1540 1648/1648/1541
f 1648/1648/1541 1649/1649/1542 1645/1645/1538
f 1643/1643/1536 1645/1645/1538 1649/1649/1542
f 1649/1649/1542 1644/1644/1537 1643/1643/1536
f 1650/1650/1543 1644/1644/1537 1649/1649/1542
f 1649/1649/1542 1648/1648/1541 1650/1650/1543
f 1651/1651/1544 1644/1644/1537 1650/1650/1543
f 1650/1650/1543 1648/1648/1541 1652/1652/1545
f 1653/1653/1546 1651/1651/1544 1650/1650/1543
f 1650/1650/1543 1652/1652/1545 1653/1653/1546
f 1654/1654/1547 1651/1651/1544 1653/1653/1546
f 1653/1653/1546 1655/1655/1548 1654/1654/1547
f 1656/1656/1549 1655/1655/1548 1653/1653/1546
f 1653/1653/1546 1652/1652/1545 1656/1656/1549
f 1657/1657/1550 1656/1656/1549 1652/1652/1545
f 1652/1652/1545 1658/1658/1551 1657/1657/1550
f 1658/1658/1551 1652/1652/1545 1648/1648/1541
f 1648/1648/1541 1647/1647/1540 1658/1658/1551
f 1659/1659/1552 1658/1658/1551 1647/1647/1540
f 1647/1647/1540 1615/1615/1508 1659/1659/1552
f 1614/1614/1507 1659/1659/1552 1615/1615/1508
f 1659/1659/1552 1614/1614/1507 1660/1660/1553
f 1660/1660/1553 1661/1661/1554 1659/1659/1552
f 1658/1658/1551 1659/1659/1552 1661/1661/1554
f 1661/1661/1554 1657/1657/1550 1658/1658/1551
f 1657/1657/1550 1661/1661/1554 1662/1662/1555
f 1662/1662/1555 1663/1663/1556 1657/1657/1550
f 1656/1656/1549 1657/1657/1550 1663/1663/1556
f 1663/1663/1556 1664/1664/1557 1656/1656/1549
f 1655/1655/1548 1656/1656/1549 1664/1664/1557
f 1664/1664/1557 1665/1665/1558 1655/1655/1548
f 1666/1666/1559 1655/1655/1548 1665/1665/1558
f 1654/1654/1547 1655/1655/1548 1666/1666/1559
f 1667/1667/1560 1666/1666/1559 1665/1665/1558
f 1665/1665/1558 1668/1668/1561 1667/1667/1560
f 1668/1668/1561 1665/1665/1558 1669/1669/1562
f 1669/1669/1562 1670/1670/1563 1668/1668/1561
f 1671/1671/1564 1669/1669/1562 1665/1665/1558
f 1665/1665/1558 1672/1672/1565 1671/1671/1564
f 1672/1672/1565 1665/1665/1558 1664/1664/1557
f 1664/1664/1557 1673/1673/1566 1672/1672/1565
f 1673/1673/1566 1664/1664/1557 1663/1663/1556
f 1663/1663/1556 1674/1674/1567 1673/1673/1566
f 1674/1674/1567 1663/1663/1556 1662/1662/1555
f 1662/1662/1555 1675/1675/1568 1674/1674/1567
f 1676/1676/1569 1675/1675/1568 1662/1662/1555
f 1662/1662/1555 1661/1661/1554 1676/1676/1569
f 1660/1660/1553 1676/1676/1569 1661/1661/1554
f 1677/1677/1570 1676/1676/1569 1660/1660/1553
f 1660/1660/1553 1613/1613/1506 1677/1677/1570
f 1613/1613/1506 1660/1660/1553 1614/1614/1507
f 1678/1678/1571 1677/1677/1570 1613/1613/1506
f 1613/1613/1506 1612/1612/1505 1678/1678/1571
f 1677/1677/1570 1678/1678/1571 1679/1679/1572
f 1679/1679/1572 1680/1680/1573 1677/1677/1570
f 1676/1676/1569 1677/1677/1570 1680/1680/1573
f 1680/1680/1573 1681/1681/1574 1676/1676/1569
f 1675/1675/1568 1676/1676/1569 1681/1681/1574
f 1682/1682/1575 1681/1681/1574 1680/1680/1573
f 1680/1680/1573 1679/1679/1572 1682/1682/1575
f 1681/1681/1574 1682/1682/1575 1683/1683/1576
f 1683/1683/1576 1684/1684/1577 1681/1681/1574
f 1675/1675/1568 1681/1681/1574 1684/1684/1577
f 1684/1684/1577 1685/1685/1578 1675/1675/1568
f 1674/1674/1567 1675/1675/1568 1685/1685/1578
f 1685/1685/1578 1686/1686/1579 1674/1674/1567
f 1673/1673/1566 1674/1674/1567 1686/1686/1579
f 1686/1686/1579 1687/1687/1580 1673/1673/1566
f 1672/1672/1565 1673/1673/1566 1687/1687/1580
f 1687/1687/1580 1671/1671/1564 1672/1672/1565
f 1688/1688/1581 1671/1671/1564 1687/1687/1580
f 1687/1687/1580 1689/1689/1582 1688/1688/1581
f 1689/1689/1582 1687/1687/1580 1686/1686/1579
f 1686/1686/1579 1690/1690/1583 1689/1689/1582
f 1690/1690/1583 1686/1686/1579 1685/1685/1578
f 1685/1685/1578 1684/1684/1577 1690/1690/1583
f 1691/1691/1584 1690/1690/1583 1684/1684/1577
f 1684/1684/1577 1692/1692/1585 1691/1691/1584
f 1692/1692/1585 1684/1684/1577 1683/1683/1576
f 1691/1691/1584 1692/1692/1585 1693/1693/1586
f 1693/1693/1586 1694/1694/1587 1691/1691/1584
f 1690/1690/1583 1691/1691/1584 1694/1694/1587
f 1694/1694/1587 1695/1695/1588 1690/1690/1583
f 1689/1689/1582 1690/1690/1583 1695/1695/1588
f 1695/1695/1588 1696/1696/1589 1689/1689/1582
f 1688/1688/1581 1689/1689/1582 1696/1696/1589
f 1697/1697/1590 1696/1696/1589 1695/1695/1588
f 1695/1695/1588 1694/1694/1587 1697/1697/1590
f 1698/1698/1591 1697/1697/1590 1694/1694/1587
f 1694/1694/1587 1699/1699/1592 1698/1698/1591
f 1699/1699/1592 1694/1694/1587 1693/1693/1586
f 1698/1698/1591 1699/1699/1592 1700/1700/1593
f 1700/1700/1593 1701/1701/1594 1698/1698/1591
f 1702/1702/1595 1698/1698/1591 1701/1701/1594
f 1697/1697/1590 1698/1698/1591 1702/1702/1595
f 1702/1702/1595 1703/1703/1596 1697/1697/1590
f 1696/1696/1589 1697/1697/1590 1703/1703/1596
f 1703/1703/1596 1704/1704/1597 1696/1696/1589
f 1688/1688/1581 1696/1696/1589 1704/1704/1597
f 1704/1704/1597 1705/1705/1598 1688/1688/1581
f 1671/1671/1564 1688/1688/1581 1705/1705/1598
f 1706/1706/1599 1705/1705/1598 1704/1704/1597
f 1704/1704/1597 1707/1707/1600 1706/1706/1599
f 1707/1707/1600 1704/1704/1597 1703/1703/1596
f 1703/1703/1596 1708/1708/1601 1707/1707/1600
f 1708/1708/1601 1703/1703/1596 1702/1702/1595
f 1702/1702/1595 1709/1709/1602 1708/1708/1601
f 1710/1710/1603 1709/1709/1602 1702/1702/1595
f 1702/1702/1595 1701/1701/1594 1710/1710/1603
f 1700/1700/1593 1710/1710/1603 1701/1701/1594
f 1710/1710/1603 1700/1700/1593 1711/1711/1604
f 1711/1711/1604 1712/1712/1605 1710/1710/1603
f 1713/1713/1606 1710/1710/1603 1712/1712/1605
f 1709/1709/1602 1710/1710/1603 1713/1713/1606
f 1713/1713/1606 1714/1714/1607 1709/1709/1602
f 1708/1708/1601 1709/1709/1602 1714/1714/1607
f 1714/1714/1607 1715/1715/1608 1708/1708/1601
f 1707/1707/1600 1708/1708/1601 1715/1715/1608
f 1715/1715/1608 1716/1716/1609 1707/1707/1600
f 1706/1706/1599 1707/1707/1600 1716/1716/1609
f 1716/1716/1609 1717/1717/1610 1706/1706/1599
f 1718/1718/1611 1706/1706/1599 1717/1717/1610
f 1705/1705/1598 1706/1706/1599 1718/1718/1611
f 1718/1718/1611 1719/1719/1612 1705/1705/1598
f 1671/1671/1564 1705/1705/1598 1719/1719/1612
f 1719/1719/1612 1669/1669/1562 1671/1671/1564
f 1670/1670/1563 1669/1669/1562 1719/1719/1612
f 1719/1719/1612 1718/1718/1611 1670/1670/1563
f 1720/1720/1613 1670/1670/1563 1718/1718/1611
f 1718/1718/1611 1717/1717/1610 1720/1720/1613
f 1721/1721/1614 1720/1720/1613 1717/1717/1610
f 1717/1717/1610 1722/1722/1615 1721/1721/1614
f 1722/1722/1615 1717/1717/1610 1716/1716/1609
f 1716/1716/1609 1723/1723/1616 1722/1722/1615
f 1723/1723/1616 1716/1716/1609 1715/1715/1608
f 1715/1715/1608 1724/1724/1617 1723/1723/1616
f 1724/1724/1617 1715/1715/1608 1714/1714/1607
f 1714/1714/1607 1725/1725/1618 1724/1724/1617
f 1725/1725/1618 1714/1714/1607 1713/1713/1606
f 1713/1713/1606 1726/1726/1619 1725/1725/1618
f 1727/1727/1620 1726/1726/1619 1713/1713/1606
f 1713/1713/1606 1712/1712/1605 1727/1727/1620
f 1728/1728/1621 1727/1727/1620 1712/1712/1605
f 1712/1712/1605 1729/1729/1622 1728/1728/1621
f 1711/1711/1604 1729/1729/1622 1712/1712/1605
f 1727/1727/1620 1728/1728/1621 1730/1730/1623
f 1730/1730/1623 1731/1731/1624 1727/1727/1620
f 1732/1732/1625 1727/1727/1620 1731/1731/1624
f 1726/1726/1619 1727/1727/1620 1732/1732/1625
f 1732/1732/1625 1733/1733/1626 1726/1726/1619
f 1725/1725/1618 1726/1726/1619 1733/1733/1626
f 1733/1733/1626 1734/1734/1627 1725/1725/1618
f 1724/1724/1617 1725/1725/1618 1734/1734/1627
f 1734/1734/1627 1735/1735/1628 1724/1724/1617
f 1723/1723/1616 1724/1724/1617 1735/1735/1628
f 1735/1735/1628 1736/1736/1629 1723/1723/1616
f 1722/1722/1615 1723/1723/1616 1736/1736/1629
f 1736/1736/1629 1737/1737/1630 1722/1722/1615
f 1721/1721/1614 1722/1722/1615 1737/1737/1630
f 1738/1738/1631 1737/1737/1630 1736/1736/1629
f 1736/1736/1629 1739/1739/1632 1738/1738/1631
f 1740/1740/1633 1739/1739/1632 1736/1736/1629
f 1736/1736/1629 1741/1741/1634 1740/1740/1633
f 1741/1741/1634 1736/1736/1629 1735/1735/1628
f 1735/1735/1628 1734/1734/1627 1741/1741/1634
f 1742/1742/1635 1741/1741/1634 1734/1734/1627
f 1734/1734/1627 1733/1733/1626 1742/1742/1635
f 1743/1743/1636 1742/1742/1635 1733/1733/1626
f 1733/1733/1626 1732/1732/1625 1743/1743/1636
f 1744/1744/1637 1743/1743/1636 1732/1732/1625
f 1732/1732/1625 1731/1731/1624 1744/1744/1637
f 1745/1745/1638 1744/1744/1637 1731/1731/1624
f 1731/1731/1624 1746/1746/1639 1745/1745/1638
f 1746/1746/1639 1731/1731/1624 1730/1730/1623
f 1745/1745/1638 1746/1746/1639 1747/1747/1640
f 1747/1747/1640 1748/1748/1641 1745/1745/1638
f 1749/1749/1642 1745/1745/1638 1748/1748/1641
f 1744/1744/1637 1745/1745/1638 1749/1749/1642
f 1749/1749/1642 1750/1750/1643 1744/1744/1637
f 1743/1743/1636 1744/1744/1637 1750/1750/1643
f 1750/1750/1643 1751/1751/1644 1743/1743/1636
f 1742/1742/1635 1743/1743/1636 1751/1751/1644
f 1751/1751/1644 1752/1752/1645 1742/1742/1635
f 1741/1741/1634 1742/1742/1635 1752/1752/1645
f 1752/1752/1645 1753/1753/1646 1741/1741/1634
f 1740/1740/1633 1741/1741/1634 1753/1753/1646
f 1753/1753/1646 1754/1754/1647 1740/1740/1633
f 1739/1739/1632 1740/1740/1633 1754/1754/1647
f 1755/1755/1648 1754/1754/1647 1753/1753/1646
f 1753/1753/1646 1752/1752/1645 1755/1755/1648
f 1756/1756/1649 1755/1755/1648 1752/1752/1645
f 1752/1752/1645 1751/1751/1644 1756/1756/1649
f 1757/1757/1650 1756/1756/1649 1751/1751/1644
f 1751/1751/1644 1750/1750/1643 1757/1757/1650
f 1758/1758/1651 1757/1757/1650 1750/1750/1643
f 1750/1750/1643 1749/1749/1642 1758/1758/1651
f 1759/1759/1652 1758/1758/1651 1749/1749/1642
f 1749/1749/1642 1760/1760/1653 1759/1759/1652
f 1760/1760/1653 1749/1749/1642 1748/1748/1641
f 1748/1748/1641 1761/1761/1654 1760/1760/1653
f 1761/1761/1654 1748/1748/1641 1747/1747/1640
f 1760/1760/1653 1761/1761/1654 1762/1762/1655
f 1762/1762/1655 1763/1763/1656 1760/1760/1653
f 1759/1759/1652 1760/1760/1653 1763/1763/1656
f 1763/1763/1656 1764/1764/1657 1759/1759/1652
f 1758/1758/1651 1759/1759/1652 1764/1764/1657
f 1764/1764/1657 1765/1765/1658 1758/1758/1651
f 1757/1757/1650 1758/1758/1651 1765/1765/1658
f 1765/1765/1658 1766/1766/1659 1757/1757/1650
f 1756/1756/1649 1757/1757/1650 1766/1766/1659
f 1766/1766/1659 1755/1755/1648 1756/1756/1649
f 1755/1755/1648 1766/1766/1659 1767/1767/1660
f 1767/1767/1660 1768/1768/1661 1755/1755/1648
f 1754/1754/1647 1755/1755/1648 1768/1768/1661
f 1769/1769/1662 1768/1768/1661 1767/1767/1660
f 1767/1767/1660 1770/1770/1663 1769/1769/1662
f 1770/1770/1663 1767/1767/1660 1766/1766/1659
f 1766/1766/1659 1771/1771/1664 1770/1770/1663
f 1771/1771/1664 1766/1766/1659 1765/1765/1658
f 1765/1765/1658 1772/1772/1665 1771/1771/1664
f 1772/1772/1665 1765/1765/1658 1764/1764/1657
f 1764/1764/1657 1773/1773/1666 1772/1772/1665
f 1773/1773/1666 1764/1764/1657 1763/1763/1656
f 1763/1763/1656 1774/1774/1667 1773/1773/1666
f 1775/1775/1668 1774/1774/1667 1763/1763/1656
f 1763/1763/1656 1762/1762/1655 1775/1775/1668
f 1776/1776/1586 1775/1775/1668 1762/1762/1655
f 1762/1762/1655 1777/1777/1669 1776/1776/1586
f 1761/1761/1654 1777/1777/1669 1762/1762/1655
f 1775/1775/1668 1776/1776/1586 1778/1778/1670
f 1778/1778/1670 1779/1779/1671 1775/1775/1668
f 1780/1780/1672 1775/1775/1668 1779/1779/1671
f 1774/1774/1667 1775/1775/1668 1780/1780/1672
f 1780/1780/1672 1781/1781/1673 1774/1774/1667
f 1773/1773/1666 1774/1774/1667 1781/1781/1673
f 1781/1781/1673 1782/1782/1674 1773/1773/1666
f 1772/1772/1665 1773/1773/1666 1782/1782/1674
f 1782/1782/1674 1783/1783/1675 1772/1772/1665
f 1771/1771/1664 1772/1772/1665 1783/1783/1675
f 1783/1783/1675 1770/1770/1663 1771/1771/1664
f 1770/1770/1663 1783/1783/1675 1784/1784/1676
f 1784/1784/1676 1785/1785/1561 1770/1770/1663
f 1786/1786/1677 1770/1770/1663 1785/1785/1561
f 1769/1769/1662 1770/1770/1663 1786/1786/1677
f 1787/1787/1563 1785/1785/1561 1784/1784/1676
f 1784/1784/1676 1788/1788/1678 1787/1787/1563
f 1788/1788/1678 1784/1784/1676 1783/1783/1675
f 1783/1783/1675 1789/1789/1679 1788/1788/1678
f 1789/1789/1679 1783/1783/1675 1782/1782/1674
f 1782/1782/1674 1790/1790/1680 1789/1789/1679
f 1790/1790/1680 1782/1782/1674 1781/1781/1673
f 1781/1781/1673 1791/1791/1681 1790/1790/1680
f 1791/1791/1681 1781/1781/1673 1780/1780/1672
f 1780/1780/1672 1792/1792/1682 1791/1791/1681
f 1792/1792/1682 1780/1780/1672 1779/1779/1671
f 1779/1779/1671 1793/1793/1683 1792/1792/1682
f 1794/1794/1593 1793/1793/1683 1779/1779/1671
f 1779/1779/1671 1778/1778/1670 1794/1794/1593
f 1793/1793/1683 1794/1794/1593 1795/1795/1684
f 1795/1795/1684 1792/1792/1682 1793/1793/1683
f 1795/1795/1684 1794/1794/1593 1796/1796/1604
f 1792/1792/1682 1795/1795/1684 1797/1797/1685
f 1797/1797/1685 1798/1798/1686 1792/1792/1682
f 1791/1791/1681 1792/1792/1682 1798/1798/1686
f 1798/1798/1686 1799/1799/1687 1791/1791/1681
f 1790/1790/1680 1791/1791/1681 1799/1799/1687
f 1799/1799/1687 1800/1800/1688 1790/1790/1680
f 1789/1789/1679 1790/1790/1680 1800/1800/1688
f 1800/1800/1688 1801/1801/1689 1789/1789/1679
f 1788/1788/1678 1789/1789/1679 1801/1801/1689
f 1801/1801/1689 1787/1787/1563 1788/1788/1678
f 1802/1802/1613 1787/1787/1563 1801/1801/1689
f 1801/1801/1689 1803/1803/1690 1802/1802/1613
f 1803/1803/1690 1801/1801/1689 1800/1800/1688
f 1800/1800/1688 1804/1804/1691 1803/1803/1690
f 1804/1804/1691 1800/1800/1688 1799/1799/1687
f 1799/1799/1687 1805/1805/1692 1804/1804/1691
f 1805/1805/1692 1799/1799/1687 1798/1798/1686
f 1798/1798/1686 1806/1806/1693 1805/1805/1692
f 1806/1806/1693 1798/1798/1686 1797/1797/1685
f 1797/1797/1685 1807/1807/1694 1806/1806/1693
f 1807/1807/1694 1797/1797/1685 1795/1795/1684
f 1795/1795/1684 1808/1808/1695 1807/1807/1694
f 1808/1808/1695 1795/1795/1684 1796/1796/1604
f 1796/1796/1604 1809/1809/1622 1808/1808/1695
f 1810/1810/1621 1808/1808/1695 1809/1809/1622
f 1808/1808/1695 1810/1810/1621 1811/1811/1696
f 1811/1811/1696 1807/1807/1694 1808/1808/1695
f 1812/1812/1623 1811/1811/1696 1810/1810/1621
f 1807/1807/1694 1811/1811/1696 1813/1813/1697
f 1813/1813/1697 1814/1814/1698 1807/1807/1694
f 1806/1806/1693 1807/1807/1694 1814/1814/1698
f 1814/1814/1698 1815/1815/1699 1806/1806/1693
f 1805/1805/1692 1806/1806/1693 1815/1815/1699
f 1815/1815/1699 1816/1816/1700 1805/1805/1692
f 1804/1804/1691 1805/1805/1692 1816/1816/1700
f 1816/1816/1700 1817/1817/1701 1804/1804/1691
f 1803/1803/1690 1804/1804/1691 1817/1817/1701
f 1817/1817/1701 1818/1818/1614 1803/1803/1690
f 1802/1802/1613 1803/1803/1690 1818/1818/1614
f 1819/1819/1630 1818/1818/1614 1817/1817/1701
f 1817/1817/1701 1820/1820/1702 1819/1819/1630
f 1820/1820/1702 1817/1817/1701 1816/1816/1700
f 1816/1816/1700 1821/1821/1703 1820/1820/1702
f 1821/1821/1703 1816/1816/1700 1815/1815/1699
f 1815/1815/1699 1822/1822/1704 1821/1821/1703
f 1822/1822/1704 1815/1815/1699 1814/1814/1698
f 1814/1814/1698 1823/1823/1705 1822/1822/1704
f 1823/1823/1705 1814/1814/1698 1813/1813/1697
f 1813/1813/1697 1824/1824/1706 1823/1823/1705
f 1824/1824/1706 1813/1813/1697 1811/1811/1696
f 1811/1811/1696 1825/1825/1707 1824/1824/1706
f 1825/1825/1707 1811/1811/1696 1812/1812/1623
f 1812/1812/1623 1826/1826/1639 1825/1825/1707
f 1827/1827/1708 1825/1825/1707 1826/1826/1639
f 1825/1825/1707 1827/1827/1708 1828/1828/1709
f 1828/1828/1709 1824/1824/1706 1825/1825/1707
f 1824/1824/1706 1828/1828/1709 1829/1829/1710
f 1829/1829/1710 1823/1823/1705 1824/1824/1706
f 1823/1823/1705 1829/1829/1710 1830/1830/1711
f 1830/1830/1711 1822/1822/1704 1823/1823/1705
f 1822/1822/1704 1830/1830/1711 1831/1831/1712
f 1831/1831/1712 1821/1821/1703 1822/1822/1704
f 1820/1820/1702 1821/1821/1703 1831/1831/1712
f 1831/1831/1712 1832/1832/1713 1820/1820/1702
f 1833/1833/1632 1820/1820/1702 1832/1832/1713
f 1820/1820/1702 1833/1833/1632 1834/1834/1631
f 1834/1834/1631 1819/1819/1630 1820/1820/1702
f 1835/1835/1647 1833/1833/1632 1832/1832/1713
f 1832/1832/1713 1836/1836/1714 1835/1835/1647
f 1836/1836/1714 1832/1832/1713 1831/1831/1712
f 1831/1831/1712 1837/1837/1715 1836/1836/1714
f 1837/1837/1715 1831/1831/1712 1830/1830/1711
f 1830/1830/1711 1838/1838/1716 1837/1837/1715
f 1838/1838/1716 1830/1830/1711 1829/1829/1710
f 1829/1829/1710 1839/1839/1717 1838/1838/1716
f 1839/1839/1717 1829/1829/1710 1828/1828/1709
f 1828/1828/1709 1840/1840/1718 1839/1839/1717
f 1840/1840/1718 1828/1828/1709 1827/1827/1708
f 1827/1827/1708 1841/1841/1719 1840/1840/1718
f 1842/1842/1640 1841/1841/1719 1827/1827/1708
f 1827/1827/1708 1826/1826/1639 1842/1842/1640
f 1841/1841/1719 1842/1842/1640 1843/1843/1720
f 1843/1843/1720 1844/1844/1721 1841/1841/1719
f 1840/1840/1718 1841/1841/1719 1844/1844/1721
f 1844/1844/1721 1845/1845/1722 1840/1840/1718
f 1846/1846/1723 1840/1840/1718 1845/1845/1722
f 1839/1839/1717 1840/1840/1718 1846/1846/1723
f 1846/1846/1723 1847/1847/1724 1839/1839/1717
f 1838/1838/1716 1839/1839/1717 1847/1847/1724
f 1847/1847/1724 1848/1848/1725 1838/1838/1716
f 1837/1837/1715 1838/1838/1716 1848/1848/1725
f 1848/1848/1725 1849/1849/1726 1837/1837/1715
f 1836/1836/1714 1837/1837/1715 1849/1849/1726
f 1849/1849/1726 1835/1835/1647 1836/1836/1714
f 1850/1850/1727 1835/1835/1647 1849/1849/1726
f 1849/1849/1726 1851/1851/1728 1850/1850/1727
f 1852/1852/1729 1851/1851/1728 1849/1849/1726
f 1849/1849/1726 1848/1848/1725 1852/1852/1729
f 1847/1847/1724 1852/1852/1729 1848/1848/1725
f 1853/1853/1730 1852/1852/1729 1847/1847/1724
f 1847/1847/1724 1846/1846/1723 1853/1853/1730
f 1854/1854/1731 1853/1853/1730 1846/1846/1723
f 1846/1846/1723 1845/1845/1722 1854/1854/1731
f 1855/1855/1732 1854/1854/1731 1845/1845/1722
f 1845/1845/1722 1844/1844/1721 1855/1855/1732
f 1856/1856/1733 1855/1855/1732 1844/1844/1721
f 1844/1844/1721 1843/1843/1720 1856/1856/1733
f 1857/1857/1734 1856/1856/1733 1843/1843/1720
f 1856/1856/1733 1857/1857/1734 1858/1858/1735
f 1858/1858/1735 1859/1859/1736 1856/1856/1733
f 1860/1860/1737 1856/1856/1733 1859/1859/1736
f 1855/1855/1732 1856/1856/1733 1860/1860/1737
f 1860/1860/1737 1861/1861/1738 1855/1855/1732
f 1854/1854/1731 1855/1855/1732 1861/1861/1738
f 1861/1861/1738 1862/1862/1739 1854/1854/1731
f 1853/1853/1730 1854/1854/1731 1862/1862/1739
f 1862/1862/1739 1863/1863/1740 1853/1853/1730
f 1852/1852/1729 1853/1853/1730 1863/1863/1740
f 1863/1863/1740 1864/1864/1741 1852/1852/1729
f 1851/1851/1728 1852/1852/1729 1864/1864/1741
f 1864/1864/1741 1865/1865/1742 1851/1851/1728
f 1850/1850/1727 1851/1851/1728 1865/1865/1742
f 1866/1866/1743 1865/1865/1742 1864/1864/1741
f 1864/1864/1741 1867/1867/1744 1866/1866/1743
f 1868/1868/1745 1867/1867/1744 1864/1864/1741
f 1864/1864/1741 1863/1863/1740 1868/1868/1745
f 1862/1862/1739 1868/1868/1745 1863/1863/1740
f 1869/1869/1746 1868/1868/1745 1862/1862/1739
f 1862/1862/1739 1861/1861/1738 1869/1869/1746
f 1870/1870/1747 1869/1869/1746 1861/1861/1738
f 1861/1861/1738 1860/1860/1737 1870/1870/1747
f 1871/1871/1748 1870/1870/1747 1860/1860/1737
f 1860/1860/1737 1859/1859/1736 1871/1871/1748
f 1872/1872/1749 1871/1871/1748 1859/1859/1736
f 1859/1859/1736 1858/1858/1735 1872/1872/1749
f 1873/1873/1750 1872/1872/1749 1858/1858/1735
f 1872/1872/1749 1873/1873/1750 1874/1874/1751
f 1874/1874/1751 1875/1875/1752 1872/1872/1749
f 1871/1871/1748 1872/1872/1749 1875/1875/1752
f 1875/1875/1752 1874/1874/1751 1876/1876/1753
f 1876/1876/1753 1877/1877/1754 1875/1875/1752
f 1878/1878/1755 1875/1875/1752 1877/1877/1754
f 1871/1871/1748 1875/1875/1752 1878/1878/1755
f 1878/1878/1755 1879/1879/1756 1871/1871/1748
f 1870/1870/1747 1871/1871/1748 1879/1879/1756
f 1879/1879/1756 1880/1880/1757 1870/1870/1747
f 1869/1869/1746 1870/1870/1747 1880/1880/1757
f 1880/1880/1757 1881/1881/1758 1869/1869/1746
f 1868/1868/1745 1869/1869/1746 1881/1881/1758
f 1881/1881/1758 1882/1882/1759 1868/1868/1745
f 1867/1867/1744 1868/1868/1745 1882/1882/1759
f 1883/1883/1760 1882/1882/1759 1881/1881/1758
f 1881/1881/1758 1880/1880/1757 1883/1883/1760
f 1884/1884/1761 1883/1883/1760 1880/1880/1757
f 1880/1880/1757 1879/1879/1756 1884/1884/1761
f 1885/1885/1762 1884/1884/1761 1879/1879/1756
f 1879/1879/1756 1878/1878/1755 1885/1885/1762
f 1886/1886/1763 1885/1885/1762 1878/1878/1755
f 1878/1878/1755 1877/1877/1754 1886/1886/1763
f 1887/1887/1764 1866/1866/1743 1867/1867/1744
f 1867/1867/1744 1888/1888/1765 1887/1887/1764
f 1888/1888/1765 1867/1867/1744 1882/1882/1759
f 1882/1882/1759 1889/1889/1766 1888/1888/1765
f 1883/1883/1760 1889/1889/1766 1882/1882/1759
f 1890/1890/1767 1888/1888/1765 1889/1889/1766
f 1891/1891/1768 1893/1892/1769 1892/1893/1770
f 1892/1893/1770 1894/1894/1771 1891/1891/1768
f 1895/1895/1772 1891/1891/1768 1894/1894/1771
f 1896/1896/1773 1894/1894/1771 1892/1893/1770
f 1892/1893/1770 1897/1897/1774 1896/1896/1773
f 1898/1898/1775 1896/1896/1773 1897/1897/1774
f 1899/1899/1776 1896/1896/1773 1898/1898/1775
f 1898/1898/1775 1900/1900/1777 1899/1899/1776
f 1896/1896/1773 1899/1899/1776 1901/1901/1778
f 1901/1901/1778 1902/1902/1779 1896/1896/1773
f 1894/1894/1771 1896/1896/1773 1902/1902/1779
f 1902/1902/1779 1903/1903/1780 1894/1894/1771
f 1895/1895/1772 1894/1894/1771 1903/1903/1780
f 1903/1903/1780 1904/1904/1781 1895/1895/1772
f 1905/1905/1782 1895/1895/1772 1904/1904/1781
f 1906/1906/1783 1904/1904/1781 1903/1903/1780
f 1903/1903/1780 1902/1902/1779 1906/1906/1783
f 1907/1907/1784 1906/1906/1783 1902/1902/1779
f 1902/1902/1779 1901/1901/1778 1907/1907/1784
f 1908/1908/1785 1907/1907/1784 1901/1901/1778
f 1901/1901/1778 1909/1909/1786 1908/1908/1785
f 1909/1909/1786 1901/1901/1778 1899/1899/1776
f 1899/1899/1776 1910/1910/1787 1909/1909/1786
f 1910/1910/1787 1899/1899/1776 1900/1900/1777
f 1900/1900/1777 1911/1911/1788 1910/1910/1787
f 1912/1912/1789 1910/1910/1787 1911/1911/1788
f 1909/1909/1786 1910/1910/1787 1912/1912/1789
f 1913/1913/1790 1912/1912/1789 1911/1911/1788
f 1909/1909/1786 1912/1912/1789 1914/1914/1791
f 1914/1914/1791 1915/1915/1792 1909/1909/1786
f 1908/1908/1785 1909/1909/1786 1915/1915/1792
f 1915/1915/1792 1916/1916/1793 1908/1908/1785
f 1917/1917/1794 1908/1908/1785 1916/1916/1793
f 1907/1907/1784 1908/1908/1785 1917/1917/1794
f 1917/1917/1794 1918/1918/1795 1907/1907/1784
f 1906/1906/1783 1907/1907/1784 1918/1918/1795
f 1918/1918/1795 1919/1919/1796 1906/1906/1783
f 1904/1904/1781 1906/1906/1783 1919/1919/1796
f 1919/1919/1796 1920/1920/1797 1904/1904/1781
f 1905/1905/1782 1904/1904/1781 1920/1920/1797
f 1920/1920/1797 1921/1921/1798 1905/1905/1782
f 1922/1922/1799 1921/1921/1798 1920/1920/1797
f 1920/1920/1797 1923/1923/1800 1922/1922/1799
f 1923/1923/1800 1920/1920/1797 1919/1919/1796
f 1919/1919/1796 1924/1924/1801 1923/1923/1800
f 1924/1924/1801 1919/1919/1796 1918/1918/1795
f 1918/1918/1795 1925/1925/1802 1924/1924/1801
f 1925/1925/1802 1918/1918/1795 1917/1917/1794
f 1917/1917/1794 1926/1926/1803 1925/1925/1802
f 1926/1926/1803 1917/1917/1794 1916/1916/1793
f 1916/1916/1793 1927/1927/1804 1926/1926/1803
f 1928/1928/1805 1927/1927/1804 1916/1916/1793
f 1916/1916/1793 1915/1915/1792 1928/1928/1805
f 1929/1929/1806 1928/1928/1805 1915/1915/1792
f 1915/1915/1792 1914/1914/1791 1929/1929/1806
f 1930/1930/1807 1929/1929/1806 1914/1914/1791
f 1914/1914/1791 1912/1912/1789 1930/1930/1807
f 1931/1931/1808 1930/1930/1807 1912/1912/1789
f 1912/1912/1789 1913/1913/1790 1931/1931/1808
f 1932/1932/1809 1931/1931/1808 1913/1913/1790
f 1913/1913/1790 1933/1933/1810 1932/1932/1809
f 1931/1931/1808 1932/1932/1809 1934/1934/1811
f 1934/1934/1811 1930/1930/1807 1931/1931/1808
f 1930/1930/1807 1934/1934/1811 1935/1935/1812
f 1935/1935/1812 1929/1929/1806 1930/1930/1807
f 1929/1929/1806 1935/1935/1812 1936/1936/1813
f 1936/1936/1813 1928/1928/1805 1929/1929/1806
f 1928/1928/1805 1936/1936/1813 1937/1937/1814
f 1937/1937/1814 1927/1927/1804 1928/1928/1805
f 1938/1938/1815 1937/1937/1814 1936/1936/1813
f 1936/1936/1813 1939/1939/1816 1938/1938/1815
f 1939/1939/1816 1936/1936/1813 1935/1935/1812
f 1935/1935/1812 1940/1940/1817 1939/1939/1816
f 1940/1940/1817 1935/1935/1812 1934/1934/1811
f 1934/1934/1811 1941/1941/1818 1940/1940/1817
f 1942/1942/1819 1941/1941/1818 1934/1934/1811
f 1934/1934/1811 1932/1932/1809 1942/1942/1819
f 1933/1933/1810 1942/1942/1819 1932/1932/1809
f 1942/1942/1819 1933/1933/1810 1943/1943/1820
f 1943/1943/1820 1944/1944/1821 1942/1942/1819
f 1945/1945/1822 1942/1942/1819 1944/1944/1821
f 1942/1942/1819 1945/1945/1822 1946/1946/1823
f 1946/1946/1823 1941/1941/1818 1942/1942/1819
f 1941/1941/1818 1946/1946/1823 1947/1947/1824
f 1947/1947/1824 1940/1940/1817 1941/1941/1818
f 1940/1940/1817 1947/1947/1824 1948/1948/1825
f 1948/1948/1825 1939/1939/1816 1940/1940/1817
f 1939/1939/1816 1948/1948/1825 1949/1949/1826
f 1949/1949/1826 1938/1938/1815 1939/1939/1816
f 1938/1938/1815 1949/1949/1826 1950/1950/1827
f 1950/1950/1827 1937/1937/1814 1938/1938/1815
f 1937/1937/1814 1950/1950/1827 1951/1951/1828
f 1951/1951/1828 1927/1927/1804 1937/1937/1814
f 1952/1952/1829 1927/1927/1804 1951/1951/1828
f 1951/1951/1828 1953/1953/1830 1952/1952/1829
f 1954/1954/1831 1953/1953/1830 1951/1951/1828
f 1951/1951/1828 1950/1950/1827 1954/1954/1831
f 1955/1955/1832 1954/1954/1831 1950/1950/1827
f 1950/1950/1827 1956/1956/1833 1955/1955/1832
f 1957/1957/1834 1956/1956/1833 1950/1950/1827
f 1950/1950/1827 1949/1949/1826 1957/1957/1834
f 1958/1958/1835 1957/1957/1834 1949/1949/1826
f 1956/1956/1833 1957/1957/1834 1958/1958/1835
f 1959/1959/1836 1958/1958/1835 1949/1949/1826
f 1949/1949/1826 1948/1948/1825 1959/1959/1836
f 1960/1960/1837 1959/1959/1836 1948/1948/1825
f 1948/1948/1825 1947/1947/1824 1960/1960/1837
f 1961/1961/1838 1960/1960/1837 1947/1947/1824
f 1947/1947/1824 1946/1946/1823 1961/1961/1838
f 1962/1962/1839 1961/1961/1838 1946/1946/1823
f 1946/1946/1823 1945/1945/1822 1962/1962/1839
f 1963/1963/1840 1962/1962/1839 1945/1945/1822
f 1945/1945/1822 1964/1964/1841 1963/1963/1840
f 1964/1964/1841 1945/1945/1822 1944/1944/1821
f 1963/1963/1840 1964/1964/1841 1965/1965/1842
f 1965/1965/1842 1966/1966/1843 1963/1963/1840
f 1967/1967/1844 1963/1963/1840 1966/1966/1843
f 1962/1962/1839 1963/1963/1840 1967/1967/1844
f 1967/1967/1844 1968/1968/1845 1962/1962/1839
f 1961/1961/1838 1962/1962/1839 1968/1968/1845
f 1968/1968/1845 1969/1969/1846 1961/1961/1838
f 1960/1960/1837 1961/1961/1838 1969/1969/1846
f 1969/1969/1846 1970/1970/1847 1960/1960/1837
f 1959/1959/1836 1960/1960/1837 1970/1970/1847
f 1970/1970/1847 1958/1958/1835 1959/1959/1836
f 1958/1958/1835 1970/1970/1847 1971/1971/1848
f 1971/1971/1848 1972/1972/1849 1958/1958/1835
f 1956/1956/1833 1958/1958/1835 1972/1972/1849
f 1973/1973/1850 1972/1972/1849 1971/1971/1848
f 1971/1971/1848 1974/1974/1851 1973/1973/1850
f 1974/1974/1851 1971/1971/1848 1970/1970/1847
f 1970/1970/1847 1975/1975/1852 1974/1974/1851
f 1975/1975/1852 1970/1970/1847 1969/1969/1846
f 1969/1969/1846 1976/1976/1853 1975/1975/1852
f 1976/1976/1853 1969/1969/1846 1968/1968/1845
f 1968/1968/1845 1977/1977/1854 1976/1976/1853
f 1977/1977/1854 1968/1968/1845 1967/1967/1844
f 1967/1967/1844 1978/1978/1855 1977/1977/1854
f 1978/1978/1855 1967/1967/1844 1966/1966/1843
f 1966/1966/1843 1979/1979/1856 1978/1978/1855
f 1979/1979/1856 1966/1966/1843 1965/1965/1842
f 1965/1965/1842 1980/1980/1857 1979/1979/1856
f 1981/1981/1858 1979/1979/1856 1980/1980/1857
f 1978/1978/1855 1979/1979/1856 1981/1981/1858
f 1981/1981/1858 1980/1980/1857 1982/1982/1859
f 1982/1982/1859 1983/1983/1860 1981/1981/1858
f 1984/1984/1861 1981/1981/1858 1983/1983/1860
f 1983/1983/1860 1985/1985/1862 1984/1984/1861
f 1981/1981/1858 1984/1984/1861 1986/1986/1863
f 1986/1986/1863 1987/1987/1864 1981/1981/1858
f 1978/1978/1855 1981/1981/1858 1987/1987/1864
f 1987/1987/1864 1988/1988/1865 1978/1978/1855
f 1977/1977/1854 1978/1978/1855 1988/1988/1865
f 1988/1988/1865 1989/1989/1866 1977/1977/1854
f 1976/1976/1853 1977/1977/1854 1989/1989/1866
f 1989/1989/1866 1990/1990/1867 1976/1976/1853
f 1975/1975/1852 1976/1976/1853 1990/1990/1867
f 1990/1990/1867 1991/1991/1868 1975/1975/1852
f 1974/1974/1851 1975/1975/1852 1991/1991/1868
f 1991/1991/1868 1992/1992/1869 1974/1974/1851
f 1973/1973/1850 1974/1974/1851 1992/1992/1869
f 1993/1993/1870 1992/1992/1869 1991/1991/1868
f 1991/1991/1868 1994/1994/1871 1993/1993/1870
f 1994/1994/1871 1991/1991/1868 1990/1990/1867
f 1990/1990/1867 1995/1995/1872 1994/1994/1871
f 1995/1995/1872 1990/1990/1867 1989/1989/1866
f 1989/1989/1866 1996/1996/1873 1995/1995/1872
f 1996/1996/1873 1989/1989/1866 1988/1988/1865
f 1988/1988/1865 1997/1997/1874 1996/1996/1873
f 1997/1997/1874 1988/1988/1865 1987/1987/1864
f 1987/1987/1864 1986/1986/1863 1997/1997/1874
f 1998/1998/1875 1997/1997/1874 1986/1986/1863
f 1986/1986/1863 1999/1999/1876 1998/1998/1875
f 1999/1999/1876 1986/1986/1863 1984/1984/1861
f 1984/1984/1861 2000/2000/1877 1999/1999/1876
f 2000/2000/1877 1984/1984/1861 1985/1985/1862
f 1985/1985/1862 2001/2001/1878 2000/2000/1877
f 2002/2002/1879 2000/2000/1877 2001/2001/1878
f 2000/2000/1877 2002/2002/1879 2003/2003/1880
f 2003/2003/1880 1999/1999/1876 2000/2000/1877
f 1999/1999/1876 2003/2003/1880 2004/2004/1881
f 2004/2004/1881 1998/1998/1875 1999/1999/1876
f 1998/1998/1875 2004/2004/1881 2005/2005/1882
f 2005/2005/1882 2006/2006/1883 1998/1998/1875
f 1997/1997/1874 1998/1998/1875 2006/2006/1883
f 2006/2006/1883 1996/1996/1873 1997/1997/1874
f 1996/1996/1873 2006/2006/1883 2007/2007/1884
f 2007/2007/1884 1995/1995/1872 1996/1996/1873
f 1994/1994/1871 1995/1995/1872 2007/2007/1884
f 2007/2007/1884 2008/2008/1885 1994/1994/1871
f 2009/2009/1886 1994/1994/1871 2008/2008/1885
f 1993/1993/1870 1994/1994/1871 2009/2009/1886
f 2010/2010/1887 2009/2009/1886 2008/2008/1885
f 2008/2008/1885 2011/2011/1888 2010/2010/1887
f 2012/2012/1889 2011/2011/1888 2008/2008/1885
f 2008/2008/1885 2007/2007/1884 2012/2012/1889
f 2006/2006/1883 2012/2012/1889 2007/2007/1884
f 2012/2012/1889 2006/2006/1883 2005/2005/1882
f 2005/2005/1882 2013/2013/1890 2012/2012/1889
f 2014/2014/1891 2013/2013/1890 2005/2005/1882
f 2005/2005/1882 2004/2004/1881 2014/2014/1891
f 2015/2015/1892 2014/2014/1891 2004/2004/1881
f 2004/2004/1881 2003/2003/1880 2015/2015/1892
f 2016/2016/1893 2015/2015/1892 2003/2003/1880
f 2003/2003/1880 2002/2002/1879 2016/2016/1893
f 2017/2017/1894 2016/2016/1893 2002/2002/1879
f 2002/2002/1879 2018/2018/1895 2017/2017/1894
f 2018/2018/1895 2002/2002/1879 2001/2001/1878
f 2017/2017/1894 2018/2018/1895 2019/2019/1896
f 2019/2019/1896 2020/2020/1897 2017/2017/1894
f 2016/2016/1893 2017/2017/1894 2020/2020/1897
f 2021/2021/1898 2020/2020/1897 2019/2019/1896
f 2016/2016/1893 2020/2020/1897 2022/2022/1899
f 2022/2022/1899 2023/2023/1900 2016/2016/1893
f 2015/2015/1892 2016/2016/1893 2023/2023/1900
f 2023/2023/1900 2024/2024/1901 2015/2015/1892
f 2014/2014/1891 2015/2015/1892 2024/2024/1901
f 2024/2024/1901 2025/2025/1902 2014/2014/1891
f 2013/2013/1890 2014/2014/1891 2025/2025/1902
f 2025/2025/1902 2026/2026/1903 2013/2013/1890
f 2027/2027/1904 2013/2013/1890 2026/2026/1903
f 2012/2012/1889 2013/2013/1890 2027/2027/1904
f 2027/2027/1904 2011/2011/1888 2012/2012/1889
f 2011/2011/1888 2027/2027/1904 2028/2028/1905
f 2028/2028/1905 2010/2010/1887 2011/2011/1888
f 2029/2029/1906 2028/2028/1905 2027/2027/1904
f 2027/2027/1904 2030/2030/1907 2029/2029/1906
f 2030/2030/1907 2027/2027/1904 2026/2026/1903
f 2026/2026/1903 2031/2031/1908 2030/2030/1907
f 2031/2031/1908 2026/2026/1903 2025/2025/1902
f 2025/2025/1902 2032/2032/1909 2031/2031/1908
f 2032/2032/1909 2025/2025/1902 2024/2024/1901
f 2024/2024/1901 2033/2033/1910 2032/2032/1909
f 2033/2033/1910 2024/2024/1901 2023/2023/1900
f 2023/2023/1900 2034/2034/1911 2033/2033/1910
f 2034/2034/1911 2023/2023/1900 2022/2022/1899
f 2022/2022/1899 2035/2035/1912 2034/2034/1911
f 2035/2035/1912 2022/2022/1899 2020/2020/1897
f 2020/2020/1897 2036/2036/1913 2035/2035/1912
f 2036/2036/1913 2020/2020/1897 2021/2021/1898
f 2021/2021/1898 2037/2037/1914 2036/2036/1913
f 2038/2038/1915 2036/2036/1913 2037/2037/1914
f 2035/2035/1912 2036/2036/1913 2038/2038/1915
f 2038/2038/1915 2039/2039/1916 2035/2035/1912
f 2040/2040/1917 2035/2035/1912 2039/2039/1916
f 2034/2034/1911 2035/2035/1912 2040/2040/1917
f 2040/2040/1917 2041/2041/1918 2034/2034/1911
f 2033/2033/1910 2034/2034/1911 2041/2041/1918
f 2041/2041/1918 2042/2042/1919 2033/2033/1910
f 2032/2032/1909 2033/2033/1910 2042/2042/1919
f 2042/2042/1919 2043/2043/1920 2032/2032/1909
f 2031/2031/1908 2032/2032/1909 2043/2043/1920
f 2043/2043/1920 2044/2044/1921 2031/2031/1908
f 2045/2045/1922 2031/2031/1908 2044/2044/1921
f 2030/2030/1907 2031/2031/1908 2045/2045/1922
f 2046/2046/1923 2044/2044/1921 2043/2043/1920
f 2043/2043/1920 2047/2047/1924 2046/2046/1923
f 2047/2047/1924 2043/2043/1920 2042/2042/1919
f 2042/2042/1919 2048/2048/1925 2047/2047/1924
f 2048/2048/1925 2042/2042/1919 2041/2041/1918
f 2041/2041/1918 2049/2049/1926 2048/2048/1925
f 2049/2049/1926 2041/2041/1918 2040/2040/1917
f 2040/2040/1917 2050/2050/1927 2049/2049/1926
f 2050/2050/1927 2040/2040/1917 2039/2039/1916
f 2039/2039/1916 2051/2051/1928 2050/2050/1927
f 2051/2051/1928 2039/2039/1916 2038/2038/1915
f 2038/2038/1915 2052/2052/1929 2051/2051/1928
f 2052/2052/1929 2038/2038/1915 2037/2037/1914
f 2037/2037/1914 2053/2053/1930 2052/2052/1929
f 2054/2054/1931 2052/2052/1929 2053/2053/1930
f 2051/2051/1928 2052/2052/1929 2054/2054/1931
f 2054/2054/1931 2053/2053/1930 2055/2055/1932
f 2055/2055/1932 2056/2056/1860 2054/2054/1931
f 2057/2057/1861 2054/2054/1931 2056/2056/1860
f 2056/2056/1860 2058/2058/1862 2057/2057/1861
f 2054/2054/1931 2057/2057/1861 2059/2059/1863
f 2059/2059/1863 2060/2060/1864 2054/2054/1931
f 2051/2051/1928 2054/2054/1931 2060/2060/1864
f 2060/2060/1864 2061/2061/1933 2051/2051/1928
f 2050/2050/1927 2051/2051/1928 2061/2061/1933
f 2061/2061/1933 2062/2062/1934 2050/2050/1927
f 2049/2049/1926 2050/2050/1927 2062/2062/1934
f 2062/2062/1934 2063/2063/1867 2049/2049/1926
f 2048/2048/1925 2049/2049/1926 2063/2063/1867
f 2063/2063/1867 2064/2064/1935 2048/2048/1925
f 2047/2047/1924 2048/2048/1925 2064/2064/1935
f 2064/2064/1935 2046/2046/1923 2047/2047/1924
f 2065/2065/1936 2046/2046/1923 2064/2064/1935
f 2064/2064/1935 2066/2066/1871 2065/2065/1936
f 2066/2066/1871 2064/2064/1935 2063/2063/1867
f 2063/2063/1867 2067/2067/1872 2066/2066/1871
f 2067/2067/1872 2063/2063/1867 2062/2062/1934
f 2062/2062/1934 2068/2068/1937 2067/2067/1872
f 2068/2068/1937 2062/2062/1934 2061/2061/1933
f 2061/2061/1933 2069/2069/1874 2068/2068/1937
f 2069/2069/1874 2061/2061/1933 2060/2060/1864
f 2060/2060/1864 2059/2059/1863 2069/2069/1874
f 2070/2070/1875 2069/2069/1874 2059/2059/1863
f 2059/2059/1863 2071/2071/1876 2070/2070/1875
f 2071/2071/1876 2059/2059/1863 2057/2057/1861
f 2057/2057/1861 2072/2072/1877 2071/2071/1876
f 2072/2072/1877 2057/2057/1861 2058/2058/1862
f 2058/2058/1862 2073/2073/1878 2072/2072/1877
f 2074/2074/1879 2072/2072/1877 2073/2073/1878
f 2072/2072/1877 2074/2074/1879 2075/2075/1880
f 2075/2075/1880 2071/2071/1876 2072/2072/1877
f 2071/2071/1876 2075/2075/1880 2076/2076/1881
f 2076/2076/1881 2070/2070/1875 2071/2071/1876
f 2070/2070/1875 2076/2076/1881 2077/2077/1938
f 2077/2077/1938 2078/2078/1883 2070/2070/1875
f 2069/2069/1874 2070/2070/1875 2078/2078/1883
f 2078/2078/1883 2068/2068/1937 2069/2069/1874
f 2068/2068/1937 2078/2078/1883 2079/2079/1884
f 2079/2079/1884 2067/2067/1872 2068/2068/1937
f 2066/2066/1871 2067/2067/1872 2079/2079/1884
f 2079/2079/1884 2080/2080/1885 2066/2066/1871
f 2081/2081/1886 2066/2066/1871 2080/2080/1885
f 2065/2065/1936 2066/2066/1871 2081/2081/1886
f 2082/2082/1887 2081/2081/1886 2080/2080/1885
f 2080/2080/1885 2083/2083/1888 2082/2082/1887
f 2084/2084/1889 2083/2083/1888 2080/2080/1885
f 2080/2080/1885 2079/2079/1884 2084/2084/1889
f 2078/2078/1883 2084/2084/1889 2079/2079/1884
f 2084/2084/1889 2078/2078/1883 2077/2077/1938
f 2077/2077/1938 2085/2085/1890 2084/2084/1889
f 2086/2086/1891 2085/2085/1890 2077/2077/1938
f 2077/2077/1938 2076/2076/1881 2086/2086/1891
f 2087/2087/1892 2086/2086/1891 2076/2076/1881
f 2076/2076/1881 2075/2075/1880 2087/2087/1892
f 2088/2088/1893 2087/2087/1892 2075/2075/1880
f 2075/2075/1880 2074/2074/1879 2088/2088/1893
f 2089/2089/1894 2088/2088/1893 2074/2074/1879
f 2074/2074/1879 2090/2090/1895 2089/2089/1894
f 2090/2090/1895 2074/2074/1879 2073/2073/1878
f 2089/2089/1894 2090/2090/1895 2091/2091/1896
f 2091/2091/1896 2092/2092/1897 2089/2089/1894
f 2088/2088/1893 2089/2089/1894 2092/2092/1897
f 2093/2093/1939 2092/2092/1897 2091/2091/1896
f 2088/2088/1893 2092/2092/1897 2094/2094/1899
f 2094/2094/1899 2095/2095/1940 2088/2088/1893
f 2087/2087/1892 2088/2088/1893 2095/2095/1940
f 2095/2095/1940 2096/2096/1901 2087/2087/1892
f 2086/2086/1891 2087/2087/1892 2096/2096/1901
f 2096/2096/1901 2097/2097/1902 2086/2086/1891
f 2085/2085/1890 2086/2086/1891 2097/2097/1902
f 2097/2097/1902 2098/2098/1903 2085/2085/1890
f 2099/2099/1904 2085/2085/1890 2098/2098/1903
f 2084/2084/1889 2085/2085/1890 2099/2099/1904
f 2099/2099/1904 2083/2083/1888 2084/2084/1889
f 2083/2083/1888 2099/2099/1904 2100/2100/1905
f 2100/2100/1905 2082/2082/1887 2083/2083/1888
f 2101/2101/1906 2100/2100/1905 2099/2099/1904
f 2099/2099/1904 2102/2102/1907 2101/2101/1906
f 2102/2102/1907 2099/2099/1904 2098/2098/1903
f 2098/2098/1903 2103/2103/1908 2102/2102/1907
f 2103/2103/1908 2098/2098/1903 2097/2097/1902
f 2097/2097/1902 2104/2104/1909 2103/2103/1908
f 2104/2104/1909 2097/2097/1902 2096/2096/1901
f 2096/2096/1901 2105/2105/1910 2104/2104/1909
f 2105/2105/1910 2096/2096/1901 2095/2095/1940
f 2095/2095/1940 2106/2106/1941 2105/2105/1910
f 2106/2106/1941 2095/2095/1940 2094/2094/1899
f 2094/2094/1899 2107/2107/1942 2106/2106/1941
f 2107/2107/1942 2094/2094/1899 2092/2092/1897
f 2092/2092/1897 2108/2108/1943 2107/2107/1942
f 2108/2108/1943 2092/2092/1897 2093/2093/1939
f 2093/2093/1939 2109/2109/1944 2108/2108/1943
f 2110/2110/1945 2108/2108/1943 2109/2109/1944
f 2107/2107/1942 2108/2108/1943 2110/2110/1945
f 2110/2110/1945 2111/2111/1946 2107/2107/1942
f 2112/2112/1947 2107/2107/1942 2111/2111/1946
f 2106/2106/1941 2107/2107/1942 2112/2112/1947
f 2112/2112/1947 2113/2113/1948 2106/2106/1941
f 2105/2105/1910 2106/2106/1941 2113/2113/1948
f 2113/2113/1948 2114/2114/1949 2105/2105/1910
f 2104/2104/1909 2105/2105/1910 2114/2114/1949
f 2114/2114/1949 2115/2115/1950 2104/2104/1909
f 2103/2103/1908 2104/2104/1909 2115/2115/1950
f 2115/2115/1950 2116/2116/1951 2103/2103/1908
f 2117/2117/1952 2103/2103/1908 2116/2116/1951
f 2102/2102/1907 2103/2103/1908 2117/2117/1952
f 2118/2118/1953 2116/2116/1951 2115/2115/1950
f 2115/2115/1950 2119/2119/1954 2118/2118/1953
f 2119/2119/1954 2115/2115/1950 2114/2114/1949
f 2114/2114/1949 2120/2120/1955 2119/2119/1954
f 2120/2120/1955 2114/2114/1949 2113/2113/1948
f 2113/2113/1948 2121/2121/1956 2120/2120/1955
f 2121/2121/1956 2113/2113/1948 2112/2112/1947
f 2112/2112/1947 2122/2122/1957 2121/2121/1956
f 2122/2122/1957 2112/2112/1947 2111/2111/1946
f 2111/2111/1946 2123/2123/1958 2122/2122/1957
f 2123/2123/1958 2111/2111/1946 2110/2110/1945
f 2110/2110/1945 2124/2124/1959 2123/2123/1958
f 2124/2124/1959 2110/2110/1945 2109/2109/1944
f 2109/2109/1944 2125/2125/1960 2124/2124/1959
f 2126/2126/1961 2124/2124/1959 2125/2125/1960
f 2124/2124/1959 2126/2126/1961 2127/2127/1962
f 2127/2127/1962 2128/2128/1963 2124/2124/1959
f 2123/2123/1958 2124/2124/1959 2128/2128/1963
f 2128/2128/1963 2129/2129/1964 2123/2123/1958
f 2122/2122/1957 2123/2123/1958 2129/2129/1964
f 2129/2129/1964 2130/2130/1965 2122/2122/1957
f 2121/2121/1956 2122/2122/1957 2130/2130/1965
f 2130/2130/1965 2131/2131/1966 2121/2121/1956
f 2120/2120/1955 2121/2121/1956 2131/2131/1966
f 2131/2131/1966 2132/2132/1967 2120/2120/1955
f 2119/2119/1954 2120/2120/1955 2132/2132/1967
f 2132/2132/1967 2133/2133/1968 2119/2119/1954
f 2118/2118/1953 2119/2119/1954 2133/2133/1968
f 2134/2134/1969 2133/2133/1968 2132/2132/1967
f 2132/2132/1967 2135/2135/1970 2134/2134/1969
f 2135/2135/1970 2132/2132/1967 2131/2131/1966
f 2131/2131/1966 2130/2130/1965 2135/2135/1970
f 2136/2136/1971 2135/2135/1970 2130/2130/1965
f 2130/2130/1965 2129/2129/1964 2136/2136/1971
f 2137/2137/1972 2136/2136/1971 2129/2129/1964
f 2129/2129/1964 2128/2128/1963 2137/2137/1972
f 2138/2138/1973 2137/2137/1972 2128/2128/1963
f 2128/2128/1963 2127/2127/1962 2138/2138/1973
f 2139/2139/1974 2138/2138/1973 2127/2127/1962
f 2127/2127/1962 2126/2126/1961 2139/2139/1974
f 2140/2140/1975 2139/2139/1974 2126/2126/1961
f 2139/2139/1974 2140/2140/1975 2141/2141/1976
f 2141/2141/1976 2142/2142/1977 2139/2139/1974
f 2138/2138/1973 2139/2139/1974 2142/2142/1977
f 2142/2142/1977 2141/2141/1976 2143/2143/1978
f 2143/2143/1978 2144/2144/1979 2142/2142/1977
f 2145/2145/1980 2142/2142/1977 2144/2144/1979
f 2138/2138/1973 2142/2142/1977 2145/2145/1980
f 2145/2145/1980 2146/2146/1981 2138/2138/1973
f 2137/2137/1972 2138/2138/1973 2146/2146/1981
f 2146/2146/1981 2147/2147/1982 2137/2137/1972
f 2136/2136/1971 2137/2137/1972 2147/2147/1982
f 2147/2147/1982 2148/2148/1983 2136/2136/1971
f 2135/2135/1970 2136/2136/1971 2148/2148/1983
f 2148/2148/1983 2134/2134/1969 2135/2135/1970
f 2134/2134/1969 2148/2148/1983 2149/2149/1984
f 2149/2149/1984 2150/2150/1985 2134/2134/1969
f 2133/2133/1968 2134/2134/1969 2150/2150/1985
f 2151/2151/1986 2150/2150/1985 2149/2149/1984
f 2149/2149/1984 2152/2152/1987 2151/2151/1986
f 2152/2152/1987 2149/2149/1984 2148/2148/1983
f 2148/2148/1983 2153/2153/1988 2152/2152/1987
f 2153/2153/1988 2148/2148/1983 2147/2147/1982
f 2147/2147/1982 2154/2154/1989 2153/2153/1988
f 2154/2154/1989 2147/2147/1982 2146/2146/1981
f 2146/2146/1981 2155/2155/1990 2154/2154/1989
f 2155/2155/1990 2146/2146/1981 2145/2145/1980
f 2145/2145/1980 2156/2156/1991 2155/2155/1990
f 2144/2144/1979 2156/2156/1991 2145/2145/1980
f 2151/2151/1986 2152/2152/1987 2157/2157/1992
f 2158/2158/1993 1921/1921/1798 1922/1922/1799
f 1922/1922/1799 2159/2159/1994 2158/2158/1993
f 2160/2160/1995 2158/2158/1993 2159/2159/1994
f 2159/2159/1994 2161/2161/1996 2160/2160/1995
f 2162/2162/1997 2161/2161/1996 2159/2159/1994
f 2159/2159/1994 2163/2163/1998 2162/2162/1997
f 2164/2164/1999 2163/2163/1998 2159/2159/1994
f 2159/2159/1994 1922/1922/1799 2164/2164/1999
f 1923/1923/1800 2164/2164/1999 1922/1922/1799
f 2164/2164/1999 1923/1923/1800 2165/2165/2000
f 2165/2165/2000 2166/2166/2001 2164/2164/1999
f 2163/2163/1998 2164/2164/1999 2166/2166/2001
f 2167/2167/2002 2166/2166/2001 2165/2165/2000
f 2165/2165/2000 1924/1924/1801 2167/2167/2002
f 1923/1923/1800 1924/1924/1801 2165/2165/2000
f 2167/2167/2002 1924/1924/1801 1925/1925/1802
f 1925/1925/1802 2168/2168/2003 2167/2167/2002
f 2168/2168/2003 1925/1925/1802 1926/1926/1803
f 1926/1926/1803 1927/1927/1804 2168/2168/2003
f 1952/1952/1829 2168/2168/2003 1927/1927/1804
f 2168/2168/2003 1952/1952/1829 2169/2169/2004
f 2169/2169/2004 2167/2167/2002 2168/2168/2003
f 2167/2167/2002 2169/2169/2004 2170/2170/2005
f 2170/2170/2005 2166/2166/2001 2167/2167/2002
f 1953/1953/1830 2169/2169/2004 1952/1952/1829
f 2171/2171/2006 2173/2172/2007 2172/2173/2008
f 2172/2173/2008 2174/2174/2009 2171/2171/2006
f 2175/2175/2010 2171/2171/2006 2174/2174/2009
f 2174/2174/2009 2172/2173/2008 2176/2176/2011
f 2176/2176/2011 2177/2177/2012 2174/2174/2009
f 2178/2178/2013 2174/2174/2009 2177/2177/2012
f 2175/2175/2010 2174/2174/2009 2178/2178/2013
f 2178/2178/2013 2179/2179/2014 2175/2175/2010
f 2180/2180/2015 2179/2179/2014 2178/2178/2013
f 2178/2178/2013 2181/2181/2016 2180/2180/2015
f 2182/2182/2017 2181/2181/2016 2178/2178/2013
f 2178/2178/2013 2177/2177/2012 2182/2182/2017
f 2183/2183/2018 2182/2182/2017 2177/2177/2012
f 2177/2177/2012 2184/2184/2019 2183/2183/2018
f 2184/2184/2019 2177/2177/2012 2176/2176/2011
f 2183/2183/2018 2184/2184/2019 2185/2185/2020
f 2185/2185/2020 2186/2186/2021 2183/2183/2018
f 2187/2187/2022 2183/2183/2018 2186/2186/2021
f 2183/2183/2018 2187/2187/2022 2188/2188/2023
f 2188/2188/2023 2182/2182/2017 2183/2183/2018
f 2181/2181/2016 2182/2182/2017 2188/2188/2023
f 2188/2188/2023 2189/2189/2024 2181/2181/2016
f 2189/2189/2024 2188/2188/2023 2187/2187/2022
f 2187/2187/2022 2190/2190/2025 2189/2189/2024
f 2191/2191/2026 2190/2190/2025 2187/2187/2022
f 2187/2187/2022 2192/2192/2027 2191/2191/2026
f 2192/2192/2027 2187/2187/2022 2186/2186/2021
f 2186/2186/2021 2185/2185/2020 2192/2192/2027
f 2193/2193/2028 2192/2192/2027 2185/2185/2020
f 2192/2192/2027 2193/2193/2028 2194/2194/2029
f 2194/2194/2029 2195/2195/2030 2192/2192/2027
f 2191/2191/2026 2192/2192/2027 2195/2195/2030
f 2195/2195/2030 2196/2196/2031 2191/2191/2026
f 2190/2190/2025 2191/2191/2026 2196/2196/2031
f 2197/2197/2032 2196/2196/2031 2195/2195/2030
f 2195/2195/2030 2198/2198/2033 2197/2197/2032
f 2199/2199/2034 2198/2198/2033 2195/2195/2030
f 2195/2195/2030 2200/2200/2035 2199/2199/2034
f 2200/2200/2035 2195/2195/2030 2194/2194/2029
f 2194/2194/2029 2201/2201/2036 2200/2200/2035
f 2193/2193/2028 2201/2201/2036 2194/2194/2029
f 2200/2200/2035 2201/2201/2036 2202/2202/2037
f 2202/2202/2037 2203/2203/2038 2200/2200/2035
f 2204/2204/2039 2200/2200/2035 2203/2203/2038
f 2199/2199/2034 2200/2200/2035 2204/2204/2039
f 2204/2204/2039 2205/2205/2040 2199/2199/2034
f 2198/2198/2033 2199/2199/2034 2205/2205/2040
f 2206/2206/2041 2205/2205/2040 2204/2204/2039
f 2204/2204/2039 2203/2203/2038 2206/2206/2041
f 2205/2205/2040 2206/2206/2041 2207/2207/2042
f 2207/2207/2042 2198/2198/2033 2205/2205/2040
f 2208/2208/2043 2198/2198/2033 2207/2207/2042
f 2207/2207/2042 2209/2209/2044 2208/2208/2043
f 2210/2210/2045 2209/2209/2044 2207/2207/2042
f 2207/2207/2042 2211/2211/2046 2210/2210/2045
f 2211/2211/2046 2207/2207/2042 2206/2206/2041
f 2206/2206/2041 2212/2212/2047 2211/2211/2046
f 2213/2213/2048 2212/2212/2047 2206/2206/2041
f 2206/2206/2041 2203/2203/2038 2213/2213/2048
f 2212/2212/2047 2213/2213/2048 2214/2214/2049
f 2214/2214/2049 2215/2215/2050 2212/2212/2047
f 2216/2216/2051 2212/2212/2047 2215/2215/2050
f 2211/2211/2046 2212/2212/2047 2216/2216/2051
f 2216/2216/2051 2217/2217/2052 2211/2211/2046
f 2210/2210/2045 2211/2211/2046 2217/2217/2052
f 2217/2217/2052 2218/2218/2053 2210/2210/2045
f 2219/2219/2054 2218/2218/2053 2217/2217/2052
f 2217/2217/2052 2220/2220/2055 2219/2219/2054
f 2220/2220/2055 2217/2217/2052 2216/2216/2051
f 2216/2216/2051 2215/2215/2050 2220/2220/2055
f 2221/2221/2056 2220/2220/2055 2215/2215/2050
f 2220/2220/2055 2221/2221/2056 2222/2222/2057
f 2222/2222/2057 2223/2223/2058 2220/2220/2055
f 2219/2219/2054 2220/2220/2055 2223/2223/2058
f 2223/2223/2058 2224/2224/2059 2219/2219/2054
f 2218/2218/2053 2219/2219/2054 2224/2224/2059
f 2224/2224/2059 2225/2225/2060 2218/2218/2053
f 2226/2226/2061 2225/2225/2060 2224/2224/2059
f 2224/2224/2059 2227/2227/2062 2226/2226/2061
f 2228/2228/2063 2227/2227/2062 2224/2224/2059
f 2224/2224/2059 2223/2223/2058 2228/2228/2063
f 2222/2222/2057 2228/2228/2063 2223/2223/2058
f 2228/2228/2063 2222/2222/2057 2229/2229/2064
f 2229/2229/2064 2230/2230/2065 2228/2228/2063
f 2231/2231/2066 2228/2228/2063 2230/2230/2065
f 2227/2227/2062 2228/2228/2063 2231/2231/2066
f 2231/2231/2066 2232/2232/2067 2227/2227/2062
f 2226/2226/2061 2227/2227/2062 2232/2232/2067
f 2232/2232/2067 2233/2233/2068 2226/2226/2061
f 2234/2234/2069 2233/2233/2068 2232/2232/2067
f 2232/2232/2067 2235/2235/2070 2234/2234/2069
f 2235/2235/2070 2232/2232/2067 2231/2231/2066
f 2231/2231/2066 2230/2230/2065 2235/2235/2070
f 2236/2236/2071 2235/2235/2070 2230/2230/2065
f 2235/2235/2070 2236/2236/2071 2237/2237/2072
f 2237/2237/2072 2234/2234/2069 2235/2235/2070
f 2237/2237/2072 2236/2236/2071 2238/2238/2073
f 2238/2238/2073 2239/2239/2074 2237/2237/2072
f 2240/2240/2075 2237/2237/2072 2239/2239/2074
f 2237/2237/2072 2240/2240/2075 2241/2241/2076
f 2241/2241/2076 2234/2234/2069 2237/2237/2072
f 2234/2234/2069 2241/2241/2076 2242/2242/2077
f 2242/2242/2077 2243/2243/2078 2234/2234/2069
f 2233/2233/2068 2234/2234/2069 2243/2243/2078
f 2244/2244/2079 2242/2242/2077 2241/2241/2076
f 2241/2241/2076 2245/2245/2080 2244/2244/2079
f 2240/2240/2075 2245/2245/2080 2241/2241/2076
f 2246/2246/2081 2244/2244/2079 2245/2245/2080
f 2245/2245/2080 2240/2240/2075 2246/2246/2081
f 2247/2247/2082 2246/2246/2081 2240/2240/2075
f 2240/2240/2075 2239/2239/2074 2247/2247/2082
f 2248/2248/2083 2247/2247/2082 2239/2239/2074
f 2247/2247/2082 2248/2248/2083 2249/2249/2084
f 2249/2249/2084 2250/2250/2085 2247/2247/2082
f 2246/2246/2081 2247/2247/2082 2250/2250/2085
f 2251/2251/2086 2250/2250/2085 2249/2249/2084
f 2249/2249/2084 2252/2252/2087 2251/2251/2086
f 2253/2253/2088 2251/2251/2086 2252/2252/2087
f 2251/2251/2086 2253/2253/2088 2254/2254/2089
f 2254/2254/2089 2255/2255/2090 2251/2251/2086
f 2256/2256/2091 2251/2251/2086 2255/2255/2090
f 2250/2250/2085 2251/2251/2086 2256/2256/2091
f 2256/2256/2091 2257/2257/2092 2250/2250/2085
f 2246/2246/2081 2250/2250/2085 2257/2257/2092
f 2257/2257/2092 2258/2258/2093 2246/2246/2081
f 2256/2256/2091 2258/2258/2093 2257/2257/2092
f 2246/2246/2081 2258/2258/2093 2259/2259/2094
f 2259/2259/2094 2244/2244/2079 2246/2246/2081
f 2260/2260/2095 2258/2258/2093 2256/2256/2091
f 2256/2256/2091 2261/2261/2096 2260/2260/2095
f 2261/2261/2096 2256/2256/2091 2255/2255/2090
f 2255/2255/2090 2262/2262/2061 2261/2261/2096
f 2263/2263/2062 2262/2262/2061 2255/2255/2090
f 2255/2255/2090 2264/2264/2097 2263/2263/2062
f 2264/2264/2097 2255/2255/2090 2254/2254/2089
f 2254/2254/2089 2253/2253/2088 2264/2264/2097
f 2265/2265/2098 2264/2264/2097 2253/2253/2088
f 2264/2264/2097 2265/2265/2098 2266/2266/2099
f 2266/2266/2099 2267/2267/2066 2264/2264/2097
f 2263/2263/2062 2264/2264/2097 2267/2267/2066
f 2267/2267/2066 2268/2268/2067 2263/2263/2062
f 2262/2262/2061 2263/2263/2062 2268/2268/2067
f 2268/2268/2067 2269/2269/2068 2262/2262/2061
f 2270/2270/2069 2269/2269/2068 2268/2268/2067
f 2268/2268/2067 2271/2271/2070 2270/2270/2069
f 2271/2271/2070 2268/2268/2067 2267/2267/2066
f 2267/2267/2066 2266/2266/2099 2271/2271/2070
f 2272/2272/2071 2271/2271/2070 2266/2266/2099
f 2271/2271/2070 2272/2272/2071 2273/2273/2072
f 2273/2273/2072 2270/2270/2069 2271/2271/2070
f 2273/2273/2072 2272/2272/2071 2274/2274/2073
f 2274/2274/2073 2275/2275/2100 2273/2273/2072
f 2276/2276/2075 2273/2273/2072 2275/2275/2100
f 2273/2273/2072 2276/2276/2075 2277/2277/2076
f 2277/2277/2076 2270/2270/2069 2273/2273/2072
f 2270/2270/2069 2277/2277/2076 2278/2278/2077
f 2278/2278/2077 2279/2279/2078 2270/2270/2069
f 2269/2269/2068 2270/2270/2069 2279/2279/2078
f 2280/2280/2079 2278/2278/2077 2277/2277/2076
f 2277/2277/2076 2281/2281/2080 2280/2280/2079
f 2276/2276/2075 2281/2281/2080 2277/2277/2076
f 2282/2282/2081 2280/2280/2079 2281/2281/2080
f 2281/2281/2080 2276/2276/2075 2282/2282/2081
f 2283/2283/2082 2282/2282/2081 2276/2276/2075
f 2276/2276/2075 2275/2275/2100 2283/2283/2082
f 2284/2284/2101 2283/2283/2082 2275/2275/2100
f 2283/2283/2082 2284/2284/2101 2285/2285/2084
f 2285/2285/2084 2286/2286/2085 2283/2283/2082
f 2282/2282/2081 2283/2283/2082 2286/2286/2085
f 2287/2287/2102 2286/2286/2085 2285/2285/2084
f 2285/2285/2084 2288/2288/2103 2287/2287/2102
f 2289/2289/2104 2287/2287/2102 2288/2288/2103
f 2290/2290/2105 2287/2287/2102 2289/2289/2104
f 2289/2289/2104 2291/2291/2106 2290/2290/2105
f 2287/2287/2102 2290/2290/2105 2292/2292/2107
f 2292/2292/2107 2293/2293/2108 2287/2287/2102
f 2286/2286/2085 2287/2287/2102 2293/2293/2108
f 2293/2293/2108 2294/2294/2092 2286/2286/2085
f 2282/2282/2081 2286/2286/2085 2294/2294/2092
f 2294/2294/2092 2295/2295/2093 2282/2282/2081
f 2293/2293/2108 2295/2295/2093 2294/2294/2092
f 2282/2282/2081 2295/2295/2093 2296/2296/2094
f 2296/2296/2094 2280/2280/2079 2282/2282/2081
f 2297/2297/2109 2295/2295/2093 2293/2293/2108
f 2293/2293/2108 2292/2292/2107 2297/2297/2109
f 2298/2298/2110 2297/2297/2109 2292/2292/2107
f 2292/2292/2107 2299/2299/2111 2298/2298/2110
f 2299/2299/2111 2292/2292/2107 2290/2290/2105
f 2290/2290/2105 2300/2300/2112 2299/2299/2111
f 2291/2291/2106 2300/2300/2112 2290/2290/2105
f 2301/2301/2113 2299/2299/2111 2300/2300/2112
f 2300/2300/2112 2291/2291/2106 2301/2301/2113
f 2302/2302/2114 2301/2301/2113 2291/2291/2106
f 2301/2301/2113 2302/2302/2114 2303/2303/2115
f 2303/2303/2115 2304/2304/2116 2301/2301/2113
f 2305/2305/2117 2301/2301/2113 2304/2304/2116
f 2299/2299/2111 2301/2301/2113 2305/2305/2117
f 2305/2305/2117 2306/2306/2118 2299/2299/2111
f 2298/2298/2110 2299/2299/2111 2306/2306/2118
f 2307/2307/2119 2306/2306/2118 2305/2305/2117
f 2305/2305/2117 2304/2304/2116 2307/2307/2119
f 2308/2308/2120 2306/2306/2118 2307/2307/2119
f 2309/2309/2121 2307/2307/2119 2304/2304/2116
f 2304/2304/2116 2310/2310/2122 2309/2309/2121
f 2310/2310/2122 2304/2304/2116 2303/2303/2115
f 2309/2309/2121 2310/2310/2122 2311/2311/2123
f 2311/2311/2123 2312/2312/2124 2309/2309/2121
f 2313/2313/2125 2309/2309/2121 2312/2312/2124
f 2307/2307/2119 2309/2309/2121 2313/2313/2125
f 2313/2313/2125 2308/2308/2120 2307/2307/2119
f 2314/2314/2126 2308/2308/2120 2313/2313/2125
f 2313/2313/2125 2315/2315/2127 2314/2314/2126
f 2312/2312/2124 2315/2315/2127 2313/2313/2125
f 2316/2316/2128 2314/2314/2126 2315/2315/2127
f 2317/2317/2129 2319/2318/2130 2318/2319/2131
f 2318/2319/2131 2320/2320/2132 2317/2317/2129
f 2321/2321/2133 2317/2317/2129 2320/2320/2132
f 2320/2320/2132 2322/2322/2134 2321/2321/2133
f 2323/2323/2135 2322/2322/2134 2320/2320/2132
f 2320/2320/2132 2318/2319/2131 2323/2323/2135
f 2324/2324/2136 2323/2323/2135 2318/2319/2131
f 2323/2323/2135 2324/2324/2136 2325/2325/2137
f 2325/2325/2137 2326/2326/2138 2323/2323/2135
f 2327/2327/2139 2323/2323/2135 2326/2326/2138
f 2322/2322/2134 2323/2323/2135 2327/2327/2139
f 2327/2327/2139 2328/2328/2140 2322/2322/2134
f 2329/2329/2141 2322/2322/2134 2328/2328/2140
f 2321/2321/2133 2322/2322/2134 2329/2329/2141
f 2330/2330/2142 2328/2328/2140 2327/2327/2139
f 2327/2327/2139 2331/2331/2143 2330/2330/2142
f 2332/2332/2144 2331/2331/2143 2327/2327/2139
f 2327/2327/2139 2326/2326/2138 2332/2332/2144
f 2333/2333/2145 2331/2331/2143 2332/2332/2144
f 2334/2334/2146 2332/2332/2144 2326/2326/2138
f 2326/2326/2138 2335/2335/2147 2334/2334/2146
f 2335/2335/2147 2326/2326/2138 2325/2325/2137
f 2336/2336/2148 2334/2334/2146 2335/2335/2147
f 2335/2335/2147 2337/2337/2149 2336/2336/2148
f 2334/2334/2146 2336/2336/2148 2338/2338/2150
f 2338/2338/2150 2339/2339/2151 2334/2334/2146
f 2332/2332/2144 2334/2334/2146 2339/2339/2151
f 2339/2339/2151 2333/2333/2145 2332/2332/2144
f 2340/2340/2152 2333/2333/2145 2339/2339/2151
f 2339/2339/2151 2338/2338/2150 2340/2340/2152
f 2341/2341/2153 2340/2340/2152 2338/2338/2150
f 2338/2338/2150 2342/2342/2154 2341/2341/2153
f 2342/2342/2154 2338/2338/2150 2336/2336/2148
f 2336/2336/2148 2337/2337/2149 2342/2342/2154
f 2343/2343/2155 2342/2342/2154 2337/2337/2149
f 2342/2342/2154 2343/2343/2155 2344/2344/2156
f 2344/2344/2156 2345/2345/2157 2342/2342/2154
f 2346/2346/2158 2342/2342/2154 2345/2345/2157
f 2341/2341/2153 2342/2342/2154 2346/2346/2158
f 2347/2347/2159 2346/2346/2158 2345/2345/2157
f 2345/2345/2157 2344/2344/2156 2347/2347/2159
f 2348/2348/2160 2347/2347/2159 2344/2344/2156
f 2347/2347/2159 2348/2348/2160 2349/2349/2161
f 2349/2349/2161 2350/2350/2162 2347/2347/2159
f 2351/2351/2163 2347/2347/2159 2350/2350/2162
f 2346/2346/2158 2347/2347/2159 2351/2351/2163
f 2351/2351/2163 2352/2352/2164 2346/2346/2158
f 2341/2341/2153 2346/2346/2158 2352/2352/2164
f 2352/2352/2164 2353/2353/2165 2341/2341/2153
f 2340/2340/2152 2341/2341/2153 2353/2353/2165
f 2354/2354/2166 2352/2352/2164 2351/2351/2163
f 2351/2351/2163 2355/2355/2167 2354/2354/2166
f 2356/2356/2168 2355/2355/2167 2351/2351/2163
f 2351/2351/2163 2350/2350/2162 2356/2356/2168
f 2357/2357/2169 2356/2356/2168 2350/2350/2162
f 2350/2350/2162 2358/2358/2170 2357/2357/2169
f 2358/2358/2170 2350/2350/2162 2349/2349/2161
f 2357/2357/2169 2358/2358/2170 2359/2359/2171
f 2359/2359/2171 2360/2360/2172 2357/2357/2169
f 2361/2361/2173 2357/2357/2169 2360/2360/2172
f 2356/2356/2168 2357/2357/2169 2361/2361/2173
f 2361/2361/2173 2355/2355/2167 2356/2356/2168
f 2362/2362/2174 2355/2355/2167 2361/2361/2173
f 2361/2361/2173 2363/2363/2175 2362/2362/2174
f 2364/2364/2176 2363/2363/2175 2361/2361/2173
f 2361/2361/2173 2360/2360/2172 2364/2364/2176
f 2365/2365/2177 2364/2364/2176 2360/2360/2172
f 2360/2360/2172 2359/2359/2171 2365/2365/2177
f 2366/2366/2178 2365/2365/2177 2359/2359/2171
f 2359/2359/2171 2367/2367/2179 2366/2366/2178
f 2365/2365/2177 2366/2366/2178 2368/2368/2180
f 2368/2368/2180 2364/2364/2176 2365/2365/2177
f 2364/2364/2176 2368/2368/2180 2369/2369/2181
f 2369/2369/2181 2363/2363/2175 2364/2364/2176
f 2370/2370/2182 2369/2369/2181 2368/2368/2180
f 2368/2368/2180 2366/2366/2178 2370/2370/2182
f 2371/2371/2183 2369/2369/2181 2370/2370/2182
f 2370/2370/2182 2372/2372/2184 2371/2371/2183
f 2373/2373/2185 2372/2372/2184 2370/2370/2182
f 2370/2370/2182 2374/2374/2186 2373/2373/2185
f 2374/2374/2186 2370/2370/2182 2366/2366/2178
f 2366/2366/2178 2375/2375/2187 2374/2374/2186
f 2375/2375/2187 2366/2366/2178 2367/2367/2179
f 2374/2374/2186 2375/2375/2187 2376/2376/2188
f 2376/2376/2188 2373/2373/2185 2374/2374/2186
f 2376/2376/2188 2375/2375/2187 2377/2377/2189
f 2377/2377/2189 2378/2378/2190 2376/2376/2188
f 2379/2379/2191 2376/2376/2188 2378/2378/2190
f 2376/2376/2188 2379/2379/2191 2380/2380/2192
f 2380/2380/2192 2373/2373/2185 2376/2376/2188
f 2373/2373/2185 2380/2380/2192 2381/2381/2193
f 2381/2381/2193 2372/2372/2184 2373/2373/2185
f 2382/2382/2194 2381/2381/2193 2380/2380/2192
f 2380/2380/2192 2379/2379/2191 2382/2382/2194
f 2383/2383/2195 2381/2381/2193 2382/2382/2194
f 2382/2382/2194 2384/2384/2196 2383/2383/2195
f 2385/2385/2197 2384/2384/2196 2382/2382/2194
f 2382/2382/2194 2379/2379/2191 2385/2385/2197
f 2386/2386/2198 2385/2385/2197 2379/2379/2191
f 2379/2379/2191 2378/2378/2190 2386/2386/2198
f 2387/2387/2199 2386/2386/2198 2378/2378/2190
f 2386/2386/2198 2387/2387/2199 2388/2388/2200
f 2388/2388/2200 2389/2389/2201 2386/2386/2198
f 2385/2385/2197 2386/2386/2198 2389/2389/2201
f 2389/2389/2201 2384/2384/2196 2385/2385/2197
f 2390/2390/2202 2384/2384/2196 2389/2389/2201
f 2389/2389/2201 2391/2391/2203 2390/2390/2202
f 2392/2392/2204 2391/2391/2203 2389/2389/2201
f 2389/2389/2201 2393/2393/2205 2392/2392/2204
f 2393/2393/2205 2389/2389/2201 2388/2388/2200
f 2388/2388/2200 2394/2394/2206 2393/2393/2205
f 2394/2394/2206 2388/2388/2200 2387/2387/2199
f 2393/2393/2205 2394/2394/2206 2395/2395/2207
f 2395/2395/2207 2396/2396/2208 2393/2393/2205
f 2392/2392/2204 2393/2393/2205 2396/2396/2208
f 2396/2396/2208 2397/2397/2209 2392/2392/2204
f 2391/2391/2203 2392/2392/2204 2397/2397/2209
f 2397/2397/2209 2398/2398/2210 2391/2391/2203
f 2399/2399/2211 2398/2398/2210 2397/2397/2209
f 2397/2397/2209 2400/2400/2212 2399/2399/2211
f 2401/2401/2213 2400/2400/2212 2397/2397/2209
f 2397/2397/2209 2396/2396/2208 2401/2401/2213
f 2395/2395/2207 2401/2401/2213 2396/2396/2208
f 2401/2401/2213 2395/2395/2207 2402/2402/2214
f 2402/2402/2214 2403/2403/2215 2401/2401/2213
f 2400/2400/2212 2401/2401/2213 2403/2403/2215
f 2403/2403/2215 2404/2404/2216 2400/2400/2212
f 2399/2399/2211 2400/2400/2212 2404/2404/2216
f 2404/2404/2216 2405/2405/2217 2399/2399/2211
f 2406/2406/2218 2405/2405/2217 2404/2404/2216
f 2404/2404/2216 2407/2407/2219 2406/2406/2218
f 2408/2408/2220 2407/2407/2219 2404/2404/2216
f 2404/2404/2216 2403/2403/2215 2408/2408/2220
f 2402/2402/2214 2408/2408/2220 2403/2403/2215
f 2408/2408/2220 2402/2402/2214 2409/2409/2221
f 2409/2409/2221 2410/2410/2222 2408/2408/2220
f 2411/2411/2223 2408/2408/2220 2410/2410/2222
f 2407/2407/2219 2408/2408/2220 2411/2411/2223
f 2411/2411/2223 2412/2412/2224 2407/2407/2219
f 2406/2406/2218 2407/2407/2219 2412/2412/2224
f 2413/2413/2184 2412/2412/2224 2411/2411/2223
f 2411/2411/2223 2414/2414/2185 2413/2413/2184
f 2415/2415/2186 2414/2414/2185 2411/2411/2223
f 2411/2411/2223 2410/2410/2222 2415/2415/2186
f 2416/2416/2187 2415/2415/2186 2410/2410/2222
f 2410/2410/2222 2417/2417/2225 2416/2416/2187
f 2409/2409/2221 2417/2417/2225 2410/2410/2222
f 2418/2418/2188 2415/2415/2186 2416/2416/2187
f 2416/2416/2187 2419/2419/2189 2418/2418/2188
f 2414/2414/2185 2415/2415/2186 2418/2418/2188
f 2420/2420/2190 2418/2418/2188 2419/2419/2189
f 2414/2414/2185 2418/2418/2188 2421/2421/2226
f 2421/2421/2226 2422/2422/2227 2414/2414/2185
f 2413/2413/2184 2414/2414/2185 2422/2422/2227
f 2423/2423/2194 2422/2422/2227 2421/2421/2226
f 2421/2421/2226 2424/2424/2228 2423/2423/2194
f 2424/2424/2228 2421/2421/2226 2418/2418/2188
f 2418/2418/2188 2420/2420/2190 2424/2424/2228
f 2425/2425/2229 2424/2424/2228 2420/2420/2190
f 2420/2420/2190 2426/2426/2199 2425/2425/2229
f 2424/2424/2228 2425/2425/2229 2427/2427/2230
f 2427/2427/2230 2423/2423/2194 2424/2424/2228
f 2423/2423/2194 2427/2427/2230 2428/2428/2231
f 2428/2428/2231 2429/2429/2195 2423/2423/2194
f 2422/2422/2227 2423/2423/2194 2429/2429/2195
f 2428/2428/2231 2427/2427/2230 2430/2430/2232
f 2430/2430/2232 2431/2431/2202 2428/2428/2231
f 2430/2430/2232 2427/2427/2230 2425/2425/2229
f 2425/2425/2229 2432/2432/2233 2430/2430/2232
f 2432/2432/2233 2425/2425/2229 2426/2426/2199
f 2426/2426/2199 2433/2433/2206 2432/2432/2233
f 2434/2434/2234 2432/2432/2233 2433/2433/2206
f 2430/2430/2232 2432/2432/2233 2434/2434/2234
f 2435/2435/2207 2434/2434/2234 2433/2433/2206
f 2430/2430/2232 2434/2434/2234 2436/2436/2235
f 2436/2436/2235 2437/2437/2203 2430/2430/2232
f 2431/2431/2202 2430/2430/2232 2437/2437/2203
f 2438/2438/2236 2437/2437/2203 2436/2436/2235
f 2436/2436/2235 2439/2439/2237 2438/2438/2236
f 2439/2439/2237 2436/2436/2235 2434/2434/2234
f 2434/2434/2234 2435/2435/2207 2439/2439/2237
f 2440/2440/2238 2439/2439/2237 2435/2435/2207
f 2438/2438/2236 2439/2439/2237 2440/2440/2238
f 2440/2440/2238 2435/2435/2207 2441/2441/2239
f 2441/2441/2239 2442/2442/2215 2440/2440/2238
f 2443/2443/2240 2440/2440/2238 2442/2442/2215
f 2438/2438/2236 2440/2440/2238 2443/2443/2240
f 2443/2443/2240 2444/2444/2241 2438/2438/2236
f 2445/2445/2242 2438/2438/2236 2444/2444/2241
f 2437/2437/2203 2438/2438/2236 2445/2445/2242
f 2444/2444/2241 2443/2443/2240 2446/2446/2243
f 2446/2446/2243 2447/2447/2217 2444/2444/2241
f 2446/2446/2243 2443/2443/2240 2442/2442/2215
f 2442/2442/2215 2448/2448/2244 2446/2446/2243
f 2448/2448/2244 2442/2442/2215 2441/2441/2239
f 2441/2441/2239 2449/2449/2245 2448/2448/2244
f 2450/2450/2246 2448/2448/2244 2449/2449/2245
f 2449/2449/2245 2451/2451/2247 2450/2450/2246
f 2448/2448/2244 2450/2450/2246 2452/2452/2248
f 2452/2452/2248 2453/2453/2249 2448/2448/2244
f 2446/2446/2243 2448/2448/2244 2453/2453/2249
f 2453/2453/2249 2454/2454/2250 2446/2446/2243
f 2447/2447/2217 2446/2446/2243 2454/2454/2250
f 2455/2455/2251 2454/2454/2250 2453/2453/2249
f 2453/2453/2249 2452/2452/2248 2455/2455/2251
f 2456/2456/2252 2455/2455/2251 2452/2452/2248
f 2452/2452/2248 2457/2457/2253 2456/2456/2252
f 2457/2457/2253 2452/2452/2248 2450/2450/2246
f 2450/2450/2246 2451/2451/2247 2457/2457/2253
f 2458/2458/2254 2457/2457/2253 2451/2451/2247
f 2451/2451/2247 2459/2459/2255 2458/2458/2254
f 2457/2457/2253 2458/2458/2254 2460/2460/2256
f 2460/2460/2256 2456/2456/2252 2457/2457/2253
f 2456/2456/2252 2460/2460/2256 2461/2461/2257
f 2461/2461/2257 2462/2462/2258 2456/2456/2252
f 2455/2455/2251 2456/2456/2252 2462/2462/2258
f 2461/2461/2257 2460/2460/2256 2463/2463/2259
f 2463/2463/2259 2464/2464/2260 2461/2461/2257
f 2463/2463/2259 2460/2460/2256 2458/2458/2254
f 2458/2458/2254 2465/2465/2261 2463/2463/2259
f 2465/2465/2261 2458/2458/2254 2459/2459/2255
f 2459/2459/2255 2466/2466/2262 2465/2465/2261
f 2467/2467/2263 2465/2465/2261 2466/2466/2262
f 2463/2463/2259 2465/2465/2261 2467/2467/2263
f 2467/2467/2263 2468/2468/2264 2463/2463/2259
f 2464/2464/2260 2463/2463/2259 2468/2468/2264
f 2468/2468/2264 2469/2469/2265 2464/2464/2260
f 2470/2470/2266 2469/2469/2265 2468/2468/2264
f 2468/2468/2264 2471/2471/2267 2470/2470/2266
f 2471/2471/2267 2468/2468/2264 2467/2467/2263
f 2467/2467/2263 2472/2472/2268 2471/2471/2267
f 2473/2473/2269 2472/2472/2268 2467/2467/2263
f 2467/2467/2263 2466/2466/2262 2473/2473/2269
f 2469/2469/2265 2470/2470/2266 2474/2474/2270
f 2475/2475/2271 2477/2476/2272 2476/2477/2273
f 2476/2477/2273 2478/2478/2274 2475/2475/2271
f 2479/2479/2275 2478/2478/2274 2476/2477/2273
f 2480/2480/2276 2475/2475/2271 2478/2478/2274
f 2478/2478/2274 2479/2479/2275 2481/2481/2277
f 2481/2481/2277 2480/2480/2276 2478/2478/2274
f 2481/2481/2277 2479/2479/2275 2482/2482/2278
f 2482/2482/2278 2483/2483/2279 2481/2481/2277
f 2484/2484/2280 2481/2481/2277 2483/2483/2279
f 2480/2480/2276 2481/2481/2277 2484/2484/2280
f 2484/2484/2280 2485/2485/2281 2480/2480/2276
f 2486/2486/2282 2480/2480/2276 2485/2485/2281
f 2480/2480/2276 2486/2486/2282 2487/2487/2283
f 2487/2487/2283 2475/2475/2271 2480/2480/2276
f 2488/2488/2284 2486/2486/2282 2485/2485/2281
f 2485/2485/2281 2489/2489/2285 2488/2488/2284
f 2490/2490/2286 2489/2489/2285 2485/2485/2281
f 2485/2485/2281 2484/2484/2280 2490/2490/2286
f 2491/2491/2287 2489/2489/2285 2490/2490/2286
f 2490/2490/2286 2492/2492/2288 2491/2491/2287
f 2493/2493/2289 2492/2492/2288 2490/2490/2286
f 2490/2490/2286 2484/2484/2280 2493/2493/2289
f 2494/2494/2290 2493/2493/2289 2484/2484/2280
f 2484/2484/2280 2483/2483/2279 2494/2494/2290
f 2493/2493/2289 2494/2494/2290 2495/2495/2291
f 2495/2495/2291 2492/2492/2288 2493/2493/2289
f 2496/2496/2292 2495/2495/2291 2494/2494/2290
f 2494/2494/2290 2483/2483/2279 2496/2496/2292
f 2497/2497/2293 2496/2496/2292 2483/2483/2279
f 2483/2483/2279 2482/2482/2278 2497/2497/2293
f 2498/2498/2294 2497/2497/2293 2482/2482/2278
f 2497/2497/2293 2498/2498/2294 2499/2499/2295
f 2499/2499/2295 2500/2500/2296 2497/2497/2293
f 2496/2496/2292 2497/2497/2293 2500/2500/2296
f 2500/2500/2296 2501/2501/2297 2496/2496/2292
f 2495/2495/2291 2496/2496/2292 2501/2501/2297
f 2501/2501/2297 2502/2502/2298 2495/2495/2291
f 2503/2503/2299 2495/2495/2291 2502/2502/2298
f 2492/2492/2288 2495/2495/2291 2503/2503/2299
f 2502/2502/2298 2501/2501/2297 2504/2504/2300
f 2504/2504/2300 2505/2505/2301 2502/2502/2298
f 2504/2504/2300 2501/2501/2297 2500/2500/2296
f 2500/2500/2296 2506/2506/2302 2504/2504/2300
f 2507/2507/2303 2506/2506/2302 2500/2500/2296
f 2500/2500/2296 2499/2499/2295 2507/2507/2303
f 2508/2508/2304 2507/2507/2303 2499/2499/2295
f 2499/2499/2295 2498/2498/2294 2508/2508/2304
f 2507/2507/2303 2508/2508/2304 2509/2509/2305
f 2509/2509/2305 2510/2510/2306 2507/2507/2303
f 2511/2511/2307 2507/2507/2303 2510/2510/2306
f 2507/2507/2303 2511/2511/2307 2512/2512/2308
f 2512/2512/2308 2506/2506/2302 2507/2507/2303
f 2506/2506/2302 2512/2512/2308 2513/2513/2309
f 2513/2513/2309 2504/2504/2300 2506/2506/2302
f 2505/2505/2301 2504/2504/2300 2513/2513/2309
f 2513/2513/2309 2514/2514/2310 2505/2505/2301
f 2515/2515/2311 2514/2514/2310 2513/2513/2309
f 2513/2513/2309 2512/2512/2308 2515/2515/2311
f 2516/2516/2312 2514/2514/2310 2515/2515/2311
f 2517/2517/2313 2515/2515/2311 2512/2512/2308
f 2512/2512/2308 2518/2518/2314 2517/2517/2313
f 2518/2518/2314 2512/2512/2308 2511/2511/2307
f 2511/2511/2307 2510/2510/2306 2518/2518/2314
f 2519/2519/2315 2518/2518/2314 2510/2510/2306
f 2518/2518/2314 2519/2519/2315 2520/2520/2316
f 2520/2520/2316 2521/2521/2317 2518/2518/2314
f 2522/2522/2318 2518/2518/2314 2521/2521/2317
f 2517/2517/2313 2518/2518/2314 2522/2522/2318
f 2522/2522/2318 2523/2523/2319 2517/2517/2313
f 2515/2515/2311 2517/2517/2313 2523/2523/2319
f 2523/2523/2319 2516/2516/2312 2515/2515/2311
f 2524/2524/2320 2516/2516/2312 2523/2523/2319
f 2523/2523/2319 2525/2525/2321 2524/2524/2320
f 2526/2526/2322 2525/2525/2321 2523/2523/2319
f 2523/2523/2319 2522/2522/2318 2526/2526/2322
f 2521/2521/2317 2526/2526/2322 2522/2522/2318
f 2527/2527/2323 2526/2526/2322 2521/2521/2317
f 2521/2521/2317 2528/2528/2324 2527/2527/2323
f 2528/2528/2324 2521/2521/2317 2520/2520/2316
f 2527/2527/2323 2528/2528/2324 2529/2529/2325
f 2529/2529/2325 2530/2530/2326 2527/2527/2323
f 2531/2531/2327 2527/2527/2323 2530/2530/2326
f 2526/2526/2322 2527/2527/2323 2531/2531/2327
f 2531/2531/2327 2525/2525/2321 2526/2526/2322
f 2525/2525/2321 2531/2531/2327 2532/2532/2328
f 2532/2532/2328 2533/2533/2329 2525/2525/2321
f 2524/2524/2320 2525/2525/2321 2533/2533/2329
f 2534/2534/2330 2533/2533/2329 2532/2532/2328
f 2532/2532/2328 2535/2535/2331 2534/2534/2330
f 2535/2535/2331 2532/2532/2328 2531/2531/2327
f 2531/2531/2327 2536/2536/2332 2535/2535/2331
f 2536/2536/2332 2531/2531/2327 2530/2530/2326
f 2530/2530/2326 2537/2537/2333 2536/2536/2332
f 2538/2538/2334 2537/2537/2333 2530/2530/2326
f 2530/2530/2326 2529/2529/2325 2538/2538/2334
f 2537/2537/2333 2538/2538/2334 2539/2539/2335
f 2539/2539/2335 2540/2540/2336 2537/2537/2333
f 2536/2536/2332 2537/2537/2333 2540/2540/2336
f 2540/2540/2336 2541/2541/2337 2536/2536/2332
f 2542/2542/2338 2536/2536/2332 2541/2541/2337
f 2535/2535/2331 2536/2536/2332 2542/2542/2338
f 2542/2542/2338 2543/2543/2339 2535/2535/2331
f 2544/2544/2340 2535/2535/2331 2543/2543/2339
f 2534/2534/2330 2535/2535/2331 2544/2544/2340
f 2545/2545/2341 2543/2543/2339 2542/2542/2338
f 2542/2542/2338 2546/2546/2342 2545/2545/2341
f 2546/2546/2342 2542/2542/2338 2541/2541/2337
f 2541/2541/2337 2547/2547/2343 2546/2546/2342
f 2547/2547/2343 2541/2541/2337 2540/2540/2336
f 2540/2540/2336 2548/2548/2344 2547/2547/2343
f 2548/2548/2344 2540/2540/2336 2539/2539/2335
f 2539/2539/2335 2549/2549/2345 2548/2548/2344
f 2550/2550/2346 2548/2548/2344 2549/2549/2345
f 2547/2547/2343 2548/2548/2344 2550/2550/2346
f 2550/2550/2346 2549/2549/2345 2551/2551/2305
f 2551/2551/2305 2552/2552/2306 2550/2550/2346
f 2553/2553/2307 2550/2550/2346 2552/2552/2306
f 2550/2550/2346 2553/2553/2307 2554/2554/2308
f 2554/2554/2308 2555/2555/2347 2550/2550/2346
f 2547/2547/2343 2550/2550/2346 2555/2555/2347
f 2555/2555/2347 2556/2556/2348 2547/2547/2343
f 2546/2546/2342 2547/2547/2343 2556/2556/2348
f 2556/2556/2348 2545/2545/2341 2546/2546/2342
f 2557/2557/2301 2545/2545/2341 2556/2556/2348
f 2556/2556/2348 2558/2558/2349 2557/2557/2301
f 2558/2558/2349 2556/2556/2348 2555/2555/2347
f 2555/2555/2347 2554/2554/2308 2558/2558/2349
f 2559/2559/2350 2558/2558/2349 2554/2554/2308
f 2558/2558/2349 2559/2559/2350 2560/2560/2310
f 2560/2560/2310 2557/2557/2301 2558/2558/2349
f 2561/2561/2312 2560/2560/2310 2559/2559/2350
f 2559/2559/2350 2562/2562/2351 2561/2561/2312
f 2563/2563/2352 2562/2562/2351 2559/2559/2350
f 2559/2559/2350 2554/2554/2308 2563/2563/2352
f 2564/2564/2314 2563/2563/2352 2554/2554/2308
f 2554/2554/2308 2553/2553/2307 2564/2564/2314
f 2552/2552/2306 2564/2564/2314 2553/2553/2307
f 2564/2564/2314 2552/2552/2306 2565/2565/2315
f 2565/2565/2315 2566/2566/2316 2564/2564/2314
f 2567/2567/2317 2564/2564/2314 2566/2566/2316
f 2564/2564/2314 2567/2567/2317 2568/2568/2318
f 2568/2568/2318 2563/2563/2352 2564/2564/2314
f 2562/2562/2351 2563/2563/2352 2568/2568/2318
f 2568/2568/2318 2569/2569/2353 2562/2562/2351
f 2567/2567/2317 2569/2569/2353 2568/2568/2318
f 2562/2562/2351 2569/2569/2353 2570/2570/2354
f 2570/2570/2354 2571/2571/2320 2562/2562/2351
f 2561/2561/2312 2562/2562/2351 2571/2571/2320
f 2572/2572/2329 2571/2571/2320 2570/2570/2354
f 2570/2570/2354 2573/2573/2355 2572/2572/2329
f 2574/2574/2356 2573/2573/2355 2570/2570/2354
f 2570/2570/2354 2569/2569/2353 2574/2574/2356
f 2575/2575/2357 2574/2574/2356 2569/2569/2353
f 2569/2569/2353 2567/2567/2317 2575/2575/2357
f 2576/2576/2324 2575/2575/2357 2567/2567/2317
f 2567/2567/2317 2566/2566/2316 2576/2576/2324
f 2575/2575/2357 2576/2576/2324 2577/2577/2358
f 2577/2577/2358 2578/2578/2359 2575/2575/2357
f 2574/2574/2356 2575/2575/2357 2578/2578/2359
f 2579/2579/2334 2578/2578/2359 2577/2577/2358
f 2574/2574/2356 2578/2578/2359 2580/2580/2360
f 2580/2580/2360 2581/2581/2361 2574/2574/2356
f 2573/2573/2355 2574/2574/2356 2581/2581/2361
f 2581/2581/2361 2582/2582/2330 2573/2573/2355
f 2572/2572/2329 2573/2573/2355 2582/2582/2330
f 2583/2583/2340 2582/2582/2330 2581/2581/2361
f 2581/2581/2361 2584/2584/2362 2583/2583/2340
f 2585/2585/2363 2584/2584/2362 2581/2581/2361
f 2581/2581/2361 2580/2580/2360 2585/2585/2363
f 2586/2586/2364 2584/2584/2362 2585/2585/2363
f 2585/2585/2363 2580/2580/2360 2587/2587/2365
f 2587/2587/2365 2588/2588/2366 2585/2585/2363
f 2586/2586/2364 2585/2585/2363 2588/2588/2366
f 2589/2589/2367 2588/2588/2366 2587/2587/2365
f 2587/2587/2365 2590/2590/2368 2589/2589/2367
f 2590/2590/2368 2587/2587/2365 2580/2580/2360
f 2580/2580/2360 2591/2591/2369 2590/2590/2368
f 2591/2591/2369 2580/2580/2360 2578/2578/2359
f 2578/2578/2359 2579/2579/2334 2591/2591/2369
f 2592/2592/2370 2591/2591/2369 2579/2579/2334
f 2590/2590/2368 2591/2591/2369 2592/2592/2370
f 2592/2592/2370 2593/2593/2371 2590/2590/2368
f 2594/2594/2372 2590/2590/2368 2593/2593/2371
f 2589/2589/2367 2590/2590/2368 2594/2594/2372
f 2594/2594/2372 2595/2595/2373 2589/2589/2367
f 2588/2588/2366 2589/2589/2367 2595/2595/2373
f 2595/2595/2373 2596/2596/2374 2588/2588/2366
f 2586/2586/2364 2588/2588/2366 2596/2596/2374
f 2596/2596/2374 2597/2597/2375 2586/2586/2364
f 2598/2598/2376 2597/2597/2375 2596/2596/2374
f 2596/2596/2374 2595/2595/2373 2598/2598/2376
f 2599/2599/2377 2597/2597/2375 2598/2598/2376
f 2600/2600/2378 2598/2598/2376 2595/2595/2373
f 2595/2595/2373 2601/2601/2379 2600/2600/2378
f 2601/2601/2379 2595/2595/2373 2594/2594/2372
f 2594/2594/2372 2602/2602/2380 2601/2601/2379
f 2602/2602/2380 2594/2594/2372 2593/2593/2371
f 2601/2601/2379 2602/2602/2380 2603/2603/2381
f 2603/2603/2381 2604/2604/2382 2601/2601/2379
f 2600/2600/2378 2601/2601/2379 2604/2604/2382
f 2604/2604/2382 2605/2605/2383 2600/2600/2378
f 2598/2598/2376 2600/2600/2378 2605/2605/2383
f 2605/2605/2383 2606/2606/2384 2598/2598/2376
f 2599/2599/2377 2598/2598/2376 2606/2606/2384
f 2606/2606/2384 2607/2607/2385 2599/2599/2377
f 2608/2608/2386 2607/2607/2385 2606/2606/2384
f 2606/2606/2384 2609/2609/2387 2608/2608/2386
f 2605/2605/2383 2609/2609/2387 2606/2606/2384
f 2610/2610/2388 2608/2608/2386 2609/2609/2387
f 2609/2609/2387 2605/2605/2383 2611/2611/2389
f 2611/2611/2389 2612/2612/2390 2609/2609/2387
f 2610/2610/2388 2609/2609/2387 2612/2612/2390
f 2613/2613/2391 2612/2612/2390 2611/2611/2389
f 2611/2611/2389 2614/2614/2392 2613/2613/2391
f 2614/2614/2392 2611/2611/2389 2605/2605/2383
f 2605/2605/2383 2615/2615/2393 2614/2614/2392
f 2615/2615/2393 2605/2605/2383 2604/2604/2382
f 2604/2604/2382 2603/2603/2381 2615/2615/2393
f 2616/2616/2394 2615/2615/2393 2603/2603/2381
f 2615/2615/2393 2616/2616/2394 2617/2617/2395
f 2617/2617/2395 2614/2614/2392 2615/2615/2393
f 2614/2614/2392 2617/2617/2395 2618/2618/2396
f 2618/2618/2396 2619/2619/2397 2614/2614/2392
f 2613/2613/2391 2614/2614/2392 2619/2619/2397
f 2619/2619/2397 2620/2620/2398 2613/2613/2391
f 2612/2612/2390 2613/2613/2391 2620/2620/2398
f 2620/2620/2398 2621/2621/2399 2612/2612/2390
f 2610/2610/2388 2612/2612/2390 2621/2621/2399
f 2621/2621/2399 2622/2622/2400 2610/2610/2388
f 2623/2623/2401 2622/2622/2400 2621/2621/2399
f 2621/2621/2399 2620/2620/2398 2623/2623/2401
f 2624/2624/2402 2622/2622/2400 2623/2623/2401
f 2623/2623/2401 2625/2625/2403 2624/2624/2402
f 2626/2626/2404 2624/2624/2402 2625/2625/2403
f 2627/2627/2405 2625/2625/2403 2623/2623/2401
f 2623/2623/2401 2628/2628/2406 2627/2627/2405
f 2620/2620/2398 2628/2628/2406 2623/2623/2401
f 2629/2629/2407 2627/2627/2405 2628/2628/2406
f 2628/2628/2406 2620/2620/2398 2629/2629/2407
f 2630/2630/2408 2629/2629/2407 2620/2620/2398
f 2620/2620/2398 2619/2619/2397 2630/2630/2408
f 2631/2631/2409 2630/2630/2408 2619/2619/2397
f 2619/2619/2397 2618/2618/2396 2631/2631/2409
f 2629/2629/2407 2630/2630/2408 2631/2631/2409
f 2631/2631/2409 2632/2632/2410 2629/2629/2407
f 2633/2633/2411 2629/2629/2407 2632/2632/2410
f 2629/2629/2407 2633/2633/2411 2634/2634/2412
f 2634/2634/2412 2627/2627/2405 2629/2629/2407
f 2635/2635/2413 2627/2627/2405 2634/2634/2412
f 2634/2634/2412 2633/2633/2411 2635/2635/2413
f 2636/2636/2414 2635/2635/2413 2633/2633/2411
f 2637/2637/2415 2635/2635/2413 2636/2636/2414
f 2636/2636/2414 2638/2638/2416 2637/2637/2415
f 2639/2639/2417 2637/2637/2415 2638/2638/2416
f 2637/2637/2415 2639/2639/2417 2640/2640/2418
f 2640/2640/2418 2641/2641/2419 2637/2637/2415
f 2642/2642/2420 2637/2637/2415 2641/2641/2419
f 2635/2635/2413 2637/2637/2415 2642/2642/2420
f 2642/2642/2420 2643/2643/2421 2635/2635/2413
f 2627/2627/2405 2635/2635/2413 2643/2643/2421
f 2643/2643/2421 2644/2644/2422 2627/2627/2405
f 2625/2625/2403 2627/2627/2405 2644/2644/2422
f 2644/2644/2422 2626/2626/2404 2625/2625/2403
f 2645/2645/2423 2626/2626/2404 2644/2644/2422
f 2644/2644/2422 2646/2646/2424 2645/2645/2423
f 2647/2647/2425 2646/2646/2424 2644/2644/2422
f 2644/2644/2422 2643/2643/2421 2647/2647/2425
f 2642/2642/2420 2647/2647/2425 2643/2643/2421
f 2647/2647/2425 2642/2642/2420 2641/2641/2419
f 2641/2641/2419 2648/2648/2426 2647/2647/2425
f 2646/2646/2424 2647/2647/2425 2648/2648/2426
f 2648/2648/2426 2649/2649/2427 2646/2646/2424
f 2650/2650/2428 2652/2651/2429 2651/2652/2430
f 2651/2652/2430 2653/2653/2431 2650/2650/2428
f 2654/2654/2432 2650/2650/2428 2653/2653/2431
f 2653/2653/2431 2655/2655/2433 2654/2654/2432
f 2656/2656/2434 2655/2655/2433 2653/2653/2431
f 2653/2653/2431 2651/2652/2430 2656/2656/2434
f 2657/2657/2435 2656/2656/2434 2651/2652/2430
f 2656/2656/2434 2657/2657/2435 2658/2658/2436
f 2658/2658/2436 2659/2659/2437 2656/2656/2434
f 2660/2660/2438 2659/2659/2437 2658/2658/2436
f 2656/2656/2434 2659/2659/2437 2661/2661/2439
f 2661/2661/2439 2662/2662/2440 2656/2656/2434
f 2655/2655/2433 2656/2656/2434 2662/2662/2440
f 2662/2662/2440 2663/2663/2441 2655/2655/2433
f 2664/2664/2442 2655/2655/2433 2663/2663/2441
f 2654/2654/2432 2655/2655/2433 2664/2664/2442
f 2664/2664/2442 2665/2665/2443 2654/2654/2432
f 2666/2666/2444 2665/2665/2443 2664/2664/2442
f 2664/2664/2442 2667/2667/2445 2666/2666/2444
f 2667/2667/2445 2664/2664/2442 2663/2663/2441
f 2663/2663/2441 2668/2668/2446 2667/2667/2445
f 2669/2669/2447 2668/2668/2446 2663/2663/2441
f 2663/2663/2441 2670/2670/2448 2669/2669/2447
f 2670/2670/2448 2663/2663/2441 2662/2662/2440
f 2662/2662/2440 2661/2661/2439 2670/2670/2448
f 2671/2671/2449 2670/2670/2448 2661/2661/2439
f 2669/2669/2447 2670/2670/2448 2671/2671/2449
f 2672/2672/2450 2671/2671/2449 2661/2661/2439
f 2661/2661/2439 2659/2659/2437 2672/2672/2450
f 2673/2673/2451 2672/2672/2450 2659/2659/2437
f 2659/2659/2437 2660/2660/2438 2673/2673/2451
f 2674/2674/2452 2673/2673/2451 2660/2660/2438
f 2673/2673/2451 2674/2674/2452 2675/2675/2453
f 2675/2675/2453 2676/2676/2454 2673/2673/2451
f 2672/2672/2450 2673/2673/2451 2676/2676/2454
f 2676/2676/2454 2671/2671/2449 2672/2672/2450
f 2671/2671/2449 2676/2676/2454 2677/2677/2455
f 2677/2677/2455 2678/2678/2456 2671/2671/2449
f 2679/2679/2457 2671/2671/2449 2678/2678/2456
f 2669/2669/2447 2671/2671/2449 2679/2679/2457
f 2678/2678/2456 2677/2677/2455 2680/2680/2458
f 2680/2680/2458 2681/2681/2459 2678/2678/2456
f 2680/2680/2458 2677/2677/2455 2676/2676/2454
f 2676/2676/2454 2682/2682/2460 2680/2680/2458
f 2683/2683/2461 2682/2682/2460 2676/2676/2454
f 2676/2676/2454 2675/2675/2453 2683/2683/2461
f 2684/2684/2462 2683/2683/2461 2675/2675/2453
f 2675/2675/2453 2674/2674/2452 2684/2684/2462
f 2683/2683/2461 2684/2684/2462 2685/2685/2463
f 2685/2685/2463 2686/2686/2464 2683/2683/2461
f 2682/2682/2460 2683/2683/2461 2686/2686/2464
f 2686/2686/2464 2687/2687/2465 2682/2682/2460
f 2680/2680/2458 2682/2682/2460 2687/2687/2465
f 2687/2687/2465 2681/2681/2459 2680/2680/2458
f 2688/2688/2466 2681/2681/2459 2687/2687/2465
f 2687/2687/2465 2689/2689/2467 2688/2688/2466
f 2690/2690/2468 2689/2689/2467 2687/2687/2465
f 2687/2687/2465 2686/2686/2464 2690/2690/2468
f 2685/2685/2463 2690/2690/2468 2686/2686/2464
f 2691/2691/2469 2690/2690/2468 2685/2685/2463
f 2685/2685/2463 2692/2692/2470 2691/2691/2469
f 2684/2684/2462 2692/2692/2470 2685/2685/2463
f 2691/2691/2469 2692/2692/2470 2693/2693/2471
f 2693/2693/2471 2694/2694/2472 2691/2691/2469
f 2695/2695/2473 2691/2691/2469 2694/2694/2472
f 2691/2691/2469 2695/2695/2473 2696/2696/2474
f 2696/2696/2474 2690/2690/2468 2691/2691/2469
f 2690/2690/2468 2696/2696/2474 2697/2697/2475
f 2697/2697/2475 2689/2689/2467 2690/2690/2468
f 2689/2689/2467 2697/2697/2475 2698/2698/2476
f 2698/2698/2476 2688/2688/2466 2689/2689/2467
f 2699/2699/2477 2698/2698/2476 2697/2697/2475
f 2697/2697/2475 2700/2700/2478 2699/2699/2477
f 2696/2696/2474 2700/2700/2478 2697/2697/2475
f 2701/2701/2479 2699/2699/2477 2700/2700/2478
f 2700/2700/2478 2702/2702/2480 2701/2701/2479
f 2703/2703/2481 2702/2702/2480 2700/2700/2478
f 2700/2700/2478 2704/2704/2482 2703/2703/2481
f 2704/2704/2482 2700/2700/2478 2696/2696/2474
f 2696/2696/2474 2705/2705/2483 2704/2704/2482
f 2705/2705/2483 2696/2696/2474 2695/2695/2473
f 2695/2695/2473 2706/2706/2484 2705/2705/2483
f 2706/2706/2484 2695/2695/2473 2694/2694/2472
f 2705/2705/2483 2706/2706/2484 2707/2707/2485
f 2707/2707/2485 2708/2708/2486 2705/2705/2483
f 2709/2709/2487 2705/2705/2483 2708/2708/2486
f 2704/2704/2482 2705/2705/2483 2709/2709/2487
f 2709/2709/2487 2703/2703/2481 2704/2704/2482
f 2703/2703/2481 2709/2709/2487 2710/2710/2488
f 2710/2710/2488 2711/2711/2489 2703/2703/2481
f 2702/2702/2480 2703/2703/2481 2711/2711/2489
f 2712/2712/2490 2711/2711/2489 2710/2710/2488
f 2710/2710/2488 2713/2713/2491 2712/2712/2490
f 2713/2713/2491 2710/2710/2488 2709/2709/2487
f 2709/2709/2487 2714/2714/2492 2713/2713/2491
f 2714/2714/2492 2709/2709/2487 2708/2708/2486
f 2708/2708/2486 2715/2715/2493 2714/2714/2492
f 2715/2715/2493 2708/2708/2486 2707/2707/2485
f 2714/2714/2492 2715/2715/2493 2716/2716/2494
f 2716/2716/2494 2717/2717/2495 2714/2714/2492
f 2713/2713/2491 2714/2714/2492 2717/2717/2495
f 2717/2717/2495 2712/2712/2490 2713/2713/2491
f 2718/2718/2496 2712/2712/2490 2717/2717/2495
f 2717/2717/2495 2716/2716/2494 2718/2718/2496
f 2712/2712/2490 2718/2718/2496 2719/2719/2497
f 2719/2719/2497 2720/2720/2498 2712/2712/2490
f 2711/2711/2489 2712/2712/2490 2720/2720/2498
f 2721/2721/2499 2720/2720/2498 2719/2719/2497
f 2719/2719/2497 2722/2722/2500 2721/2721/2499
f 2718/2718/2496 2722/2722/2500 2719/2719/2497
f 2723/2723/2501 2721/2721/2499 2722/2722/2500
f 2722/2722/2500 2724/2724/2502 2723/2723/2501
f 2725/2725/2503 2724/2724/2502 2722/2722/2500
f 2722/2722/2500 2726/2726/2504 2725/2725/2503
f 2727/2727/2505 2726/2726/2504 2722/2722/2500
f 2722/2722/2500 2718/2718/2496 2727/2727/2505
f 2728/2728/2506 2727/2727/2505 2718/2718/2496
f 2726/2726/2504 2727/2727/2505 2728/2728/2506
f 2729/2729/2507 2728/2728/2506 2718/2718/2496
f 2718/2718/2496 2716/2716/2494 2729/2729/2507
f 2730/2730/2508 2729/2729/2507 2716/2716/2494
f 2716/2716/2494 2715/2715/2493 2730/2730/2508
f 2729/2729/2507 2730/2730/2508 2731/2731/2509
f 2731/2731/2509 2732/2732/2510 2729/2729/2507
f 2728/2728/2506 2729/2729/2507 2732/2732/2510
f 2732/2732/2510 2733/2733/2511 2728/2728/2506
f 2734/2734/2512 2728/2728/2506 2733/2733/2511
f 2726/2726/2504 2728/2728/2506 2734/2734/2512
f 2735/2735/2462 2734/2734/2512 2733/2733/2511
f 2736/2736/2513 2726/2726/2504 2734/2734/2512
f 2734/2734/2512 2735/2735/2462 2736/2736/2513
f 2726/2726/2504 2736/2736/2513 2737/2737/2514
f 2737/2737/2514 2738/2738/2515 2726/2726/2504
f 2725/2725/2503 2726/2726/2504 2738/2738/2515
f 2738/2738/2515 2724/2724/2502 2725/2725/2503
f 2739/2739/2459 2724/2724/2502 2738/2738/2515
f 2738/2738/2515 2740/2740/2516 2739/2739/2459
f 2740/2740/2516 2738/2738/2515 2737/2737/2514
f 2737/2737/2514 2741/2741/2517 2740/2740/2516
f 2741/2741/2517 2737/2737/2514 2736/2736/2513
f 2736/2736/2513 2742/2742/2518 2741/2741/2517
f 2742/2742/2518 2736/2736/2513 2735/2735/2462
f 2735/2735/2462 2743/2743/2470 2742/2742/2518
f 2744/2744/2519 2742/2742/2518 2743/2743/2470
f 2742/2742/2518 2744/2744/2519 2745/2745/2520
f 2745/2745/2520 2741/2741/2517 2742/2742/2518
f 2740/2740/2516 2741/2741/2517 2745/2745/2520
f 2745/2745/2520 2746/2746/2521 2740/2740/2516
f 2747/2747/2522 2740/2740/2516 2746/2746/2521
f 2739/2739/2459 2740/2740/2516 2747/2747/2522
f 2748/2748/2476 2747/2747/2522 2746/2746/2521
f 2746/2746/2521 2749/2749/2523 2748/2748/2476
f 2749/2749/2523 2746/2746/2521 2745/2745/2520
f 2745/2745/2520 2750/2750/2524 2749/2749/2523
f 2744/2744/2519 2750/2750/2524 2745/2745/2520
f 2749/2749/2523 2750/2750/2524 2751/2751/2525
f 2751/2751/2525 2752/2752/2477 2749/2749/2523
f 2748/2748/2476 2749/2749/2523 2752/2752/2477
f 2753/2753/2479 2752/2752/2477 2751/2751/2525
f 2751/2751/2525 2754/2754/2480 2753/2753/2479
f 2755/2755/2481 2754/2754/2480 2751/2751/2525
f 2751/2751/2525 2756/2756/2482 2755/2755/2481
f 2756/2756/2482 2751/2751/2525 2750/2750/2524
f 2750/2750/2524 2757/2757/2483 2756/2756/2482
f 2758/2758/2526 2757/2757/2483 2750/2750/2524
f 2750/2750/2524 2744/2744/2519 2758/2758/2526
f 2759/2759/2472 2758/2758/2526 2744/2744/2519
f 2744/2744/2519 2760/2760/2471 2759/2759/2472
f 2743/2743/2470 2760/2760/2471 2744/2744/2519
f 2758/2758/2526 2759/2759/2472 2761/2761/2484
f 2761/2761/2484 2757/2757/2483 2758/2758/2526
f 2757/2757/2483 2761/2761/2484 2762/2762/2485
f 2762/2762/2485 2763/2763/2486 2757/2757/2483
f 2764/2764/2487 2757/2757/2483 2763/2763/2486
f 2756/2756/2482 2757/2757/2483 2764/2764/2487
f 2764/2764/2487 2755/2755/2481 2756/2756/2482
f 2755/2755/2481 2764/2764/2487 2765/2765/2488
f 2765/2765/2488 2766/2766/2527 2755/2755/2481
f 2754/2754/2480 2755/2755/2481 2766/2766/2527
f 2767/2767/2490 2766/2766/2527 2765/2765/2488
f 2765/2765/2488 2768/2768/2491 2767/2767/2490
f 2768/2768/2491 2765/2765/2488 2764/2764/2487
f 2764/2764/2487 2769/2769/2492 2768/2768/2491
f 2769/2769/2492 2764/2764/2487 2763/2763/2486
f 2763/2763/2486 2770/2770/2493 2769/2769/2492
f 2770/2770/2493 2763/2763/2486 2762/2762/2485
f 2769/2769/2492 2770/2770/2493 2771/2771/2494
f 2771/2771/2494 2772/2772/2495 2769/2769/2492
f 2768/2768/2491 2769/2769/2492 2772/2772/2495
f 2772/2772/2495 2767/2767/2490 2768/2768/2491
f 2773/2773/2496 2767/2767/2490 2772/2772/2495
f 2772/2772/2495 2771/2771/2494 2773/2773/2496
f 2767/2767/2490 2773/2773/2496 2774/2774/2497
f 2774/2774/2497 2775/2775/2498 2767/2767/2490
f 2766/2766/2527 2767/2767/2490 2775/2775/2498
f 2776/2776/2499 2775/2775/2498 2774/2774/2497
f 2774/2774/2497 2777/2777/2528 2776/2776/2499
f 2773/2773/2496 2777/2777/2528 2774/2774/2497
f 2778/2778/2529 2776/2776/2499 2777/2777/2528
f 2777/2777/2528 2773/2773/2496 2779/2779/2530
f 2779/2779/2530 2780/2780/2531 2777/2777/2528
f 2778/2778/2529 2777/2777/2528 2780/2780/2531
f 2780/2780/2531 2781/2781/2532 2778/2778/2529
f 2782/2782/2533 2781/2781/2532 2780/2780/2531
f 2780/2780/2531 2783/2783/2534 2782/2782/2533
f 2783/2783/2534 2780/2780/2531 2779/2779/2530
f 2779/2779/2530 2784/2784/2535 2783/2783/2534
f 2784/2784/2535 2779/2779/2530 2773/2773/2496
f 2773/2773/2496 2785/2785/2507 2784/2784/2535
f 2785/2785/2507 2773/2773/2496 2771/2771/2494
f 2771/2771/2494 2786/2786/2508 2785/2785/2507
f 2770/2770/2493 2786/2786/2508 2771/2771/2494
f 2785/2785/2507 2786/2786/2508 2787/2787/2509
f 2787/2787/2509 2788/2788/2536 2785/2785/2507
f 2784/2784/2535 2785/2785/2507 2788/2788/2536
f 2788/2788/2536 2789/2789/2537 2784/2784/2535
f 2790/2790/2538 2784/2784/2535 2789/2789/2537
f 2783/2783/2534 2784/2784/2535 2790/2790/2538
f 2790/2790/2538 2789/2789/2537 2791/2791/2539
f 2791/2791/2539 2792/2792/2540 2790/2790/2538
f 2783/2783/2534 2790/2790/2538 2792/2792/2540
f 2792/2792/2540 2793/2793/2541 2783/2783/2534
f 2782/2782/2533 2783/2783/2534 2793/2793/2541
f 2793/2793/2541 2794/2794/2542 2782/2782/2533
f 2795/2795/2543 2782/2782/2533 2794/2794/2542
f 2781/2781/2532 2782/2782/2533 2795/2795/2543
f 2796/2796/2544 2795/2795/2543 2794/2794/2542
f 2794/2794/2542 2797/2797/2545 2796/2796/2544
f 2798/2798/2546 2797/2797/2545 2794/2794/2542
f 2794/2794/2542 2793/2793/2541 2798/2798/2546
f 2799/2799/2547 2798/2798/2546 2793/2793/2541
f 2793/2793/2541 2792/2792/2540 2799/2799/2547
f 2800/2800/2548 2799/2799/2547 2792/2792/2540
f 2792/2792/2540 2791/2791/2539 2800/2800/2548
f 2799/2799/2547 2800/2800/2548 2801/2801/2549
f 2801/2801/2549 2802/2802/2550 2799/2799/2547
f 2798/2798/2546 2799/2799/2547 2802/2802/2550
f 2802/2802/2550 2797/2797/2545 2798/2798/2546
f 2803/2803/2551 2797/2797/2545 2802/2802/2550
f 2802/2802/2550 2801/2801/2549 2803/2803/2551
f 2797/2797/2545 2803/2803/2551 2804/2804/2552
f 2804/2804/2552 2805/2805/2553 2797/2797/2545
f 2796/2796/2544 2797/2797/2545 2805/2805/2553
f 2806/2806/2554 2805/2805/2553 2804/2804/2552
f 2804/2804/2552 2807/2807/2555 2806/2806/2554
f 2803/2803/2551 2807/2807/2555 2804/2804/2552
f 2808/2808/2556 2806/2806/2554 2807/2807/2555
f 2807/2807/2555 2809/2809/2557 2808/2808/2556
f 2810/2810/2558 2809/2809/2557 2807/2807/2555
f 2807/2807/2555 2811/2811/2559 2810/2810/2558
f 2812/2812/2560 2811/2811/2559 2807/2807/2555
f 2807/2807/2555 2803/2803/2551 2812/2812/2560
f 2813/2813/2561 2812/2812/2560 2803/2803/2551
f 2803/2803/2551 2801/2801/2549 2813/2813/2561
f 2814/2814/2562 2813/2813/2561 2801/2801/2549
f 2801/2801/2549 2800/2800/2548 2814/2814/2562
f 2813/2813/2561 2814/2814/2562 2815/2815/2563
f 2815/2815/2563 2816/2816/2564 2813/2813/2561
f 2817/2817/2565 2813/2813/2561 2816/2816/2564
f 2812/2812/2560 2813/2813/2561 2817/2817/2565
f 2817/2817/2565 2811/2811/2559 2812/2812/2560
f 2818/2818/2566 2811/2811/2559 2817/2817/2565
f 2817/2817/2565 2819/2819/2567 2818/2818/2566
f 2819/2819/2567 2817/2817/2565 2816/2816/2564
f 2818/2818/2566 2819/2819/2567 2820/2820/2568
f 2820/2820/2568 2821/2821/2569 2818/2818/2566
f 2811/2811/2559 2818/2818/2566 2821/2821/2569
f 2821/2821/2569 2822/2822/2570 2811/2811/2559
f 2810/2810/2558 2811/2811/2559 2822/2822/2570
f 2822/2822/2570 2809/2809/2557 2810/2810/2558
f 2823/2823/2571 2809/2809/2557 2822/2822/2570
f 2822/2822/2570 2824/2824/2572 2823/2823/2571
f 2825/2825/2573 2824/2824/2572 2822/2822/2570
f 2822/2822/2570 2826/2826/2574 2825/2825/2573
f 2826/2826/2574 2822/2822/2570 2821/2821/2569
f 2821/2821/2569 2820/2820/2568 2826/2826/2574
f 2827/2827/2575 2826/2826/2574 2820/2820/2568
f 2820/2820/2568 2828/2828/2576 2827/2827/2575
f 2829/2829/2577 2828/2828/2576 2820/2820/2568
f 2820/2820/2568 2819/2819/2567 2829/2829/2577
f 2830/2830/2578 2827/2827/2575 2828/2828/2576
f 2828/2828/2576 2831/2831/2579 2830/2830/2578
f 2826/2826/2574 2827/2827/2575 2830/2830/2578
f 2830/2830/2578 2832/2832/2580 2826/2826/2574
f 2833/2833/2581 2826/2826/2574 2832/2832/2580
f 2825/2825/2573 2826/2826/2574 2833/2833/2581
f 2833/2833/2581 2824/2824/2572 2825/2825/2573
f 2834/2834/2582 2824/2824/2572 2833/2833/2581
f 2833/2833/2581 2835/2835/2583 2834/2834/2582
f 2835/2835/2583 2833/2833/2581 2832/2832/2580
f 2832/2832/2580 2836/2836/2584 2835/2835/2583
f 2836/2836/2584 2832/2832/2580 2830/2830/2578
f 2830/2830/2578 2837/2837/2585 2836/2836/2584
f 2837/2837/2585 2830/2830/2578 2831/2831/2579
f 2831/2831/2579 2838/2838/2586 2837/2837/2585
f 2839/2839/2587 2837/2837/2585 2838/2838/2586
f 2837/2837/2585 2839/2839/2587 2840/2840/2588
f 2840/2840/2588 2841/2841/2589 2837/2837/2585
f 2836/2836/2584 2837/2837/2585 2841/2841/2589
f 2841/2841/2589 2842/2842/2590 2836/2836/2584
f 2835/2835/2583 2836/2836/2584 2842/2842/2590
f 2842/2842/2590 2843/2843/2591 2835/2835/2583
f 2834/2834/2582 2835/2835/2583 2843/2843/2591
f 2843/2843/2591 2842/2842/2590 2844/2844/2592
f 2845/2845/2593 2847/2846/2594 2846/2847/2595
f 2846/2847/2595 2848/2848/2596 2845/2845/2593
f 2849/2849/2597 2848/2848/2596 2846/2847/2595
f 2850/2850/2598 2845/2845/2593 2848/2848/2596
f 2848/2848/2596 2851/2851/2599 2850/2850/2598
f 2851/2851/2599 2848/2848/2596 2849/2849/2597
f 2849/2849/2597 2852/2852/2600 2851/2851/2599
f 2852/2852/2600 2849/2849/2597 2853/2853/2601
f 2851/2851/2599 2852/2852/2600 2854/2854/2602
f 2854/2854/2602 2855/2855/2603 2851/2851/2599
f 2850/2850/2598 2851/2851/2599 2855/2855/2603
f 2855/2855/2603 2854/2854/2602 2856/2856/2604
f 2856/2856/2604 2850/2850/2598 2855/2855/2603
f 2850/2850/2598 2856/2856/2604 2857/2857/2605
f 2857/2857/2605 2858/2858/2606 2850/2850/2598
f 2845/2845/2593 2850/2850/2598 2858/2858/2606
f 2859/2859/2607 2858/2858/2606 2857/2857/2605
f 2857/2857/2605 2860/2860/2608 2859/2859/2607
f 2861/2861/2609 2860/2860/2608 2857/2857/2605
f 2857/2857/2605 2856/2856/2604 2861/2861/2609
f 2862/2862/2610 2861/2861/2609 2856/2856/2604
f 2856/2856/2604 2863/2863/2611 2862/2862/2610
f 2864/2864/2612 2863/2863/2611 2856/2856/2604
f 2856/2856/2604 2854/2854/2602 2864/2864/2612
f 2865/2865/2613 2863/2863/2611 2864/2864/2612
f 2864/2864/2612 2854/2854/2602 2865/2865/2613
f 2866/2866/2614 2865/2865/2613 2854/2854/2602
f 2854/2854/2602 2852/2852/2600 2866/2866/2614
f 2867/2867/2615 2866/2866/2614 2852/2852/2600
f 2852/2852/2600 2853/2853/2601 2867/2867/2615
f 2868/2868/2616 2867/2867/2615 2853/2853/2601
f 2867/2867/2615 2868/2868/2616 2869/2869/2617
f 2869/2869/2617 2870/2870/2618 2867/2867/2615
f 2871/2871/2619 2867/2867/2615 2870/2870/2618
f 2866/2866/2614 2867/2867/2615 2871/2871/2619
f 2871/2871/2619 2865/2865/2613 2866/2866/2614
f 2872/2872/2620 2865/2865/2613 2871/2871/2619
f 2871/2871/2619 2873/2873/2621 2872/2872/2620
f 2873/2873/2621 2871/2871/2619 2870/2870/2618
f 2870/2870/2618 2874/2874/2622 2873/2873/2621
f 2874/2874/2622 2870/2870/2618 2869/2869/2617
f 2869/2869/2617 2875/2875/2623 2874/2874/2622
f 2876/2876/2624 2874/2874/2622 2875/2875/2623
f 2874/2874/2622 2876/2876/2624 2877/2877/2625
f 2877/2877/2625 2878/2878/2626 2874/2874/2622
f 2873/2873/2621 2874/2874/2622 2878/2878/2626
f 2878/2878/2626 2879/2879/2627 2873/2873/2621
f 2872/2872/2620 2873/2873/2621 2879/2879/2627
f 2879/2879/2627 2880/2880/2628 2872/2872/2620
f 2865/2865/2613 2872/2872/2620 2880/2880/2628
f 2880/2880/2628 2881/2881/2629 2865/2865/2613
f 2863/2863/2611 2865/2865/2613 2881/2881/2629
f 2882/2882/2629 2880/2880/2628 2879/2879/2627
f 2879/2879/2627 2883/2883/2630 2882/2882/2629
f 2884/2884/2631 2883/2883/2630 2879/2879/2627
f 2879/2879/2627 2878/2878/2626 2884/2884/2631
f 2885/2885/2632 2884/2884/2631 2878/2878/2626
f 2878/2878/2626 2877/2877/2625 2885/2885/2632
f 2886/2886/2633 2885/2885/2632 2877/2877/2625
f 2877/2877/2625 2876/2876/2624 2886/2886/2633
f 2887/2887/2634 2886/2886/2633 2876/2876/2624
f 2886/2886/2633 2887/2887/2634 2888/2888/2635
f 2888/2888/2635 2885/2885/2632 2886/2886/2633
f 2888/2888/2635 2887/2887/2634 2889/2889/2636
f 2885/2885/2632 2888/2888/2635 2890/2890/2637
f 2890/2890/2637 2891/2891/2638 2885/2885/2632
f 2884/2884/2631 2885/2885/2632 2891/2891/2638
f 2891/2891/2638 2892/2892/2630 2884/2884/2631
f 2883/2883/2630 2884/2884/2631 2892/2892/2630
f 2893/2893/2639 2892/2892/2630 2891/2891/2638
f 2891/2891/2638 2890/2890/2637 2893/2893/2639
f 2894/2894/2640 2892/2892/2630 2893/2893/2639
f 2895/2895/2641 2893/2893/2639 2890/2890/2637
f 2890/2890/2637 2896/2896/2642 2895/2895/2641
f 2896/2896/2642 2890/2890/2637 2888/2888/2635
f 2888/2888/2635 2889/2889/2636 2896/2896/2642
f 2897/2897/2643 2896/2896/2642 2889/2889/2636
f 2896/2896/2642 2897/2897/2643 2898/2898/2644
f 2898/2898/2644 2899/2899/2645 2896/2896/2642
f 2895/2895/2641 2896/2896/2642 2899/2899/2645
f 2899/2899/2645 2900/2900/2646 2895/2895/2641
f 2893/2893/2639 2895/2895/2641 2900/2900/2646
f 2900/2900/2646 2894/2894/2640 2893/2893/2639
f 2901/2901/2647 2894/2894/2640 2900/2900/2646
f 2900/2900/2646 2899/2899/2645 2901/2901/2647
f 2902/2902/2640 2894/2894/2640 2901/2901/2647
f 2901/2901/2647 2899/2899/2645 2903/2903/2648
f 2903/2903/2648 2902/2902/2640 2901/2901/2647
f 2904/2904/2649 2903/2903/2648 2899/2899/2645
f 2899/2899/2645 2898/2898/2644 2904/2904/2649
f 2903/2903/2648 2904/2904/2649 2905/2905/2650
f 2905/2905/2650 2902/2902/2640 2903/2903/2648
f 2906/2906/2629 2902/2902/2640 2905/2905/2650
f 2905/2905/2650 2907/2907/2628 2906/2906/2629
f 2908/2908/2651 2907/2907/2628 2905/2905/2650
f 2905/2905/2650 2909/2909/2652 2908/2908/2651
f 2910/2910/2653 2909/2909/2652 2905/2905/2650
f 2905/2905/2650 2904/2904/2649 2910/2910/2653
f 2911/2911/2654 2910/2910/2653 2904/2904/2649
f 2904/2904/2649 2898/2898/2644 2911/2911/2654
f 2910/2910/2653 2911/2911/2654 2912/2912/2655
f 2912/2912/2655 2909/2909/2652 2910/2910/2653
f 2913/2913/2656 2912/2912/2655 2911/2911/2654
f 2911/2911/2654 2898/2898/2644 2913/2913/2656
f 2914/2914/2657 2913/2913/2656 2898/2898/2644
f 2898/2898/2644 2897/2897/2643 2914/2914/2657
f 2912/2912/2655 2913/2913/2656 2915/2915/2658
f 2915/2915/2658 2916/2916/2617 2912/2912/2655
f 2917/2917/2618 2912/2912/2655 2916/2916/2617
f 2909/2909/2652 2912/2912/2655 2917/2917/2618
f 2917/2917/2618 2918/2918/2659 2909/2909/2652
f 2908/2908/2651 2909/2909/2652 2918/2918/2659
f 2918/2918/2659 2919/2919/2660 2908/2908/2651
f 2907/2907/2628 2908/2908/2651 2919/2919/2660
f 2919/2919/2660 2920/2920/2629 2907/2907/2628
f 2921/2921/2630 2920/2920/2629 2919/2919/2660
f 2919/2919/2660 2922/2922/2631 2921/2921/2630
f 2923/2923/2661 2922/2922/2631 2919/2919/2660
f 2919/2919/2660 2918/2918/2659 2923/2923/2661
f 2924/2924/2662 2923/2923/2661 2918/2918/2659
f 2918/2918/2659 2917/2917/2618 2924/2924/2662
f 2916/2916/2617 2924/2924/2662 2917/2917/2618
f 2924/2924/2662 2916/2916/2617 2925/2925/2623
f 2925/2925/2623 2926/2926/2624 2924/2924/2662
f 2927/2927/2625 2924/2924/2662 2926/2926/2624
f 2923/2923/2661 2924/2924/2662 2927/2927/2625
f 2927/2927/2625 2928/2928/2663 2923/2923/2661
f 2922/2922/2631 2923/2923/2661 2928/2928/2663
f 2929/2929/2633 2928/2928/2663 2927/2927/2625
f 2927/2927/2625 2926/2926/2624 2929/2929/2633
f 2930/2930/2634 2929/2929/2633 2926/2926/2624
f 2929/2929/2633 2930/2930/2634 2931/2931/2635
f 2931/2931/2635 2928/2928/2663 2929/2929/2633
f 2931/2931/2635 2930/2930/2634 2932/2932/2636
f 2928/2928/2663 2931/2931/2635 2933/2933/2637
f 2933/2933/2637 2934/2934/2638 2928/2928/2663
f 2922/2922/2631 2928/2928/2663 2934/2934/2638
f 2934/2934/2638 2935/2935/2630 2922/2922/2631
f 2921/2921/2630 2922/2922/2631 2935/2935/2630
f 2936/2936/2664 2935/2935/2630 2934/2934/2638
f 2934/2934/2638 2933/2933/2637 2936/2936/2664
f 2937/2937/2640 2935/2935/2630 2936/2936/2664
f 2938/2938/2641 2936/2936/2664 2933/2933/2637
f 2933/2933/2637 2939/2939/2642 2938/2938/2641
f 2939/2939/2642 2933/2933/2637 2931/2931/2635
f 2931/2931/2635 2932/2932/2636 2939/2939/2642
f 2940/2940/2643 2939/2939/2642 2932/2932/2636
f 2939/2939/2642 2940/2940/2643 2941/2941/2644
f 2941/2941/2644 2942/2942/2645 2939/2939/2642
f 2938/2938/2641 2939/2939/2642 2942/2942/2645
f 2942/2942/2645 2943/2943/2646 2938/2938/2641
f 2936/2936/2664 2938/2938/2641 2943/2943/2646
f 2943/2943/2646 2937/2937/2640 2936/2936/2664
f 2944/2944/2647 2937/2937/2640 2943/2943/2646
f 2943/2943/2646 2942/2942/2645 2944/2944/2647
f 2945/2945/2640 2937/2937/2640 2944/2944/2647
f 2944/2944/2647 2942/2942/2645 2946/2946/2665
f 2946/2946/2665 2945/2945/2640 2944/2944/2647
f 2947/2947/2666 2946/2946/2665 2942/2942/2645
f 2942/2942/2645 2941/2941/2644 2947/2947/2666
f 2946/2946/2665 2947/2947/2666 2948/2948/2667
f 2948/2948/2667 2949/2949/2668 2946/2946/2665
f 2945/2945/2640 2946/2946/2665 2949/2949/2668
f 2949/2949/2668 2948/2948/2667 2950/2950/2669
f 2950/2950/2669 2951/2951/2670 2949/2949/2668
f 2952/2952/2671 2950/2950/2669 2948/2948/2667
f 2948/2948/2667 2953/2953/2672 2952/2952/2671
f 2953/2953/2672 2948/2948/2667 2947/2947/2666
f 2947/2947/2666 2954/2954/2673 2953/2953/2672
f 2954/2954/2673 2947/2947/2666 2941/2941/2644
f 2941/2941/2644 2955/2955/2674 2954/2954/2673
f 2956/2956/2657 2955/2955/2674 2941/2941/2644
f 2941/2941/2644 2940/2940/2643 2956/2956/2657
f 2957/2957/2675 2954/2954/2673 2955/2955/2674
f 2955/2955/2674 2958/2958/2676 2957/2957/2675
f 2953/2953/2672 2954/2954/2673 2957/2957/2675
f 2957/2957/2675 2959/2959/2677 2953/2953/2672
f 2952/2952/2671 2953/2953/2672 2959/2959/2677
f 2958/2958/2676 2959/2959/2677 2957/2957/2675
f 2952/2952/2671 2959/2959/2677 2960/2960/2678
f 2960/2960/2678 2950/2950/2669 2952/2952/2671
f 2950/2950/2669 2960/2960/2678 2961/2961/2679
f 2961/2961/2679 2951/2951/2670 2950/2950/2669
f 2951/2951/2670 2961/2961/2679 2962/2962/2680
f 2962/2962/2680 2963/2963/2681 2951/2951/2670
f 2964/2964/2682 2962/2962/2680 2961/2961/2679
f 2961/2961/2679 2960/2960/2678 2964/2964/2682
f 2965/2965/2683 2964/2964/2682 2960/2960/2678
f 2960/2960/2678 2966/2966/2684 2965/2965/2683
f 2966/2966/2684 2960/2960/2678 2959/2959/2677
f 2959/2959/2677 2967/2967/2685 2966/2966/2684
f 2958/2958/2676 2967/2967/2685 2959/2959/2677
f 2966/2966/2684 2967/2967/2685 2968/2968/2686
f 2968/2968/2686 2965/2965/2683 2966/2966/2684
f 2965/2965/2683 2968/2968/2686 2969/2969/2687
f 2969/2969/2687 2970/2970/2688 2965/2965/2683
f 2971/2971/2689 2965/2965/2683 2970/2970/2688
f 2965/2965/2683 2971/2971/2689 2972/2972/2690
f 2972/2972/2690 2964/2964/2682 2965/2965/2683
f 2964/2964/2682 2972/2972/2690 2973/2973/2691
f 2973/2973/2691 2962/2962/2680 2964/2964/2682
f 2962/2962/2680 2973/2973/2691 2974/2974/2692
f 2974/2974/2692 2963/2963/2681 2962/2962/2680
f 2975/2975/2693 2974/2974/2692 2973/2973/2691
f 2973/2973/2691 2972/2972/2690 2975/2975/2693
f 2976/2976/2694 2975/2975/2693 2972/2972/2690
f 2972/2972/2690 2971/2971/2689 2976/2976/2694
f 2977/2977/2695 2976/2976/2694 2971/2971/2689
f 2971/2971/2689 2970/2970/2688 2977/2977/2695
f 2978/2978/2696 2977/2977/2695 2970/2970/2688
f 2977/2977/2695 2978/2978/2696 2979/2979/2697
f 2979/2979/2697 2976/2976/2694 2977/2977/2695
f 2976/2976/2694 2979/2979/2697 2980/2980/2698
f 2980/2980/2698 2975/2975/2693 2976/2976/2694
f 2975/2975/2693 2980/2980/2698 2981/2981/2699
f 2981/2981/2699 2974/2974/2692 2975/2975/2693
f 2982/2982/2700 2974/2974/2692 2981/2981/2699
f 2981/2981/2699 2983/2983/2701 2982/2982/2700
f 2984/2984/2702 2983/2983/2701 2981/2981/2699
f 2981/2981/2699 2985/2985/2703 2984/2984/2702
f 2985/2985/2703 2981/2981/2699 2980/2980/2698
f 2980/2980/2698 2979/2979/2697 2985/2985/2703
f 2986/2986/2704 2985/2985/2703 2979/2979/2697
f 2979/2979/2697 2987/2987/2705 2986/2986/2704
f 2988/2988/2706 2987/2987/2705 2979/2979/2697
f 2979/2979/2697 2978/2978/2696 2988/2988/2706
f 2989/2989/2707 2986/2986/2704 2987/2987/2705
f 2987/2987/2705 2990/2990/2708 2989/2989/2707
f 2985/2985/2703 2986/2986/2704 2989/2989/2707
f 2989/2989/2707 2991/2991/2709 2985/2985/2703
f 2984/2984/2702 2985/2985/2703 2991/2991/2709
f 2991/2991/2709 2992/2992/2710 2984/2984/2702
f 2983/2983/2701 2984/2984/2702 2992/2992/2710
f 2992/2992/2710 2993/2993/2711 2983/2983/2701
f 2994/2994/2712 2993/2993/2711 2992/2992/2710
f 2992/2992/2710 2995/2995/2713 2994/2994/2712
f 2996/2996/2714 2995/2995/2713 2992/2992/2710
f 2992/2992/2710 2991/2991/2709 2996/2996/2714
f 2989/2989/2707 2996/2996/2714 2991/2991/2709
f 2997/2997/2715 2996/2996/2714 2989/2989/2707
f 2989/2989/2707 2990/2990/2708 2997/2997/2715
f 2998/2998/2716 2997/2997/2715 2990/2990/2708
f 2997/2997/2715 2998/2998/2716 2999/2999/2717
f 2999/2999/2717 2996/2996/2714 2997/2997/2715
f 2996/2996/2714 2999/2999/2717 3000/3000/2718
f 3000/3000/2718 2995/2995/2713 2996/2996/2714
f 2995/2995/2713 3000/3000/2718 3001/3001/2719
f 3001/3001/2719 3002/3002/2720 2995/2995/2713
f 2994/2994/2712 2995/2995/2713 3002/3002/2720
f 2999/2999/2717 2998/2998/2716 3003/3003/2721
f 3004/3004/2722 3006/3005/2723 3005/3006/2724
f 3005/3006/2724 3007/3007/2725 3004/3004/2722
f 3008/3008/2726 3005/3006/2724 3006/3005/2723
f 3006/3005/2723 3009/3009/2727 3008/3008/2726
f 3005/3006/2724 3008/3008/2726 3010/3010/2728
f 3010/3010/2728 3011/3011/2729 3005/3006/2724
f 3007/3007/2725 3005/3006/2724 3011/3011/2729
f 3011/3011/2729 3012/3012/2730 3007/3007/2725
f 3013/3013/2731 3012/3012/2730 3011/3011/2729
f 3011/3011/2729 3014/3014/2732 3013/3013/2731
f 3015/3015/2733 3014/3014/2732 3011/3011/2729
f 3011/3011/2729 3010/3010/2728 3015/3015/2733
f 3016/3016/2734 3014/3014/2732 3015/3015/2733
f 3015/3015/2733 3017/3017/2735 3016/3016/2734
f 3017/3017/2735 3015/3015/2733 3010/3010/2728
f 3010/3010/2728 3018/3018/2736 3017/3017/2735
f 3019/3019/2737 3018/3018/2736 3010/3010/2728
f 3010/3010/2728 3008/3008/2726 3019/3019/2737
f 3020/3020/2738 3018/3018/2736 3019/3019/2737
f 3019/3019/2737 3008/3008/2726 3020/3020/2738
f 3021/3021/2739 3020/3020/2738 3008/3008/2726
f 3008/3008/2726 3009/3009/2727 3021/3021/2739
f 3022/3022/2740 3021/3021/2739 3009/3009/2727
f 3021/3021/2739 3022/3022/2740 3023/3023/2741
f 3023/3023/2741 3024/3024/2742 3021/3021/2739
f 3020/3020/2738 3021/3021/2739 3024/3024/2742
f 3024/3024/2742 3025/3025/2743 3020/3020/2738
f 3026/3026/2744 3020/3020/2738 3025/3025/2743
f 3018/3018/2736 3020/3020/2738 3026/3026/2744
f 3026/3026/2744 3025/3025/2743 3027/3027/2745
f 3027/3027/2745 3028/3028/2746 3026/3026/2744
f 3018/3018/2736 3026/3026/2744 3028/3028/2746
f 3028/3028/2746 3029/3029/2747 3018/3018/2736
f 3030/3030/2748 3018/3018/2736 3029/3029/2747
f 3017/3017/2735 3018/3018/2736 3030/3030/2748
f 3030/3030/2748 3016/3016/2734 3017/3017/2735
f 3016/3016/2734 3030/3030/2748 3031/3031/2749
f 3031/3031/2749 3032/3032/2750 3016/3016/2734
f 3033/3033/2751 3016/3016/2734 3032/3032/2750
f 3014/3014/2732 3016/3016/2734 3033/3033/2751
f 3033/3033/2751 3034/3034/2752 3014/3014/2732
f 3013/3013/2731 3014/3014/2732 3034/3034/2752
f 3035/3035/2753 3034/3034/2752 3033/3033/2751
f 3033/3033/2751 3032/3032/2750 3035/3035/2753
f 3036/3036/2754 3035/3035/2753 3032/3032/2750
f 3035/3035/2753 3036/3036/2754 3037/3037/2755
f 3037/3037/2755 3038/3038/2756 3035/3035/2753
f 3039/3039/2757 3035/3035/2753 3038/3038/2756
f 3034/3034/2752 3035/3035/2753 3039/3039/2757
f 3040/3040/2758 3039/3039/2757 3038/3038/2756
f 3038/3038/2756 3041/3041/2759 3040/3040/2758
f 3041/3041/2759 3038/3038/2756 3037/3037/2755
f 3037/3037/2755 3042/3042/2760 3041/3041/2759
f 3043/3043/2761 3041/3041/2759 3042/3042/2760
f 3040/3040/2758 3041/3041/2759 3043/3043/2761
f 3043/3043/2761 3042/3042/2760 3044/3044/2762
f 3040/3040/2758 3043/3043/2761 3045/3045/2763
f 3045/3045/2763 3046/3046/2764 3040/3040/2758
f 3039/3039/2757 3040/3040/2758 3046/3046/2764
f 3046/3046/2764 3047/3047/2765 3039/3039/2757
f 3034/3034/2752 3039/3039/2757 3047/3047/2765
f 3047/3047/2765 3048/3048/2766 3034/3034/2752
f 3013/3013/2731 3034/3034/2752 3048/3048/2766
f 3049/3049/2767 3048/3048/2766 3047/3047/2765
f 3047/3047/2765 3046/3046/2764 3049/3049/2767
f 3050/3050/2768 3049/3049/2767 3046/3046/2764
f 3046/3046/2764 3051/3051/2769 3050/3050/2768
f 3051/3051/2769 3046/3046/2764 3045/3045/2763
f 3045/3045/2763 3052/3052/2770 3051/3051/2769
f 3053/3053/2771 3052/3052/2770 3045/3045/2763
f 3045/3045/2763 3043/3043/2761 3053/3053/2771
f 3044/3044/2762 3053/3053/2771 3043/3043/2761
f 3053/3053/2771 3044/3044/2762 3054/3054/2772
f 3054/3054/2772 3055/3055/2773 3053/3053/2771
f 3056/3056/2774 3053/3053/2771 3055/3055/2773
f 3052/3052/2770 3053/3053/2771 3056/3056/2774
f 3056/3056/2774 3057/3057/2775 3052/3052/2770
f 3051/3051/2769 3052/3052/2770 3057/3057/2775
f 3057/3057/2775 3050/3050/2768 3051/3051/2769
f 3058/3058/2776 3050/3050/2768 3057/3057/2775
f 3057/3057/2775 3056/3056/2774 3058/3058/2776
f 3059/3059/2725 3050/3050/2768 3058/3058/2776
f 3060/3060/2777 3058/3058/2776 3056/3056/2774
f 3056/3056/2774 3061/3061/2778 3060/3060/2777
f 3061/3061/2778 3056/3056/2774 3055/3055/2773
f 3055/3055/2773 3062/3062/2779 3061/3061/2778
f 3054/3054/2772 3062/3062/2779 3055/3055/2773
f 3061/3061/2778 3062/3062/2779 3063/3063/2780
f 3063/3063/2780 3064/3064/2781 3061/3061/2778
f 3065/3065/2782 3061/3061/2778 3064/3064/2781
f 3061/3061/2778 3065/3065/2782 3066/3066/2783
f 3066/3066/2783 3060/3060/2777 3061/3061/2778
f 3060/3060/2777 3066/3066/2783 3067/3067/2784
f 3067/3067/2784 3068/3068/2785 3060/3060/2777
f 3058/3058/2776 3060/3060/2777 3068/3068/2785
f 3068/3068/2785 3059/3059/2725 3058/3058/2776
f 3069/3069/2786 3059/3059/2725 3068/3068/2785
f 3068/3068/2785 3067/3067/2784 3069/3069/2786
f 3070/3070/2787 3069/3069/2786 3067/3067/2784
f 3067/3067/2784 3066/3066/2783 3070/3070/2787
f 3071/3071/2788 3070/3070/2787 3066/3066/2783
f 3066/3066/2783 3065/3065/2782 3071/3071/2788
f 3072/3072/2789 3071/3071/2788 3065/3065/2782
f 3065/3065/2782 3064/3064/2781 3072/3072/2789
f 3073/3073/2790 3072/3072/2789 3064/3064/2781
f 3072/3072/2789 3073/3073/2790 3074/3074/2791
f 3074/3074/2791 3071/3071/2788 3072/3072/2789
f 3071/3071/2788 3074/3074/2791 3075/3075/2792
f 3075/3075/2792 3070/3070/2787 3071/3071/2788
f 3070/3070/2787 3075/3075/2792 3076/3076/2793
f 3076/3076/2793 3077/3077/2794 3070/3070/2787
f 3069/3069/2786 3070/3070/2787 3077/3077/2794
f 3078/3078/2795 3077/3077/2794 3076/3076/2793
f 3076/3076/2793 3079/3079/2796 3078/3078/2795
f 3079/3079/2796 3076/3076/2793 3075/3075/2792
f 3075/3075/2792 3074/3074/2791 3079/3079/2796
f 3080/3080/2797 3079/3079/2796 3074/3074/2791
f 3074/3074/2791 3081/3081/2798 3080/3080/2797
f 3073/3073/2790 3081/3081/2798 3074/3074/2791
f 3080/3080/2797 3081/3081/2798 3082/3082/2799
f 3082/3082/2799 3083/3083/2800 3080/3080/2797
f 3079/3079/2796 3080/3080/2797 3083/3083/2800
f 3083/3083/2800 3084/3084/2801 3079/3079/2796
f 3078/3078/2795 3079/3079/2796 3084/3084/2801
f 3084/3084/2801 3085/3085/2802 3078/3078/2795
f 3077/3077/2794 3078/3078/2795 3085/3085/2802
f 3085/3085/2802 3086/3086/2803 3077/3077/2794
f 3087/3087/2804 3086/3086/2803 3085/3085/2802
f 3085/3085/2802 3088/3088/2805 3087/3087/2804
f 3088/3088/2805 3085/3085/2802 3084/3084/2801
f 3084/3084/2801 3083/3083/2800 3088/3088/2805
f 3089/3089/2806 3088/3088/2805 3083/3083/2800
f 3083/3083/2800 3090/3090/2807 3089/3089/2806
f 3082/3082/2799 3090/3090/2807 3083/3083/2800
f 3089/3089/2806 3090/3090/2807 3091/3091/2808
f 3091/3091/2808 3092/3092/2809 3089/3089/2806
f 3093/3093/2810 3089/3089/2806 3092/3092/2809
f 3089/3089/2806 3093/3093/2810 3094/3094/2811
f 3094/3094/2811 3088/3088/2805 3089/3089/2806
f 3088/3088/2805 3094/3094/2811 3095/3095/2812
f 3095/3095/2812 3087/3087/2804 3088/3088/2805
f 3087/3087/2804 3095/3095/2812 3096/3096/2767
f 3096/3096/2767 3086/3086/2803 3087/3087/2804
f 3097/3097/2813 3096/3096/2767 3095/3095/2812
f 3095/3095/2812 3098/3098/2814 3097/3097/2813
f 3098/3098/2814 3095/3095/2812 3094/3094/2811
f 3094/3094/2811 3099/3099/2815 3098/3098/2814
f 3099/3099/2815 3094/3094/2811 3093/3093/2810
f 3093/3093/2810 3100/3100/2816 3099/3099/2815
f 3100/3100/2816 3093/3093/2810 3092/3092/2809
f 3092/3092/2809 3101/3101/2817 3100/3100/2816
f 3102/3102/2818 3100/3100/2816 3101/3101/2817
f 3099/3099/2815 3100/3100/2816 3102/3102/2818
f 3102/3102/2818 3103/3103/2819 3099/3099/2815
f 3098/3098/2814 3099/3099/2815 3103/3103/2819
f 3103/3103/2819 3104/3104/2820 3098/3098/2814
f 3097/3097/2813 3098/3098/2814 3104/3104/2820
f 3104/3104/2820 3105/3105/2803 3097/3097/2813
f 3106/3106/2821 3105/3105/2803 3104/3104/2820
f 3104/3104/2820 3107/3107/2822 3106/3106/2821
f 3107/3107/2822 3104/3104/2820 3103/3103/2819
f 3103/3103/2819 3102/3102/2818 3107/3107/2822
f 3108/3108/2823 3107/3107/2822 3102/3102/2818
f 3102/3102/2818 3109/3109/2824 3108/3108/2823
f 3110/3110/2825 3109/3109/2824 3102/3102/2818
f 3102/3102/2818 3101/3101/2817 3110/3110/2825
f 3111/3111/2826 3108/3108/2823 3109/3109/2824
f 3109/3109/2824 3112/3112/2780 3111/3111/2826
f 3107/3107/2822 3108/3108/2823 3111/3111/2826
f 3111/3111/2826 3113/3113/2827 3107/3107/2822
f 3106/3106/2821 3107/3107/2822 3113/3113/2827
f 3113/3113/2827 3114/3114/2828 3106/3106/2821
f 3115/3115/2725 3106/3106/2821 3114/3114/2828
f 3105/3105/2803 3106/3106/2821 3115/3115/2725
f 3116/3116/2786 3115/3115/2725 3114/3114/2828
f 3114/3114/2828 3117/3117/2829 3116/3116/2786
f 3117/3117/2829 3114/3114/2828 3113/3113/2827
f 3113/3113/2827 3118/3118/2830 3117/3117/2829
f 3111/3111/2826 3118/3118/2830 3113/3113/2827
f 3117/3117/2829 3118/3118/2830 3119/3119/2831
f 3119/3119/2831 3116/3116/2786 3117/3117/2829
f 3120/3120/2794 3116/3116/2786 3119/3119/2831
f 3119/3119/2831 3121/3121/2832 3120/3120/2794
f 3122/3122/2833 3121/3121/2832 3119/3119/2831
f 3119/3119/2831 3123/3123/2834 3122/3122/2833
f 3123/3123/2834 3119/3119/2831 3118/3118/2830
f 3118/3118/2830 3124/3124/2835 3123/3123/2834
f 3124/3124/2835 3118/3118/2830 3111/3111/2826
f 3111/3111/2826 3125/3125/2781 3124/3124/2835
f 3125/3125/2781 3111/3111/2826 3112/3112/2780
f 3124/3124/2835 3125/3125/2781 3126/3126/2836
f 3126/3126/2836 3123/3123/2834 3124/3124/2835
f 3123/3123/2834 3126/3126/2836 3127/3127/2837
f 3127/3127/2837 3122/3122/2833 3123/3123/2834
f 3122/3122/2833 3127/3127/2837 3128/3128/2838
f 3128/3128/2838 3121/3121/2832 3122/3122/2833
f 3121/3121/2832 3128/3128/2838 3129/3129/2839
f 3129/3129/2839 3120/3120/2794 3121/3121/2832
f 3120/3120/2794 3129/3129/2839 3130/3130/2840
f 3130/3130/2840 3131/3131/2803 3120/3120/2794
f 3132/3132/2841 3130/3130/2840 3129/3129/2839
f 3129/3129/2839 3128/3128/2838 3132/3132/2841
f 3133/3133/2842 3132/3132/2841 3128/3128/2838
f 3128/3128/2838 3134/3134/2843 3133/3133/2842
f 3134/3134/2843 3128/3128/2838 3127/3127/2837
f 3127/3127/2837 3135/3135/2798 3134/3134/2843
f 3136/3136/2790 3135/3135/2798 3127/3127/2837
f 3127/3127/2837 3126/3126/2836 3136/3136/2790
f 3125/3125/2781 3136/3136/2790 3126/3126/2836
f 3132/3132/2841 3133/3133/2842 3137/3137/2844
f 3137/3137/2844 3130/3130/2840 3132/3132/2841
f 3130/3130/2840 3137/3137/2844 3138/3138/2845
f 3138/3138/2845 3131/3131/2803 3130/3130/2840
f 3139/3139/2767 3131/3131/2803 3138/3138/2845
f 3138/3138/2845 3140/3140/2846 3139/3139/2767
f 3137/3137/2844 3140/3140/2846 3138/3138/2845
f 3141/3141/2813 3139/3139/2767 3140/3140/2846
f 3142/3142/2847 3140/3140/2846 3137/3137/2844
f 3137/3137/2844 3143/3143/2848 3142/3142/2847
f 3143/3143/2848 3137/3137/2844 3133/3133/2842
f 3133/3133/2842 3144/3144/2807 3143/3143/2848
f 3145/3145/2799 3144/3144/2807 3133/3133/2842
f 3133/3133/2842 3134/3134/2843 3145/3145/2799
f 3135/3135/2798 3145/3145/2799 3134/3134/2843
f 3146/3146/2814 3141/3141/2813 3140/3140/2846
f 3140/3140/2846 3142/3142/2847 3146/3146/2814
f 3147/3147/2815 3146/3146/2814 3142/3142/2847
f 3142/3142/2847 3148/3148/2849 3147/3147/2815
f 3148/3148/2849 3142/3142/2847 3143/3143/2848
f 3143/3143/2848 3149/3149/2809 3148/3148/2849
f 3150/3150/2808 3149/3149/2809 3143/3143/2848
f 3143/3143/2848 3144/3144/2807 3150/3150/2808
f 3151/3151/2850 3148/3148/2849 3149/3149/2809
f 3149/3149/2809 3152/3152/2817 3151/3151/2850
f 3147/3147/2815 3148/3148/2849 3151/3151/2850
f 3151/3151/2850 3152/3152/2817 3153/3153/2851
f 3153/3153/2851 3147/3147/2815 3151/3151/2850
f 3147/3147/2815 3153/3153/2851 3154/3154/2852
f 3154/3154/2852 3146/3146/2814 3147/3147/2815
f 3146/3146/2814 3154/3154/2852 3155/3155/2853
f 3155/3155/2853 3141/3141/2813 3146/3146/2814
f 3156/3156/2854 3141/3141/2813 3155/3155/2853
f 3155/3155/2853 3157/3157/2855 3156/3156/2854
f 3158/3158/2856 3157/3157/2855 3155/3155/2853
f 3155/3155/2853 3154/3154/2852 3158/3158/2856
f 3153/3153/2851 3158/3158/2856 3154/3154/2852
f 3158/3158/2856 3153/3153/2851 3159/3159/2857
f 3159/3159/2857 3160/3160/2858 3158/3158/2856
f 3157/3157/2855 3158/3158/2856 3160/3160/2858
f 3160/3160/2858 3161/3161/2859 3157/3157/2855
f 3162/3162/2860 3157/3157/2855 3161/3161/2859
f 3156/3156/2854 3157/3157/2855 3162/3162/2860
f 3163/3163/2861 3162/3162/2860 3161/3161/2859
f 3161/3161/2859 3164/3164/2862 3163/3163/2861
f 3165/3165/2863 3164/3164/2862 3161/3161/2859
f 3161/3161/2859 3166/3166/2864 3165/3165/2863
f 3166/3166/2864 3161/3161/2859 3160/3160/2858
f 3160/3160/2858 3167/3167/2865 3166/3166/2864
f 3167/3167/2865 3160/3160/2858 3159/3159/2857
f 3159/3159/2857 3168/3168/2866 3167/3167/2865
f 3168/3168/2866 3159/3159/2857 3153/3153/2851
f 3153/3153/2851 3169/3169/2867 3168/3168/2866
f 3152/3152/2817 3169/3169/2867 3153/3153/2851
f 3167/3167/2865 3168/3168/2866 3170/3170/2868
f 3170/3170/2868 3171/3171/2869 3167/3167/2865
f 3172/3172/2870 3167/3167/2865 3171/3171/2869
f 3166/3166/2864 3167/3167/2865 3172/3172/2870
f 3172/3172/2870 3173/3173/2871 3166/3166/2864
f 3165/3165/2863 3166/3166/2864 3173/3173/2871
f 3173/3173/2871 3174/3174/2872 3165/3165/2863
f 3175/3175/2873 3165/3165/2863 3174/3174/2872
f 3164/3164/2862 3165/3165/2863 3175/3175/2873
f 3172/3172/2870 3171/3171/2869 3176/3176/2874
f 3176/3176/2874 3177/3177/2875 3172/3172/2870
f 3173/3173/2871 3172/3172/2870 3177/3177/2875
f 3048/3048/2766 3049/3049/2767 3178/3178/2876
f 3178/3178/2876 3012/3012/2730 3048/3048/2766
f 3013/3013/2731 3048/3048/2766 3012/3012/2730
o mesh0
v 8.219683 0.903986 0.677078
v 7.291110 0.903985 -0.194592
v 8.219683 0.903985 -0.213452
v 7.291110 0.903986 0.386324
v 6.362535 0.903986 0.513734
v 6.362535 0.903985 -0.396465
v 5.459095 0.903985 -0.278596
v 5.443851 0.903986 0.255342
v 4.515277 0.903985 -0.385464
v 4.515278 0.903986 0.433611
v 3.586704 0.903985 -0.442068
v 3.586704 0.903986 0.568701
v 2.658131 0.903986 0.424577
v 2.658131 0.903985 -0.278979
v 1.708506 0.903986 0.463811
v 1.708506 0.903985 -0.442069
v 0.818454 0.903986 0.677075
v 0.818454 0.903985 -0.243181
v -0.100231 0.903985 -0.383933
v -0.100232 0.903986 0.393245
v -1.028805 0.903986 0.318357
v -1.028805 0.903985 -0.389543
v -1.967267 0.903985 -0.351628
v -1.957379 0.903986 0.255340
v -2.885952 0.903985 -0.385467
v -2.885952 0.903986 0.433609
v -3.814526 0.903985 -0.311149
v -3.814526 0.903986 0.568698
v -4.743099 0.903986 0.424574
v -4.743099 0.903985 -0.278982
v -5.671673 0.903985 -0.442071
v -5.671673 0.903986 0.362726
v -6.600246 0.903985 -0.216588
v -6.600246 0.903986 0.548387
v -7.528820 0.903985 -0.442072
v -7.528820 0.903986 0.584581
v -8.657427 0.903986 0.343034
v -8.657426 0.903985 -0.442072
v 3.325727 0.893401 -0.825525
v 3.314641 0.937280 -0.805859
v 3.167521 0.893401 -0.811360
v 3.343050 0.893401 -0.460316
v 3.169851 0.937280 -0.793124
v 3.330559 0.937280 -0.476817
v 3.235953 0.937280 -0.463906
v 3.239675 0.893401 -0.445965
v 3.045122 0.937280 -0.758855
v 3.061290 0.937280 -0.477969
v 3.048835 0.893401 -0.461537
v 3.031228 0.893401 -0.773297
v -9.510388 0.893401 -0.786002
v -9.521474 0.937280 -0.766336
v -9.668594 0.893401 -0.771836
v -9.493063 0.893401 -0.420792
v -9.666264 0.937280 -0.753601
v -9.505555 0.937280 -0.437294
v -9.600160 0.937280 -0.424382
v -9.596437 0.893401 -0.406442
v -9.790993 0.937280 -0.719331
v -9.774823 0.937280 -0.438446
v -9.787278 0.893401 -0.422014
v -9.804887 0.893401 -0.733773
v -7.031385 0.893401 -0.785995
v -7.042470 0.937280 -0.766329
v -7.189593 0.893401 -0.771829
v -7.014061 0.893401 -0.420786
v -7.187261 0.937280 -0.753594
v -7.026553 0.937280 -0.437287
v -7.121157 0.937280 -0.424375
v -7.117435 0.893401 -0.406435
v -7.311990 0.937280 -0.719324
v -7.295821 0.937280 -0.438439
v -7.308278 0.893401 -0.422007
v -7.325884 0.893401 -0.733766
v -1.952424 0.893401 -0.785995
v -1.963509 0.937280 -0.766328
v -2.110631 0.893401 -0.771829
v -1.935100 0.893401 -0.420785
v -2.108300 0.937280 -0.753593
v -1.947590 0.937280 -0.437286
v -2.042196 0.937280 -0.424375
v -2.038473 0.893401 -0.406434
v -2.233029 0.937280 -0.719324
v -2.216860 0.937280 -0.438438
v -2.229315 0.893401 -0.422006
v -2.246922 0.893401 -0.733766
v 0.585851 0.893401 -0.740752
v 0.574765 0.937280 -0.721086
v 0.427644 0.893401 -0.726586
v 0.603175 0.893401 -0.375542
v 0.429974 0.937280 -0.708351
v 0.590685 0.937280 -0.392044
v 0.496080 0.937280 -0.379132
v 0.499803 0.893401 -0.361192
v 0.305246 0.937280 -0.674081
v 0.321415 0.937280 -0.393196
v 0.308960 0.893401 -0.376764
v 0.291353 0.893401 -0.688523
v 9.879512 0.893643 -0.110721
v 9.869571 0.937522 -0.103454
v 9.739927 0.893643 -0.210960
v 10.030629 0.937522 -0.008734
v 10.056211 0.893643 -0.010026
v 9.737385 0.937522 -0.068659
v 9.742347 0.937522 -0.197758
v 9.616509 0.893643 -0.208598
v 9.629827 0.937522 -0.195490
v 9.528100 0.893643 -0.117123
v 9.549190 0.937522 -0.109352
v 9.771925 0.937522 0.081608
v 10.052341 0.937522 0.051614
v 10.080049 0.893643 0.054094
v 10.031081 0.937522 0.149602
v 10.056771 0.893643 0.158184
v 9.806383 0.937522 0.195591
v 9.810332 0.893643 0.206946
v 9.642435 0.937522 0.238300
v 9.630521 0.893643 0.252248
v 9.572237 0.937522 0.125814
v 9.543192 0.937522 0.020438
v 9.521578 0.893643 0.020758
v 9.553478 0.893643 0.132717
v 7.098032 0.885548 -0.683201
v 7.104559 0.953793 -0.670560
v 7.042021 0.880850 -0.610423
v 7.198484 0.961673 -0.676034
v 7.218626 0.895666 -0.689074
v 7.244489 0.965532 -0.626024
v 7.060821 0.950123 -0.604762
v 7.036042 0.880348 -0.523276
v 7.056020 0.949721 -0.526061
v 7.270987 0.967755 -0.552244
v 7.277819 0.900632 -0.633599
v 7.312020 0.903501 -0.551839
v 7.197404 0.961582 -0.470353
v 7.217724 0.895590 -0.461299
v 7.139596 0.956732 -0.386881
v 7.143689 0.889379 -0.368975
v 7.040270 0.948399 -0.442338
v 7.016015 0.878668 -0.430590
v 6.923866 0.893402 0.618126
v 6.892828 0.960861 0.638492
v 6.753614 0.893402 0.625130
v 6.921672 0.960861 0.655628
v 6.960630 0.893402 0.639232
v 6.898470 0.960861 0.723446
v 6.759226 0.937280 0.644256
v 6.679954 0.893402 0.658536
v 6.701414 0.937280 0.671436
v 6.817433 0.960861 0.840832
v 6.931095 0.893402 0.722668
v 6.827876 0.893402 0.867059
v 6.741031 0.937281 0.839804
v 6.730511 0.893402 0.865743
v 6.653952 0.937280 0.821058
v 6.619536 0.893402 0.842617
v 6.642213 0.937280 0.704902
v 6.604526 0.893402 0.699677
v 7.129495 0.887652 0.024415
v 7.145506 0.955786 0.030888
v 7.082324 0.886827 0.127876
v 7.345610 0.961654 0.016460
v 7.345840 0.893990 0.007389
v 7.442339 0.965603 0.208887
v 7.091333 0.954729 0.130272
v 7.069128 0.887265 0.276804
v 7.091649 0.955529 0.272046
v 7.219650 0.893115 0.523409
v 7.232936 0.961053 0.509493
v 7.635736 0.905332 0.495782
v 7.617829 0.972369 0.486645
v 7.780845 0.909137 0.404547
v 7.751408 0.975861 0.400538
v 7.810562 0.909101 0.239649
v 7.777596 0.975760 0.242894
v 7.629334 0.970310 0.056005
v 7.652051 0.903308 0.045914
v 6.501421 0.903701 -0.206128
v 6.518856 0.946932 -0.220785
v 6.575953 0.900790 -0.081165
v 6.482236 0.948363 -0.389324
v 6.462725 0.905213 -0.389500
v 6.742133 0.938211 -0.398144
v 6.589314 0.944180 -0.105915
v 6.795553 0.892212 -0.096257
v 6.796785 0.936076 -0.119717
v 6.947663 0.886270 -0.130757
v 6.941406 0.954025 -0.151377
v 7.047633 0.882365 -0.334239
v 7.036650 0.950305 -0.338360
v 6.903493 0.955506 -0.393675
v 7.032450 0.950469 -0.558559
v 7.044179 0.882500 -0.573838
v 6.958426 0.885849 -0.675107
v 6.950975 0.953651 -0.663674
v 6.737864 0.938377 -0.691578
v 6.530312 0.946485 -0.611162
v 6.515093 0.903167 -0.627001
v 6.733398 0.894639 -0.717068
v 6.601389 0.893401 0.257386
v 6.585984 0.937280 0.265007
v 6.524945 0.893401 0.165365
v 6.595489 0.937280 0.396154
v 6.611826 0.893402 0.396610
v 6.505718 0.937280 0.401158
v 6.515744 0.937280 0.166496
v 6.324726 0.893401 0.084384
v 6.333041 0.937280 0.102147
v 6.367118 0.937280 0.413514
v 6.508432 0.937280 0.594110
v 6.516691 0.893402 0.606708
v 6.384100 0.937280 0.660804
v 6.380748 0.893402 0.677449
v 6.295371 0.937280 0.630376
v 6.283708 0.893402 0.645107
v 6.214967 0.937280 0.429662
v 6.266687 0.937280 0.154298
v 6.252182 0.893401 0.139714
v 6.195714 0.893402 0.432003
v 3.090316 0.893401 -0.031233
v 3.080375 0.937280 -0.023966
v 2.950733 0.893401 -0.131472
v 3.241435 0.937280 0.070754
v 3.267016 0.893401 0.069462
v 2.948190 0.937280 0.010829
v 2.953152 0.937280 -0.118271
v 2.827314 0.893401 -0.129110
v 2.840631 0.937280 -0.116002
v 2.738905 0.893401 -0.037636
v 2.759996 0.937280 -0.029865
v 2.982730 0.937280 0.161095
v 3.263146 0.937280 0.131102
v 3.290855 0.893401 0.133582
v 3.241887 0.937280 0.229089
v 3.267577 0.893401 0.237671
v 3.017189 0.937280 0.275079
v 3.021136 0.893401 0.286433
v 2.853240 0.937280 0.317788
v 2.841327 0.893401 0.331735
v 2.783041 0.937280 0.205302
v 2.753997 0.937280 0.099925
v 2.732383 0.893401 0.100245
v 2.764283 0.893401 0.212205
v 4.536349 0.893402 0.712819
v 4.548703 0.937280 0.727881
v 4.515229 0.893402 0.837294
v 4.728684 0.937280 0.763635
v 4.741448 0.893402 0.752744
v 4.530138 0.937281 0.839511
v 4.751200 0.937280 0.817862
v 4.767123 0.893402 0.813220
v 4.735396 0.937281 0.988230
v 4.529121 0.937281 1.043118
v 4.514132 0.893402 1.064343
v 4.749163 0.893402 1.003197
v 4.602886 0.893401 -0.461744
v 4.633302 0.937280 -0.431846
v 4.559061 0.893401 -0.464319
v 5.183929 0.937280 -0.333621
v 5.219780 0.893401 -0.347398
v 5.130385 0.937280 -0.031215
v 5.265275 0.937280 -0.286285
v 5.310898 0.893401 -0.292190
v 5.258462 0.937280 -0.098510
v 5.324296 0.893401 -0.070357
v 5.159609 0.893401 0.005612
v 4.551688 0.937280 -0.197875
v 4.511302 0.893401 -0.188599
v 4.534095 0.937280 -0.263636
v 4.577426 0.937280 -0.426541
v 4.491629 0.893401 -0.265349
v 3.866521 0.893401 -0.699724
v 3.874626 0.937280 -0.695411
v 3.827124 0.893401 -0.586298
v 3.895399 0.937280 -0.718780
v 3.889535 0.893401 -0.724767
v 4.014022 0.937280 -0.710464
v 3.837435 0.937280 -0.586621
v 3.876942 0.893401 -0.401063
v 3.883944 0.937280 -0.411968
v 4.068089 0.937280 -0.653682
v 4.021032 0.893401 -0.715799
v 4.080989 0.893401 -0.654900
v 4.015499 0.937280 -0.404578
v 4.022775 0.893401 -0.393080
v 4.466554 0.893401 0.288259
v 4.431196 0.937280 0.311929
v 4.272602 0.893401 0.296399
v 4.464055 0.937280 0.331847
v 4.508437 0.893401 0.312790
v 4.437624 0.937280 0.410671
v 4.278996 0.937280 0.318629
v 4.188687 0.893401 0.335227
v 4.213136 0.937280 0.350220
v 4.345307 0.937280 0.547108
v 4.474790 0.893402 0.409767
v 4.357201 0.893402 0.577591
v 4.258268 0.937280 0.545913
v 4.246286 0.893402 0.576062
v 4.159067 0.937280 0.524125
v 4.119861 0.893402 0.549183
v 4.145694 0.937280 0.389118
v 4.102760 0.893402 0.383045
v 3.715227 0.893401 -0.190397
v 3.696885 0.937280 -0.184338
v 3.645536 0.893401 -0.261428
v 3.719031 0.937280 -0.057541
v 3.739861 0.893401 -0.057650
v 3.622578 0.937280 -0.052662
v 3.634038 0.937280 -0.252148
v 3.429434 0.893401 -0.292410
v 3.439044 0.937280 -0.281601
v 3.456926 0.937280 -0.040868
v 3.642482 0.937280 0.151953
v 3.655188 0.893401 0.161588
v 3.477429 0.937280 0.197964
v 3.472323 0.893401 0.209625
v 3.371353 0.937280 0.168490
v 3.354753 0.893401 0.178689
v 3.322391 0.937280 -0.024830
v 3.359781 0.937280 -0.231303
v 3.341636 0.893401 -0.239820
v 3.300354 0.893401 -0.023715
v 8.738819 0.869891 -0.758366
v 8.745544 0.938116 -0.745725
v 8.682796 0.865354 -0.685588
v 8.839488 0.945724 -0.751199
v 8.859444 0.879659 -0.764239
v 8.885507 0.949450 -0.701189
v 8.701794 0.934573 -0.679927
v 8.676815 0.864870 -0.598441
v 8.696994 0.934185 -0.601226
v 8.912012 0.951597 -0.627409
v 8.918650 0.884454 -0.708764
v 8.952857 0.887224 -0.627004
v 8.838411 0.945637 -0.545518
v 8.858541 0.879586 -0.536464
v 8.780590 0.940954 -0.462046
v 8.784487 0.873590 -0.444140
v 8.681239 0.932909 -0.517503
v 8.656780 0.863248 -0.505755
v 8.663413 0.893402 0.781364
v 8.675768 0.960861 0.796425
v 8.642293 0.893402 0.905839
v 8.855748 0.960861 0.832180
v 8.868512 0.893402 0.821289
v 8.657204 0.960861 0.908055
v 8.878266 0.960861 0.886407
v 8.894187 0.893402 0.881765
v 8.862461 0.960861 1.056775
v 8.656187 0.960861 1.111663
v 8.641196 0.893402 1.132888
v 8.876229 0.893402 1.071742
v 8.570817 0.893402 0.442720
v 8.539780 0.960861 0.463085
v 8.400566 0.893402 0.449724
v 8.568624 0.960861 0.480222
v 8.607581 0.893402 0.463826
v 8.545423 0.960861 0.548040
v 8.406178 0.937280 0.468850
v 8.326905 0.893402 0.483131
v 8.348364 0.937280 0.496030
v 8.464385 0.960861 0.665426
v 8.578048 0.893402 0.547262
v 8.474827 0.893402 0.691653
v 8.387982 0.937280 0.664398
v 8.377464 0.893402 0.690337
v 8.300903 0.937280 0.645652
v 8.266487 0.893402 0.667211
v 8.289165 0.937280 0.529496
v 8.251477 0.893402 0.524271
v 8.755874 0.866945 0.107494
v 8.769441 0.934951 0.117446
v 8.690546 0.864803 0.185826
v 8.952287 0.940948 0.151265
v 8.953875 0.873439 0.142828
v 8.996383 0.942395 0.339604
v 8.698735 0.932632 0.190643
v 8.645618 0.863329 0.311230
v 8.667528 0.931609 0.313000
v 8.725973 0.865965 0.558737
v 8.741626 0.934039 0.550472
v 9.105646 0.878417 0.631108
v 9.092234 0.945538 0.619753
v 9.256178 0.883355 0.585963
v 9.231276 0.950099 0.576366
v 9.319486 0.885431 0.450604
v 9.289801 0.952018 0.446448
v 9.198214 0.949014 0.250972
v 9.220213 0.882175 0.246854
v 8.097903 0.893401 -0.142040
v 8.111917 0.937280 -0.155410
v 8.164341 0.893401 -0.028044
v 8.079272 0.937280 -0.309159
v 8.063409 0.893401 -0.309319
v 8.310947 0.937280 -0.317204
v 8.174725 0.937280 -0.050622
v 8.360095 0.893401 -0.041811
v 8.359665 0.937280 -0.063213
v 8.495687 0.893401 -0.073284
v 8.487761 0.960861 -0.092094
v 8.584800 0.893401 -0.258908
v 8.572663 0.960861 -0.262668
v 8.453965 0.960861 -0.313128
v 8.568921 0.960861 -0.463541
v 8.581723 0.893401 -0.477479
v 8.505280 0.893401 -0.569861
v 8.496290 0.960861 -0.559431
v 8.307143 0.937280 -0.584886
v 8.122130 0.937280 -0.511528
v 8.110089 0.893401 -0.525976
v 8.304687 0.893401 -0.608139
v 8.570676 0.893401 -0.007193
v 8.558196 0.960861 0.016920
v 8.519285 0.893401 -0.036579
v 8.566385 0.960861 0.320871
v 8.579564 0.893402 0.340373
v 8.511248 0.960861 -0.018112
v 8.531900 0.960861 0.383877
v 8.541477 0.893402 0.412438
v 8.439932 0.960861 0.393120
v 8.442622 0.893402 0.442894
v 8.316749 0.937280 -0.016015
v 8.304247 0.893401 -0.044735
v 8.204181 0.893401 0.000767
v 8.226089 0.937280 0.023738
v 8.246934 0.937280 0.379702
v 8.227011 0.893402 0.407804
v 8.204034 0.893401 0.077655
v 8.188630 0.937280 0.084103
v 8.127590 0.893401 -0.000213
v 8.198133 0.937280 0.195079
v 8.214471 0.893401 0.195465
v 8.108365 0.937280 0.199313
v 8.118389 0.937280 0.000744
v 7.927372 0.893401 -0.068739
v 7.935688 0.937280 -0.053708
v 7.969764 0.937280 0.209769
v 8.111077 0.937280 0.362588
v 8.119335 0.893402 0.373249
v 7.986746 0.937280 0.419025
v 7.983395 0.893402 0.433110
v 7.898016 0.937280 0.393276
v 7.886355 0.893402 0.405742
v 7.817612 0.937280 0.223434
v 7.869333 0.937280 -0.009578
v 7.854829 0.893401 -0.021919
v 7.798360 0.893401 0.225414
v -10.680368 0.734700 -0.696738
v -10.666466 0.778579 -0.681834
v -10.744364 0.734700 -0.610935
v -10.559149 0.778579 -0.688288
v -10.542580 0.734700 -0.703662
v -10.506585 0.778579 -0.629329
v -10.716440 0.778579 -0.604262
v -10.751196 0.734700 -0.508193
v -10.721926 0.778579 -0.511476
v -10.476308 0.778579 -0.542345
v -10.474947 0.734700 -0.638259
v -10.435870 0.734700 -0.541867
v -10.560382 0.778579 -0.445799
v -10.543608 0.734700 -0.435124
v -10.626434 0.778579 -0.347388
v -10.628200 0.734700 -0.326278
v -10.739921 0.778579 -0.412770
v -10.774079 0.734700 -0.398920
v -11.302217 0.734701 -0.142965
v -11.287167 0.778579 -0.157243
v -11.230863 0.734701 -0.021240
v -11.322226 0.778579 -0.321416
v -11.339265 0.734700 -0.321587
v -11.073408 0.778579 -0.330007
v -11.219713 0.778579 -0.045349
v -11.020624 0.734701 -0.035941
v -11.021085 0.778579 -0.058794
v -10.874998 0.734701 -0.069547
v -10.883511 0.778579 -0.089634
v -10.779291 0.734700 -0.267758
v -10.792327 0.778579 -0.271772
v -10.919807 0.778579 -0.325654
v -10.796346 0.778579 -0.486266
v -10.782595 0.734700 -0.501149
v -10.864697 0.734700 -0.599794
v -10.874352 0.778579 -0.588657
v -11.077495 0.778579 -0.615838
v -11.276197 0.778579 -0.537506
v -11.289129 0.734700 -0.552934
v -11.080132 0.734700 -0.640668
v -10.755639 0.734701 -0.037100
v -10.768119 0.778579 -0.012987
v -10.807030 0.734701 -0.066485
v -10.759930 0.778579 0.290964
v -10.746750 0.734701 0.310466
v -10.815067 0.778579 -0.048018
v -10.794415 0.778580 0.353971
v -10.784838 0.734701 0.382531
v -10.886383 0.778580 0.363214
v -10.883694 0.734701 0.412988
v -11.009565 0.778579 -0.045922
v -11.022067 0.734701 -0.074642
v -11.122134 0.734701 -0.029139
v -11.100226 0.778579 -0.006169
v -11.079381 0.778580 0.349796
v -11.099306 0.734701 0.377898
v -9.745796 0.893401 0.008290
v -9.755736 0.937280 0.015557
v -9.885381 0.893401 -0.091949
v -9.594678 0.937280 0.110277
v -9.569097 0.893401 0.108985
v -9.887922 0.937280 0.050352
v -9.882960 0.937280 -0.078747
v -10.008798 0.893401 -0.089587
v -9.995481 0.937280 -0.076479
v -10.097206 0.893401 0.001888
v -10.076118 0.937280 0.009659
v -9.853383 0.937280 0.200619
v -9.572968 0.937280 0.170625
v -9.545258 0.893401 0.173105
v -9.594227 0.937280 0.268613
v -9.568535 0.893401 0.277194
v -9.818925 0.937280 0.314603
v -9.814976 0.893401 0.325956
v -9.982874 0.937280 0.357311
v -9.994786 0.893402 0.371259
v -10.053071 0.937280 0.244825
v -10.082115 0.937280 0.139449
v -10.103730 0.893401 0.139769
v -10.071829 0.893401 0.251728
v -8.234317 0.893401 -0.703597
v -8.222106 0.937280 -0.690955
v -8.290522 0.893401 -0.630819
v -8.127851 0.937280 -0.696430
v -8.113297 0.893401 -0.709470
v -8.081685 0.937280 -0.646420
v -8.265997 0.937280 -0.625158
v -8.296523 0.893401 -0.543672
v -8.270816 0.937280 -0.546457
v -8.055094 0.937280 -0.572640
v -8.053897 0.893401 -0.653995
v -8.019577 0.893401 -0.572235
v -8.128934 0.937280 -0.490749
v -8.114203 0.893401 -0.481695
v -8.186946 0.937280 -0.407277
v -8.188498 0.893401 -0.389371
v -8.286622 0.937280 -0.462734
v -8.316622 0.893401 -0.450986
v -8.209741 0.893402 0.752342
v -8.197386 0.937280 0.767404
v -8.230860 0.893402 0.876818
v -8.017406 0.937280 0.803159
v -8.004642 0.893402 0.792267
v -8.215951 0.937281 0.879034
v -7.994888 0.937281 0.857385
v -7.978965 0.893402 0.852743
v -8.010693 0.937281 1.027753
v -8.216968 0.937281 1.082642
v -8.231956 0.893402 1.103866
v -7.996925 0.893402 1.042721
v -7.494650 0.893402 0.450839
v -7.499084 0.937280 0.468409
v -7.576897 0.893402 0.457561
v -7.437606 0.937280 0.482605
v -7.424700 0.893402 0.468237
v -7.412925 0.937280 0.582269
v -7.571350 0.937280 0.473805
v -7.725985 0.893402 0.517569
v -7.702307 0.937280 0.522450
v -7.505939 0.937280 0.632126
v -7.396726 0.893402 0.590849
v -7.502635 0.893402 0.652305
v -7.647856 0.937280 0.638164
v -7.664150 0.893402 0.659897
v -8.198553 0.893401 -0.389036
v -8.168138 0.937280 -0.359138
v -8.242378 0.893401 -0.391610
v -7.617510 0.937280 -0.260913
v -7.581657 0.893401 -0.274690
v -7.671052 0.937280 0.041493
v -7.536165 0.937280 -0.213576
v -7.490541 0.893401 -0.219482
v -7.542977 0.937280 -0.025802
v -7.477143 0.893401 0.002352
v -7.641831 0.893401 0.078320
v -8.249750 0.937280 -0.125167
v -8.290136 0.893401 -0.115891
v -8.267344 0.937280 -0.190928
v -8.224013 0.937280 -0.353833
v -8.309810 0.893401 -0.192640
v -8.969593 0.893401 -0.660201
v -8.961487 0.937280 -0.655888
v -9.008990 0.893401 -0.546775
v -8.940716 0.937280 -0.679256
v -8.946580 0.893401 -0.685244
v -8.822092 0.937280 -0.670941
v -8.998679 0.937280 -0.547097
v -8.959170 0.893401 -0.361540
v -8.952169 0.937280 -0.372445
v -8.768025 0.937280 -0.614158
v -8.815082 0.893401 -0.676275
v -8.755122 0.893401 -0.615377
v -8.820613 0.937280 -0.365054
v -8.813336 0.893401 -0.353557
v -8.234008 0.893402 0.392473
v -8.269365 0.937280 0.416143
v -8.427960 0.893402 0.400613
v -8.236507 0.937280 0.436061
v -8.192124 0.893402 0.417004
v -8.262938 0.937280 0.514885
v -8.421565 0.937280 0.422843
v -8.511874 0.893402 0.439441
v -8.487426 0.937280 0.454434
v -8.355255 0.937280 0.651322
v -8.225771 0.893402 0.513981
v -8.343360 0.893402 0.681805
v -8.442294 0.937280 0.650128
v -8.454277 0.893402 0.680276
v -8.541494 0.937280 0.628339
v -8.580701 0.893402 0.653397
v -8.554867 0.937280 0.493332
v -8.597800 0.893402 0.487259
v -7.218196 0.893401 0.051622
v -7.228072 0.937280 0.058999
v -7.356872 0.893401 -0.050142
v -7.068060 0.937280 0.155161
v -7.042646 0.893401 0.153849
v -7.359398 0.937280 0.094324
v -7.354467 0.937280 -0.036740
v -7.479486 0.893401 -0.047744
v -7.466255 0.937280 -0.034437
v -7.567319 0.893401 0.045122
v -7.546365 0.937280 0.053011
v -7.325083 0.937280 0.246876
v -7.046493 0.937280 0.216426
v -7.018964 0.893401 0.218944
v -7.067613 0.937280 0.315905
v -7.042089 0.893401 0.324617
v -7.290848 0.937280 0.362594
v -7.286924 0.893402 0.374121
v -7.453731 0.937280 0.405953
v -7.465564 0.893402 0.420113
v -7.523472 0.937280 0.291755
v -7.552327 0.937280 0.184776
v -7.573800 0.893401 0.185101
v -7.542108 0.893401 0.298764
v -9.061970 0.893401 -0.081480
v -9.080313 0.937280 -0.075421
v -9.131662 0.893401 -0.152511
v -9.058167 0.937280 0.051377
v -9.037337 0.893401 0.051268
v -9.154619 0.937280 0.056255
v -9.143158 0.937280 -0.143230
v -9.347764 0.893401 -0.183492
v -9.338153 0.937280 -0.172683
v -9.320270 0.937280 0.068049
v -9.134716 0.937280 0.260871
v -9.122008 0.893401 0.270506
v -9.299768 0.937280 0.306882
v -9.304873 0.893401 0.318542
v -9.405845 0.937280 0.277407
v -9.422443 0.893401 0.287607
v -9.454807 0.937280 0.084087
v -9.417418 0.937280 -0.122385
v -9.435561 0.893401 -0.130903
v -9.476844 0.893401 0.085203
v -2.356449 0.893401 -0.234225
v -2.343769 0.937280 -0.229879
v -2.360313 0.893401 -0.159651
v -2.313520 0.937280 -0.283850
v -2.321340 0.893401 -0.293898
v -2.198616 0.937280 -0.288938
v -2.347138 0.937280 -0.162449
v -2.338806 0.893401 -0.032535
v -2.328702 0.937280 -0.047525
v -2.166954 0.937280 -0.194703
v -2.187826 0.893401 -0.299452
v -2.150965 0.893401 -0.195209
v -2.188587 0.937280 -0.063202
v -2.176005 0.893401 -0.049783
v -2.415688 0.893402 0.450840
v -2.420123 0.937280 0.468410
v -2.497935 0.893402 0.457562
v -2.358644 0.937280 0.482606
v -2.345738 0.893402 0.468238
v -2.333963 0.937280 0.582270
v -2.492389 0.937280 0.473806
v -2.647024 0.893402 0.517569
v -2.623345 0.937280 0.522450
v -2.426977 0.937280 0.632127
v -2.317765 0.893402 0.590849
v -2.423674 0.893402 0.652305
v -2.568895 0.937280 0.638165
v -2.585189 0.893402 0.659898
v -3.890632 0.893401 -0.660200
v -3.882525 0.937280 -0.655887
v -3.930028 0.893401 -0.546774
v -3.861754 0.937280 -0.679256
v -3.867618 0.893401 -0.685243
v -3.743131 0.937280 -0.670940
v -3.919718 0.937280 -0.547097
v -3.880210 0.893401 -0.361539
v -3.873209 0.937280 -0.372445
v -3.689063 0.937280 -0.614158
v -3.736120 0.893401 -0.676275
v -3.676160 0.893401 -0.615376
v -3.741651 0.937280 -0.365054
v -3.734374 0.893401 -0.353556
v -3.197533 0.893402 0.384125
v -3.228572 0.937280 0.404491
v -3.367785 0.893402 0.391129
v -3.199728 0.937280 0.421627
v -3.160769 0.893402 0.405231
v -3.222929 0.937280 0.489445
v -3.362173 0.937280 0.410255
v -3.441447 0.893402 0.424536
v -3.419986 0.937280 0.437435
v -3.303967 0.937280 0.606831
v -3.190305 0.893402 0.488667
v -3.293525 0.893402 0.633058
v -3.380369 0.937280 0.605803
v -3.390888 0.893402 0.631742
v -3.467448 0.937280 0.587057
v -3.501865 0.893402 0.608616
v -3.479187 0.937280 0.470901
v -3.516874 0.893402 0.465676
v -3.003267 0.893401 -0.059011
v -2.985905 0.937280 -0.049112
v -3.070351 0.893401 0.018899
v -2.798143 0.937280 -0.015475
v -2.799942 0.893401 -0.023867
v -2.752861 0.937280 0.171847
v -3.058512 0.937280 0.023690
v -3.116485 0.893401 0.143627
v -3.090559 0.937280 0.145387
v -3.033971 0.893402 0.389798
v -3.014469 0.937280 0.381578
v -2.644091 0.893402 0.461778
v -2.654436 0.937280 0.450485
v -2.489510 0.893402 0.416878
v -2.511654 0.937280 0.407332
v -2.424502 0.893401 0.282249
v -2.451555 0.937280 0.278115
v -2.545604 0.937280 0.083693
v -2.526441 0.893401 0.079597
v -4.041308 0.893401 -0.181132
v -4.058901 0.937280 -0.175451
v -4.108153 0.893401 -0.247727
v -4.037663 0.937280 -0.056573
v -4.017683 0.893401 -0.056675
v -4.130173 0.937280 -0.051999
v -4.119180 0.937280 -0.239026
v -4.315422 0.893401 -0.276774
v -4.306203 0.937280 -0.266640
v -4.289052 0.937280 -0.040941
v -4.111083 0.937280 0.139838
v -4.098894 0.893401 0.148872
v -4.269388 0.937280 0.182976
v -4.274285 0.893401 0.193909
v -4.371129 0.937280 0.155343
v -4.387049 0.893401 0.164905
v -4.418090 0.937280 -0.025905
v -4.382228 0.937280 -0.219483
v -4.399631 0.893401 -0.227469
v -4.439225 0.893401 -0.024859
v -5.719671 0.893401 -0.748363
v -5.707461 0.937280 -0.735722
v -5.775878 0.893401 -0.675585
v -5.613206 0.937280 -0.741196
v -5.598653 0.893401 -0.754236
v -5.567040 0.937280 -0.691187
v -5.751353 0.937280 -0.669925
v -5.781879 0.893401 -0.588439
v -5.756171 0.937280 -0.591224
v -5.540448 0.937280 -0.617406
v -5.539253 0.893401 -0.698761
v -5.504931 0.893401 -0.617002
v -5.614290 0.937280 -0.535516
v -5.599557 0.893401 -0.526462
v -5.672301 0.937280 -0.452043
v -5.673853 0.893401 -0.434138
v -5.771976 0.937280 -0.507501
v -5.801977 0.893401 -0.495753
v -4.446921 0.893402 0.341978
v -4.455456 0.937280 0.354866
v -4.605226 0.893402 0.364115
v -4.392642 0.937280 0.370461
v -4.376972 0.893402 0.359376
v -4.368141 0.937280 0.548053
v -4.597610 0.937280 0.374703
v -4.768001 0.893402 0.443319
v -4.743777 0.937280 0.445675
v -4.531343 0.937280 0.600748
v -4.349691 0.893402 0.555531
v -4.531435 0.893402 0.614332
v -4.675930 0.937280 0.571049
v -4.692448 0.893402 0.581198
v -4.902795 0.893401 -0.256245
v -4.889044 0.937280 -0.251361
v -4.906986 0.893401 -0.172455
v -4.856238 0.937280 -0.312003
v -4.864720 0.893401 -0.323292
v -4.731625 0.937280 -0.317720
v -4.892698 0.937280 -0.175598
v -4.883661 0.893401 -0.029630
v -4.872704 0.937280 -0.046473
v -4.697287 0.937280 -0.211839
v -4.719923 0.893401 -0.329533
v -4.679948 0.893401 -0.212407
v -4.720749 0.937280 -0.064086
v -4.707104 0.893401 -0.049009
v -4.938872 0.893402 0.450838
v -4.943308 0.937280 0.468408
v -5.021120 0.893402 0.457560
v -4.881829 0.937280 0.482604
v -4.868923 0.893402 0.468236
v -4.857148 0.937280 0.582268
v -5.015574 0.937280 0.473804
v -5.170208 0.893402 0.517568
v -5.146531 0.937280 0.522448
v -4.950162 0.937280 0.632125
v -4.840950 0.893402 0.590847
v -4.946859 0.893402 0.652304
v -5.092080 0.937280 0.638163
v -5.108373 0.893402 0.659896
v -6.413817 0.893401 -0.660202
v -6.405710 0.937280 -0.655889
v -6.453213 0.893401 -0.546776
v -6.384939 0.937280 -0.679258
v -6.390802 0.893401 -0.685245
v -6.266315 0.937280 -0.670942
v -6.442903 0.937280 -0.547099
v -6.403395 0.893401 -0.361541
v -6.396394 0.937280 -0.372446
v -6.212247 0.937280 -0.614160
v -6.259305 0.893401 -0.676277
v -6.199345 0.893401 -0.615378
v -6.264836 0.937280 -0.365055
v -6.257559 0.893401 -0.353558
v -5.811598 0.893401 0.318566
v -5.842637 0.937280 0.338931
v -5.981851 0.893401 0.325569
v -5.813794 0.937280 0.356067
v -5.774834 0.893402 0.339672
v -5.836994 0.937280 0.423885
v -5.976239 0.937280 0.344695
v -6.055512 0.893402 0.358976
v -6.034051 0.937280 0.371875
v -5.918032 0.937280 0.541271
v -5.804369 0.893402 0.423107
v -5.907589 0.893402 0.567498
v -5.994434 0.937280 0.540244
v -6.004954 0.893402 0.566182
v -6.081513 0.937280 0.521497
v -6.115929 0.893402 0.543056
v -6.093252 0.937280 0.405341
v -6.130939 0.893402 0.400117
v -5.506032 0.893401 -0.121734
v -5.490218 0.937280 -0.112306
v -5.567135 0.893401 -0.047523
v -5.319198 0.937280 -0.080266
v -5.320837 0.893401 -0.088259
v -5.277954 0.937280 0.098164
v -5.556351 0.937280 -0.042960
v -5.609157 0.893401 0.071283
v -5.585542 0.937280 0.072960
v -5.533999 0.893401 0.305768
v -5.516236 0.937280 0.297938
v -5.178883 0.893402 0.374332
v -5.188305 0.937280 0.363574
v -5.038085 0.893401 0.331562
v -5.058255 0.937280 0.322470
v -4.978873 0.893401 0.203325
v -5.003515 0.937280 0.199387
v -5.089179 0.937280 0.014195
v -5.071723 0.893401 0.010294
v -6.191426 0.893401 0.223503
v -6.206831 0.937280 0.229952
v -6.267871 0.893401 0.145635
v -6.197327 0.937280 0.340928
v -6.180990 0.893402 0.341313
v -6.287097 0.937280 0.345162
v -6.277071 0.937280 0.146592
v -6.468091 0.893401 0.077110
v -6.459775 0.937280 0.092140
v -6.425697 0.937280 0.355618
v -6.284384 0.937280 0.508437
v -6.276125 0.893402 0.519097
v -6.408716 0.937280 0.564873
v -6.412067 0.893402 0.578958
v -6.497444 0.937280 0.539125
v -6.509107 0.893402 0.551590
v -6.577849 0.937280 0.369282
v -6.526128 0.937280 0.136270
v -6.540633 0.893401 0.123930
v -6.597101 0.893402 0.371263
v -0.561515 0.893401 -0.651699
v -0.546406 0.937280 -0.636881
v -0.631064 0.893401 -0.566391
v -0.429778 0.937280 -0.643298
v -0.411770 0.893401 -0.658584
v -0.372652 0.937280 -0.584678
v -0.600717 0.937280 -0.559755
v -0.638488 0.893401 -0.464239
v -0.606678 0.937280 -0.467504
v -0.339749 0.937280 -0.498194
v -0.338269 0.893401 -0.593557
v -0.295801 0.893401 -0.497720
v -0.431118 0.937280 -0.402204
v -0.412889 0.893401 -0.391591
v -0.502900 0.937280 -0.304360
v -0.504820 0.893401 -0.283371
v -0.626235 0.937280 -0.369366
v -0.663357 0.893401 -0.355595
v 0.614539 0.893402 0.387222
v 0.606004 0.937280 0.400111
v 0.456234 0.893402 0.409359
v 0.668817 0.937280 0.415705
v 0.684488 0.893402 0.404621
v 0.693319 0.937280 0.593297
v 0.463850 0.937280 0.419947
v 0.293459 0.893402 0.488563
v 0.317683 0.937280 0.490919
v 0.530117 0.937280 0.645992
v 0.711769 0.893402 0.600775
v 0.530025 0.893402 0.659576
v 0.385530 0.937280 0.616293
v 0.369012 0.893402 0.626442
v 0.130903 0.893401 -0.239155
v 0.146008 0.937280 -0.233418
v 0.126300 0.893401 -0.140724
v 0.182042 0.937280 -0.304655
v 0.172726 0.893401 -0.317917
v 0.318919 0.937280 -0.311371
v 0.141995 0.937280 -0.144417
v 0.151920 0.893401 0.027057
v 0.163956 0.937280 0.007271
v 0.356636 0.937280 -0.186990
v 0.331772 0.893401 -0.325248
v 0.375681 0.893401 -0.187657
v 0.330865 0.937280 -0.013420
v 0.345853 0.893401 0.004291
v -1.352357 0.893401 -0.647138
v -1.344250 0.937280 -0.642825
v -1.391753 0.893401 -0.533712
v -1.323479 0.937280 -0.666193
v -1.329342 0.893401 -0.672181
v -1.204855 0.937280 -0.657878
v -1.381442 0.937280 -0.534034
v -1.341935 0.893401 -0.348476
v -1.334934 0.937280 -0.359382
v -1.150788 0.937280 -0.601096
v -1.197845 0.893401 -0.663212
v -1.137885 0.893401 -0.602314
v -1.203376 0.937280 -0.351991
v -1.196100 0.893401 -0.340494
v -1.493188 0.893401 -0.118552
v -1.512019 0.937280 -0.111993
v -1.564734 0.893401 -0.195444
v -1.489286 0.937280 0.025267
v -1.467902 0.893401 0.025149
v -1.588303 0.937280 0.030549
v -1.576536 0.937280 -0.185398
v -1.786579 0.893401 -0.228982
v -1.776713 0.937280 -0.217281
v -1.758355 0.937280 0.043316
v -1.567870 0.937280 0.252048
v -1.554824 0.893401 0.262478
v -1.737308 0.937280 0.301856
v -1.742550 0.893401 0.314479
v -1.846204 0.937280 0.269949
v -1.863244 0.893401 0.280990
v -1.896469 0.937280 0.060677
v -1.858084 0.937280 -0.162833
v -1.876712 0.893401 -0.172053
v -1.919090 0.893401 0.061884
v -1.135698 0.893401 0.268747
v -1.151101 0.937280 0.275196
v -1.212141 0.893401 0.190880
v -1.141597 0.937280 0.386172
v -1.125260 0.893402 0.386557
v -1.231367 0.937280 0.390406
v -1.221341 0.937280 0.191837
v -1.412360 0.893401 0.122354
v -1.404046 0.937280 0.137384
v -1.369967 0.937280 0.400862
v -1.228655 0.937280 0.553681
v -1.220396 0.893402 0.564342
v -1.352987 0.937280 0.610117
v -1.356338 0.893402 0.624202
v -1.441715 0.937280 0.584369
v -1.453378 0.893402 0.596834
v -1.522120 0.937280 0.414526
v -1.470398 0.937280 0.181514
v -1.484904 0.893401 0.169174
v -1.541372 0.893402 0.416507
v 2.041969 0.889409 -0.658351
v 2.050327 0.957454 -0.645710
v 1.985853 0.886215 -0.585574
v 2.144428 0.962810 -0.651185
v 2.162792 0.896287 -0.664225
v 2.190521 0.965434 -0.601175
v 2.006505 0.954960 -0.579913
v 1.979863 0.885874 -0.498427
v 2.001695 0.954686 -0.501212
v 2.217069 0.966945 -0.527395
v 2.222098 0.899662 -0.608750
v 2.256362 0.901613 -0.526990
v 2.143347 0.962749 -0.445504
v 2.161889 0.896236 -0.436450
v 2.085429 0.959452 -0.362032
v 2.087714 0.892013 -0.344126
v 1.985916 0.953788 -0.417489
v 1.959798 0.884732 -0.405741
v 1.875103 0.893402 0.618125
v 1.844064 0.960861 0.638490
v 1.704851 0.893402 0.625129
v 1.872908 0.960861 0.655627
v 1.911867 0.893402 0.639231
v 1.849707 0.960861 0.723445
v 1.710462 0.937280 0.644255
v 1.631189 0.893402 0.658536
v 1.652650 0.937280 0.671435
v 1.768669 0.960861 0.840831
v 1.882331 0.893402 0.722667
v 1.779112 0.893402 0.867058
v 1.692267 0.937281 0.839803
v 1.681748 0.893402 0.865742
v 1.605188 0.937280 0.821057
v 1.570772 0.893402 0.842616
v 1.593449 0.937280 0.704901
v 1.555762 0.893402 0.699676
v 2.028151 0.896667 0.023165
v 2.044044 0.964595 0.031742
v 1.981138 0.892517 0.126618
v 2.244116 0.971292 0.017213
v 2.244457 0.903945 0.006030
v 2.341128 0.969405 0.209528
v 1.990026 0.960328 0.131123
v 1.968166 0.888272 0.275506
v 1.990554 0.956694 0.272852
v 2.119051 0.886693 0.521954
v 2.132190 0.955059 0.510150
v 2.535073 0.900560 0.494116
v 2.517027 0.967816 0.487106
v 2.680035 0.907493 0.402833
v 2.650467 0.974252 0.400956
v 2.709503 0.912670 0.237971
v 2.676417 0.979132 0.243348
v 2.527883 0.979247 0.056596
v 2.550709 0.912637 0.044382
v 1.273370 0.893401 -0.206129
v 1.289103 0.937280 -0.220786
v 1.347958 0.893401 -0.081166
v 1.252455 0.937280 -0.389325
v 1.234643 0.893401 -0.389501
v 1.512550 0.937280 -0.398145
v 1.359614 0.937280 -0.105916
v 1.567725 0.893401 -0.096258
v 1.567244 0.937280 -0.119718
v 1.719952 0.893401 -0.130758
v 1.711055 0.960861 -0.151378
v 1.819999 0.893401 -0.334240
v 1.806371 0.960861 -0.338361
v 1.673112 0.960861 -0.393676
v 1.802168 0.960861 -0.558560
v 1.816543 0.893401 -0.573839
v 1.730721 0.893401 -0.675108
v 1.720630 0.960861 -0.663675
v 1.508279 0.937280 -0.691579
v 1.300569 0.937280 -0.611163
v 1.287052 0.893401 -0.627002
v 1.505523 0.893401 -0.717069
v 1.395474 0.893401 0.285281
v 1.380070 0.937280 0.292902
v 1.319030 0.893401 0.193260
v 1.389575 0.937280 0.424049
v 1.405911 0.893402 0.424504
v 1.299804 0.937280 0.429052
v 1.309831 0.937280 0.194391
v 1.118811 0.893401 0.112279
v 1.127126 0.937280 0.130041
v 1.161204 0.937280 0.441409
v 1.302517 0.937280 0.622004
v 1.310776 0.893402 0.634603
v 1.178185 0.937280 0.688698
v 1.174834 0.893402 0.705344
v 1.089457 0.937280 0.658270
v 1.077794 0.893402 0.673002
v 1.009052 0.937280 0.457557
v 1.060773 0.937280 0.182192
v 1.046268 0.893401 0.167609
v 0.989800 0.893402 0.459897
vt 0.2295 -4.9482
vt 0.5674 -4.9541
vt 0.5410 -4.5811
vt 0.3223 -4.5879
vt 0.2666 -4.2227
vt 0.6855 -4.1914
vt 0.6113 -3.8535
vt 0.3555 -3.8535
vt 0.6113 -3.4844
vt 0.2764 -3.4824
vt 0.6582 -3.1152
vt 0.1875 -3.1279
vt 0.2852 -2.7500
vt 0.6309 -2.7480
vt 0.3584 -2.4404
vt 0.6553 -2.4609
vt 0.2520 -2.0713
vt 0.6455 -2.0752
vt 0.6816 -1.7090
vt 0.3408 -1.7090
vt 0.3564 -1.3418
vt 0.6885 -1.3213
vt 0.5889 -0.9463
vt 0.3613 -0.9834
vt 0.6553 -0.6094
vt 0.2754 -0.6113
vt 0.5439 -0.2393
vt 0.2285 -0.2832
vt 0.2812 0.1143
vt 0.6240 0.1250
vt 0.6719 0.4902
vt 0.3057 0.4961
vt 0.5928 0.8584
vt 0.2549 0.8594
vt 0.6846 1.2236
vt 0.2441 1.2246
vt 0.3428 1.6631
vt 0.6738 1.6660
vt 0.7773 -0.9570
vt 0.7705 -0.8955
vt 0.7598 -0.9463
vt 0.6240 -0.9648
vt 0.7539 -0.8984
vt 0.6396 -0.9521
vt 0.6348 -0.9209
vt 0.6182 -0.9258
vt 0.7412 -0.8574
vt 0.6387 -0.8643
vt 0.6230 -0.8516
vt 0.7539 -0.8438
vt 0.7773 -0.9570
vt 0.7705 -0.8955
vt 0.7598 -0.9463
vt 0.6240 -0.9648
vt 0.7539 -0.8984
vt 0.6396 -0.9521
vt 0.6348 -0.9209
vt 0.6182 -0.9258
vt 0.7412 -0.8574
vt 0.6387 -0.8643
vt 0.6230 -0.8516
vt 0.7539 -0.8438
vt 0.7773 -0.9570
vt 0.7705 -0.8955
vt 0.7598 -0.9463
vt 0.6240 -0.9648
vt 0.7539 -0.8984
vt 0.6396 -0.9521
vt 0.6348 -0.9209
vt 0.6182 -0.9258
vt 0.7412 -0.8574
vt 0.6387 -0.8643
vt 0.6230 -0.8516
vt 0.7539 -0.8438
vt 0.7773 -0.9570
vt 0.7705 -0.8955
vt 0.7598 -0.9463
vt 0.6240 -0.9648
vt 0.7539 -0.8984
vt 0.6396 -0.9521
vt 0.6348 -0.9209
vt 0.6182 -0.9258
vt 0.7412 -0.8574
vt 0.6387 -0.8643
vt 0.6230 -0.8516
vt 0.7539 -0.8438
vt 0.7773 -0.9570
vt 0.7705 -0.8955
vt 0.7598 -0.9463
vt 0.6240 -0.9648
vt 0.7539 -0.8984
vt 0.6396 -0.9521
vt 0.6348 -0.9209
vt 0.6182 -0.9258
vt 0.7412 -0.8574
vt 0.6387 -0.8643
vt 0.6230 -0.8516
vt 0.7539 -0.8438
vt 0.4580 -0.9082
vt 0.4971 -0.8564
vt 0.4482 -0.8994
vt 0.4170 -0.9512
vt 0.4189 -0.9727
vt 0.4355 -0.8574
vt 0.4795 -0.8594
vt 0.4951 -0.8115
vt 0.4775 -0.8232
vt 0.4590 -0.7803
vt 0.4482 -0.7979
vt 0.3848 -0.8691
vt 0.3965 -0.9590
vt 0.3936 -0.9814
vt 0.3633 -0.9521
vt 0.3516 -0.9736
vt 0.3467 -0.8809
vt 0.3311 -0.8838
vt 0.3320 -0.8291
vt 0.3125 -0.8193
vt 0.3691 -0.8057
vt 0.4043 -0.7959
vt 0.4043 -0.7783
vt 0.3594 -0.7900
vt 0.7451 -0.5068
vt 0.7178 -0.4893
vt 0.7344 -0.5107
vt 0.7363 -0.5391
vt 0.7480 -0.5439
vt 0.7207 -0.5537
vt 0.7139 -0.4971
vt 0.6865 -0.4883
vt 0.6885 -0.4961
vt 0.6973 -0.5625
vt 0.7275 -0.5625
vt 0.6982 -0.5732
vt 0.6719 -0.5400
vt 0.6641 -0.5449
vt 0.6455 -0.5225
vt 0.6299 -0.5225
vt 0.6621 -0.4912
vt 0.6523 -0.4824
vt 0.2949 -0.4580
vt 0.2920 -0.3926
vt 0.2842 -0.4424
vt 0.2793 -0.4531
vt 0.2881 -0.4717
vt 0.2500 -0.4492
vt 0.2822 -0.3955
vt 0.2803 -0.3643
vt 0.2744 -0.3750
vt 0.2236 -0.4170
vt 0.2510 -0.4648
vt 0.2109 -0.4219
vt 0.2236 -0.3896
vt 0.2109 -0.3848
vt 0.2285 -0.3584
vt 0.2178 -0.3418
vt 0.2637 -0.3545
vt 0.2656 -0.3350
vt 0.4893 -0.5742
vt 0.4619 -0.5430
vt 0.4736 -0.5859
vt 0.4570 -0.6465
vt 0.4707 -0.6455
vt 0.3916 -0.6611
vt 0.4512 -0.5557
vt 0.4023 -0.5352
vt 0.3994 -0.5537
vt 0.3037 -0.5654
vt 0.3174 -0.5791
vt 0.2773 -0.7021
vt 0.2949 -0.6943
vt 0.2959 -0.7559
vt 0.3105 -0.7393
vt 0.3496 -0.7783
vt 0.3555 -0.7578
vt 0.4238 -0.7275
vt 0.4307 -0.7422
vt 0.5449 -0.2959
vt 0.4971 -0.3223
vt 0.5537 -0.3076
vt 0.6143 -0.2959
vt 0.6152 -0.2822
vt 0.6191 -0.3779
vt 0.5117 -0.3311
vt 0.5039 -0.3975
vt 0.5176 -0.3965
vt 0.5176 -0.4502
vt 0.5303 -0.4424
vt 0.5967 -0.4775
vt 0.5986 -0.4668
vt 0.6182 -0.4287
vt 0.6787 -0.4688
vt 0.6885 -0.4814
vt 0.7207 -0.4512
vt 0.7100 -0.4434
vt 0.7197 -0.3760
vt 0.6797 -0.3184
vt 0.6895 -0.3076
vt 0.7354 -0.3740
vt 0.3828 -0.3076
vt 0.4150 -0.2773
vt 0.3730 -0.2930
vt 0.3340 -0.2969
vt 0.3330 -0.3125
vt 0.3320 -0.2666
vt 0.4023 -0.2695
vt 0.4424 -0.2002
vt 0.4219 -0.2080
vt 0.3281 -0.2197
vt 0.2734 -0.2686
vt 0.2578 -0.2764
vt 0.2529 -0.2266
vt 0.2324 -0.2246
vt 0.2617 -0.1963
vt 0.2432 -0.1865
vt 0.3223 -0.1689
vt 0.4053 -0.1855
vt 0.4229 -0.1729
vt 0.3184 -0.1523
vt 0.4580 -0.9082
vt 0.4971 -0.8564
vt 0.4482 -0.8994
vt 0.4170 -0.9512
vt 0.4189 -0.9727
vt 0.4355 -0.8574
vt 0.4795 -0.8594
vt 0.4951 -0.8115
vt 0.4775 -0.8232
vt 0.4590 -0.7803
vt 0.4482 -0.7979
vt 0.3848 -0.8691
vt 0.3965 -0.9590
vt 0.3936 -0.9814
vt 0.3633 -0.9521
vt 0.3516 -0.9736
vt 0.3467 -0.8809
vt 0.3311 -0.8838
vt 0.3320 -0.8291
vt 0.3125 -0.8193
vt 0.3691 -0.8057
vt 0.4043 -0.7959
vt 0.4043 -0.7783
vt 0.3594 -0.7900
vt 0.1406 -0.4941
vt 0.0889 -0.4863
vt 0.1279 -0.5020
vt 0.1152 -0.5645
vt 0.1250 -0.5732
vt 0.0859 -0.4961
vt 0.0957 -0.5732
vt 0.0996 -0.5830
vt 0.0322 -0.5684
vt 0.0107 -0.4961
vt -0.0068 -0.4873
vt 0.0195 -0.5771
vt 0.6279 -0.5293
vt 0.6289 -0.5137
vt 0.6143 -0.5400
vt 0.5781 -0.7412
vt 0.5840 -0.7529
vt 0.4570 -0.7227
vt 0.5596 -0.7705
vt 0.5625 -0.7861
vt 0.4844 -0.7695
vt 0.4717 -0.7920
vt 0.4395 -0.7324
vt 0.5205 -0.5107
vt 0.5156 -0.4971
vt 0.5469 -0.5039
vt 0.6123 -0.5195
vt 0.5469 -0.4902
vt 0.7295 -0.1943
vt 0.7002 -0.1855
vt 0.7227 -0.2012
vt 0.7314 -0.2080
vt 0.7402 -0.2031
vt 0.7285 -0.2471
vt 0.7002 -0.1943
vt 0.6348 -0.1992
vt 0.6484 -0.2051
vt 0.7090 -0.2656
vt 0.7373 -0.2539
vt 0.7119 -0.2773
vt 0.6465 -0.2490
vt 0.6318 -0.2559
vt 0.2949 -0.4580
vt 0.2920 -0.3926
vt 0.2842 -0.4424
vt 0.2793 -0.4531
vt 0.2881 -0.4717
vt 0.2500 -0.4492
vt 0.2822 -0.3955
vt 0.2803 -0.3643
vt 0.2744 -0.3750
vt 0.2236 -0.4170
vt 0.2510 -0.4648
vt 0.2109 -0.4219
vt 0.2236 -0.3896
vt 0.2109 -0.3848
vt 0.2285 -0.3584
vt 0.2178 -0.3418
vt 0.2637 -0.3545
vt 0.2656 -0.3350
vt 0.5254 -0.1484
vt 0.5518 -0.1260
vt 0.5195 -0.1416
vt 0.4756 -0.1494
vt 0.4756 -0.1562
vt 0.4736 -0.1191
vt 0.5430 -0.1221
vt 0.5615 -0.0566
vt 0.5527 -0.0605
vt 0.4688 -0.0664
vt 0.4023 -0.1260
vt 0.3936 -0.1309
vt 0.3857 -0.0742
vt 0.3750 -0.0723
vt 0.3955 -0.0410
vt 0.3857 -0.0352
vt 0.4629 -0.0244
vt 0.5352 -0.0352
vt 0.5420 -0.0293
vt 0.4609 -0.0166
vt 0.7451 -0.5068
vt 0.7178 -0.4893
vt 0.7344 -0.5107
vt 0.7363 -0.5391
vt 0.7480 -0.5439
vt 0.7207 -0.5537
vt 0.7139 -0.4971
vt 0.6865 -0.4883
vt 0.6885 -0.4961
vt 0.6973 -0.5625
vt 0.7275 -0.5625
vt 0.6982 -0.5732
vt 0.6719 -0.5400
vt 0.6641 -0.5449
vt 0.6455 -0.5225
vt 0.6299 -0.5225
vt 0.6621 -0.4912
vt 0.6523 -0.4824
vt 0.1406 -0.4941
vt 0.0889 -0.4863
vt 0.1279 -0.5020
vt 0.1152 -0.5645
vt 0.1250 -0.5732
vt 0.0859 -0.4961
vt 0.0957 -0.5732
vt 0.0996 -0.5830
vt 0.0322 -0.5684
vt 0.0107 -0.4961
vt -0.0068 -0.4873
vt 0.0195 -0.5771
vt 0.2949 -0.4580
vt 0.2920 -0.3926
vt 0.2842 -0.4424
vt 0.2793 -0.4531
vt 0.2881 -0.4717
vt 0.2500 -0.4492
vt 0.2822 -0.3955
vt 0.2803 -0.3643
vt 0.2744 -0.3750
vt 0.2236 -0.4170
vt 0.2510 -0.4648
vt 0.2109 -0.4219
vt 0.2236 -0.3896
vt 0.2109 -0.3848
vt 0.2285 -0.3584
vt 0.2178 -0.3418
vt 0.2637 -0.3545
vt 0.2656 -0.3350
vt 0.4893 -0.5742
vt 0.4619 -0.5430
vt 0.4736 -0.5859
vt 0.4570 -0.6465
vt 0.4707 -0.6455
vt 0.3916 -0.6611
vt 0.4512 -0.5557
vt 0.4023 -0.5352
vt 0.3994 -0.5537
vt 0.3037 -0.5654
vt 0.3174 -0.5791
vt 0.2773 -0.7021
vt 0.2949 -0.6943
vt 0.2959 -0.7559
vt 0.3105 -0.7393
vt 0.3496 -0.7783
vt 0.3555 -0.7578
vt 0.4238 -0.7275
vt 0.4307 -0.7422
vt 0.5449 -0.2959
vt 0.4971 -0.3223
vt 0.5537 -0.3076
vt 0.6143 -0.2959
vt 0.6152 -0.2822
vt 0.6191 -0.3779
vt 0.5117 -0.3311
vt 0.5039 -0.3975
vt 0.5176 -0.3965
vt 0.5176 -0.4502
vt 0.5303 -0.4424
vt 0.5967 -0.4775
vt 0.5986 -0.4668
vt 0.6182 -0.4287
vt 0.6787 -0.4688
vt 0.6885 -0.4814
vt 0.7207 -0.4512
vt 0.7100 -0.4434
vt 0.7197 -0.3760
vt 0.6797 -0.3184
vt 0.6895 -0.3076
vt 0.7354 -0.3740
vt 0.4785 -0.4639
vt 0.4912 -0.4443
vt 0.4688 -0.4570
vt 0.3408 -0.4619
vt 0.3330 -0.4697
vt 0.4834 -0.4395
vt 0.3145 -0.4492
vt 0.3027 -0.4551
vt 0.3096 -0.4150
vt 0.2891 -0.4170
vt 0.4814 -0.3672
vt 0.4932 -0.3613
vt 0.4736 -0.3232
vt 0.4639 -0.3340
vt 0.3145 -0.3428
vt 0.3027 -0.3340
vt 0.3828 -0.3076
vt 0.4150 -0.2773
vt 0.3730 -0.2930
vt 0.3340 -0.2969
vt 0.3330 -0.3125
vt 0.3320 -0.2666
vt 0.4023 -0.2695
vt 0.4424 -0.2002
vt 0.4219 -0.2080
vt 0.3281 -0.2197
vt 0.2734 -0.2686
vt 0.2578 -0.2764
vt 0.2529 -0.2266
vt 0.2324 -0.2246
vt 0.2617 -0.1963
vt 0.2432 -0.1865
vt 0.3223 -0.1689
vt 0.4053 -0.1855
vt 0.4229 -0.1729
vt 0.3184 -0.1523
vt 0.7451 -0.5068
vt 0.7178 -0.4893
vt 0.7344 -0.5107
vt 0.7363 -0.5391
vt 0.7480 -0.5439
vt 0.7207 -0.5537
vt 0.7139 -0.4971
vt 0.6865 -0.4883
vt 0.6885 -0.4961
vt 0.6973 -0.5625
vt 0.7275 -0.5625
vt 0.6982 -0.5732
vt 0.6719 -0.5400
vt 0.6641 -0.5449
vt 0.6455 -0.5225
vt 0.6299 -0.5225
vt 0.6621 -0.4912
vt 0.6523 -0.4824
vt 0.5449 -0.2959
vt 0.4971 -0.3223
vt 0.5537 -0.3076
vt 0.6143 -0.2959
vt 0.6152 -0.2822
vt 0.6191 -0.3779
vt 0.5117 -0.3311
vt 0.5039 -0.3975
vt 0.5176 -0.3965
vt 0.5176 -0.4502
vt 0.5303 -0.4424
vt 0.5967 -0.4775
vt 0.5986 -0.4668
vt 0.6182 -0.4287
vt 0.6787 -0.4688
vt 0.6885 -0.4814
vt 0.7207 -0.4512
vt 0.7100 -0.4434
vt 0.7197 -0.3760
vt 0.6797 -0.3184
vt 0.6895 -0.3076
vt 0.7354 -0.3740
vt 0.4785 -0.4639
vt 0.4912 -0.4443
vt 0.4688 -0.4570
vt 0.3408 -0.4619
vt 0.3330 -0.4697
vt 0.4834 -0.4395
vt 0.3145 -0.4492
vt 0.3027 -0.4551
vt 0.3096 -0.4150
vt 0.2891 -0.4170
vt 0.4814 -0.3672
vt 0.4932 -0.3613
vt 0.4736 -0.3232
vt 0.4639 -0.3340
vt 0.3145 -0.3428
vt 0.3027 -0.3340
vt 0.4580 -0.9082
vt 0.4971 -0.8564
vt 0.4482 -0.8994
vt 0.4170 -0.9512
vt 0.4189 -0.9727
vt 0.4355 -0.8574
vt 0.4795 -0.8594
vt 0.4951 -0.8115
vt 0.4775 -0.8232
vt 0.4590 -0.7803
vt 0.4482 -0.7979
vt 0.3848 -0.8691
vt 0.3965 -0.9590
vt 0.3936 -0.9814
vt 0.3633 -0.9521
vt 0.3516 -0.9736
vt 0.3467 -0.8809
vt 0.3311 -0.8838
vt 0.3320 -0.8291
vt 0.3125 -0.8193
vt 0.3691 -0.8057
vt 0.4043 -0.7959
vt 0.4043 -0.7783
vt 0.3594 -0.7900
vt 0.7451 -0.5068
vt 0.7178 -0.4893
vt 0.7344 -0.5107
vt 0.7363 -0.5391
vt 0.7480 -0.5439
vt 0.7207 -0.5537
vt 0.7139 -0.4971
vt 0.6865 -0.4883
vt 0.6885 -0.4961
vt 0.6973 -0.5625
vt 0.7275 -0.5625
vt 0.6982 -0.5732
vt 0.6719 -0.5400
vt 0.6641 -0.5449
vt 0.6455 -0.5225
vt 0.6299 -0.5225
vt 0.6621 -0.4912
vt 0.6523 -0.4824
vt 0.1406 -0.4941
vt 0.0889 -0.4863
vt 0.1279 -0.5020
vt 0.1152 -0.5645
vt 0.1250 -0.5732
vt 0.0859 -0.4961
vt 0.0957 -0.5732
vt 0.0996 -0.5830
vt 0.0322 -0.5684
vt 0.0107 -0.4961
vt -0.0068 -0.4873
vt 0.0195 -0.5771
vt 0.2715 -0.7676
vt 0.2676 -0.7363
vt 0.2646 -0.7656
vt 0.2588 -0.7881
vt 0.2705 -0.7979
vt 0.2158 -0.7979
vt 0.2627 -0.7383
vt 0.2432 -0.6836
vt 0.2402 -0.6943
vt 0.1934 -0.7637
vt 0.2129 -0.8066
vt 0.1865 -0.7656
vt 0.1904 -0.7109
vt 0.1826 -0.7031
vt 0.6279 -0.5293
vt 0.6289 -0.5137
vt 0.6143 -0.5400
vt 0.5781 -0.7412
vt 0.5840 -0.7529
vt 0.4570 -0.7227
vt 0.5596 -0.7705
vt 0.5625 -0.7861
vt 0.4844 -0.7695
vt 0.4717 -0.7920
vt 0.4395 -0.7324
vt 0.5205 -0.5107
vt 0.5156 -0.4971
vt 0.5469 -0.5039
vt 0.6123 -0.5195
vt 0.5469 -0.4902
vt 0.7295 -0.1943
vt 0.7002 -0.1855
vt 0.7227 -0.2012
vt 0.7314 -0.2080
vt 0.7402 -0.2031
vt 0.7285 -0.2471
vt 0.7002 -0.1943
vt 0.6348 -0.1992
vt 0.6484 -0.2051
vt 0.7090 -0.2656
vt 0.7373 -0.2539
vt 0.7119 -0.2773
vt 0.6465 -0.2490
vt 0.6318 -0.2559
vt 0.2949 -0.4580
vt 0.2920 -0.3926
vt 0.2842 -0.4424
vt 0.2793 -0.4531
vt 0.2881 -0.4717
vt 0.2500 -0.4492
vt 0.2822 -0.3955
vt 0.2803 -0.3643
vt 0.2744 -0.3750
vt 0.2236 -0.4170
vt 0.2510 -0.4648
vt 0.2109 -0.4219
vt 0.2236 -0.3896
vt 0.2109 -0.3848
vt 0.2285 -0.3584
vt 0.2178 -0.3418
vt 0.2637 -0.3545
vt 0.2656 -0.3350
vt 0.4580 -0.9082
vt 0.4971 -0.8564
vt 0.4482 -0.8994
vt 0.4170 -0.9512
vt 0.4189 -0.9727
vt 0.4355 -0.8574
vt 0.4795 -0.8594
vt 0.4951 -0.8115
vt 0.4775 -0.8232
vt 0.4590 -0.7803
vt 0.4482 -0.7979
vt 0.3848 -0.8691
vt 0.3965 -0.9590
vt 0.3936 -0.9814
vt 0.3633 -0.9521
vt 0.3516 -0.9736
vt 0.3467 -0.8809
vt 0.3311 -0.8838
vt 0.3320 -0.8291
vt 0.3125 -0.8193
vt 0.3691 -0.8057
vt 0.4043 -0.7959
vt 0.4043 -0.7783
vt 0.3594 -0.7900
vt 0.5254 -0.1484
vt 0.5518 -0.1260
vt 0.5195 -0.1416
vt 0.4756 -0.1494
vt 0.4756 -0.1562
vt 0.4736 -0.1191
vt 0.5430 -0.1221
vt 0.5615 -0.0566
vt 0.5527 -0.0605
vt 0.4688 -0.0664
vt 0.4023 -0.1260
vt 0.3936 -0.1309
vt 0.3857 -0.0742
vt 0.3750 -0.0723
vt 0.3955 -0.0410
vt 0.3857 -0.0352
vt 0.4629 -0.0244
vt 0.5352 -0.0352
vt 0.5420 -0.0293
vt 0.4609 -0.0166
vt 0.5625 -0.7910
vt 0.5361 -0.7910
vt 0.5586 -0.7979
vt 0.5742 -0.8057
vt 0.5850 -0.8018
vt 0.5762 -0.8369
vt 0.5381 -0.7979
vt 0.4893 -0.7979
vt 0.5029 -0.8027
vt 0.5479 -0.8457
vt 0.5869 -0.8438
vt 0.5498 -0.8555
vt 0.5078 -0.8408
vt 0.4961 -0.8477
vt 0.2715 -0.7676
vt 0.2676 -0.7363
vt 0.2646 -0.7656
vt 0.2588 -0.7881
vt 0.2705 -0.7979
vt 0.2158 -0.7979
vt 0.2627 -0.7383
vt 0.2432 -0.6836
vt 0.2402 -0.6943
vt 0.1934 -0.7637
vt 0.2129 -0.8066
vt 0.1865 -0.7656
vt 0.1904 -0.7109
vt 0.1826 -0.7031
vt 0.7295 -0.1943
vt 0.7002 -0.1855
vt 0.7227 -0.2012
vt 0.7314 -0.2080
vt 0.7402 -0.2031
vt 0.7285 -0.2471
vt 0.7002 -0.1943
vt 0.6348 -0.1992
vt 0.6484 -0.2051
vt 0.7090 -0.2656
vt 0.7373 -0.2539
vt 0.7119 -0.2773
vt 0.6465 -0.2490
vt 0.6318 -0.2559
vt 0.2949 -0.4580
vt 0.2920 -0.3926
vt 0.2842 -0.4424
vt 0.2793 -0.4531
vt 0.2881 -0.4717
vt 0.2500 -0.4492
vt 0.2822 -0.3955
vt 0.2803 -0.3643
vt 0.2744 -0.3750
vt 0.2236 -0.4170
vt 0.2510 -0.4648
vt 0.2109 -0.4219
vt 0.2236 -0.3896
vt 0.2109 -0.3848
vt 0.2285 -0.3584
vt 0.2178 -0.3418
vt 0.2637 -0.3545
vt 0.2656 -0.3350
vt 0.4893 -0.5742
vt 0.4619 -0.5430
vt 0.4736 -0.5859
vt 0.4570 -0.6465
vt 0.4707 -0.6455
vt 0.3916 -0.6611
vt 0.4512 -0.5557
vt 0.4023 -0.5352
vt 0.3994 -0.5537
vt 0.3037 -0.5654
vt 0.3174 -0.5791
vt 0.2773 -0.7021
vt 0.2949 -0.6943
vt 0.2959 -0.7559
vt 0.3105 -0.7393
vt 0.3496 -0.7783
vt 0.3555 -0.7578
vt 0.4238 -0.7275
vt 0.4307 -0.7422
vt 0.5254 -0.1484
vt 0.5518 -0.1260
vt 0.5195 -0.1416
vt 0.4756 -0.1494
vt 0.4756 -0.1562
vt 0.4736 -0.1191
vt 0.5430 -0.1221
vt 0.5615 -0.0566
vt 0.5527 -0.0605
vt 0.4688 -0.0664
vt 0.4023 -0.1260
vt 0.3936 -0.1309
vt 0.3857 -0.0742
vt 0.3750 -0.0723
vt 0.3955 -0.0410
vt 0.3857 -0.0352
vt 0.4629 -0.0244
vt 0.5352 -0.0352
vt 0.5420 -0.0293
vt 0.4609 -0.0166
vt 0.7451 -0.5068
vt 0.7178 -0.4893
vt 0.7344 -0.5107
vt 0.7363 -0.5391
vt 0.7480 -0.5439
vt 0.7207 -0.5537
vt 0.7139 -0.4971
vt 0.6865 -0.4883
vt 0.6885 -0.4961
vt 0.6973 -0.5625
vt 0.7275 -0.5625
vt 0.6982 -0.5732
vt 0.6719 -0.5400
vt 0.6641 -0.5449
vt 0.6455 -0.5225
vt 0.6299 -0.5225
vt 0.6621 -0.4912
vt 0.6523 -0.4824
vt 0.3115 -0.9570
vt 0.3018 -0.8955
vt 0.3018 -0.9502
vt 0.2969 -0.9717
vt 0.3047 -0.9834
vt 0.2363 -0.9805
vt 0.2939 -0.9014
vt 0.2676 -0.8340
vt 0.2666 -0.8516
vt 0.2158 -0.9248
vt 0.2305 -0.9951
vt 0.2041 -0.9258
vt 0.2266 -0.8750
vt 0.2178 -0.8633
vt 0.5625 -0.7910
vt 0.5361 -0.7910
vt 0.5586 -0.7979
vt 0.5742 -0.8057
vt 0.5850 -0.8018
vt 0.5762 -0.8369
vt 0.5381 -0.7979
vt 0.4893 -0.7979
vt 0.5029 -0.8027
vt 0.5479 -0.8457
vt 0.5869 -0.8438
vt 0.5498 -0.8555
vt 0.5078 -0.8408
vt 0.4961 -0.8477
vt 0.2715 -0.7676
vt 0.2676 -0.7363
vt 0.2646 -0.7656
vt 0.2588 -0.7881
vt 0.2705 -0.7979
vt 0.2158 -0.7979
vt 0.2627 -0.7383
vt 0.2432 -0.6836
vt 0.2402 -0.6943
vt 0.1934 -0.7637
vt 0.2129 -0.8066
vt 0.1865 -0.7656
vt 0.1904 -0.7109
vt 0.1826 -0.7031
vt 0.7295 -0.1943
vt 0.7002 -0.1855
vt 0.7227 -0.2012
vt 0.7314 -0.2080
vt 0.7402 -0.2031
vt 0.7285 -0.2471
vt 0.7002 -0.1943
vt 0.6348 -0.1992
vt 0.6484 -0.2051
vt 0.7090 -0.2656
vt 0.7373 -0.2539
vt 0.7119 -0.2773
vt 0.6465 -0.2490
vt 0.6318 -0.2559
vt 0.2949 -0.4580
vt 0.2920 -0.3926
vt 0.2842 -0.4424
vt 0.2793 -0.4531
vt 0.2881 -0.4717
vt 0.2500 -0.4492
vt 0.2822 -0.3955
vt 0.2803 -0.3643
vt 0.2744 -0.3750
vt 0.2236 -0.4170
vt 0.2510 -0.4648
vt 0.2109 -0.4219
vt 0.2236 -0.3896
vt 0.2109 -0.3848
vt 0.2285 -0.3584
vt 0.2178 -0.3418
vt 0.2637 -0.3545
vt 0.2656 -0.3350
vt 0.4893 -0.5742
vt 0.4619 -0.5430
vt 0.4736 -0.5859
vt 0.4570 -0.6465
vt 0.4707 -0.6455
vt 0.3916 -0.6611
vt 0.4512 -0.5557
vt 0.4023 -0.5352
vt 0.3994 -0.5537
vt 0.3037 -0.5654
vt 0.3174 -0.5791
vt 0.2773 -0.7021
vt 0.2949 -0.6943
vt 0.2959 -0.7559
vt 0.3105 -0.7393
vt 0.3496 -0.7783
vt 0.3555 -0.7578
vt 0.4238 -0.7275
vt 0.4307 -0.7422
vt 0.3828 -0.3076
vt 0.4150 -0.2773
vt 0.3730 -0.2930
vt 0.3340 -0.2969
vt 0.3330 -0.3125
vt 0.3320 -0.2666
vt 0.4023 -0.2695
vt 0.4424 -0.2002
vt 0.4219 -0.2080
vt 0.3281 -0.2197
vt 0.2734 -0.2686
vt 0.2578 -0.2764
vt 0.2529 -0.2266
vt 0.2324 -0.2246
vt 0.2617 -0.1963
vt 0.2432 -0.1865
vt 0.3223 -0.1689
vt 0.4053 -0.1855
vt 0.4229 -0.1729
vt 0.3184 -0.1523
vt 0.7451 -0.5068
vt 0.7178 -0.4893
vt 0.7344 -0.5107
vt 0.7363 -0.5391
vt 0.7480 -0.5439
vt 0.7207 -0.5537
vt 0.7139 -0.4971
vt 0.6865 -0.4883
vt 0.6885 -0.4961
vt 0.6973 -0.5625
vt 0.7275 -0.5625
vt 0.6982 -0.5732
vt 0.6719 -0.5400
vt 0.6641 -0.5449
vt 0.6455 -0.5225
vt 0.6299 -0.5225
vt 0.6621 -0.4912
vt 0.6523 -0.4824
vt 0.3115 -0.9570
vt 0.3018 -0.8955
vt 0.3018 -0.9502
vt 0.2969 -0.9717
vt 0.3047 -0.9834
vt 0.2363 -0.9805
vt 0.2939 -0.9014
vt 0.2676 -0.8340
vt 0.2666 -0.8516
vt 0.2158 -0.9248
vt 0.2305 -0.9951
vt 0.2041 -0.9258
vt 0.2266 -0.8750
vt 0.2178 -0.8633
vt 0.5625 -0.7910
vt 0.5361 -0.7910
vt 0.5586 -0.7979
vt 0.5742 -0.8057
vt 0.5850 -0.8018
vt 0.5762 -0.8369
vt 0.5381 -0.7979
vt 0.4893 -0.7979
vt 0.5029 -0.8027
vt 0.5479 -0.8457
vt 0.5869 -0.8438
vt 0.5498 -0.8555
vt 0.5078 -0.8408
vt 0.4961 -0.8477
vt 0.7295 -0.1943
vt 0.7002 -0.1855
vt 0.7227 -0.2012
vt 0.7314 -0.2080
vt 0.7402 -0.2031
vt 0.7285 -0.2471
vt 0.7002 -0.1943
vt 0.6348 -0.1992
vt 0.6484 -0.2051
vt 0.7090 -0.2656
vt 0.7373 -0.2539
vt 0.7119 -0.2773
vt 0.6465 -0.2490
vt 0.6318 -0.2559
vt 0.5254 -0.1484
vt 0.5518 -0.1260
vt 0.5195 -0.1416
vt 0.4756 -0.1494
vt 0.4756 -0.1562
vt 0.4736 -0.1191
vt 0.5430 -0.1221
vt 0.5615 -0.0566
vt 0.5527 -0.0605
vt 0.4688 -0.0664
vt 0.4023 -0.1260
vt 0.3936 -0.1309
vt 0.3857 -0.0742
vt 0.3750 -0.0723
vt 0.3955 -0.0410
vt 0.3857 -0.0352
vt 0.4629 -0.0244
vt 0.5352 -0.0352
vt 0.5420 -0.0293
vt 0.4609 -0.0166
vt 0.3828 -0.3076
vt 0.4150 -0.2773
vt 0.3730 -0.2930
vt 0.3340 -0.2969
vt 0.3330 -0.3125
vt 0.3320 -0.2666
vt 0.4023 -0.2695
vt 0.4424 -0.2002
vt 0.4219 -0.2080
vt 0.3281 -0.2197
vt 0.2734 -0.2686
vt 0.2578 -0.2764
vt 0.2529 -0.2266
vt 0.2324 -0.2246
vt 0.2617 -0.1963
vt 0.2432 -0.1865
vt 0.3223 -0.1689
vt 0.4053 -0.1855
vt 0.4229 -0.1729
vt 0.3184 -0.1523
vt 0.7451 -0.5068
vt 0.7178 -0.4893
vt 0.7344 -0.5107
vt 0.7363 -0.5391
vt 0.7480 -0.5439
vt 0.7207 -0.5537
vt 0.7139 -0.4971
vt 0.6865 -0.4883
vt 0.6885 -0.4961
vt 0.6973 -0.5625
vt 0.7275 -0.5625
vt 0.6982 -0.5732
vt 0.6719 -0.5400
vt 0.6641 -0.5449
vt 0.6455 -0.5225
vt 0.6299 -0.5225
vt 0.6621 -0.4912
vt 0.6523 -0.4824
vt 0.2949 -0.4580
vt 0.2920 -0.3926
vt 0.2842 -0.4424
vt 0.2793 -0.4531
vt 0.2881 -0.4717
vt 0.2500 -0.4492
vt 0.2822 -0.3955
vt 0.2803 -0.3643
vt 0.2744 -0.3750
vt 0.2236 -0.4170
vt 0.2510 -0.4648
vt 0.2109 -0.4219
vt 0.2236 -0.3896
vt 0.2109 -0.3848
vt 0.2285 -0.3584
vt 0.2178 -0.3418
vt 0.2637 -0.3545
vt 0.2656 -0.3350
vt 0.4893 -0.5742
vt 0.4619 -0.5430
vt 0.4736 -0.5859
vt 0.4570 -0.6465
vt 0.4707 -0.6455
vt 0.3916 -0.6611
vt 0.4512 -0.5557
vt 0.4023 -0.5352
vt 0.3994 -0.5537
vt 0.3037 -0.5654
vt 0.3174 -0.5791
vt 0.2773 -0.7021
vt 0.2949 -0.6943
vt 0.2959 -0.7559
vt 0.3105 -0.7393
vt 0.3496 -0.7783
vt 0.3555 -0.7578
vt 0.4238 -0.7275
vt 0.4307 -0.7422
vt 0.5449 -0.2959
vt 0.4971 -0.3223
vt 0.5537 -0.3076
vt 0.6143 -0.2959
vt 0.6152 -0.2822
vt 0.6191 -0.3779
vt 0.5117 -0.3311
vt 0.5039 -0.3975
vt 0.5176 -0.3965
vt 0.5176 -0.4502
vt 0.5303 -0.4424
vt 0.5967 -0.4775
vt 0.5986 -0.4668
vt 0.6182 -0.4287
vt 0.6787 -0.4688
vt 0.6885 -0.4814
vt 0.7207 -0.4512
vt 0.7100 -0.4434
vt 0.7197 -0.3760
vt 0.6797 -0.3184
vt 0.6895 -0.3076
vt 0.7354 -0.3740
vt 0.3828 -0.3076
vt 0.4150 -0.2773
vt 0.3730 -0.2930
vt 0.3340 -0.2969
vt 0.3330 -0.3125
vt 0.3320 -0.2666
vt 0.4023 -0.2695
vt 0.4424 -0.2002
vt 0.4219 -0.2080
vt 0.3281 -0.2197
vt 0.2734 -0.2686
vt 0.2578 -0.2764
vt 0.2529 -0.2266
vt 0.2324 -0.2246
vt 0.2617 -0.1963
vt 0.2432 -0.1865
vt 0.3223 -0.1689
vt 0.4053 -0.1855
vt 0.4229 -0.1729
vt 0.3184 -0.1523
vn -0.4635 0.0111 -0.8860
vn 0.7212 0.0111 0.6926
vn 0.8300 0.0111 -0.5577
vn 0.8148 0.0111 -0.5796
vn 0.7975 0.0111 -0.6032
vn 0.7641 0.0111 -0.6450
vn 0.6949 0.0111 -0.7190
vn 0.7642 0.0111 -0.6449
vn 0.8186 0.0111 -0.5743
vn 0.4361 0.0111 -0.8998
vn 0.6228 0.0111 -0.7823
vn 0.7138 0.0111 -0.7003
vn 0.7821 0.0111 -0.6231
vn 0.7044 0.0111 -0.7097
vn 0.4872 0.0111 -0.8732
vn 0.6710 0.0111 -0.7414
vn 0.7511 0.0111 -0.6600
vn 0.6575 0.0111 -0.7533
vn 0.8095 0.0111 -0.5870
vn 0.9189 0.0111 -0.3943
vn 0.8037 0.0111 -0.5949
vn 0.6824 0.0111 -0.7309
vn 0.7046 0.0111 -0.7095
vn 0.6158 0.0111 -0.7878
vn 0.6759 0.0111 -0.7369
vn 0.6217 0.0111 -0.7832
vn 0.8446 0.0111 -0.5353
vn 0.7983 0.0111 -0.6021
vn 0.6602 0.0111 -0.7510
vn 0.6088 0.0111 -0.7933
vn 0.7071 0.0111 -0.7070
vn 0.5219 0.0111 -0.8530
vn 0.8540 0.0111 -0.5202
vn 0.8176 0.0111 -0.5757
vn 0.5434 0.0111 0.8394
vn -0.7070 0.0111 -0.7071
vn -0.5862 -0.7796 -0.2203
vn 0.7538 -0.5001 -0.4261
vn -0.6089 0.0339 0.7925
vn -0.5552 -0.7863 0.2711
vn -0.0595 0.2260 0.9723
vn -0.8387 -0.1400 -0.5262
vn 0.8690 -0.4804 0.1185
vn 0.8712 -0.3858 0.3035
vn 0.4623 -0.7451 -0.4808
vn -0.2638 -0.7228 -0.6388
vn 0.4251 -0.6625 0.6168
vn 0.5392 -0.8166 -0.2060
vn -0.5862 -0.7796 -0.2202
vn 0.4622 -0.7451 -0.4808
vn 0.4251 -0.6625 0.6167
vn -0.8388 -0.1400 -0.5262
vn 0.8690 -0.4803 0.1186
vn 0.5392 -0.8166 -0.2059
vn 0.5393 -0.8166 -0.2059
vn -0.2817 -0.7361 -0.6154
vn -0.6128 -0.7846 -0.0941
vn -0.8712 0.4054 0.2770
vn 0.3899 -0.4385 0.8098
vn -0.2391 -0.5018 -0.8313
vn -0.6665 0.0111 0.7454
vn -0.3537 0.1679 0.9202
vn 0.6784 -0.7262 -0.1110
vn 0.2834 0.2454 0.9270
vn 0.1188 -0.6130 -0.7811
vn 0.8960 -0.0782 0.4372
vn -0.2980 0.0111 -0.9545
vn 0.3122 -0.9448 0.0993
vn 0.0672 -0.5419 0.8377
vn 0.1078 -0.0989 -0.9892
vn -0.5393 -0.7978 0.2695
vn 0.9406 -0.1894 -0.2817
vn -0.6311 -0.6415 0.4360
vn -0.1431 -0.9891 0.0352
vn 0.6648 -0.7421 0.0853
vn 0.0775 -0.1696 -0.9825
vn -0.3220 -0.7930 -0.5172
vn -0.1440 -0.4073 0.9019
vn -0.1090 -0.4057 0.9075
vn 0.7300 -0.6762 0.0989
vn 0.1087 -0.7036 -0.7022
vn 0.0544 -0.9443 -0.3245
vn 0.5273 -0.0489 0.8483
vn -0.5178 -0.8431 -0.1449
vn 0.3905 -0.6427 0.6591
vn -0.1333 -0.9275 0.3493
vn -0.3440 -0.4577 -0.8198
vn 0.9638 -0.0690 -0.2576
vn -0.3330 -0.8200 -0.4656
vn -0.0238 -0.4729 -0.8808
vn -0.2365 -0.7010 0.6727
vn 0.6039 -0.2991 -0.7388
vn 0.1382 -0.6911 0.7094
vn -0.7688 -0.2692 -0.5800
vn 0.7236 -0.4687 -0.5066
vn 0.0379 -0.3701 -0.9282
vn 0.4057 -0.5430 0.7352
vn -0.7270 -0.5830 -0.3626
vn 0.7342 -0.5854 -0.3438
vn -0.6344 0.0787 0.7690
vn -0.6356 -0.1685 0.7534
vn -0.3978 -0.4372 -0.8066
vn -0.4434 -0.1557 -0.8827
vn -0.5236 -0.7683 -0.3682
vn 0.4633 -0.5235 -0.7151
vn 0.5934 0.2022 0.7791
vn -0.7717 -0.6273 -0.1046
vn 0.0858 -0.5539 0.8282
vn -0.6868 -0.7223 0.0814
vn -0.9370 -0.1479 -0.3166
vn 0.8522 -0.2185 0.4755
vn 0.3427 -0.7845 0.5168
vn 0.6276 -0.2201 0.7468
vn 0.3079 0.0088 0.9514
vn 0.2952 -0.6119 -0.7338
vn 0.6753 -0.7140 0.1846
vn 0.0515 -0.7550 -0.6537
vn -0.2237 -0.9726 -0.0631
vn -0.9744 -0.2043 0.0944
vn -0.7036 -0.7077 -0.0637
vn -0.6521 -0.0374 -0.7572
vn -0.2283 -0.9673 0.1109
vn 0.0615 -0.6025 0.7958
vn -0.3208 -0.8670 -0.3813
vn 0.6113 -0.7894 0.0565
vn -0.4051 -0.8449 -0.3492
vn -0.6366 -0.7711 -0.0120
vn 0.4593 -0.8678 0.1896
vn -0.3131 -0.8339 0.4546
vn -0.8305 0.0946 -0.5489
vn -0.1874 -0.5081 -0.8407
vn -0.7820 -0.3385 -0.5233
vn -0.9637 -0.1902 0.1872
vn -0.5173 -0.8234 -0.2332
vn -0.1281 -0.3901 0.9118
vn 0.6051 -0.5753 0.5503
vn 0.9875 0.0807 -0.1354
vn 0.5496 -0.3548 -0.7564
vn -0.0888 -0.5315 -0.8424
vn -0.0810 0.0607 0.9949
vn 0.8045 -0.0849 -0.5879
vn -0.8413 -0.2944 0.4534
vn 0.1081 0.4384 -0.8923
vn -0.6288 -0.7710 0.1011
vn -0.0203 -0.9927 0.1188
vn -0.1420 -0.7466 0.6499
vn -0.9648 0.2276 -0.1318
vn -0.5115 -0.1253 -0.8501
vn -0.8966 0.1680 0.4097
vn -0.1765 -0.6769 -0.7145
vn -0.5484 -0.8143 -0.1903
vn 0.2191 -0.9604 0.1724
vn 0.4320 -0.6139 -0.6607
vn -0.0008 -0.9039 -0.4277
vn 0.4373 -0.7930 -0.4241
vn 0.8237 -0.5049 -0.2581
vn -0.0591 -0.5264 -0.8482
vn -0.4336 -0.8548 -0.2850
vn -0.9906 0.1344 0.0249
vn -0.4579 -0.2274 -0.8594
vn 0.0208 -0.6237 0.7814
vn 0.3035 0.0111 0.9528
vn -0.3710 0.0566 0.9269
vn -0.7906 -0.5919 0.1570
vn -0.1744 0.1742 0.9691
vn 0.9383 0.0111 -0.3455
vn -0.9489 0.0554 -0.3106
vn -0.3906 -0.8466 0.3615
vn 0.8054 -0.1701 -0.5678
vn 0.8451 -0.5305 -0.0655
vn 0.2528 -0.8827 0.3961
vn 0.3313 -0.6716 0.6627
vn 0.3500 -0.4106 -0.8420
vn 0.6393 0.1863 0.7460
vn 0.2169 -0.7066 -0.6736
vn 0.0314 -0.5033 0.8635
vn -0.6128 -0.7846 -0.0942
vn 0.3898 -0.4385 0.8098
vn -0.3537 0.1678 0.9202
vn 0.8960 -0.0782 0.4371
vn 0.0672 -0.5420 0.8377
vn -0.1430 -0.9891 0.0351
vn 0.6648 -0.7421 0.0852
vn -0.3219 -0.7930 -0.5172
vn -0.1439 -0.4074 0.9018
vn 0.6677 -0.7008 0.2511
vn -0.2244 -0.5057 -0.8330
vn -0.4245 -0.9035 -0.0587
vn 0.4440 -0.5708 0.6907
vn -0.4314 -0.7415 -0.5139
vn -0.0948 -0.8087 0.5805
vn 0.0933 -0.9832 0.1568
vn -0.0004 -0.5222 -0.8528
vn -0.2061 0.2048 -0.9569
vn 0.2923 -0.9561 0.0206
vn 0.5863 -0.4936 0.6423
vn -0.5411 -0.8197 0.1881
vn -0.8187 -0.2420 -0.5208
vn 0.7206 -0.5573 -0.4125
vn 0.3406 0.1747 0.9238
vn 0.9244 -0.2646 0.2748
vn -0.6728 -0.4001 -0.6223
vn -0.9300 -0.3626 0.0606
vn -0.0961 -0.8035 -0.5875
vn -0.5220 -0.2490 -0.8158
vn -0.2678 -0.0532 -0.9620
vn -0.3923 -0.4489 0.8028
vn 0.9860 -0.0060 0.1669
vn -0.6748 -0.6010 -0.4284
vn 0.5657 -0.2457 0.7871
vn 0.7569 -0.1924 -0.6246
vn 0.8550 -0.2653 -0.4456
vn -0.0853 -0.4280 -0.8998
vn 0.1220 -0.8250 -0.5518
vn 0.1366 -0.6785 -0.7218
vn -0.4331 -0.8892 -0.1472
vn -0.6982 -0.1456 0.7009
vn 0.6674 -0.6908 0.2781
vn 0.5989 -0.6760 0.4293
vn 0.9878 -0.1489 -0.0455
vn 0.5025 -0.8474 0.1716
vn -0.1636 -0.8677 -0.4694
vn -0.8562 -0.4367 -0.2763
vn -0.5600 -0.8284 -0.0134
vn -0.3813 -0.6337 -0.6731
vn -0.2393 0.3697 -0.8978
vn -0.6600 -0.6932 -0.2896
vn -0.8542 -0.1836 -0.4865
vn 0.7850 -0.4754 -0.3972
vn -0.6054 0.2231 0.7640
vn -0.3511 -0.3496 0.8686
vn -0.4190 -0.3663 -0.8308
vn -0.4185 -0.0719 -0.9054
vn -0.5878 -0.7412 -0.3242
vn 0.4777 -0.4306 -0.7657
vn 0.5991 0.1160 0.7922
vn -0.9498 -0.3115 -0.0295
vn -0.0148 -0.2468 0.9690
vn -0.7444 -0.5673 0.3522
vn -0.9625 -0.1161 -0.2452
vn 0.8781 -0.1018 0.4676
vn 0.3325 -0.7428 0.5811
vn 0.6817 -0.2103 0.7008
vn 0.3483 0.0136 0.9373
vn 0.3033 -0.5637 -0.7683
vn -0.0698 -0.4813 -0.8738
vn -0.5508 -0.7771 -0.3047
vn -0.9987 0.0510 -0.0072
vn -0.5721 -0.2613 -0.7775
vn 0.0315 -0.5599 0.8279
vn 0.3166 0.0111 0.9485
vn -0.3404 0.0871 0.9362
vn 0.7465 -0.6620 0.0671
vn 0.1516 0.2764 0.9490
vn 0.9869 0.0111 -0.1612
vn -0.9728 -0.1452 -0.1807
vn -0.5467 -0.8272 0.1297
vn 0.9172 -0.1529 -0.3680
vn 0.7857 -0.6185 0.0073
vn 0.2491 -0.9165 0.3132
vn 0.4131 -0.6385 0.6494
vn 0.4649 -0.3328 -0.8204
vn 0.7302 0.1753 0.6603
vn 0.3268 -0.7749 -0.5410
vn -0.0991 -0.5282 -0.8433
vn 0.7266 -0.6800 0.0981
vn 0.1039 -0.7036 -0.7029
vn 0.0500 -0.9442 -0.3256
vn 0.5273 -0.0528 0.8480
vn -0.5225 -0.8404 -0.1442
vn 0.3877 -0.6449 0.6586
vn -0.1322 -0.9264 0.3527
vn -0.3416 -0.4593 -0.8200
vn 0.9624 -0.0757 -0.2607
vn -0.3364 -0.8176 -0.4674
vn -0.0128 -0.4716 -0.8817
vn -0.2400 -0.7007 0.6718
vn 0.6022 -0.3026 -0.7388
vn 0.1337 -0.6919 0.7095
vn -0.7683 -0.2671 -0.5816
vn 0.7215 -0.4731 -0.5056
vn 0.0358 -0.3756 -0.9261
vn 0.4054 -0.5387 0.7386
vn 0.6716 -0.6036 0.4298
vn -0.1511 -0.6155 -0.7735
vn -0.3117 -0.9478 -0.0678
vn 0.2952 -0.4783 0.8271
vn -0.4469 -0.8494 -0.2806
vn -0.0046 -0.8182 0.5749
vn -0.0266 -0.9851 0.1699
vn -0.0760 -0.6240 -0.7777
vn -0.1322 0.2627 -0.9558
vn 0.3304 -0.9232 -0.1964
vn 0.5638 -0.7827 0.2636
vn -0.6019 -0.7983 -0.0186
vn 0.3427 -0.7845 0.5167
vn 0.3079 0.0089 0.9514
vn 0.7132 -0.6200 0.3271
vn 0.1763 -0.8337 -0.5232
vn -0.1259 -0.9827 -0.1359
vn 0.6708 0.0222 0.7413
vn -0.5606 -0.8209 -0.1091
vn -0.2536 -0.0198 -0.9671
vn -0.3101 -0.9506 -0.0167
vn 0.1037 -0.6476 -0.7549
vn -0.0786 -0.8664 -0.4931
vn 0.5327 -0.8041 0.2640
vn -0.3057 -0.7961 -0.5223
vn 0.7801 -0.6145 -0.1176
vn 0.3570 -0.8647 0.3533
vn -0.4838 -0.8576 0.1745
vn -0.6428 0.1579 -0.7496
vn -0.1640 -0.6498 0.7422
vn -0.6215 -0.4423 -0.6466
vn -0.9598 -0.2611 -0.1032
vn -0.3536 -0.8296 -0.4322
vn -0.1359 -0.4646 0.8750
vn 0.6007 -0.6254 0.4981
vn 0.9822 0.1529 -0.1092
vn 0.5744 -0.3077 -0.7585
vn -0.0589 -0.5782 -0.8137
vn -0.0363 0.0386 0.9986
vn 0.7925 -0.0746 -0.6053
vn -0.8012 -0.3960 0.4487
vn 0.0377 0.4849 -0.8737
vn -0.5840 -0.8090 0.0668
vn 0.0146 -0.9976 0.0676
vn -0.1087 -0.7481 0.6546
vn -0.9760 0.1795 -0.1230
vn -0.5164 -0.1915 -0.8347
vn -0.8960 0.1274 0.4254
vn -0.1596 -0.6892 -0.7068
vn -0.5035 -0.8467 -0.1722
vn 0.2535 -0.9444 0.2097
vn 0.4700 -0.6349 -0.6132
vn 0.0598 -0.9016 -0.4285
vn 0.4630 -0.8037 -0.3737
vn 0.8424 -0.5044 -0.1897
vn -0.2489 -0.6955 -0.6740
vn -0.6389 -0.7065 -0.3044
vn -0.9725 0.0188 -0.2321
vn -0.4037 0.0044 -0.9149
vn -0.0306 -0.7028 0.7108
vn 0.0284 -0.0130 0.9995
vn -0.4024 0.1172 -0.9079
vn -0.5162 -0.7646 0.3860
vn -0.9099 -0.3927 -0.1333
vn 0.9752 -0.0140 0.2208
vn 0.1776 -0.6336 -0.7530
vn 0.8244 -0.3708 -0.4277
vn 0.4154 -0.6682 -0.6172
vn 0.5317 -0.0219 0.8466
vn 0.7489 -0.4884 0.4478
vn 0.4792 -0.2635 0.8372
vn -0.1024 -0.5581 -0.8234
vn -0.4669 -0.8557 -0.2234
vn -0.9954 0.0897 0.0350
vn -0.4415 -0.2418 -0.8641
vn -0.0364 -0.6493 0.7596
vn 0.2222 0.0111 0.9749
vn -0.3471 0.0776 0.9346
vn -0.7750 -0.6132 0.1529
vn -0.0825 0.2288 0.9700
vn 0.9565 0.0111 -0.2916
vn -0.9791 -0.0281 -0.2012
vn -0.4500 -0.8518 0.2681
vn 0.8328 -0.1794 -0.5237
vn 0.8189 -0.5703 -0.0646
vn 0.1748 -0.9273 0.3309
vn 0.3870 -0.7335 0.5588
vn 0.3377 -0.4471 -0.8283
vn 0.6822 0.1930 0.7052
vn 0.2952 -0.7666 -0.5702
vn 0.0979 -0.5177 0.8499
vn 0.6524 -0.7407 -0.1605
vn 0.0140 -0.4144 -0.9100
vn -0.2340 -0.9024 -0.3617
vn 0.7801 -0.3143 0.5410
vn -0.7138 -0.5838 -0.3868
vn 0.5379 -0.6455 0.5422
vn -0.3696 -0.8745 0.3141
vn -0.3275 -0.1736 -0.9288
vn 0.9002 -0.1962 -0.3889
vn -0.1019 -0.8449 0.5251
vn -0.2011 -0.1772 -0.9634
vn -0.1602 -0.5842 0.7957
vn 0.6118 -0.3097 -0.7278
vn 0.1105 -0.4576 0.8823
vn -0.7711 -0.0926 -0.6300
vn 0.8506 -0.3918 -0.3506
vn -0.3359 -0.5629 -0.7552
vn 0.4591 -0.3286 0.8253
vn -0.1371 -0.4296 0.8925
vn 0.6170 -0.5758 0.5364
vn 0.9811 0.1396 -0.1338
vn 0.5636 -0.3161 -0.7632
vn -0.0735 -0.5664 -0.8208
vn -0.0710 0.0111 0.9974
vn 0.7917 -0.0629 -0.6077
vn -0.8108 -0.3593 0.4621
vn 0.0783 0.3546 -0.9317
vn -0.5551 -0.7719 0.3098
vn -0.1025 -0.9239 0.3687
vn -0.0074 -0.6548 0.7557
vn -0.9764 0.1529 -0.1526
vn -0.5125 0.0111 -0.8586
vn -0.9055 0.0923 0.4141
vn -0.0583 -0.5219 -0.8510
vn -0.5154 -0.7654 -0.3855
vn 0.3262 -0.9405 0.0953
vn 0.3852 -0.6793 -0.6246
vn 0.0497 -0.8948 -0.4436
vn 0.4665 -0.7843 -0.4090
vn 0.8663 -0.4493 -0.2183
vn -0.1780 -0.4631 -0.8683
vn -0.7125 -0.5096 -0.4824
vn -0.9894 0.1076 0.0976
vn -0.4430 0.0005 -0.8965
vn 0.0459 -0.5756 0.8164
vn 0.0627 0.0064 0.9980
vn -0.3622 0.0818 -0.9285
vn -0.5789 -0.5755 0.5777
vn 0.6823 -0.5200 0.5138
vn -0.9727 0.0850 0.2161
vn 0.0913 -0.6882 -0.7197
vn 0.8496 -0.3379 -0.4051
vn 0.5368 -0.0724 0.8406
vn 0.7178 -0.5621 0.4109
vn 0.1189 -0.6131 -0.7810
vn 0.8960 -0.0783 0.4371
vn 0.6463 -0.7577 -0.0903
vn -0.0021 -0.4851 -0.8745
vn -0.1962 -0.9186 -0.3431
vn 0.7304 -0.2639 0.6299
vn -0.6827 -0.6592 -0.3153
vn 0.5012 -0.6592 0.5606
vn -0.3213 -0.8906 0.3219
vn -0.3526 -0.2109 -0.9117
vn 0.9150 -0.1934 -0.3540
vn -0.2064 -0.8083 -0.5515
vn -0.1508 -0.2497 -0.9565
vn -0.1859 -0.6191 0.7630
vn 0.6180 -0.3127 -0.7213
vn 0.0923 -0.5435 0.8343
vn -0.7832 -0.1129 -0.6114
vn 0.7891 -0.4713 -0.3939
vn -0.2641 -0.5433 -0.7969
vn 0.4362 -0.3656 0.8222
vn 0.6677 -0.7008 0.2510
vn -0.2245 -0.5057 -0.8330
vn 0.4441 -0.5708 0.6907
vn -0.0947 -0.8088 0.5804
vn 0.5862 -0.4937 0.6424
vn -0.5411 -0.8197 0.1880
vn -0.8128 -0.4898 -0.3155
vn 0.7303 -0.5844 -0.3539
vn -0.4197 0.3463 0.8390
vn 0.1727 -0.3070 0.9359
vn -0.3544 -0.6713 -0.6509
vn -0.9056 -0.2037 -0.3719
vn -0.6317 -0.7296 -0.2620
vn 0.4920 -0.7959 -0.3529
vn 0.7431 -0.2113 0.6350
vn -0.4305 -0.7586 0.4891
vn -0.4478 -0.8031 0.3931
vn -0.7472 -0.5951 0.2958
vn -0.6661 -0.5670 -0.4846
vn 0.5970 -0.5621 0.5724
vn -0.9300 -0.3626 0.0607
vn 0.1219 -0.8250 -0.5518
vn 0.1365 -0.6785 -0.7218
vn -0.4333 -0.8891 -0.1473
vn -0.6981 -0.1457 0.7010
vn -0.8561 -0.4367 -0.2763
vn -0.6054 0.2230 0.7640
vn -0.3511 -0.3495 0.8686
vn -0.4191 -0.3663 -0.8308
vn -0.2730 -0.7311 -0.6253
vn -0.6111 -0.7859 -0.0946
vn -0.8691 0.4111 0.2752
vn 0.3784 -0.4409 0.8139
vn -0.2382 -0.4997 -0.8328
vn -0.6657 0.0111 0.7462
vn -0.3496 0.1617 0.9228
vn 0.6732 -0.7307 -0.1135
vn 0.2813 0.2417 0.9287
vn 0.1069 -0.6041 -0.7897
vn 0.8996 -0.0788 0.4296
vn -0.2833 0.0111 -0.9590
vn 0.3185 -0.9422 0.1038
vn 0.0741 -0.5421 0.8371
vn 0.0928 -0.0999 -0.9907
vn -0.5332 -0.8006 0.2732
vn 0.9413 -0.1900 -0.2791
vn -0.6280 -0.6368 0.4473
vn -0.1228 -0.9916 0.0414
vn 0.6686 -0.7392 0.0809
vn 0.0916 -0.1695 -0.9813
vn -0.3179 -0.7903 -0.5237
vn -0.1460 -0.4088 0.9009
vn -0.1172 -0.3999 0.9090
vn -0.5721 -0.2614 -0.7774
vn 0.3267 -0.7749 -0.5411
vn -0.0101 -0.6729 -0.7397
vn -0.1681 -0.5359 0.8274
vn -0.3032 -0.9352 -0.1829
vn -0.4496 0.1380 0.8825
vn 0.6413 -0.7591 0.1119
vn 0.1454 -0.9511 0.2727
vn 0.9619 -0.0670 -0.2652
vn 0.5109 -0.7645 0.3931
vn -0.1552 -0.8559 -0.4932
vn -0.7556 -0.3563 -0.5496
vn -0.5712 -0.7919 -0.2158
vn 0.0020 -0.6089 0.7933
vn -0.0932 0.2199 -0.9711
vn -0.6129 -0.7901 0.0009
vn -0.4198 0.3463 0.8390
vn 0.1726 -0.3070 0.9359
vn -0.6982 -0.1457 0.7009
vn 0.5024 -0.8474 0.1717
vn -0.8178 -0.3015 -0.4903
vn 0.7633 -0.5464 -0.3446
vn -0.6332 0.2038 0.7466
vn -0.4252 -0.3191 0.8470
vn -0.4278 -0.3705 -0.8244
vn -0.4157 -0.0676 -0.9070
vn -0.6124 -0.7499 -0.2502
vn 0.5935 0.1216 0.7956
vn -0.9376 -0.3467 -0.0266
vn 0.0284 -0.3096 0.9504
vn -0.7192 -0.6318 0.2891
vn -0.9381 -0.0930 -0.3337
vn 0.7076 -0.6914 0.1456
vn 0.0633 -0.7249 -0.6859
vn -0.3931 -0.8994 -0.1914
vn 0.7718 -0.0778 0.6311
vn -0.6208 -0.7605 -0.1907
vn -0.2608 0.0111 -0.9653
vn -0.3754 -0.9238 -0.0748
vn -0.0196 -0.5429 -0.8395
vn -0.1943 -0.8194 -0.5394
vn 0.4929 -0.6539 0.5740
vn -0.4842 -0.7385 -0.4693
vn 0.8017 -0.5972 0.0239
vn 0.2514 -0.8350 0.4895
vn -0.5054 -0.7813 0.3663
vn -0.6018 0.1717 -0.7800
vn -0.1064 -0.6173 0.7795
vn -0.5779 -0.4296 -0.6939
vn -0.9762 -0.1824 -0.1176
vn -0.3793 -0.6942 -0.6118
vn -0.0786 -0.5099 -0.8566
vn -0.5483 -0.7884 -0.2790
vn -0.9987 0.0476 -0.0178
vn -0.5675 -0.2675 -0.7787
vn 0.0145 -0.5802 0.8144
vn 0.3063 0.0111 0.9519
vn -0.3378 0.0871 0.9372
vn 0.7404 -0.6670 0.0825
vn 0.1638 0.2781 0.9465
vn 0.9883 0.0111 -0.1518
vn -0.9726 -0.1562 -0.1723
vn -0.5564 -0.8248 0.1007
vn 0.9159 -0.1568 -0.3696
vn 0.7775 -0.6289 -0.0024
vn 0.2433 -0.9259 0.2889
vn 0.4203 -0.6685 0.6135
vn 0.4725 -0.3314 -0.8167
vn 0.7325 0.1774 0.6572
vn 0.3325 -0.7975 -0.5034
vn -0.0845 -0.5357 -0.8402
vn 0.6463 -0.7577 -0.0904
vn -0.1961 -0.9186 -0.3431
vn 0.0924 -0.5435 0.8343
vn 0.4362 -0.3655 0.8223
vn -0.7942 -0.5810 -0.1781
vn 0.6595 -0.7149 -0.2323
vn 0.3896 -0.7347 -0.5554
vn 0.1039 -0.3100 0.9450
vn -0.4282 -0.6357 -0.6423
vn -0.8084 -0.1380 -0.5723
vn -0.5970 -0.7906 -0.1361
vn 0.4703 -0.7860 -0.4013
vn 0.6135 -0.7872 -0.0626
vn -0.3485 -0.8345 0.4267
vn -0.5490 -0.8133 0.1925
vn 0.8254 -0.5628 0.0430
vn -0.5580 -0.2277 -0.7980
vn 0.4599 -0.7193 0.5206
vn -0.0287 -0.6406 -0.7674
vn -0.1859 -0.5185 0.8346
vn -0.3385 -0.9275 -0.1585
vn -0.4264 0.1496 0.8921
vn 0.6399 -0.7655 0.0675
vn 0.1448 -0.9621 0.2312
vn 0.9588 -0.0670 -0.2759
vn 0.5098 -0.7080 0.4888
vn -0.1753 -0.8673 -0.4659
vn -0.7532 -0.3487 -0.5577
vn -0.5715 -0.7711 -0.2807
vn 0.0247 -0.5982 0.8010
vn -0.1299 0.2046 -0.9702
vn -0.5997 -0.7978 0.0620
vn -0.8178 -0.3014 -0.4903
vn 0.7022 -0.6873 0.1859
vn 0.0555 -0.7428 -0.6672
vn -0.3544 -0.9189 -0.1731
vn 0.7482 -0.0673 0.6600
vn -0.6105 -0.7721 -0.1767
vn -0.2293 0.0111 -0.9733
vn -0.3581 -0.9300 -0.0832
vn -0.0174 -0.5573 -0.8301
vn -0.1891 -0.8296 -0.5254
vn 0.4792 -0.6907 0.5415
vn -0.4485 -0.7553 -0.4778
vn 0.7912 -0.6116 -0.0035
vn 0.2315 -0.8556 0.4630
vn -0.4998 -0.7997 0.3327
vn -0.6073 0.1698 -0.7761
vn -0.1064 -0.6191 0.7781
vn -0.5888 -0.4136 -0.6944
vn -0.9784 -0.1771 -0.1066
vn -0.3708 -0.7229 -0.5830
vn -0.4669 -0.8557 -0.2233
vn -0.3472 0.0776 0.9346
vn -0.0825 0.2287 0.9700
vn -0.9791 -0.0282 -0.2012
vn -0.4500 -0.8518 0.2682
vn 0.6822 0.1931 0.7052
vn 0.6590 -0.7308 -0.1777
vn 0.0504 -0.3970 -0.9165
vn -0.2641 -0.8831 -0.3879
vn 0.8146 -0.2852 0.5051
vn -0.7335 -0.5583 -0.3875
vn 0.5840 -0.6320 0.5094
vn -0.4063 -0.8668 0.2889
vn -0.3057 -0.1431 -0.9413
vn 0.8986 -0.1993 -0.3908
vn -0.1060 -0.8081 -0.5794
vn -0.2638 -0.1540 -0.9522
vn -0.1683 -0.5897 0.7899
vn 0.6549 -0.3043 -0.6917
vn 0.0669 -0.4484 0.8913
vn -0.7931 -0.0856 -0.6031
vn 0.8692 -0.3800 -0.3165
vn -0.3861 -0.5887 -0.7102
vn 0.4944 -0.3309 0.8038
vn 0.3896 -0.7346 -0.5554
vn 0.1038 -0.3099 0.9451
vn -0.5491 -0.8133 0.1925
vn -0.0629 -0.5912 -0.8041
vn -0.2039 -0.4870 0.8492
vn -0.3850 -0.9139 -0.1283
vn -0.3822 0.1658 0.9091
vn 0.6375 -0.7704 0.0092
vn 0.1322 -0.9766 0.1697
vn 0.9512 -0.0648 -0.3017
vn 0.5182 -0.6207 0.5884
vn -0.2028 -0.8823 -0.4248
vn -0.7618 -0.3195 -0.5636
vn -0.5738 -0.7167 -0.3964
vn 0.0624 -0.5754 0.8155
vn -0.1654 0.1660 -0.9722
vn -0.5876 -0.7958 0.1462
vn -0.2393 0.3696 -0.8978
vn -0.0612 -0.4544 -0.8887
vn -0.5419 -0.7678 -0.3417
vn -0.9977 0.0669 -0.0075
vn -0.5753 -0.2563 -0.7768
vn 0.0484 -0.5483 0.8349
vn 0.3404 0.0111 0.9402
vn -0.3481 0.0723 0.9347
vn 0.7507 -0.6582 0.0567
vn 0.1220 0.2688 0.9554
vn 0.9830 0.0111 -0.1830
vn -0.9694 -0.1188 -0.2149
vn -0.5330 -0.8301 0.1641
vn 0.9122 -0.1591 -0.3775
vn 0.7985 -0.6017 0.0171
vn 0.2694 -0.8992 0.3448
vn 0.4078 -0.6045 0.6843
vn 0.4649 -0.3232 -0.8243
vn 0.7135 0.1694 0.6799
vn 0.3059 -0.7556 -0.5792
vn -0.1139 -0.5119 -0.8515
vn -0.0364 -0.6494 0.7596
vn -0.0827 0.2286 0.9700
vn 0.3869 -0.7335 0.5588
vn 0.6998 -0.7083 0.0924
vn 0.0816 -0.6942 -0.7151
vn 0.0313 -0.9472 -0.3190
vn 0.5275 -0.0823 0.8455
vn -0.5513 -0.8224 -0.1406
vn 0.3805 -0.6586 0.6492
vn -0.1448 -0.9240 0.3539
vn -0.3575 -0.4329 -0.8275
vn 0.9591 -0.1078 -0.2617
vn -0.3588 -0.8068 -0.4694
vn -0.0227 -0.4800 -0.8770
vn -0.2531 -0.7013 0.6664
vn 0.6071 -0.3102 -0.7316
vn 0.1067 -0.7036 0.7026
vn -0.7714 -0.2444 -0.5875
vn 0.7043 -0.5058 -0.4982
vn 0.0319 -0.3773 -0.9256
vn 0.3899 -0.5363 0.7486
vn 0.0858 -0.5539 0.8281
vn 0.6934 -0.7056 0.1464
vn 0.0618 -0.7090 -0.7025
vn -0.1742 -0.9772 -0.1210
vn -0.9682 -0.2418 0.0634
vn -0.7166 -0.6896 -0.1044
vn -0.6574 0.0061 -0.7535
vn -0.2099 -0.9764 0.0504
vn 0.0449 -0.6574 0.7522
vn -0.3363 -0.8301 -0.4448
vn 0.5903 -0.8071 -0.0067
vn -0.4139 -0.8171 -0.4013
vn -0.6142 -0.7870 -0.0585
vn 0.4991 -0.8556 0.1372
vn -0.2883 -0.8713 0.3972
vn -0.8508 0.1213 -0.5112
vn -0.2283 -0.4550 -0.8607
vn -0.8045 -0.3235 -0.4982
vn -0.9599 -0.1817 0.2136
vn -0.5409 -0.7883 -0.2933
vn -0.1224 -0.4136 0.9022
vn 0.6321 -0.5515 0.5443
vn 0.9799 0.1386 -0.1432
vn 0.5557 -0.3254 -0.7651
vn -0.0798 -0.5549 -0.8281
vn -0.0490 0.0352 0.9982
vn 0.7947 -0.0529 -0.6047
vn -0.8169 -0.3376 0.4676
vn 0.0691 0.4721 -0.8788
vn -0.5855 -0.8033 0.1090
vn 0.0262 -0.9945 0.1018
vn -0.0946 -0.7341 0.6724
vn -0.9749 0.1729 -0.1403
vn -0.5271 -0.1719 -0.8322
vn -0.9044 0.1190 0.4097
vn -0.1326 -0.6639 -0.7360
vn -0.5023 -0.8417 -0.1984
vn 0.2705 -0.9456 0.1805
vn 0.4747 -0.6006 -0.6434
vn 0.0323 -0.8949 -0.4452
vn 0.4668 -0.7779 -0.4206
vn 0.8585 -0.4576 -0.2317
vn -0.0592 -0.5264 -0.8481
vn 0.6393 0.1863 0.7461
vn 0.0315 -0.5033 0.8635
usemtl AM_A_1000_0
s 1
f 3179/3179/2877 3181/3180/2878 3180/3181/2879
f 3180/3181/2879 3182/3182/2880 3179/3179/2877
f 3183/3183/2881 3182/3182/2880 3180/3181/2879
f 3180/3181/2879 3184/3184/2882 3183/3183/2881
f 3185/3185/2883 3183/3183/2881 3184/3184/2882
f 3186/3186/2884 3183/3183/2881 3185/3185/2883
f 3185/3185/2883 3187/3187/2885 3186/3186/2884
f 3188/3188/2886 3186/3186/2884 3187/3187/2885
f 3187/3187/2885 3189/3189/2887 3188/3188/2886
f 3190/3190/2888 3188/3188/2886 3189/3189/2887
f 3189/3189/2887 3191/3191/2889 3190/3190/2888
f 3191/3191/2889 3189/3189/2887 3192/3192/2890
f 3192/3192/2890 3193/3193/2891 3191/3191/2889
f 3193/3193/2891 3192/3192/2890 3194/3194/2892
f 3194/3194/2892 3195/3195/2893 3193/3193/2891
f 3195/3195/2893 3194/3194/2892 3196/3196/2894
f 3196/3196/2894 3197/3197/2895 3195/3195/2893
f 3198/3198/2896 3195/3195/2893 3197/3197/2895
f 3197/3197/2895 3199/3199/2897 3198/3198/2896
f 3199/3199/2897 3197/3197/2895 3200/3200/2898
f 3200/3200/2898 3201/3201/2899 3199/3199/2897
f 3202/3202/2900 3199/3199/2897 3201/3201/2899
f 3201/3201/2899 3203/3203/2901 3202/3202/2900
f 3204/3204/2886 3202/3202/2900 3203/3203/2901
f 3203/3203/2901 3205/3205/2902 3204/3204/2886
f 3206/3206/2888 3204/3204/2886 3205/3205/2902
f 3205/3205/2902 3207/3207/2903 3206/3206/2888
f 3207/3207/2903 3205/3205/2902 3208/3208/2904
f 3208/3208/2904 3209/3209/2905 3207/3207/2903
f 3210/3210/2906 3207/3207/2903 3209/3209/2905
f 3209/3209/2905 3211/3211/2907 3210/3210/2906
f 3212/3212/2908 3210/3210/2906 3211/3211/2907
f 3211/3211/2907 3213/3213/2909 3212/3212/2908
f 3214/3214/2910 3212/3212/2908 3213/3213/2909
f 3213/3213/2909 3215/3215/2911 3214/3214/2910
f 3215/3215/2911 3213/3213/2909 3216/3216/2912
f 3217/3217/2913 3219/3218/2914 3218/3219/2915
f 3218/3219/2915 3220/3220/2916 3217/3217/2913
f 3218/3219/2915 3219/3218/2914 3221/3221/2917
f 3221/3221/2917 3222/3222/2918 3218/3219/2915
f 3220/3220/2916 3218/3219/2915 3222/3222/2918
f 3222/3222/2918 3223/3223/2919 3220/3220/2916
f 3221/3221/2917 3223/3223/2919 3222/3222/2918
f 3224/3224/2920 3220/3220/2916 3223/3223/2919
f 3225/3225/2921 3223/3223/2919 3221/3221/2917
f 3226/3226/2922 3224/3224/2920 3223/3223/2919
f 3223/3223/2919 3225/3225/2921 3226/3226/2922
f 3227/3227/2923 3224/3224/2920 3226/3226/2922
f 3226/3226/2922 3225/3225/2921 3227/3227/2923
f 3228/3228/2924 3227/3227/2923 3225/3225/2921
f 3225/3225/2921 3221/3221/2917 3228/3228/2924
f 3219/3218/2914 3228/3228/2924 3221/3221/2917
f 3229/3229/2925 3231/3230/2914 3230/3231/2915
f 3230/3231/2915 3232/3232/2916 3229/3229/2925
f 3230/3231/2915 3231/3230/2914 3233/3233/2917
f 3233/3233/2917 3234/3234/2918 3230/3231/2915
f 3232/3232/2916 3230/3231/2915 3234/3234/2918
f 3234/3234/2918 3235/3235/2919 3232/3232/2916
f 3233/3233/2917 3235/3235/2919 3234/3234/2918
f 3236/3236/2920 3232/3232/2916 3235/3235/2919
f 3237/3237/2926 3235/3235/2919 3233/3233/2917
f 3238/3238/2922 3236/3236/2920 3235/3235/2919
f 3235/3235/2919 3237/3237/2926 3238/3238/2922
f 3239/3239/2927 3236/3236/2920 3238/3238/2922
f 3238/3238/2922 3237/3237/2926 3239/3239/2927
f 3240/3240/2924 3239/3239/2927 3237/3237/2926
f 3237/3237/2926 3233/3233/2917 3240/3240/2924
f 3231/3230/2914 3240/3240/2924 3233/3233/2917
f 3241/3241/2913 3243/3242/2914 3242/3243/2915
f 3242/3243/2915 3244/3244/2916 3241/3241/2913
f 3242/3243/2915 3243/3242/2914 3245/3245/2917
f 3245/3245/2917 3246/3246/2918 3242/3243/2915
f 3244/3244/2916 3242/3243/2915 3246/3246/2918
f 3246/3246/2918 3247/3247/2919 3244/3244/2916
f 3245/3245/2917 3247/3247/2919 3246/3246/2918
f 3248/3248/2920 3244/3244/2916 3247/3247/2919
f 3249/3249/2926 3247/3247/2919 3245/3245/2917
f 3250/3250/2922 3248/3248/2920 3247/3247/2919
f 3247/3247/2919 3249/3249/2926 3250/3250/2922
f 3251/3251/2923 3248/3248/2920 3250/3250/2922
f 3250/3250/2922 3249/3249/2926 3251/3251/2923
f 3252/3252/2924 3251/3251/2923 3249/3249/2926
f 3249/3249/2926 3245/3245/2917 3252/3252/2924
f 3243/3242/2914 3252/3252/2924 3245/3245/2917
f 3253/3253/2913 3255/3254/2914 3254/3255/2915
f 3254/3255/2915 3256/3256/2916 3253/3253/2913
f 3254/3255/2915 3255/3254/2914 3257/3257/2917
f 3257/3257/2917 3258/3258/2928 3254/3255/2915
f 3256/3256/2916 3254/3255/2915 3258/3258/2928
f 3258/3258/2928 3259/3259/2929 3256/3256/2916
f 3257/3257/2917 3259/3259/2929 3258/3258/2928
f 3260/3260/2920 3256/3256/2916 3259/3259/2929
f 3261/3261/2921 3259/3259/2929 3257/3257/2917
f 3262/3262/2922 3260/3260/2920 3259/3259/2929
f 3259/3259/2929 3261/3261/2921 3262/3262/2922
f 3263/3263/2923 3260/3260/2920 3262/3262/2922
f 3262/3262/2922 3261/3261/2921 3263/3263/2923
f 3264/3264/2930 3263/3263/2923 3261/3261/2921
f 3261/3261/2921 3257/3257/2917 3264/3264/2930
f 3255/3254/2914 3264/3264/2930 3257/3257/2917
f 3265/3265/2913 3267/3266/2914 3266/3267/2915
f 3266/3267/2915 3268/3268/2916 3265/3265/2913
f 3266/3267/2915 3267/3266/2914 3269/3269/2917
f 3269/3269/2917 3270/3270/2928 3266/3267/2915
f 3268/3268/2916 3266/3267/2915 3270/3270/2928
f 3270/3270/2928 3271/3271/2919 3268/3268/2916
f 3269/3269/2917 3271/3271/2919 3270/3270/2928
f 3272/3272/2920 3268/3268/2916 3271/3271/2919
f 3273/3273/2921 3271/3271/2919 3269/3269/2917
f 3274/3274/2922 3272/3272/2920 3271/3271/2919
f 3271/3271/2919 3273/3273/2921 3274/3274/2922
f 3275/3275/2923 3272/3272/2920 3274/3274/2922
f 3274/3274/2922 3273/3273/2921 3275/3275/2923
f 3276/3276/2931 3275/3275/2923 3273/3273/2921
f 3273/3273/2921 3269/3269/2917 3276/3276/2931
f 3267/3266/2914 3276/3276/2931 3269/3269/2917
f 3277/3277/2932 3279/3278/2933 3278/3279/2934
f 3278/3279/2934 3280/3280/2935 3277/3277/2932
f 3281/3281/2936 3277/3277/2932 3280/3280/2935
f 3282/3282/2937 3280/3280/2935 3278/3279/2934
f 3278/3279/2934 3283/3283/2938 3282/3282/2937
f 3283/3283/2938 3278/3279/2934 3279/3278/2933
f 3279/3278/2933 3284/3284/2939 3283/3283/2938
f 3285/3285/2940 3283/3283/2938 3284/3284/2939
f 3282/3282/2937 3283/3283/2938 3285/3285/2940
f 3285/3285/2940 3284/3284/2939 3286/3286/2941
f 3286/3286/2941 3287/3287/2942 3285/3285/2940
f 3282/3282/2937 3285/3285/2940 3287/3287/2942
f 3287/3287/2942 3288/3288/2943 3282/3282/2937
f 3280/3280/2935 3282/3282/2937 3288/3288/2943
f 3288/3288/2943 3289/3289/2944 3280/3280/2935
f 3281/3281/2936 3280/3280/2935 3289/3289/2944
f 3289/3289/2944 3290/3290/2945 3281/3281/2936
f 3291/3291/2946 3290/3290/2945 3289/3289/2944
f 3289/3289/2944 3288/3288/2943 3291/3291/2946
f 3292/3292/2947 3290/3290/2945 3291/3291/2946
f 3291/3291/2946 3293/3293/2948 3292/3292/2947
f 3288/3288/2943 3293/3293/2948 3291/3291/2946
f 3294/3294/2949 3292/3292/2947 3293/3293/2948
f 3293/3293/2948 3288/3288/2943 3295/3295/2950
f 3295/3295/2950 3294/3294/2949 3293/3293/2948
f 3296/3296/2951 3294/3294/2949 3295/3295/2950
f 3295/3295/2950 3297/3297/2952 3296/3296/2951
f 3297/3297/2952 3295/3295/2950 3288/3288/2943
f 3288/3288/2943 3298/3298/2953 3297/3297/2952
f 3298/3298/2953 3288/3288/2943 3287/3287/2942
f 3287/3287/2942 3299/3299/2954 3298/3298/2953
f 3299/3299/2954 3287/3287/2942 3286/3286/2941
f 3298/3298/2953 3299/3299/2954 3300/3300/2955
f 3300/3300/2955 3297/3297/2952 3298/3298/2953
f 3296/3296/2951 3297/3297/2952 3300/3300/2955
f 3301/3301/2956 3303/3302/2957 3302/3303/2958
f 3302/3303/2958 3304/3304/2959 3301/3301/2956
f 3305/3305/2960 3301/3301/2956 3304/3304/2959
f 3304/3304/2959 3302/3303/2958 3306/3306/2961
f 3306/3306/2961 3305/3305/2960 3304/3304/2959
f 3307/3307/2962 3306/3306/2961 3302/3303/2958
f 3302/3303/2958 3303/3302/2957 3307/3307/2962
f 3308/3308/2963 3307/3307/2962 3303/3302/2957
f 3307/3307/2962 3308/3308/2963 3309/3309/2964
f 3309/3309/2964 3310/3310/2965 3307/3307/2962
f 3306/3306/2961 3307/3307/2962 3310/3310/2965
f 3310/3310/2965 3311/3311/2966 3306/3306/2961
f 3305/3305/2960 3306/3306/2961 3311/3311/2966
f 3312/3312/2967 3311/3311/2966 3310/3310/2965
f 3310/3310/2965 3313/3313/2968 3312/3312/2967
f 3309/3309/2964 3313/3313/2968 3310/3310/2965
f 3314/3314/2969 3312/3312/2967 3313/3313/2968
f 3313/3313/2968 3309/3309/2964 3315/3315/2970
f 3315/3315/2970 3314/3314/2969 3313/3313/2968
f 3316/3316/2971 3314/3314/2969 3315/3315/2970
f 3315/3315/2970 3317/3317/2972 3316/3316/2971
f 3317/3317/2972 3315/3315/2970 3309/3309/2964
f 3309/3309/2964 3318/3318/2973 3317/3317/2972
f 3318/3318/2973 3309/3309/2964 3308/3308/2963
f 3316/3316/2971 3317/3317/2972 3318/3318/2973
f 3319/3319/2974 3321/3320/2975 3320/3321/2976
f 3320/3321/2976 3322/3322/2977 3319/3319/2974
f 3323/3323/2978 3319/3319/2974 3322/3322/2977
f 3322/3322/2977 3320/3321/2976 3324/3324/2979
f 3324/3324/2979 3323/3323/2978 3322/3322/2977
f 3325/3325/2980 3324/3324/2979 3320/3321/2976
f 3320/3321/2976 3321/3320/2975 3325/3325/2980
f 3326/3326/2981 3325/3325/2980 3321/3320/2975
f 3325/3325/2980 3326/3326/2981 3327/3327/2982
f 3327/3327/2982 3328/3328/2983 3325/3325/2980
f 3324/3324/2979 3325/3325/2980 3328/3328/2983
f 3328/3328/2983 3329/3329/2984 3324/3324/2979
f 3323/3323/2978 3324/3324/2979 3329/3329/2984
f 3330/3330/2985 3329/3329/2984 3328/3328/2983
f 3328/3328/2983 3331/3331/2986 3330/3330/2985
f 3327/3327/2982 3331/3331/2986 3328/3328/2983
f 3332/3332/2987 3330/3330/2985 3331/3331/2986
f 3331/3331/2986 3327/3327/2982 3333/3333/2988
f 3333/3333/2988 3332/3332/2987 3331/3331/2986
f 3334/3334/2989 3332/3332/2987 3333/3333/2988
f 3333/3333/2988 3335/3335/2990 3334/3334/2989
f 3335/3335/2990 3333/3333/2988 3327/3327/2982
f 3327/3327/2982 3336/3336/2991 3335/3335/2990
f 3336/3336/2991 3327/3327/2982 3326/3326/2981
f 3334/3334/2989 3335/3335/2990 3336/3336/2991
f 3337/3337/2992 3339/3338/2993 3338/3339/2994
f 3338/3339/2994 3340/3340/2995 3337/3337/2992
f 3341/3341/2996 3337/3337/2992 3340/3340/2995
f 3342/3342/2997 3340/3340/2995 3338/3339/2994
f 3338/3339/2994 3343/3343/2998 3342/3342/2997
f 3343/3343/2998 3338/3339/2994 3339/3338/2993
f 3339/3338/2993 3344/3344/2999 3343/3343/2998
f 3345/3345/3000 3343/3343/2998 3344/3344/2999
f 3342/3342/2997 3343/3343/2998 3345/3345/3000
f 3345/3345/3000 3344/3344/2999 3346/3346/3001
f 3346/3346/3001 3347/3347/3002 3345/3345/3000
f 3342/3342/2997 3345/3345/3000 3347/3347/3002
f 3348/3348/3003 3347/3347/3002 3346/3346/3001
f 3349/3349/3004 3342/3342/2997 3347/3347/3002
f 3347/3347/3002 3348/3348/3003 3349/3349/3004
f 3350/3350/3005 3349/3349/3004 3348/3348/3003
f 3349/3349/3004 3350/3350/3005 3351/3351/3006
f 3351/3351/3006 3342/3342/2997 3349/3349/3004
f 3352/3352/3007 3351/3351/3006 3350/3350/3005
f 3353/3353/3008 3342/3342/2997 3351/3351/3006
f 3351/3351/3006 3352/3352/3007 3353/3353/3008
f 3342/3342/2997 3353/3353/3008 3354/3354/3009
f 3354/3354/3009 3340/3340/2995 3342/3342/2997
f 3341/3341/2996 3340/3340/2995 3354/3354/3009
f 3354/3354/3009 3355/3355/3010 3341/3341/2996
f 3355/3355/3010 3354/3354/3009 3353/3353/3008
f 3353/3353/3008 3352/3352/3007 3355/3355/3010
f 3356/3356/3011 3358/3357/3012 3357/3358/3013
f 3357/3358/3013 3359/3359/3014 3356/3356/3011
f 3360/3360/3015 3356/3356/3011 3359/3359/3014
f 3361/3361/3016 3359/3359/3014 3357/3358/3013
f 3357/3358/3013 3362/3362/3017 3361/3361/3016
f 3362/3362/3017 3357/3358/3013 3358/3357/3012
f 3358/3357/3012 3363/3363/3018 3362/3362/3017
f 3364/3364/3019 3362/3362/3017 3363/3363/3018
f 3361/3361/3016 3362/3362/3017 3364/3364/3019
f 3365/3365/3020 3364/3364/3019 3363/3363/3018
f 3366/3366/3021 3361/3361/3016 3364/3364/3019
f 3364/3364/3019 3365/3365/3020 3366/3366/3021
f 3367/3367/3022 3366/3366/3021 3365/3365/3020
f 3366/3366/3021 3367/3367/3022 3368/3368/3023
f 3368/3368/3023 3369/3369/3024 3366/3366/3021
f 3361/3361/3016 3366/3366/3021 3369/3369/3024
f 3370/3370/3025 3369/3369/3024 3368/3368/3023
f 3368/3368/3023 3371/3371/3026 3370/3370/3025
f 3371/3371/3026 3368/3368/3023 3367/3367/3022
f 3370/3370/3025 3371/3371/3026 3372/3372/3027
f 3372/3372/3027 3373/3373/3028 3370/3370/3025
f 3369/3369/3024 3370/3370/3025 3373/3373/3028
f 3373/3373/3028 3361/3361/3016 3369/3369/3024
f 3361/3361/3016 3373/3373/3028 3374/3374/3029
f 3374/3374/3029 3375/3375/3030 3361/3361/3016
f 3359/3359/3014 3361/3361/3016 3375/3375/3030
f 3375/3375/3030 3360/3360/3015 3359/3359/3014
f 3376/3376/3031 3360/3360/3015 3375/3375/3030
f 3375/3375/3030 3374/3374/3029 3376/3376/3031
f 3377/3377/3032 3376/3376/3031 3374/3374/3029
f 3374/3374/3029 3373/3373/3028 3377/3377/3032
f 3372/3372/3027 3377/3377/3032 3373/3373/3028
f 3378/3378/3033 3380/3379/3034 3379/3380/3035
f 3379/3380/3035 3381/3381/3036 3378/3378/3033
f 3382/3382/3037 3378/3378/3033 3381/3381/3036
f 3383/3383/3038 3381/3381/3036 3379/3380/3035
f 3379/3380/3035 3384/3384/3039 3383/3383/3038
f 3384/3384/3039 3379/3380/3035 3380/3379/3034
f 3380/3379/3034 3385/3385/3040 3384/3384/3039
f 3386/3386/3041 3384/3384/3039 3385/3385/3040
f 3384/3384/3039 3386/3386/3041 3387/3387/3042
f 3387/3387/3042 3383/3383/3038 3384/3384/3039
f 3383/3383/3038 3387/3387/3042 3388/3388/3043
f 3388/3388/3043 3381/3381/3036 3383/3383/3038
f 3382/3382/3037 3381/3381/3036 3388/3388/3043
f 3388/3388/3043 3389/3389/3044 3382/3382/3037
f 3390/3390/3045 3389/3389/3044 3388/3388/3043
f 3388/3388/3043 3387/3387/3042 3390/3390/3045
f 3391/3391/3046 3389/3389/3044 3390/3390/3045
f 3390/3390/3045 3387/3387/3042 3392/3392/3047
f 3392/3392/3047 3391/3391/3046 3390/3390/3045
f 3393/3393/3048 3391/3391/3046 3392/3392/3047
f 3392/3392/3047 3394/3394/3049 3393/3393/3048
f 3394/3394/3049 3392/3392/3047 3387/3387/3042
f 3387/3387/3042 3395/3395/3050 3394/3394/3049
f 3395/3395/3050 3387/3387/3042 3386/3386/3041
f 3386/3386/3041 3396/3396/3051 3395/3395/3050
f 3396/3396/3051 3386/3386/3041 3385/3385/3040
f 3395/3395/3050 3396/3396/3051 3397/3397/3052
f 3397/3397/3052 3394/3394/3049 3395/3395/3050
f 3393/3393/3048 3394/3394/3049 3397/3397/3052
f 3398/3398/2932 3400/3399/3053 3399/3400/2934
f 3399/3400/2934 3401/3401/3054 3398/3398/2932
f 3402/3402/2936 3398/3398/2932 3401/3401/3054
f 3403/3403/2937 3401/3401/3054 3399/3400/2934
f 3399/3400/2934 3404/3404/3055 3403/3403/2937
f 3404/3404/3055 3399/3400/2934 3400/3399/3053
f 3400/3399/3053 3405/3405/2939 3404/3404/3055
f 3406/3406/2940 3404/3404/3055 3405/3405/2939
f 3403/3403/2937 3404/3404/3055 3406/3406/2940
f 3406/3406/2940 3405/3405/2939 3407/3407/2941
f 3407/3407/2941 3408/3408/3056 3406/3406/2940
f 3403/3403/2937 3406/3406/2940 3408/3408/3056
f 3408/3408/3056 3409/3409/2943 3403/3403/2937
f 3401/3401/3054 3403/3403/2937 3409/3409/2943
f 3409/3409/2943 3410/3410/2944 3401/3401/3054
f 3402/3402/2936 3401/3401/3054 3410/3410/2944
f 3410/3410/2944 3411/3411/3057 3402/3402/2936
f 3412/3412/2946 3411/3411/3057 3410/3410/2944
f 3410/3410/2944 3409/3409/2943 3412/3412/2946
f 3413/3413/2947 3411/3411/3057 3412/3412/2946
f 3412/3412/2946 3414/3414/2948 3413/3413/2947
f 3409/3409/2943 3414/3414/2948 3412/3412/2946
f 3415/3415/2949 3413/3413/2947 3414/3414/2948
f 3414/3414/2948 3409/3409/2943 3416/3416/3058
f 3416/3416/3058 3415/3415/2949 3414/3414/2948
f 3417/3417/3059 3415/3415/2949 3416/3416/3058
f 3416/3416/3058 3418/3418/2952 3417/3417/3059
f 3418/3418/2952 3416/3416/3058 3409/3409/2943
f 3409/3409/2943 3419/3419/3060 3418/3418/2952
f 3419/3419/3060 3409/3409/2943 3408/3408/3056
f 3408/3408/3056 3420/3420/3061 3419/3419/3060
f 3420/3420/3061 3408/3408/3056 3407/3407/2941
f 3419/3419/3060 3420/3420/3061 3421/3421/2955
f 3421/3421/2955 3418/3418/2952 3419/3419/3060
f 3417/3417/3059 3418/3418/2952 3421/3421/2955
f 3422/3422/3062 3424/3423/3063 3423/3424/3064
f 3423/3424/3064 3425/3425/3065 3422/3422/3062
f 3426/3426/3066 3422/3422/3062 3425/3425/3065
f 3427/3427/3067 3425/3425/3065 3423/3424/3064
f 3423/3424/3064 3424/3423/3063 3427/3427/3067
f 3425/3425/3065 3427/3427/3067 3428/3428/3068
f 3428/3428/3068 3426/3426/3066 3425/3425/3065
f 3429/3429/3069 3426/3426/3066 3428/3428/3068
f 3428/3428/3068 3430/3430/3070 3429/3429/3069
f 3431/3431/3071 3430/3430/3070 3428/3428/3068
f 3428/3428/3068 3427/3427/3067 3431/3431/3071
f 3432/3432/3072 3431/3431/3071 3427/3427/3067
f 3427/3427/3067 3424/3423/3063 3432/3432/3072
f 3431/3431/3071 3432/3432/3072 3433/3433/3073
f 3433/3433/3073 3430/3430/3070 3431/3431/3071
f 3429/3429/3069 3430/3430/3070 3433/3433/3073
f 3434/3434/3074 3436/3435/3075 3435/3436/3076
f 3435/3436/3076 3437/3437/3077 3434/3434/3074
f 3438/3438/3078 3434/3434/3074 3437/3437/3077
f 3437/3437/3077 3435/3436/3076 3439/3439/3079
f 3439/3439/3079 3440/3440/3080 3437/3437/3077
f 3438/3438/3078 3437/3437/3077 3440/3440/3080
f 3440/3440/3080 3441/3441/3081 3438/3438/3078
f 3442/3442/3082 3441/3441/3081 3440/3440/3080
f 3440/3440/3080 3439/3439/3079 3442/3442/3082
f 3443/3443/3083 3441/3441/3081 3442/3442/3082
f 3442/3442/3082 3439/3439/3079 3443/3443/3083
f 3444/3444/3084 3443/3443/3083 3439/3439/3079
f 3439/3439/3079 3445/3445/3085 3444/3444/3084
f 3435/3436/3076 3445/3445/3085 3439/3439/3079
f 3446/3446/3086 3444/3444/3084 3445/3445/3085
f 3445/3445/3085 3447/3447/3087 3446/3446/3086
f 3447/3447/3087 3445/3445/3085 3435/3436/3076
f 3435/3436/3076 3448/3448/3088 3447/3447/3087
f 3448/3448/3088 3435/3436/3076 3436/3435/3075
f 3436/3435/3075 3449/3449/3089 3448/3448/3088
f 3447/3447/3087 3448/3448/3088 3449/3449/3089
f 3449/3449/3089 3446/3446/3086 3447/3447/3087
f 3450/3450/3090 3452/3451/3091 3451/3452/3092
f 3451/3452/3092 3453/3453/3093 3450/3450/3090
f 3454/3454/3094 3450/3450/3090 3453/3453/3093
f 3453/3453/3093 3451/3452/3092 3455/3455/3095
f 3455/3455/3095 3454/3454/3094 3453/3453/3093
f 3456/3456/3096 3455/3455/3095 3451/3452/3092
f 3451/3452/3092 3452/3451/3091 3456/3456/3096
f 3457/3457/3097 3456/3456/3096 3452/3451/3091
f 3456/3456/3096 3457/3457/3097 3458/3458/3098
f 3458/3458/3098 3459/3459/3099 3456/3456/3096
f 3455/3455/3095 3456/3456/3096 3459/3459/3099
f 3459/3459/3099 3460/3460/3100 3455/3455/3095
f 3454/3454/3094 3455/3455/3095 3460/3460/3100
f 3461/3461/3101 3460/3460/3100 3459/3459/3099
f 3459/3459/3099 3462/3462/3102 3461/3461/3101
f 3458/3458/3098 3462/3462/3102 3459/3459/3099
f 3463/3463/3103 3461/3461/3101 3462/3462/3102
f 3462/3462/3102 3458/3458/3098 3463/3463/3103
f 3457/3457/3097 3463/3463/3103 3458/3458/3098
f 3464/3464/3104 3466/3465/3105 3465/3466/3106
f 3465/3466/3106 3467/3467/3107 3464/3464/3104
f 3468/3468/3108 3464/3464/3104 3467/3467/3107
f 3467/3467/3107 3465/3466/3106 3469/3469/3109
f 3469/3469/3109 3468/3468/3108 3467/3467/3107
f 3470/3470/3110 3469/3469/3109 3465/3466/3106
f 3465/3466/3106 3466/3465/3105 3470/3470/3110
f 3471/3471/3111 3470/3470/3110 3466/3465/3105
f 3470/3470/3110 3471/3471/3111 3472/3472/3112
f 3472/3472/3112 3473/3473/3113 3470/3470/3110
f 3469/3469/3109 3470/3470/3110 3473/3473/3113
f 3473/3473/3113 3474/3474/3114 3469/3469/3109
f 3468/3468/3108 3469/3469/3109 3474/3474/3114
f 3475/3475/3115 3474/3474/3114 3473/3473/3113
f 3473/3473/3113 3476/3476/3116 3475/3475/3115
f 3472/3472/3112 3476/3476/3116 3473/3473/3113
f 3477/3477/3117 3475/3475/3115 3476/3476/3116
f 3476/3476/3116 3472/3472/3112 3478/3478/3118
f 3478/3478/3118 3477/3477/3117 3476/3476/3116
f 3479/3479/3119 3477/3477/3117 3478/3478/3118
f 3478/3478/3118 3480/3480/3120 3479/3479/3119
f 3480/3480/3120 3478/3478/3118 3472/3472/3112
f 3472/3472/3112 3481/3481/3121 3480/3480/3120
f 3481/3481/3121 3472/3472/3112 3471/3471/3111
f 3479/3479/3119 3480/3480/3120 3481/3481/3121
f 3482/3482/3122 3484/3483/3123 3483/3484/3124
f 3483/3484/3124 3485/3485/3125 3482/3482/3122
f 3486/3486/3126 3482/3482/3122 3485/3485/3125
f 3487/3487/3127 3485/3485/3125 3483/3484/3124
f 3483/3484/3124 3488/3488/3128 3487/3487/3127
f 3488/3488/3128 3483/3484/3124 3484/3483/3123
f 3484/3483/3123 3489/3489/3129 3488/3488/3128
f 3490/3490/3130 3488/3488/3128 3489/3489/3129
f 3488/3488/3128 3490/3490/3130 3491/3491/3131
f 3491/3491/3131 3487/3487/3127 3488/3488/3128
f 3487/3487/3127 3491/3491/3131 3492/3492/3132
f 3492/3492/3132 3485/3485/3125 3487/3487/3127
f 3486/3486/3126 3485/3485/3125 3492/3492/3132
f 3492/3492/3132 3493/3493/3133 3486/3486/3126
f 3494/3494/3134 3493/3493/3133 3492/3492/3132
f 3492/3492/3132 3491/3491/3131 3494/3494/3134
f 3495/3495/3135 3493/3493/3133 3494/3494/3134
f 3494/3494/3134 3491/3491/3131 3496/3496/3136
f 3496/3496/3136 3495/3495/3135 3494/3494/3134
f 3497/3497/3137 3495/3495/3135 3496/3496/3136
f 3496/3496/3136 3498/3498/3138 3497/3497/3137
f 3498/3498/3138 3496/3496/3136 3491/3491/3131
f 3491/3491/3131 3499/3499/3139 3498/3498/3138
f 3499/3499/3139 3491/3491/3131 3490/3490/3130
f 3490/3490/3130 3500/3500/3140 3499/3499/3139
f 3500/3500/3140 3490/3490/3130 3489/3489/3129
f 3499/3499/3139 3500/3500/3140 3501/3501/3141
f 3501/3501/3141 3498/3498/3138 3499/3499/3139
f 3497/3497/3137 3498/3498/3138 3501/3501/3141
f 3502/3502/3142 3504/3503/3143 3503/3504/3144
f 3503/3504/3144 3505/3505/3145 3502/3502/3142
f 3506/3506/3146 3502/3502/3142 3505/3505/3145
f 3505/3505/3145 3503/3504/3144 3507/3507/3147
f 3507/3507/3147 3506/3506/3146 3505/3505/3145
f 3508/3508/3148 3507/3507/3147 3503/3504/3144
f 3503/3504/3144 3504/3503/3143 3508/3508/3148
f 3509/3509/3149 3508/3508/3148 3504/3503/3143
f 3508/3508/3148 3509/3509/3149 3510/3510/3150
f 3510/3510/3150 3511/3511/3151 3508/3508/3148
f 3507/3507/3147 3508/3508/3148 3511/3511/3151
f 3511/3511/3151 3512/3512/3152 3507/3507/3147
f 3506/3506/3146 3507/3507/3147 3512/3512/3152
f 3513/3513/3153 3512/3512/3152 3511/3511/3151
f 3511/3511/3151 3514/3514/3154 3513/3513/3153
f 3510/3510/3150 3514/3514/3154 3511/3511/3151
f 3515/3515/3155 3513/3513/3153 3514/3514/3154
f 3514/3514/3154 3510/3510/3150 3516/3516/3156
f 3516/3516/3156 3515/3515/3155 3514/3514/3154
f 3517/3517/3157 3515/3515/3155 3516/3516/3156
f 3516/3516/3156 3518/3518/3158 3517/3517/3157
f 3518/3518/3158 3516/3516/3156 3510/3510/3150
f 3510/3510/3150 3519/3519/3159 3518/3518/3158
f 3519/3519/3159 3510/3510/3150 3509/3509/3149
f 3517/3517/3157 3518/3518/3158 3519/3519/3159
f 3520/3520/3160 3522/3521/3161 3521/3522/3162
f 3521/3522/3162 3523/3523/3163 3520/3520/3160
f 3524/3524/3164 3520/3520/3160 3523/3523/3163
f 3525/3525/3165 3523/3523/3163 3521/3522/3162
f 3521/3522/3162 3522/3521/3161 3525/3525/3165
f 3523/3523/3163 3525/3525/3165 3526/3526/3166
f 3526/3526/3166 3524/3524/3164 3523/3523/3163
f 3527/3527/3167 3524/3524/3164 3526/3526/3166
f 3526/3526/3166 3528/3528/3168 3527/3527/3167
f 3529/3529/3169 3528/3528/3168 3526/3526/3166
f 3526/3526/3166 3525/3525/3165 3529/3529/3169
f 3530/3530/3170 3529/3529/3169 3525/3525/3165
f 3525/3525/3165 3522/3521/3161 3530/3530/3170
f 3529/3529/3169 3530/3530/3170 3531/3531/3171
f 3531/3531/3171 3528/3528/3168 3529/3529/3169
f 3527/3527/3167 3528/3528/3168 3531/3531/3171
f 3532/3532/2974 3534/3533/2975 3533/3534/2976
f 3533/3534/2976 3535/3535/2977 3532/3532/2974
f 3536/3536/2978 3532/3532/2974 3535/3535/2977
f 3535/3535/2977 3533/3534/2976 3537/3537/2979
f 3537/3537/2979 3536/3536/2978 3535/3535/2977
f 3538/3538/2980 3537/3537/2979 3533/3534/2976
f 3533/3534/2976 3534/3533/2975 3538/3538/2980
f 3539/3539/2981 3538/3538/2980 3534/3533/2975
f 3538/3538/2980 3539/3539/2981 3540/3540/2982
f 3540/3540/2982 3541/3541/2983 3538/3538/2980
f 3537/3537/2979 3538/3538/2980 3541/3541/2983
f 3541/3541/2983 3542/3542/2984 3537/3537/2979
f 3536/3536/2978 3537/3537/2979 3542/3542/2984
f 3543/3543/2985 3542/3542/2984 3541/3541/2983
f 3541/3541/2983 3544/3544/2986 3543/3543/2985
f 3540/3540/2982 3544/3544/2986 3541/3541/2983
f 3545/3545/2987 3543/3543/2985 3544/3544/2986
f 3544/3544/2986 3540/3540/2982 3546/3546/3172
f 3546/3546/3172 3545/3545/2987 3544/3544/2986
f 3547/3547/2989 3545/3545/2987 3546/3546/3172
f 3546/3546/3172 3548/3548/3173 3547/3547/2989
f 3548/3548/3173 3546/3546/3172 3540/3540/2982
f 3540/3540/2982 3549/3549/2991 3548/3548/3173
f 3549/3549/2991 3540/3540/2982 3539/3539/2981
f 3547/3547/2989 3548/3548/3173 3549/3549/2991
f 3550/3550/3174 3552/3551/3175 3551/3552/3176
f 3551/3552/3176 3553/3553/3177 3550/3550/3174
f 3554/3554/3178 3550/3550/3174 3553/3553/3177
f 3555/3555/3179 3553/3553/3177 3551/3552/3176
f 3551/3552/3176 3556/3556/3180 3555/3555/3179
f 3556/3556/3180 3551/3552/3176 3552/3551/3175
f 3552/3551/3175 3557/3557/3181 3556/3556/3180
f 3558/3558/3182 3556/3556/3180 3557/3557/3181
f 3555/3555/3179 3556/3556/3180 3558/3558/3182
f 3558/3558/3182 3557/3557/3181 3559/3559/3183
f 3559/3559/3183 3560/3560/3184 3558/3558/3182
f 3555/3555/3179 3558/3558/3182 3560/3560/3184
f 3561/3561/3185 3560/3560/3184 3559/3559/3183
f 3562/3562/3186 3555/3555/3179 3560/3560/3184
f 3560/3560/3184 3561/3561/3185 3562/3562/3186
f 3563/3563/3187 3562/3562/3186 3561/3561/3185
f 3562/3562/3186 3563/3563/3187 3564/3564/3188
f 3564/3564/3188 3555/3555/3179 3562/3562/3186
f 3565/3565/3189 3564/3564/3188 3563/3563/3187
f 3566/3566/3190 3555/3555/3179 3564/3564/3188
f 3564/3564/3188 3565/3565/3189 3566/3566/3190
f 3555/3555/3179 3566/3566/3190 3567/3567/3191
f 3567/3567/3191 3553/3553/3177 3555/3555/3179
f 3554/3554/3178 3553/3553/3177 3567/3567/3191
f 3567/3567/3191 3568/3568/3192 3554/3554/3178
f 3568/3568/3192 3567/3567/3191 3566/3566/3190
f 3566/3566/3190 3565/3565/3189 3568/3568/3192
f 3569/3569/3193 3571/3570/3194 3570/3571/3195
f 3570/3571/3195 3572/3572/3196 3569/3569/3193
f 3573/3573/3197 3569/3569/3193 3572/3572/3196
f 3574/3574/3198 3572/3572/3196 3570/3571/3195
f 3570/3571/3195 3575/3575/3199 3574/3574/3198
f 3575/3575/3199 3570/3571/3195 3571/3570/3194
f 3571/3570/3194 3576/3576/3200 3575/3575/3199
f 3577/3577/3201 3575/3575/3199 3576/3576/3200
f 3574/3574/3198 3575/3575/3199 3577/3577/3201
f 3578/3578/3202 3577/3577/3201 3576/3576/3200
f 3579/3579/3203 3574/3574/3198 3577/3577/3201
f 3577/3577/3201 3578/3578/3202 3579/3579/3203
f 3580/3580/3204 3579/3579/3203 3578/3578/3202
f 3579/3579/3203 3580/3580/3204 3581/3581/3205
f 3581/3581/3205 3582/3582/3206 3579/3579/3203
f 3574/3574/3198 3579/3579/3203 3582/3582/3206
f 3583/3583/3207 3582/3582/3206 3581/3581/3205
f 3581/3581/3205 3584/3584/3208 3583/3583/3207
f 3584/3584/3208 3581/3581/3205 3580/3580/3204
f 3583/3583/3207 3584/3584/3208 3585/3585/3209
f 3585/3585/3209 3586/3586/3210 3583/3583/3207
f 3582/3582/3206 3583/3583/3207 3586/3586/3210
f 3586/3586/3210 3574/3574/3198 3582/3582/3206
f 3574/3574/3198 3586/3586/3210 3587/3587/3211
f 3587/3587/3211 3588/3588/3212 3574/3574/3198
f 3572/3572/3196 3574/3574/3198 3588/3588/3212
f 3588/3588/3212 3573/3573/3197 3572/3572/3196
f 3589/3589/3213 3573/3573/3197 3588/3588/3212
f 3588/3588/3212 3587/3587/3211 3589/3589/3213
f 3590/3590/3214 3589/3589/3213 3587/3587/3211
f 3587/3587/3211 3586/3586/3210 3590/3590/3214
f 3585/3585/3209 3590/3590/3214 3586/3586/3210
f 3591/3591/3215 3593/3592/3216 3592/3593/3217
f 3592/3593/3217 3594/3594/3218 3591/3591/3215
f 3595/3595/3219 3591/3591/3215 3594/3594/3218
f 3596/3596/3220 3594/3594/3218 3592/3593/3217
f 3592/3593/3217 3593/3592/3216 3596/3596/3220
f 3594/3594/3218 3596/3596/3220 3597/3597/3221
f 3597/3597/3221 3595/3595/3219 3594/3594/3218
f 3598/3598/3222 3595/3595/3219 3597/3597/3221
f 3597/3597/3221 3599/3599/3223 3598/3598/3222
f 3596/3596/3220 3599/3599/3223 3597/3597/3221
f 3600/3600/3224 3598/3598/3222 3599/3599/3223
f 3601/3601/3225 3599/3599/3223 3596/3596/3220
f 3596/3596/3220 3602/3602/3226 3601/3601/3225
f 3602/3602/3226 3596/3596/3220 3593/3592/3216
f 3601/3601/3225 3602/3602/3226 3603/3603/3227
f 3603/3603/3227 3604/3604/3228 3601/3601/3225
f 3599/3599/3223 3601/3601/3225 3604/3604/3228
f 3604/3604/3228 3605/3605/3229 3599/3599/3223
f 3600/3600/3224 3599/3599/3223 3605/3605/3229
f 3605/3605/3229 3606/3606/3230 3600/3600/3224
f 3606/3606/3230 3605/3605/3229 3604/3604/3228
f 3604/3604/3228 3603/3603/3227 3606/3606/3230
f 3607/3607/3231 3609/3608/3232 3608/3609/3233
f 3608/3609/3233 3610/3610/3234 3607/3607/3231
f 3611/3611/3235 3607/3607/3231 3610/3610/3234
f 3612/3612/3236 3610/3610/3234 3608/3609/3233
f 3608/3609/3233 3613/3613/3237 3612/3612/3236
f 3613/3613/3237 3608/3609/3233 3609/3608/3232
f 3609/3608/3232 3614/3614/3238 3613/3613/3237
f 3615/3615/3239 3613/3613/3237 3614/3614/3238
f 3613/3613/3237 3615/3615/3239 3616/3616/3240
f 3616/3616/3240 3612/3612/3236 3613/3613/3237
f 3612/3612/3236 3616/3616/3240 3617/3617/3241
f 3617/3617/3241 3610/3610/3234 3612/3612/3236
f 3611/3611/3235 3610/3610/3234 3617/3617/3241
f 3617/3617/3241 3618/3618/3242 3611/3611/3235
f 3619/3619/3243 3618/3618/3242 3617/3617/3241
f 3617/3617/3241 3616/3616/3240 3619/3619/3243
f 3620/3620/3244 3618/3618/3242 3619/3619/3243
f 3619/3619/3243 3616/3616/3240 3621/3621/3245
f 3621/3621/3245 3620/3620/3244 3619/3619/3243
f 3622/3622/3246 3620/3620/3244 3621/3621/3245
f 3621/3621/3245 3623/3623/3247 3622/3622/3246
f 3623/3623/3247 3621/3621/3245 3616/3616/3240
f 3616/3616/3240 3624/3624/3248 3623/3623/3247
f 3624/3624/3248 3616/3616/3240 3615/3615/3239
f 3615/3615/3239 3625/3625/3249 3624/3624/3248
f 3625/3625/3249 3615/3615/3239 3614/3614/3238
f 3624/3624/3248 3625/3625/3249 3626/3626/3250
f 3626/3626/3250 3623/3623/3247 3624/3624/3248
f 3622/3622/3246 3623/3623/3247 3626/3626/3250
f 3627/3627/3251 3629/3628/3252 3628/3629/3253
f 3628/3629/3253 3630/3630/3254 3627/3627/3251
f 3631/3631/3255 3627/3627/3251 3630/3630/3254
f 3630/3630/3254 3628/3629/3253 3632/3632/3256
f 3632/3632/3256 3631/3631/3255 3630/3630/3254
f 3633/3633/3257 3632/3632/3256 3628/3629/3253
f 3628/3629/3253 3629/3628/3252 3633/3633/3257
f 3634/3634/3258 3633/3633/3257 3629/3628/3252
f 3633/3633/3257 3634/3634/3258 3635/3635/3259
f 3635/3635/3259 3636/3636/3260 3633/3633/3257
f 3632/3632/3256 3633/3633/3257 3636/3636/3260
f 3636/3636/3260 3637/3637/3261 3632/3632/3256
f 3631/3631/3255 3632/3632/3256 3637/3637/3261
f 3638/3638/3262 3637/3637/3261 3636/3636/3260
f 3636/3636/3260 3639/3639/3263 3638/3638/3262
f 3635/3635/3259 3639/3639/3263 3636/3636/3260
f 3640/3640/3264 3638/3638/3262 3639/3639/3263
f 3639/3639/3263 3635/3635/3259 3641/3641/3265
f 3641/3641/3265 3640/3640/3264 3639/3639/3263
f 3642/3642/3266 3640/3640/3264 3641/3641/3265
f 3641/3641/3265 3643/3643/3267 3642/3642/3266
f 3643/3643/3267 3641/3641/3265 3635/3635/3259
f 3635/3635/3259 3644/3644/3268 3643/3643/3267
f 3644/3644/3268 3635/3635/3259 3634/3634/3258
f 3642/3642/3266 3643/3643/3267 3644/3644/3268
f 3645/3645/3269 3647/3646/3270 3646/3647/3271
f 3646/3647/3271 3648/3648/3272 3645/3645/3269
f 3649/3649/3273 3645/3645/3269 3648/3648/3272
f 3650/3650/3274 3648/3648/3272 3646/3647/3271
f 3646/3647/3271 3651/3651/3275 3650/3650/3274
f 3651/3651/3275 3646/3647/3271 3647/3646/3270
f 3647/3646/3270 3652/3652/3276 3651/3651/3275
f 3653/3653/3277 3651/3651/3275 3652/3652/3276
f 3650/3650/3274 3651/3651/3275 3653/3653/3277
f 3654/3654/3278 3653/3653/3277 3652/3652/3276
f 3655/3655/3279 3650/3650/3274 3653/3653/3277
f 3653/3653/3277 3654/3654/3278 3655/3655/3279
f 3656/3656/3280 3655/3655/3279 3654/3654/3278
f 3655/3655/3279 3656/3656/3280 3657/3657/3281
f 3657/3657/3281 3658/3658/3282 3655/3655/3279
f 3650/3650/3274 3655/3655/3279 3658/3658/3282
f 3659/3659/3283 3658/3658/3282 3657/3657/3281
f 3657/3657/3281 3660/3660/3284 3659/3659/3283
f 3660/3660/3284 3657/3657/3281 3656/3656/3280
f 3659/3659/3283 3660/3660/3284 3661/3661/3285
f 3661/3661/3285 3662/3662/3286 3659/3659/3283
f 3658/3658/3282 3659/3659/3283 3662/3662/3286
f 3662/3662/3286 3650/3650/3274 3658/3658/3282
f 3650/3650/3274 3662/3662/3286 3663/3663/3287
f 3663/3663/3287 3664/3664/3288 3650/3650/3274
f 3648/3648/3272 3650/3650/3274 3664/3664/3288
f 3664/3664/3288 3649/3649/3273 3648/3648/3272
f 3665/3665/3289 3649/3649/3273 3664/3664/3288
f 3664/3664/3288 3663/3663/3287 3665/3665/3289
f 3666/3666/3290 3665/3665/3289 3663/3663/3287
f 3663/3663/3287 3662/3662/3286 3666/3666/3290
f 3661/3661/3285 3666/3666/3290 3662/3662/3286
f 3667/3667/3291 3669/3668/3292 3668/3669/3293
f 3668/3669/3293 3670/3670/3294 3667/3667/3291
f 3671/3671/3295 3667/3667/3291 3670/3670/3294
f 3672/3672/3296 3670/3670/3294 3668/3669/3293
f 3668/3669/3293 3669/3668/3292 3672/3672/3296
f 3670/3670/3294 3672/3672/3296 3673/3673/3297
f 3673/3673/3297 3671/3671/3295 3670/3670/3294
f 3674/3674/3298 3671/3671/3295 3673/3673/3297
f 3673/3673/3297 3675/3675/3299 3674/3674/3298
f 3672/3672/3296 3675/3675/3299 3673/3673/3297
f 3676/3676/3300 3674/3674/3298 3675/3675/3299
f 3677/3677/3301 3675/3675/3299 3672/3672/3296
f 3672/3672/3296 3678/3678/3302 3677/3677/3301
f 3678/3678/3302 3672/3672/3296 3669/3668/3292
f 3677/3677/3301 3678/3678/3302 3679/3679/3227
f 3679/3679/3227 3680/3680/3303 3677/3677/3301
f 3675/3675/3299 3677/3677/3301 3680/3680/3303
f 3680/3680/3303 3681/3681/3304 3675/3675/3299
f 3676/3676/3300 3675/3675/3299 3681/3681/3304
f 3681/3681/3304 3682/3682/3230 3676/3676/3300
f 3682/3682/3230 3681/3681/3304 3680/3680/3303
f 3680/3680/3303 3679/3679/3227 3682/3682/3230
f 3683/3683/2932 3685/3684/3053 3684/3685/2934
f 3684/3685/2934 3686/3686/3054 3683/3683/2932
f 3687/3687/2936 3683/3683/2932 3686/3686/3054
f 3688/3688/2937 3686/3686/3054 3684/3685/2934
f 3684/3685/2934 3689/3689/3055 3688/3688/2937
f 3689/3689/3055 3684/3685/2934 3685/3684/3053
f 3685/3684/3053 3690/3690/2939 3689/3689/3055
f 3691/3691/2940 3689/3689/3055 3690/3690/2939
f 3688/3688/2937 3689/3689/3055 3691/3691/2940
f 3691/3691/2940 3690/3690/2939 3692/3692/3305
f 3692/3692/3305 3693/3693/3306 3691/3691/2940
f 3688/3688/2937 3691/3691/2940 3693/3693/3306
f 3693/3693/3306 3694/3694/2943 3688/3688/2937
f 3686/3686/3054 3688/3688/2937 3694/3694/2943
f 3694/3694/2943 3695/3695/2944 3686/3686/3054
f 3687/3687/2936 3686/3686/3054 3695/3695/2944
f 3695/3695/2944 3696/3696/3057 3687/3687/2936
f 3697/3697/2946 3696/3696/3057 3695/3695/2944
f 3695/3695/2944 3694/3694/2943 3697/3697/2946
f 3698/3698/2947 3696/3696/3057 3697/3697/2946
f 3697/3697/2946 3699/3699/2948 3698/3698/2947
f 3694/3694/2943 3699/3699/2948 3697/3697/2946
f 3700/3700/2949 3698/3698/2947 3699/3699/2948
f 3699/3699/2948 3694/3694/2943 3701/3701/3058
f 3701/3701/3058 3700/3700/2949 3699/3699/2948
f 3702/3702/3059 3700/3700/2949 3701/3701/3058
f 3701/3701/3058 3703/3703/2952 3702/3702/3059
f 3703/3703/2952 3701/3701/3058 3694/3694/2943
f 3694/3694/2943 3704/3704/2953 3703/3703/2952
f 3704/3704/2953 3694/3694/2943 3693/3693/3306
f 3693/3693/3306 3705/3705/2954 3704/3704/2953
f 3705/3705/2954 3693/3693/3306 3692/3692/3305
f 3704/3704/2953 3705/3705/2954 3706/3706/2955
f 3706/3706/2955 3703/3703/2952 3704/3704/2953
f 3702/3702/3059 3703/3703/2952 3706/3706/2955
f 3707/3707/3307 3709/3708/3308 3708/3709/3309
f 3708/3709/3309 3710/3710/3310 3707/3707/3307
f 3711/3711/3311 3707/3707/3307 3710/3710/3310
f 3710/3710/3310 3708/3709/3309 3712/3712/3312
f 3712/3712/3312 3711/3711/3311 3710/3710/3310
f 3713/3713/3313 3712/3712/3312 3708/3709/3309
f 3708/3709/3309 3709/3708/3308 3713/3713/3313
f 3714/3714/3314 3713/3713/3313 3709/3708/3308
f 3713/3713/3313 3714/3714/3314 3715/3715/3315
f 3715/3715/3315 3716/3716/3316 3713/3713/3313
f 3712/3712/3312 3713/3713/3313 3716/3716/3316
f 3716/3716/3316 3717/3717/3317 3712/3712/3312
f 3711/3711/3311 3712/3712/3312 3717/3717/3317
f 3718/3718/3318 3717/3717/3317 3716/3716/3316
f 3716/3716/3316 3719/3719/3319 3718/3718/3318
f 3715/3715/3315 3719/3719/3319 3716/3716/3316
f 3720/3720/3320 3718/3718/3318 3719/3719/3319
f 3719/3719/3319 3715/3715/3315 3721/3721/3321
f 3721/3721/3321 3720/3720/3320 3719/3719/3319
f 3722/3722/3322 3720/3720/3320 3721/3721/3321
f 3721/3721/3321 3723/3723/3323 3722/3722/3322
f 3723/3723/3323 3721/3721/3321 3715/3715/3315
f 3715/3715/3315 3724/3724/3324 3723/3723/3323
f 3724/3724/3324 3715/3715/3315 3714/3714/3314
f 3722/3722/3322 3723/3723/3323 3724/3724/3324
f 3725/3725/3325 3727/3726/3326 3726/3727/3064
f 3726/3727/3064 3728/3728/3327 3725/3725/3325
f 3729/3729/3066 3725/3725/3325 3728/3728/3327
f 3730/3730/3328 3728/3728/3327 3726/3727/3064
f 3726/3727/3064 3727/3726/3326 3730/3730/3328
f 3728/3728/3327 3730/3730/3328 3731/3731/3068
f 3731/3731/3068 3729/3729/3066 3728/3728/3327
f 3732/3732/3069 3729/3729/3066 3731/3731/3068
f 3731/3731/3068 3733/3733/3070 3732/3732/3069
f 3734/3734/3071 3733/3733/3070 3731/3731/3068
f 3731/3731/3068 3730/3730/3328 3734/3734/3071
f 3735/3735/3329 3734/3734/3071 3730/3730/3328
f 3730/3730/3328 3727/3726/3326 3735/3735/3329
f 3734/3734/3071 3735/3735/3329 3736/3736/3330
f 3736/3736/3330 3733/3733/3070 3734/3734/3071
f 3732/3732/3069 3733/3733/3070 3736/3736/3330
f 3737/3737/3331 3739/3738/3332 3738/3739/3333
f 3738/3739/3333 3740/3740/3334 3737/3737/3331
f 3741/3741/3335 3737/3737/3331 3740/3740/3334
f 3740/3740/3334 3738/3739/3333 3742/3742/3336
f 3742/3742/3336 3741/3741/3335 3740/3740/3334
f 3743/3743/3337 3742/3742/3336 3738/3739/3333
f 3738/3739/3333 3739/3738/3332 3743/3743/3337
f 3744/3744/3338 3743/3743/3337 3739/3738/3332
f 3743/3743/3337 3744/3744/3338 3745/3745/3339
f 3745/3745/3339 3746/3746/3340 3743/3743/3337
f 3742/3742/3336 3743/3743/3337 3746/3746/3340
f 3746/3746/3340 3747/3747/3341 3742/3742/3336
f 3741/3741/3335 3742/3742/3336 3747/3747/3341
f 3748/3748/3342 3747/3747/3341 3746/3746/3340
f 3746/3746/3340 3749/3749/3343 3748/3748/3342
f 3745/3745/3339 3749/3749/3343 3746/3746/3340
f 3750/3750/3344 3748/3748/3342 3749/3749/3343
f 3749/3749/3343 3745/3745/3339 3750/3750/3344
f 3744/3744/3338 3750/3750/3344 3745/3745/3339
f 3751/3751/3074 3753/3752/3075 3752/3753/3076
f 3752/3753/3076 3754/3754/3077 3751/3751/3074
f 3755/3755/3078 3751/3751/3074 3754/3754/3077
f 3754/3754/3077 3752/3753/3076 3756/3756/3345
f 3756/3756/3345 3757/3757/3080 3754/3754/3077
f 3755/3755/3078 3754/3754/3077 3757/3757/3080
f 3757/3757/3080 3758/3758/3081 3755/3755/3078
f 3759/3759/3082 3758/3758/3081 3757/3757/3080
f 3757/3757/3080 3756/3756/3345 3759/3759/3082
f 3760/3760/3083 3758/3758/3081 3759/3759/3082
f 3759/3759/3082 3756/3756/3345 3760/3760/3083
f 3761/3761/3084 3760/3760/3083 3756/3756/3345
f 3756/3756/3345 3762/3762/3085 3761/3761/3084
f 3752/3753/3076 3762/3762/3085 3756/3756/3345
f 3763/3763/3086 3761/3761/3084 3762/3762/3085
f 3762/3762/3085 3764/3764/3087 3763/3763/3086
f 3764/3764/3087 3762/3762/3085 3752/3753/3076
f 3752/3753/3076 3765/3765/3088 3764/3764/3087
f 3765/3765/3088 3752/3753/3076 3753/3752/3075
f 3753/3752/3075 3766/3766/3089 3765/3765/3088
f 3764/3764/3087 3765/3765/3088 3766/3766/3089
f 3766/3766/3089 3763/3763/3086 3764/3764/3087
f 3767/3767/3346 3769/3768/3347 3768/3769/3348
f 3768/3769/3348 3770/3770/3349 3767/3767/3346
f 3771/3771/3094 3767/3767/3346 3770/3770/3349
f 3770/3770/3349 3768/3769/3348 3772/3772/3095
f 3772/3772/3095 3771/3771/3094 3770/3770/3349
f 3773/3773/3096 3772/3772/3095 3768/3769/3348
f 3768/3769/3348 3769/3768/3347 3773/3773/3096
f 3774/3774/3097 3773/3773/3096 3769/3768/3347
f 3773/3773/3096 3774/3774/3097 3775/3775/3098
f 3775/3775/3098 3776/3776/3350 3773/3773/3096
f 3772/3772/3095 3773/3773/3096 3776/3776/3350
f 3776/3776/3350 3777/3777/3100 3772/3772/3095
f 3771/3771/3094 3772/3772/3095 3777/3777/3100
f 3778/3778/3101 3777/3777/3100 3776/3776/3350
f 3776/3776/3350 3779/3779/3102 3778/3778/3101
f 3775/3775/3098 3779/3779/3102 3776/3776/3350
f 3780/3780/3103 3778/3778/3101 3779/3779/3102
f 3779/3779/3102 3775/3775/3098 3780/3780/3103
f 3774/3774/3097 3780/3780/3103 3775/3775/3098
f 3781/3781/3104 3783/3782/3105 3782/3783/3351
f 3782/3783/3351 3784/3784/3352 3781/3781/3104
f 3785/3785/3353 3781/3781/3104 3784/3784/3352
f 3784/3784/3352 3782/3783/3351 3786/3786/3109
f 3786/3786/3109 3785/3785/3353 3784/3784/3352
f 3787/3787/3110 3786/3786/3109 3782/3783/3351
f 3782/3783/3351 3783/3782/3105 3787/3787/3110
f 3788/3788/3111 3787/3787/3110 3783/3782/3105
f 3787/3787/3110 3788/3788/3111 3789/3789/3112
f 3789/3789/3112 3790/3790/3113 3787/3787/3110
f 3786/3786/3109 3787/3787/3110 3790/3790/3113
f 3790/3790/3113 3791/3791/3114 3786/3786/3109
f 3785/3785/3353 3786/3786/3109 3791/3791/3114
f 3792/3792/3115 3791/3791/3114 3790/3790/3113
f 3790/3790/3113 3793/3793/3116 3792/3792/3115
f 3789/3789/3112 3793/3793/3116 3790/3790/3113
f 3794/3794/3117 3792/3792/3115 3793/3793/3116
f 3793/3793/3116 3789/3789/3112 3795/3795/3118
f 3795/3795/3118 3794/3794/3117 3793/3793/3116
f 3796/3796/3119 3794/3794/3117 3795/3795/3118
f 3795/3795/3118 3797/3797/3120 3796/3796/3119
f 3797/3797/3120 3795/3795/3118 3789/3789/3112
f 3789/3789/3112 3798/3798/3121 3797/3797/3120
f 3798/3798/3121 3789/3789/3112 3788/3788/3111
f 3796/3796/3119 3797/3797/3120 3798/3798/3121
f 3799/3799/3354 3801/3800/3355 3800/3801/3356
f 3800/3801/3356 3802/3802/3357 3799/3799/3354
f 3803/3803/3358 3799/3799/3354 3802/3802/3357
f 3804/3804/3359 3802/3802/3357 3800/3801/3356
f 3800/3801/3356 3805/3805/3360 3804/3804/3359
f 3805/3805/3360 3800/3801/3356 3801/3800/3355
f 3801/3800/3355 3806/3806/3361 3805/3805/3360
f 3807/3807/3362 3805/3805/3360 3806/3806/3361
f 3804/3804/3359 3805/3805/3360 3807/3807/3362
f 3807/3807/3362 3806/3806/3361 3808/3808/3363
f 3808/3808/3363 3809/3809/3364 3807/3807/3362
f 3804/3804/3359 3807/3807/3362 3809/3809/3364
f 3809/3809/3364 3810/3810/3365 3804/3804/3359
f 3802/3802/3357 3804/3804/3359 3810/3810/3365
f 3810/3810/3365 3811/3811/3366 3802/3802/3357
f 3803/3803/3358 3802/3802/3357 3811/3811/3366
f 3811/3811/3366 3812/3812/3367 3803/3803/3358
f 3813/3813/3368 3812/3812/3367 3811/3811/3366
f 3811/3811/3366 3810/3810/3365 3813/3813/3368
f 3814/3814/3369 3812/3812/3367 3813/3813/3368
f 3813/3813/3368 3815/3815/3370 3814/3814/3369
f 3810/3810/3365 3815/3815/3370 3813/3813/3368
f 3816/3816/3371 3814/3814/3369 3815/3815/3370
f 3815/3815/3370 3810/3810/3365 3817/3817/3372
f 3817/3817/3372 3816/3816/3371 3815/3815/3370
f 3818/3818/3373 3816/3816/3371 3817/3817/3372
f 3817/3817/3372 3819/3819/3374 3818/3818/3373
f 3819/3819/3374 3817/3817/3372 3810/3810/3365
f 3810/3810/3365 3820/3820/3375 3819/3819/3374
f 3820/3820/3375 3810/3810/3365 3809/3809/3364
f 3809/3809/3364 3821/3821/3376 3820/3820/3375
f 3821/3821/3376 3809/3809/3364 3808/3808/3363
f 3820/3820/3375 3821/3821/3376 3822/3822/3377
f 3822/3822/3377 3819/3819/3374 3820/3820/3375
f 3818/3818/3373 3819/3819/3374 3822/3822/3377
f 3823/3823/3122 3825/3824/3123 3824/3825/3124
f 3824/3825/3124 3826/3826/3378 3823/3823/3122
f 3827/3827/3126 3823/3823/3122 3826/3826/3378
f 3828/3828/3127 3826/3826/3378 3824/3825/3124
f 3824/3825/3124 3829/3829/3128 3828/3828/3127
f 3829/3829/3128 3824/3825/3124 3825/3824/3123
f 3825/3824/3123 3830/3830/3129 3829/3829/3128
f 3831/3831/3130 3829/3829/3128 3830/3830/3129
f 3829/3829/3128 3831/3831/3130 3832/3832/3131
f 3832/3832/3131 3828/3828/3127 3829/3829/3128
f 3828/3828/3127 3832/3832/3131 3833/3833/3132
f 3833/3833/3132 3826/3826/3378 3828/3828/3127
f 3827/3827/3126 3826/3826/3378 3833/3833/3132
f 3833/3833/3132 3834/3834/3133 3827/3827/3126
f 3835/3835/3134 3834/3834/3133 3833/3833/3132
f 3833/3833/3132 3832/3832/3131 3835/3835/3134
f 3836/3836/3135 3834/3834/3133 3835/3835/3134
f 3835/3835/3134 3832/3832/3131 3837/3837/3136
f 3837/3837/3136 3836/3836/3135 3835/3835/3134
f 3838/3838/3137 3836/3836/3135 3837/3837/3136
f 3837/3837/3136 3839/3839/3138 3838/3838/3137
f 3839/3839/3138 3837/3837/3136 3832/3832/3131
f 3832/3832/3131 3840/3840/3139 3839/3839/3138
f 3840/3840/3139 3832/3832/3131 3831/3831/3130
f 3831/3831/3130 3841/3841/3379 3840/3840/3139
f 3841/3841/3379 3831/3831/3130 3830/3830/3129
f 3840/3840/3139 3841/3841/3379 3842/3842/3141
f 3842/3842/3141 3839/3839/3138 3840/3840/3139
f 3838/3838/3137 3839/3839/3138 3842/3842/3141
f 3843/3843/3380 3845/3844/3381 3844/3845/3382
f 3844/3845/3382 3846/3846/3383 3843/3843/3380
f 3847/3847/3384 3843/3843/3380 3846/3846/3383
f 3846/3846/3383 3844/3845/3382 3848/3848/3385
f 3848/3848/3385 3847/3847/3384 3846/3846/3383
f 3849/3849/3386 3848/3848/3385 3844/3845/3382
f 3844/3845/3382 3845/3844/3381 3849/3849/3386
f 3850/3850/3387 3849/3849/3386 3845/3844/3381
f 3849/3849/3386 3850/3850/3387 3851/3851/3388
f 3851/3851/3388 3852/3852/3389 3849/3849/3386
f 3848/3848/3385 3849/3849/3386 3852/3852/3389
f 3852/3852/3389 3853/3853/3390 3848/3848/3385
f 3847/3847/3384 3848/3848/3385 3853/3853/3390
f 3854/3854/3391 3853/3853/3390 3852/3852/3389
f 3852/3852/3389 3855/3855/3392 3854/3854/3391
f 3851/3851/3388 3855/3855/3392 3852/3852/3389
f 3856/3856/3393 3854/3854/3391 3855/3855/3392
f 3855/3855/3392 3851/3851/3388 3856/3856/3393
f 3850/3850/3387 3856/3856/3393 3851/3851/3388
f 3857/3857/3331 3859/3858/3332 3858/3859/3394
f 3858/3859/3394 3860/3860/3395 3857/3857/3331
f 3861/3861/3335 3857/3857/3331 3860/3860/3395
f 3860/3860/3395 3858/3859/3394 3862/3862/3336
f 3862/3862/3336 3861/3861/3335 3860/3860/3395
f 3863/3863/3337 3862/3862/3336 3858/3859/3394
f 3858/3859/3394 3859/3858/3332 3863/3863/3337
f 3864/3864/3338 3863/3863/3337 3859/3858/3332
f 3863/3863/3337 3864/3864/3338 3865/3865/3339
f 3865/3865/3339 3866/3866/3340 3863/3863/3337
f 3862/3862/3336 3863/3863/3337 3866/3866/3340
f 3866/3866/3340 3867/3867/3341 3862/3862/3336
f 3861/3861/3335 3862/3862/3336 3867/3867/3341
f 3868/3868/3342 3867/3867/3341 3866/3866/3340
f 3866/3866/3340 3869/3869/3343 3868/3868/3342
f 3865/3865/3339 3869/3869/3343 3866/3866/3340
f 3870/3870/3344 3868/3868/3342 3869/3869/3343
f 3869/3869/3343 3865/3865/3339 3870/3870/3344
f 3864/3864/3338 3870/3870/3344 3865/3865/3339
f 3871/3871/3090 3873/3872/3347 3872/3873/3348
f 3872/3873/3348 3874/3874/3396 3871/3871/3090
f 3875/3875/3094 3871/3871/3090 3874/3874/3396
f 3874/3874/3396 3872/3873/3348 3876/3876/3095
f 3876/3876/3095 3875/3875/3094 3874/3874/3396
f 3877/3877/3096 3876/3876/3095 3872/3873/3348
f 3872/3873/3348 3873/3872/3347 3877/3877/3096
f 3878/3878/3397 3877/3877/3096 3873/3872/3347
f 3877/3877/3096 3878/3878/3397 3879/3879/3098
f 3879/3879/3098 3880/3880/3350 3877/3877/3096
f 3876/3876/3095 3877/3877/3096 3880/3880/3350
f 3880/3880/3350 3881/3881/3100 3876/3876/3095
f 3875/3875/3094 3876/3876/3095 3881/3881/3100
f 3882/3882/3101 3881/3881/3100 3880/3880/3350
f 3880/3880/3350 3883/3883/3102 3882/3882/3101
f 3879/3879/3098 3883/3883/3102 3880/3880/3350
f 3884/3884/3103 3882/3882/3101 3883/3883/3102
f 3883/3883/3102 3879/3879/3098 3884/3884/3103
f 3878/3878/3397 3884/3884/3103 3879/3879/3098
f 3885/3885/3398 3887/3886/3399 3886/3887/3400
f 3886/3887/3400 3888/3888/3401 3885/3885/3398
f 3889/3889/3402 3885/3885/3398 3888/3888/3401
f 3888/3888/3401 3886/3887/3400 3890/3890/3403
f 3890/3890/3403 3889/3889/3402 3888/3888/3401
f 3891/3891/3404 3890/3890/3403 3886/3887/3400
f 3886/3887/3400 3887/3886/3399 3891/3891/3404
f 3892/3892/2981 3891/3891/3404 3887/3886/3399
f 3891/3891/3404 3892/3892/2981 3893/3893/3405
f 3893/3893/3405 3894/3894/3406 3891/3891/3404
f 3890/3890/3403 3891/3891/3404 3894/3894/3406
f 3894/3894/3406 3895/3895/3407 3890/3890/3403
f 3889/3889/3402 3890/3890/3403 3895/3895/3407
f 3896/3896/3408 3895/3895/3407 3894/3894/3406
f 3894/3894/3406 3897/3897/3409 3896/3896/3408
f 3893/3893/3405 3897/3897/3409 3894/3894/3406
f 3898/3898/2987 3896/3896/3408 3897/3897/3409
f 3897/3897/3409 3893/3893/3405 3899/3899/2988
f 3899/3899/2988 3898/3898/2987 3897/3897/3409
f 3900/3900/2989 3898/3898/2987 3899/3899/2988
f 3899/3899/2988 3901/3901/3173 3900/3900/2989
f 3901/3901/3173 3899/3899/2988 3893/3893/3405
f 3893/3893/3405 3902/3902/2991 3901/3901/3173
f 3902/3902/2991 3893/3893/3405 3892/3892/2981
f 3900/3900/2989 3901/3901/3173 3902/3902/2991
f 3903/3903/3410 3905/3904/3411 3904/3905/3412
f 3904/3905/3412 3906/3906/3413 3903/3903/3410
f 3907/3907/3414 3903/3903/3410 3906/3906/3413
f 3908/3908/3415 3906/3906/3413 3904/3905/3412
f 3904/3905/3412 3909/3909/3416 3908/3908/3415
f 3909/3909/3416 3904/3905/3412 3905/3904/3411
f 3905/3904/3411 3910/3910/3417 3909/3909/3416
f 3911/3911/3418 3909/3909/3416 3910/3910/3417
f 3908/3908/3415 3909/3909/3416 3911/3911/3418
f 3911/3911/3418 3910/3910/3417 3912/3912/3419
f 3912/3912/3419 3913/3913/3420 3911/3911/3418
f 3908/3908/3415 3911/3911/3418 3913/3913/3420
f 3914/3914/3421 3913/3913/3420 3912/3912/3419
f 3915/3915/3422 3908/3908/3415 3913/3913/3420
f 3913/3913/3420 3914/3914/3421 3915/3915/3422
f 3916/3916/3423 3915/3915/3422 3914/3914/3421
f 3915/3915/3422 3916/3916/3423 3917/3917/3424
f 3917/3917/3424 3908/3908/3415 3915/3915/3422
f 3918/3918/3425 3917/3917/3424 3916/3916/3423
f 3919/3919/3426 3908/3908/3415 3917/3917/3424
f 3917/3917/3424 3918/3918/3425 3919/3919/3426
f 3908/3908/3415 3919/3919/3426 3920/3920/3427
f 3920/3920/3427 3906/3906/3413 3908/3908/3415
f 3907/3907/3414 3906/3906/3413 3920/3920/3427
f 3920/3920/3427 3921/3921/3428 3907/3907/3414
f 3921/3921/3428 3920/3920/3427 3919/3919/3426
f 3919/3919/3426 3918/3918/3425 3921/3921/3428
f 3922/3922/3429 3924/3923/3430 3923/3924/3431
f 3923/3924/3431 3925/3925/3432 3922/3922/3429
f 3926/3926/3433 3922/3922/3429 3925/3925/3432
f 3927/3927/3434 3925/3925/3432 3923/3924/3431
f 3923/3924/3431 3928/3928/3435 3927/3927/3434
f 3928/3928/3435 3923/3924/3431 3924/3923/3430
f 3924/3923/3430 3929/3929/3436 3928/3928/3435
f 3930/3930/3437 3928/3928/3435 3929/3929/3436
f 3928/3928/3435 3930/3930/3437 3931/3931/3438
f 3931/3931/3438 3927/3927/3434 3928/3928/3435
f 3927/3927/3434 3931/3931/3438 3932/3932/3439
f 3932/3932/3439 3925/3925/3432 3927/3927/3434
f 3926/3926/3433 3925/3925/3432 3932/3932/3439
f 3932/3932/3439 3933/3933/3440 3926/3926/3433
f 3934/3934/3441 3933/3933/3440 3932/3932/3439
f 3932/3932/3439 3931/3931/3438 3934/3934/3441
f 3935/3935/3442 3933/3933/3440 3934/3934/3441
f 3934/3934/3441 3931/3931/3438 3936/3936/3443
f 3936/3936/3443 3935/3935/3442 3934/3934/3441
f 3937/3937/3444 3935/3935/3442 3936/3936/3443
f 3936/3936/3443 3938/3938/3445 3937/3937/3444
f 3938/3938/3445 3936/3936/3443 3931/3931/3438
f 3931/3931/3438 3939/3939/3446 3938/3938/3445
f 3939/3939/3446 3931/3931/3438 3930/3930/3437
f 3930/3930/3437 3940/3940/3447 3939/3939/3446
f 3940/3940/3447 3930/3930/3437 3929/3929/3436
f 3939/3939/3446 3940/3940/3447 3941/3941/3448
f 3941/3941/3448 3938/3938/3445 3939/3939/3446
f 3937/3937/3444 3938/3938/3445 3941/3941/3448
f 3942/3942/3449 3944/3943/3308 3943/3944/3450
f 3943/3944/3450 3945/3945/3310 3942/3942/3449
f 3946/3946/3311 3942/3942/3449 3945/3945/3310
f 3945/3945/3310 3943/3944/3450 3947/3947/3312
f 3947/3947/3312 3946/3946/3311 3945/3945/3310
f 3948/3948/3313 3947/3947/3312 3943/3944/3450
f 3943/3944/3450 3944/3943/3308 3948/3948/3313
f 3949/3949/3314 3948/3948/3313 3944/3943/3308
f 3948/3948/3313 3949/3949/3314 3950/3950/3315
f 3950/3950/3315 3951/3951/3316 3948/3948/3313
f 3947/3947/3312 3948/3948/3313 3951/3951/3316
f 3951/3951/3316 3952/3952/3317 3947/3947/3312
f 3946/3946/3311 3947/3947/3312 3952/3952/3317
f 3953/3953/3318 3952/3952/3317 3951/3951/3316
f 3951/3951/3316 3954/3954/3319 3953/3953/3318
f 3950/3950/3315 3954/3954/3319 3951/3951/3316
f 3955/3955/3451 3953/3953/3318 3954/3954/3319
f 3954/3954/3319 3950/3950/3315 3956/3956/3321
f 3956/3956/3321 3955/3955/3451 3954/3954/3319
f 3957/3957/3322 3955/3955/3451 3956/3956/3321
f 3956/3956/3321 3958/3958/3323 3957/3957/3322
f 3958/3958/3323 3956/3956/3321 3950/3950/3315
f 3950/3950/3315 3959/3959/3452 3958/3958/3323
f 3959/3959/3452 3950/3950/3315 3949/3949/3314
f 3957/3957/3322 3958/3958/3323 3959/3959/3452
f 3960/3960/3453 3962/3961/3454 3961/3962/3455
f 3961/3962/3455 3963/3963/3456 3960/3960/3453
f 3964/3964/3457 3960/3960/3453 3963/3963/3456
f 3963/3963/3456 3961/3962/3455 3965/3965/3458
f 3965/3965/3458 3964/3964/3457 3963/3963/3456
f 3966/3966/3459 3965/3965/3458 3961/3962/3455
f 3961/3962/3455 3962/3961/3454 3966/3966/3459
f 3967/3967/3460 3966/3966/3459 3962/3961/3454
f 3966/3966/3459 3967/3967/3460 3968/3968/3461
f 3968/3968/3461 3969/3969/3462 3966/3966/3459
f 3965/3965/3458 3966/3966/3459 3969/3969/3462
f 3969/3969/3462 3970/3970/3463 3965/3965/3458
f 3964/3964/3457 3965/3965/3458 3970/3970/3463
f 3971/3971/3464 3970/3970/3463 3969/3969/3462
f 3969/3969/3462 3972/3972/3465 3971/3971/3464
f 3968/3968/3461 3972/3972/3465 3969/3969/3462
f 3973/3973/3466 3971/3971/3464 3972/3972/3465
f 3972/3972/3465 3968/3968/3461 3973/3973/3466
f 3967/3967/3460 3973/3973/3466 3968/3968/3461
f 3974/3974/3467 3976/3975/3468 3975/3976/3469
f 3975/3976/3469 3977/3977/3470 3974/3974/3467
f 3978/3978/3471 3974/3974/3467 3977/3977/3470
f 3977/3977/3470 3975/3976/3469 3979/3979/3472
f 3979/3979/3472 3978/3978/3471 3977/3977/3470
f 3980/3980/3473 3979/3979/3472 3975/3976/3469
f 3975/3976/3469 3976/3975/3468 3980/3980/3473
f 3981/3981/3474 3980/3980/3473 3976/3975/3468
f 3980/3980/3473 3981/3981/3474 3982/3982/3475
f 3982/3982/3475 3983/3983/3476 3980/3980/3473
f 3979/3979/3472 3980/3980/3473 3983/3983/3476
f 3983/3983/3476 3984/3984/3477 3979/3979/3472
f 3978/3978/3471 3979/3979/3472 3984/3984/3477
f 3985/3985/3478 3984/3984/3477 3983/3983/3476
f 3983/3983/3476 3986/3986/3479 3985/3985/3478
f 3982/3982/3475 3986/3986/3479 3983/3983/3476
f 3987/3987/3480 3985/3985/3478 3986/3986/3479
f 3986/3986/3479 3982/3982/3475 3987/3987/3480
f 3981/3981/3474 3987/3987/3480 3982/3982/3475
f 3988/3988/3331 3990/3989/3332 3989/3990/3394
f 3989/3990/3394 3991/3991/3334 3988/3988/3331
f 3992/3992/3335 3988/3988/3331 3991/3991/3334
f 3991/3991/3334 3989/3990/3394 3993/3993/3336
f 3993/3993/3336 3992/3992/3335 3991/3991/3334
f 3994/3994/3337 3993/3993/3336 3989/3990/3394
f 3989/3990/3394 3990/3989/3332 3994/3994/3337
f 3995/3995/3338 3994/3994/3337 3990/3989/3332
f 3994/3994/3337 3995/3995/3338 3996/3996/3339
f 3996/3996/3339 3997/3997/3340 3994/3994/3337
f 3993/3993/3336 3994/3994/3337 3997/3997/3340
f 3997/3997/3340 3998/3998/3341 3993/3993/3336
f 3992/3992/3335 3993/3993/3336 3998/3998/3341
f 3999/3999/3342 3998/3998/3341 3997/3997/3340
f 3997/3997/3340 4000/4000/3343 3999/3999/3342
f 3996/3996/3339 4000/4000/3343 3997/3997/3340
f 4001/4001/3344 3999/3999/3342 4000/4000/3343
f 4000/4000/3343 3996/3996/3339 4001/4001/3344
f 3995/3995/3338 4001/4001/3344 3996/3996/3339
f 4002/4002/3090 4004/4003/3091 4003/4004/3348
f 4003/4004/3348 4005/4005/3349 4002/4002/3090
f 4006/4006/3094 4002/4002/3090 4005/4005/3349
f 4005/4005/3349 4003/4004/3348 4007/4007/3095
f 4007/4007/3095 4006/4006/3094 4005/4005/3349
f 4008/4008/3096 4007/4007/3095 4003/4004/3348
f 4003/4004/3348 4004/4003/3091 4008/4008/3096
f 4009/4009/3397 4008/4008/3096 4004/4003/3091
f 4008/4008/3096 4009/4009/3397 4010/4010/3098
f 4010/4010/3098 4011/4011/3350 4008/4008/3096
f 4007/4007/3095 4008/4008/3096 4011/4011/3350
f 4011/4011/3350 4012/4012/3100 4007/4007/3095
f 4006/4006/3094 4007/4007/3095 4012/4012/3100
f 4013/4013/3101 4012/4012/3100 4011/4011/3350
f 4011/4011/3350 4014/4014/3102 4013/4013/3101
f 4010/4010/3098 4014/4014/3102 4011/4011/3350
f 4015/4015/3103 4013/4013/3101 4014/4014/3102
f 4014/4014/3102 4010/4010/3098 4015/4015/3103
f 4009/4009/3397 4015/4015/3103 4010/4010/3098
f 4016/4016/3481 4018/4017/3399 4017/4018/3400
f 4017/4018/3400 4019/4019/3401 4016/4016/3481
f 4020/4020/3402 4016/4016/3481 4019/4019/3401
f 4019/4019/3401 4017/4018/3400 4021/4021/3403
f 4021/4021/3403 4020/4020/3402 4019/4019/3401
f 4022/4022/3404 4021/4021/3403 4017/4018/3400
f 4017/4018/3400 4018/4017/3399 4022/4022/3404
f 4023/4023/2981 4022/4022/3404 4018/4017/3399
f 4022/4022/3404 4023/4023/2981 4024/4024/3405
f 4024/4024/3405 4025/4025/3406 4022/4022/3404
f 4021/4021/3403 4022/4022/3404 4025/4025/3406
f 4025/4025/3406 4026/4026/3407 4021/4021/3403
f 4020/4020/3402 4021/4021/3403 4026/4026/3407
f 4027/4027/3408 4026/4026/3407 4025/4025/3406
f 4025/4025/3406 4028/4028/3409 4027/4027/3408
f 4024/4024/3405 4028/4028/3409 4025/4025/3406
f 4029/4029/2987 4027/4027/3408 4028/4028/3409
f 4028/4028/3409 4024/4024/3405 4030/4030/2988
f 4030/4030/2988 4029/4029/2987 4028/4028/3409
f 4031/4031/2989 4029/4029/2987 4030/4030/2988
f 4030/4030/2988 4032/4032/2990 4031/4031/2989
f 4032/4032/2990 4030/4030/2988 4024/4024/3405
f 4024/4024/3405 4033/4033/2991 4032/4032/2990
f 4033/4033/2991 4024/4024/3405 4023/4023/2981
f 4031/4031/2989 4032/4032/2990 4033/4033/2991
f 4034/4034/3482 4036/4035/3483 4035/4036/3484
f 4035/4036/3484 4037/4037/3485 4034/4034/3482
f 4038/4038/3486 4034/4034/3482 4037/4037/3485
f 4039/4039/3487 4037/4037/3485 4035/4036/3484
f 4035/4036/3484 4040/4040/3488 4039/4039/3487
f 4040/4040/3488 4035/4036/3484 4036/4035/3483
f 4036/4035/3483 4041/4041/3489 4040/4040/3488
f 4042/4042/3490 4040/4040/3488 4041/4041/3489
f 4039/4039/3487 4040/4040/3488 4042/4042/3490
f 4042/4042/3490 4041/4041/3489 4043/4043/3491
f 4043/4043/3491 4044/4044/3492 4042/4042/3490
f 4039/4039/3487 4042/4042/3490 4044/4044/3492
f 4045/4045/3493 4044/4044/3492 4043/4043/3491
f 4046/4046/3494 4039/4039/3487 4044/4044/3492
f 4044/4044/3492 4045/4045/3493 4046/4046/3494
f 4047/4047/3495 4046/4046/3494 4045/4045/3493
f 4046/4046/3494 4047/4047/3495 4048/4048/3496
f 4048/4048/3496 4039/4039/3487 4046/4046/3494
f 4049/4049/3497 4048/4048/3496 4047/4047/3495
f 4050/4050/3498 4039/4039/3487 4048/4048/3496
f 4048/4048/3496 4049/4049/3497 4050/4050/3498
f 4039/4039/3487 4050/4050/3498 4051/4051/3499
f 4051/4051/3499 4037/4037/3485 4039/4039/3487
f 4038/4038/3486 4037/4037/3485 4051/4051/3499
f 4051/4051/3499 4052/4052/3500 4038/4038/3486
f 4052/4052/3500 4051/4051/3499 4050/4050/3498
f 4050/4050/3498 4049/4049/3497 4052/4052/3500
f 4053/4053/3231 4055/4054/3501 4054/4055/3233
f 4054/4055/3233 4056/4056/3234 4053/4053/3231
f 4057/4057/3235 4053/4053/3231 4056/4056/3234
f 4058/4058/3236 4056/4056/3234 4054/4055/3233
f 4054/4055/3233 4059/4059/3502 4058/4058/3236
f 4059/4059/3502 4054/4055/3233 4055/4054/3501
f 4055/4054/3501 4060/4060/3238 4059/4059/3502
f 4061/4061/3503 4059/4059/3502 4060/4060/3238
f 4059/4059/3502 4061/4061/3503 4062/4062/3240
f 4062/4062/3240 4058/4058/3236 4059/4059/3502
f 4058/4058/3236 4062/4062/3240 4063/4063/3504
f 4063/4063/3504 4056/4056/3234 4058/4058/3236
f 4057/4057/3235 4056/4056/3234 4063/4063/3504
f 4063/4063/3504 4064/4064/3505 4057/4057/3235
f 4065/4065/3243 4064/4064/3505 4063/4063/3504
f 4063/4063/3504 4062/4062/3240 4065/4065/3243
f 4066/4066/3244 4064/4064/3505 4065/4065/3243
f 4065/4065/3243 4062/4062/3240 4067/4067/3245
f 4067/4067/3245 4066/4066/3244 4065/4065/3243
f 4068/4068/3246 4066/4066/3244 4067/4067/3245
f 4067/4067/3245 4069/4069/3247 4068/4068/3246
f 4069/4069/3247 4067/4067/3245 4062/4062/3240
f 4062/4062/3240 4070/4070/3506 4069/4069/3247
f 4070/4070/3506 4062/4062/3240 4061/4061/3503
f 4061/4061/3503 4071/4071/3249 4070/4070/3506
f 4071/4071/3249 4061/4061/3503 4060/4060/3238
f 4070/4070/3506 4071/4071/3249 4072/4072/3250
f 4072/4072/3250 4069/4069/3247 4070/4070/3506
f 4068/4068/3246 4069/4069/3247 4072/4072/3250
f 4073/4073/3507 4075/4074/3508 4074/4075/3509
f 4074/4075/3509 4076/4076/3510 4073/4073/3507
f 4077/4077/3511 4073/4073/3507 4076/4076/3510
f 4076/4076/3510 4074/4075/3509 4078/4078/3512
f 4078/4078/3512 4077/4077/3511 4076/4076/3510
f 4079/4079/3513 4078/4078/3512 4074/4075/3509
f 4074/4075/3509 4075/4074/3508 4079/4079/3513
f 4080/4080/3514 4079/4079/3513 4075/4074/3508
f 4079/4079/3513 4080/4080/3514 4081/4081/3515
f 4081/4081/3515 4082/4082/3516 4079/4079/3513
f 4078/4078/3512 4079/4079/3513 4082/4082/3516
f 4082/4082/3516 4083/4083/3517 4078/4078/3512
f 4077/4077/3511 4078/4078/3512 4083/4083/3517
f 4084/4084/3518 4083/4083/3517 4082/4082/3516
f 4082/4082/3516 4085/4085/3519 4084/4084/3518
f 4081/4081/3515 4085/4085/3519 4082/4082/3516
f 4086/4086/3520 4084/4084/3518 4085/4085/3519
f 4085/4085/3519 4081/4081/3515 4087/4087/3521
f 4087/4087/3521 4086/4086/3520 4085/4085/3519
f 4088/4088/3522 4086/4086/3520 4087/4087/3521
f 4087/4087/3521 4089/4089/3523 4088/4088/3522
f 4089/4089/3523 4087/4087/3521 4081/4081/3515
f 4081/4081/3515 4090/4090/3524 4089/4089/3523
f 4090/4090/3524 4081/4081/3515 4080/4080/3514
f 4088/4088/3522 4089/4089/3523 4090/4090/3524
f 4091/4091/3453 4093/4092/3454 4092/4093/3525
f 4092/4093/3525 4094/4094/3526 4091/4091/3453
f 4095/4095/3457 4091/4091/3453 4094/4094/3526
f 4094/4094/3526 4092/4093/3525 4096/4096/3458
f 4096/4096/3458 4095/4095/3457 4094/4094/3526
f 4097/4097/3459 4096/4096/3458 4092/4093/3525
f 4092/4093/3525 4093/4092/3454 4097/4097/3459
f 4098/4098/3460 4097/4097/3459 4093/4092/3454
f 4097/4097/3459 4098/4098/3460 4099/4099/3461
f 4099/4099/3461 4100/4100/3462 4097/4097/3459
f 4096/4096/3458 4097/4097/3459 4100/4100/3462
f 4100/4100/3462 4101/4101/3527 4096/4096/3458
f 4095/4095/3457 4096/4096/3458 4101/4101/3527
f 4102/4102/3464 4101/4101/3527 4100/4100/3462
f 4100/4100/3462 4103/4103/3465 4102/4102/3464
f 4099/4099/3461 4103/4103/3465 4100/4100/3462
f 4104/4104/3466 4102/4102/3464 4103/4103/3465
f 4103/4103/3465 4099/4099/3461 4104/4104/3466
f 4098/4098/3460 4104/4104/3466 4099/4099/3461
f 4105/4105/3528 4107/4106/3529 4106/4107/3530
f 4106/4107/3530 4108/4108/3531 4105/4105/3528
f 4109/4109/3532 4105/4105/3528 4108/4108/3531
f 4108/4108/3531 4106/4107/3530 4110/4110/3533
f 4110/4110/3533 4109/4109/3532 4108/4108/3531
f 4111/4111/3534 4110/4110/3533 4106/4107/3530
f 4106/4107/3530 4107/4106/3529 4111/4111/3534
f 4112/4112/3535 4111/4111/3534 4107/4106/3529
f 4111/4111/3534 4112/4112/3535 4113/4113/3536
f 4113/4113/3536 4114/4114/3537 4111/4111/3534
f 4110/4110/3533 4111/4111/3534 4114/4114/3537
f 4114/4114/3537 4115/4115/3538 4110/4110/3533
f 4109/4109/3532 4110/4110/3533 4115/4115/3538
f 4116/4116/3539 4115/4115/3538 4114/4114/3537
f 4114/4114/3537 4117/4117/3540 4116/4116/3539
f 4113/4113/3536 4117/4117/3540 4114/4114/3537
f 4118/4118/3541 4116/4116/3539 4117/4117/3540
f 4117/4117/3540 4113/4113/3536 4118/4118/3541
f 4112/4112/3535 4118/4118/3541 4113/4113/3536
f 4119/4119/3090 4121/4120/3347 4120/4121/3348
f 4120/4121/3348 4122/4122/3349 4119/4119/3090
f 4123/4123/3094 4119/4119/3090 4122/4122/3349
f 4122/4122/3349 4120/4121/3348 4124/4124/3095
f 4124/4124/3095 4123/4123/3094 4122/4122/3349
f 4125/4125/3096 4124/4124/3095 4120/4121/3348
f 4120/4121/3348 4121/4120/3347 4125/4125/3096
f 4126/4126/3397 4125/4125/3096 4121/4120/3347
f 4125/4125/3096 4126/4126/3397 4127/4127/3098
f 4127/4127/3098 4128/4128/3350 4125/4125/3096
f 4124/4124/3095 4125/4125/3096 4128/4128/3350
f 4128/4128/3350 4129/4129/3100 4124/4124/3095
f 4123/4123/3094 4124/4124/3095 4129/4129/3100
f 4130/4130/3101 4129/4129/3100 4128/4128/3350
f 4128/4128/3350 4131/4131/3542 4130/4130/3101
f 4127/4127/3098 4131/4131/3542 4128/4128/3350
f 4132/4132/3103 4130/4130/3101 4131/4131/3542
f 4131/4131/3542 4127/4127/3098 4132/4132/3103
f 4126/4126/3397 4132/4132/3103 4127/4127/3098
f 4133/4133/3543 4135/4134/3544 4134/4135/3545
f 4134/4135/3545 4136/4136/3546 4133/4133/3543
f 4137/4137/3547 4133/4133/3543 4136/4136/3546
f 4138/4138/3548 4136/4136/3546 4134/4135/3545
f 4134/4135/3545 4139/4139/3549 4138/4138/3548
f 4139/4139/3549 4134/4135/3545 4135/4134/3544
f 4135/4134/3544 4140/4140/3550 4139/4139/3549
f 4141/4141/3551 4139/4139/3549 4140/4140/3550
f 4139/4139/3549 4141/4141/3551 4142/4142/3552
f 4142/4142/3552 4138/4138/3548 4139/4139/3549
f 4138/4138/3548 4142/4142/3552 4143/4143/3553
f 4143/4143/3553 4136/4136/3546 4138/4138/3548
f 4137/4137/3547 4136/4136/3546 4143/4143/3553
f 4143/4143/3553 4144/4144/3554 4137/4137/3547
f 4145/4145/3555 4144/4144/3554 4143/4143/3553
f 4143/4143/3553 4142/4142/3552 4145/4145/3555
f 4146/4146/3556 4144/4144/3554 4145/4145/3555
f 4145/4145/3555 4142/4142/3552 4147/4147/3557
f 4147/4147/3557 4146/4146/3556 4145/4145/3555
f 4148/4148/3558 4146/4146/3556 4147/4147/3557
f 4147/4147/3557 4149/4149/3559 4148/4148/3558
f 4149/4149/3559 4147/4147/3557 4142/4142/3552
f 4142/4142/3552 4150/4150/3560 4149/4149/3559
f 4150/4150/3560 4142/4142/3552 4141/4141/3551
f 4141/4141/3551 4151/4151/3561 4150/4150/3560
f 4151/4151/3561 4141/4141/3551 4140/4140/3550
f 4150/4150/3560 4151/4151/3561 4152/4152/3562
f 4152/4152/3562 4149/4149/3559 4150/4150/3560
f 4148/4148/3558 4149/4149/3559 4152/4152/3562
f 4153/4153/3231 4155/4154/3501 4154/4155/3233
f 4154/4155/3233 4156/4156/3234 4153/4153/3231
f 4157/4157/3563 4153/4153/3231 4156/4156/3234
f 4158/4158/3236 4156/4156/3234 4154/4155/3233
f 4154/4155/3233 4159/4159/3502 4158/4158/3236
f 4159/4159/3502 4154/4155/3233 4155/4154/3501
f 4155/4154/3501 4160/4160/3238 4159/4159/3502
f 4161/4161/3564 4159/4159/3502 4160/4160/3238
f 4159/4159/3502 4161/4161/3564 4162/4162/3240
f 4162/4162/3240 4158/4158/3236 4159/4159/3502
f 4158/4158/3236 4162/4162/3240 4163/4163/3241
f 4163/4163/3241 4156/4156/3234 4158/4158/3236
f 4157/4157/3563 4156/4156/3234 4163/4163/3241
f 4163/4163/3241 4164/4164/3505 4157/4157/3563
f 4165/4165/3243 4164/4164/3505 4163/4163/3241
f 4163/4163/3241 4162/4162/3240 4165/4165/3243
f 4166/4166/3244 4164/4164/3505 4165/4165/3243
f 4165/4165/3243 4162/4162/3240 4167/4167/3245
f 4167/4167/3245 4166/4166/3244 4165/4165/3243
f 4168/4168/3565 4166/4166/3244 4167/4167/3245
f 4167/4167/3245 4169/4169/3247 4168/4168/3565
f 4169/4169/3247 4167/4167/3245 4162/4162/3240
f 4162/4162/3240 4170/4170/3248 4169/4169/3247
f 4170/4170/3248 4162/4162/3240 4161/4161/3564
f 4161/4161/3564 4171/4171/3249 4170/4170/3248
f 4171/4171/3249 4161/4161/3564 4160/4160/3238
f 4170/4170/3248 4171/4171/3249 4172/4172/3250
f 4172/4172/3250 4169/4169/3247 4170/4170/3248
f 4168/4168/3565 4169/4169/3247 4172/4172/3250
f 4173/4173/3566 4175/4174/3567 4174/4175/3568
f 4174/4175/3568 4176/4176/3569 4173/4173/3566
f 4177/4177/3570 4173/4173/3566 4176/4176/3569
f 4176/4176/3569 4174/4175/3568 4178/4178/3571
f 4178/4178/3571 4177/4177/3570 4176/4176/3569
f 4179/4179/3572 4178/4178/3571 4174/4175/3568
f 4174/4175/3568 4175/4174/3567 4179/4179/3572
f 4180/4180/3573 4179/4179/3572 4175/4174/3567
f 4179/4179/3572 4180/4180/3573 4181/4181/3574
f 4181/4181/3574 4182/4182/3575 4179/4179/3572
f 4178/4178/3571 4179/4179/3572 4182/4182/3575
f 4182/4182/3575 4183/4183/3576 4178/4178/3571
f 4177/4177/3570 4178/4178/3571 4183/4183/3576
f 4184/4184/3577 4183/4183/3576 4182/4182/3575
f 4182/4182/3575 4185/4185/3578 4184/4184/3577
f 4181/4181/3574 4185/4185/3578 4182/4182/3575
f 4186/4186/3579 4184/4184/3577 4185/4185/3578
f 4185/4185/3578 4181/4181/3574 4187/4187/3580
f 4187/4187/3580 4186/4186/3579 4185/4185/3578
f 4188/4188/3581 4186/4186/3579 4187/4187/3580
f 4187/4187/3580 4189/4189/3582 4188/4188/3581
f 4189/4189/3582 4187/4187/3580 4181/4181/3574
f 4181/4181/3574 4190/4190/3583 4189/4189/3582
f 4190/4190/3583 4181/4181/3574 4180/4180/3573
f 4188/4188/3581 4189/4189/3582 4190/4190/3583
f 4191/4191/2974 4193/4192/2975 4192/4193/2976
f 4192/4193/2976 4194/4194/2977 4191/4191/2974
f 4195/4195/2978 4191/4191/2974 4194/4194/2977
f 4194/4194/2977 4192/4193/2976 4196/4196/2979
f 4196/4196/2979 4195/4195/2978 4194/4194/2977
f 4197/4197/2980 4196/4196/2979 4192/4193/2976
f 4192/4193/2976 4193/4192/2975 4197/4197/2980
f 4198/4198/2981 4197/4197/2980 4193/4192/2975
f 4197/4197/2980 4198/4198/2981 4199/4199/2982
f 4199/4199/2982 4200/4200/2983 4197/4197/2980
f 4196/4196/2979 4197/4197/2980 4200/4200/2983
f 4200/4200/2983 4201/4201/3584 4196/4196/2979
f 4195/4195/2978 4196/4196/2979 4201/4201/3584
f 4202/4202/2985 4201/4201/3584 4200/4200/2983
f 4200/4200/2983 4203/4203/2986 4202/4202/2985
f 4199/4199/2982 4203/4203/2986 4200/4200/2983
f 4204/4204/2987 4202/4202/2985 4203/4203/2986
f 4203/4203/2986 4199/4199/2982 4205/4205/2988
f 4205/4205/2988 4204/4204/2987 4203/4203/2986
f 4206/4206/2989 4204/4204/2987 4205/4205/2988
f 4205/4205/2988 4207/4207/3173 4206/4206/2989
f 4207/4207/3173 4205/4205/2988 4199/4199/2982
f 4199/4199/2982 4208/4208/2991 4207/4207/3173
f 4208/4208/2991 4199/4199/2982 4198/4198/2981
f 4206/4206/2989 4207/4207/3173 4208/4208/2991
f 4209/4209/3585 4211/4210/3586 4210/4211/3587
f 4210/4211/3587 4212/4212/3588 4209/4209/3585
f 4213/4213/3589 4209/4209/3585 4212/4212/3588
f 4214/4214/3590 4212/4212/3588 4210/4211/3587
f 4210/4211/3587 4215/4215/3591 4214/4214/3590
f 4215/4215/3591 4210/4211/3587 4211/4210/3586
f 4211/4210/3586 4216/4216/3592 4215/4215/3591
f 4217/4217/3593 4215/4215/3591 4216/4216/3592
f 4214/4214/3590 4215/4215/3591 4217/4217/3593
f 4217/4217/3593 4216/4216/3592 4218/4218/3594
f 4218/4218/3594 4219/4219/3595 4217/4217/3593
f 4214/4214/3590 4217/4217/3593 4219/4219/3595
f 4220/4220/3596 4219/4219/3595 4218/4218/3594
f 4221/4221/3597 4214/4214/3590 4219/4219/3595
f 4219/4219/3595 4220/4220/3596 4221/4221/3597
f 4222/4222/3598 4221/4221/3597 4220/4220/3596
f 4221/4221/3597 4222/4222/3598 4223/4223/3599
f 4223/4223/3599 4214/4214/3590 4221/4221/3597
f 4224/4224/3600 4223/4223/3599 4222/4222/3598
f 4225/4225/3601 4214/4214/3590 4223/4223/3599
f 4223/4223/3599 4224/4224/3600 4225/4225/3601
f 4214/4214/3590 4225/4225/3601 4226/4226/3602
f 4226/4226/3602 4212/4212/3588 4214/4214/3590
f 4213/4213/3589 4212/4212/3588 4226/4226/3602
f 4226/4226/3602 4227/4227/3603 4213/4213/3589
f 4227/4227/3603 4226/4226/3602 4225/4225/3601
f 4225/4225/3601 4224/4224/3600 4227/4227/3603
f 4228/4228/3604 4230/4229/3605 4229/4230/3606
f 4229/4230/3606 4231/4231/3607 4228/4228/3604
f 4232/4232/3608 4228/4228/3604 4231/4231/3607
f 4233/4233/3609 4231/4231/3607 4229/4230/3606
f 4229/4230/3606 4234/4234/3610 4233/4233/3609
f 4234/4234/3610 4229/4230/3606 4230/4229/3605
f 4230/4229/3605 4235/4235/3611 4234/4234/3610
f 4236/4236/3612 4234/4234/3610 4235/4235/3611
f 4233/4233/3609 4234/4234/3610 4236/4236/3612
f 4237/4237/3613 4236/4236/3612 4235/4235/3611
f 4238/4238/3614 4233/4233/3609 4236/4236/3612
f 4236/4236/3612 4237/4237/3613 4238/4238/3614
f 4239/4239/3615 4238/4238/3614 4237/4237/3613
f 4238/4238/3614 4239/4239/3615 4240/4240/3616
f 4240/4240/3616 4241/4241/3617 4238/4238/3614
f 4233/4233/3609 4238/4238/3614 4241/4241/3617
f 4242/4242/3618 4241/4241/3617 4240/4240/3616
f 4240/4240/3616 4243/4243/3619 4242/4242/3618
f 4243/4243/3619 4240/4240/3616 4239/4239/3615
f 4242/4242/3618 4243/4243/3619 4244/4244/3620
f 4244/4244/3620 4245/4245/3621 4242/4242/3618
f 4241/4241/3617 4242/4242/3618 4245/4245/3621
f 4245/4245/3621 4233/4233/3609 4241/4241/3617
f 4233/4233/3609 4245/4245/3621 4246/4246/3622
f 4246/4246/3622 4247/4247/3623 4233/4233/3609
f 4231/4231/3607 4233/4233/3609 4247/4247/3623
f 4247/4247/3623 4232/4232/3608 4231/4231/3607
f 4248/4248/3624 4232/4232/3608 4247/4247/3623
f 4247/4247/3623 4246/4246/3622 4248/4248/3624
f 4249/4249/3625 4248/4248/3624 4246/4246/3622
f 4246/4246/3622 4245/4245/3621 4249/4249/3625
f 4244/4244/3620 4249/4249/3625 4245/4245/3621
f 4250/4250/3626 4252/4251/3034 4251/4252/3035
f 4251/4252/3035 4253/4253/3036 4250/4250/3626
f 4254/4254/3037 4250/4250/3626 4253/4253/3036
f 4255/4255/3038 4253/4253/3036 4251/4252/3035
f 4251/4252/3035 4256/4256/3039 4255/4255/3038
f 4256/4256/3039 4251/4252/3035 4252/4251/3034
f 4252/4251/3034 4257/4257/3040 4256/4256/3039
f 4258/4258/3041 4256/4256/3039 4257/4257/3040
f 4256/4256/3039 4258/4258/3041 4259/4259/3042
f 4259/4259/3042 4255/4255/3038 4256/4256/3039
f 4255/4255/3038 4259/4259/3042 4260/4260/3043
f 4260/4260/3043 4253/4253/3036 4255/4255/3038
f 4254/4254/3037 4253/4253/3036 4260/4260/3043
f 4260/4260/3043 4261/4261/3044 4254/4254/3037
f 4262/4262/3045 4261/4261/3044 4260/4260/3043
f 4260/4260/3043 4259/4259/3042 4262/4262/3045
f 4263/4263/3046 4261/4261/3044 4262/4262/3045
f 4262/4262/3045 4259/4259/3042 4264/4264/3047
f 4264/4264/3047 4263/4263/3046 4262/4262/3045
f 4265/4265/3048 4263/4263/3046 4264/4264/3047
f 4264/4264/3047 4266/4266/3049 4265/4265/3048
f 4266/4266/3049 4264/4264/3047 4259/4259/3042
f 4259/4259/3042 4267/4267/3627 4266/4266/3049
f 4267/4267/3627 4259/4259/3042 4258/4258/3041
f 4258/4258/3041 4268/4268/3051 4267/4267/3627
f 4268/4268/3051 4258/4258/3041 4257/4257/3040
f 4267/4267/3627 4268/4268/3051 4269/4269/3628
f 4269/4269/3628 4266/4266/3049 4267/4267/3627
f 4265/4265/3048 4266/4266/3049 4269/4269/3628
o mesh2
v 2.834047 0.104290 -1.503841
v 2.851821 0.171583 -1.306688
v 2.711627 0.071143 -1.306688
v 2.951289 0.038555 -1.306688
v 2.767484 -0.205321 -2.641778
v 2.885762 0.010887 -1.503841
v 2.761157 0.033769 -1.503841
v 7.377010 -0.051447 -1.349767
v 7.394785 0.015846 -1.152615
v 7.254591 -0.084594 -1.152614
v 7.494254 -0.117182 -1.152615
v 7.310449 -0.361058 -2.487705
v 7.428726 -0.144850 -1.349767
v 7.304121 -0.121968 -1.349767
v 8.862457 -0.164674 1.114817
v 8.891728 -0.170624 1.300350
v 8.938014 -0.109790 1.114817
v 8.851610 -0.199572 1.300350
v 8.809456 -0.361055 1.908029
v 8.823148 -0.161232 1.300350
v 8.808849 -0.091982 1.114817
v 9.332451 0.244479 1.101056
v 9.336907 0.181932 1.365798
v 9.262181 0.169437 1.101056
v 9.398614 0.168987 1.101056
v 9.352294 0.064009 2.211106
v 9.301508 0.143028 1.365798
v 9.370237 0.142795 1.365798
v 8.772314 0.398245 1.047943
v 8.741424 0.278836 1.432121
v 8.670164 0.279216 1.047943
v 8.798707 0.328495 1.432121
v 8.881003 0.278005 2.446570
v 8.866217 0.278753 1.047943
v 8.798707 0.328495 1.432121
v 8.851366 0.278643 1.432121
v 8.741424 0.278836 1.432121
v 8.764069 0.159725 1.047943
v 8.670164 0.279216 1.047943
v 8.794083 0.228985 1.432121
v 8.881003 0.278005 2.446570
v 8.794083 0.228985 1.432121
v 8.866217 0.278753 1.047943
v 8.851366 0.278643 1.432121
v 9.849732 -0.026424 1.288050
v 9.923841 -0.028881 1.612368
v 9.872719 -0.083607 1.612367
v 9.937242 -0.141431 1.288050
v 9.872719 -0.083607 1.612367
v 9.751895 -0.131160 1.288050
v 9.849732 -0.026424 1.288050
v 9.839403 -0.246166 1.288050
v 9.918442 -0.143699 1.612368
v 9.937242 -0.141431 1.288050
v 10.150856 0.063724 2.624862
v 9.923841 -0.028881 1.612368
v 9.969563 -0.088974 1.612367
v 10.101786 0.220212 1.325935
v 10.140913 0.246596 1.104521
v 10.133685 0.252237 1.325935
v 10.132213 0.187995 1.325935
v 10.197575 0.186601 1.104522
v 9.934957 0.141214 2.041259
v 10.164112 0.220020 1.325935
v 10.256977 0.246238 1.104521
v 10.200318 0.306233 1.104522
v 10.200318 0.306233 1.104522
v 10.133685 0.252237 1.325935
v 10.140913 0.246596 1.104521
v 10.164112 0.220020 1.325935
v 9.934957 0.141214 2.041259
v 10.101786 0.220212 1.325935
v 10.621669 -0.164674 1.220595
v 10.650943 -0.170624 1.406127
v 10.697227 -0.109790 1.220594
v 10.610825 -0.199572 1.406127
v 10.568669 -0.361055 2.013807
v 10.582360 -0.161232 1.406128
v 10.568062 -0.091982 1.220594
v 10.613767 0.184372 1.244789
v 10.613036 0.155042 1.453230
v 10.559564 0.125727 1.244789
v 10.642335 0.125311 1.453230
v 10.663478 0.125499 1.244789
v 10.642335 0.125311 1.453230
v 10.613767 0.184372 1.244789
v 10.610386 0.095694 1.453230
v 10.609272 0.066855 1.244789
v 10.612280 0.124633 2.129634
v 10.613036 0.155042 1.453230
v 10.581086 0.125426 1.453230
v 10.559564 0.125727 1.244789
v 11.011334 -0.075023 1.211848
v 10.987870 -0.183685 1.397381
v 10.902451 -0.162163 1.211848
v 11.088588 -0.190437 1.211848
v 10.931543 -0.436469 2.005060
v 10.930426 -0.233294 1.397381
v 11.028625 -0.249390 1.397381
v 3.958123 -0.164674 0.990304
v 3.987396 -0.170624 1.175837
v 4.033682 -0.109790 0.990304
v 3.947278 -0.199572 1.175837
v 3.905124 -0.361055 1.783516
v 3.918816 -0.161232 1.175837
v 3.904516 -0.091982 0.990304
v 8.081505 0.122293 1.289845
v 8.080805 0.033470 1.396005
v 7.966614 0.007411 1.289845
v 8.191087 0.006723 1.289845
v 4.428117 0.300618 1.181223
v 4.432573 0.238070 1.445966
v 4.357850 0.225575 1.181223
v 4.494282 0.225126 1.181223
v 4.447964 0.120147 2.291273
v 4.397174 0.199166 1.445966
v 4.465906 0.198933 1.445966
v 3.867980 0.363147 0.991927
v 3.837090 0.243738 1.376105
v 3.765831 0.244118 0.991927
v 3.894373 0.293397 1.376105
v 3.976673 0.242907 2.390555
v 3.961885 0.243655 0.991928
v 3.894373 0.293397 1.376105
v 3.947032 0.243545 1.376106
v 3.837090 0.243738 1.376105
v 3.859735 0.124627 0.991927
v 3.765831 0.244118 0.991927
v 3.889750 0.193887 1.376105
v 3.976673 0.242907 2.390555
v 3.889750 0.193887 1.376105
v 3.961885 0.243655 0.991928
v 3.947032 0.243545 1.376106
v 4.945399 -0.026424 1.309606
v 5.019506 -0.028881 1.633924
v 4.968382 -0.083607 1.633924
v 5.032907 -0.141431 1.309606
v 4.968382 -0.083607 1.633924
v 4.847561 -0.131160 1.309606
v 4.945399 -0.026424 1.309606
v 4.935067 -0.246166 1.309606
v 5.014107 -0.143699 1.633924
v 5.032907 -0.141431 1.309606
v 5.246525 0.063724 2.646419
v 5.019506 -0.028881 1.633924
v 5.065228 -0.088974 1.633924
v 5.197452 0.220212 1.467047
v 5.236579 0.246596 1.245634
v 5.229351 0.252237 1.467047
v 5.227879 0.187996 1.467047
v 5.293242 0.186601 1.245634
v 5.030623 0.141214 2.182372
v 5.259778 0.220020 1.467047
v 5.352645 0.246238 1.245634
v 5.295985 0.306233 1.245634
v 5.295985 0.306233 1.245634
v 5.229351 0.252237 1.467047
v 5.236579 0.246596 1.245634
v 5.259778 0.220020 1.467047
v 5.030623 0.141214 2.182372
v 5.197452 0.220212 1.467047
v 5.717336 -0.164675 1.111920
v 5.746608 -0.170624 1.297453
v 5.792895 -0.109790 1.111920
v 5.706491 -0.199572 1.297453
v 5.664335 -0.361055 1.905132
v 5.678029 -0.161232 1.297453
v 5.663729 -0.091982 1.111920
v 5.709433 0.184372 1.116389
v 5.708702 0.155042 1.324830
v 5.655230 0.125727 1.116388
v 5.738000 0.125310 1.324830
v 5.759144 0.125499 1.116389
v 5.738000 0.125310 1.324830
v 5.709433 0.184372 1.116389
v 5.706052 0.095694 1.324830
v 5.704940 0.066854 1.116389
v 5.707948 0.124633 2.001234
v 5.708702 0.155042 1.324830
v 5.676752 0.125426 1.324830
v 5.655230 0.125727 1.116388
v 5.892914 -0.014386 1.511458
v 5.951522 -0.108065 1.131790
v 5.835546 0.006151 1.131789
v 5.969748 -0.087701 1.511969
v 6.085685 -0.148636 3.475313
v 5.969748 -0.087701 1.511969
v 6.081192 -0.004049 1.131790
v 6.055655 -0.020934 1.511504
v 6.107002 -0.075023 1.155502
v 6.083536 -0.183685 1.341035
v 5.998116 -0.162163 1.155502
v 6.184255 -0.190437 1.155502
v 6.027211 -0.436469 1.948714
v 6.026092 -0.233294 1.341035
v 6.124291 -0.249390 1.341035
v 6.360057 0.063335 1.159330
v 6.434435 0.070178 1.477879
v 6.403044 0.037849 1.477879
v 6.425350 -0.017343 1.159330
v 6.403044 0.037849 1.477879
v 6.287058 -0.010138 1.159330
v 6.360057 0.063335 1.159330
v 6.352350 -0.090816 1.159330
v 6.431119 0.002351 1.477879
v 6.425350 -0.017343 1.159330
v 6.662495 0.186279 2.484604
v 6.434435 0.070178 1.477879
v 6.462510 0.034679 1.477879
v 7.365915 -0.107757 1.476102
v 7.310442 -0.361055 2.416886
v 7.314356 -0.157808 1.476102
v 7.402494 -0.174048 1.476102
v 7.388105 0.004866 1.081796
v 7.293884 -0.086125 1.081796
v 7.454956 -0.115648 1.081797
v 8.458551 0.120537 1.126032
v 8.624516 0.136650 1.384193
v 8.555057 0.076006 1.384192
v 8.600203 0.244297 1.126032
v 8.735306 0.119795 1.126032
v 8.690763 0.075642 1.384193
v 8.593659 -0.003964 1.126032
v 8.690763 0.075642 1.384193
v 8.735306 0.119795 1.126032
v 8.621307 0.014998 1.384192
v 8.555057 0.076006 1.384192
v 8.458551 0.120537 1.126032
v 8.700849 -0.057203 2.125057
v 8.624516 0.136650 1.384193
v 6.834538 -0.105014 1.088121
v 6.864575 -0.119853 1.350636
v 6.829067 -0.152291 1.350636
v 6.887818 -0.181816 1.088122
v 6.829067 -0.152291 1.350636
v 6.759443 -0.163001 1.088121
v 6.834538 -0.105014 1.088121
v 6.854260 -0.195253 1.350636
v 6.812723 -0.239804 1.088121
v 6.887818 -0.181816 1.088122
v 6.889770 -0.162816 1.350636
v 6.864575 -0.119853 1.350636
v 6.966776 -0.112986 2.291421
v 7.379838 0.045373 1.199166
v 7.462699 0.109177 1.313544
v 7.514223 0.127970 1.199166
v 7.390320 0.065672 1.313544
v 7.335379 -0.118799 2.076610
v 7.338968 0.123293 1.313544
v 7.284491 0.154770 1.199167
v 6.713236 0.305915 1.285651
v 6.712536 0.217092 1.391811
v 6.598346 0.191033 1.285651
v 6.822816 0.190345 1.285651
v 8.863266 -0.132285 -1.352924
v 8.884408 -0.037099 -1.167391
v 8.808849 -0.091984 -1.167391
v 8.938016 -0.109792 -1.167391
v 8.809460 -0.361057 -1.960603
v 8.823150 -0.161234 -1.352924
v 8.891728 -0.170626 -1.352924
v 9.336907 0.238069 -1.451931
v 9.332451 0.300616 -1.187188
v 9.262181 0.225574 -1.187188
v 9.398614 0.225124 -1.187188
v 9.352300 0.120145 -2.297238
v 9.301508 0.199164 -1.451931
v 9.370240 0.198931 -1.451931
v 8.741424 0.278834 -1.557706
v 8.772314 0.398243 -1.173527
v 8.670164 0.279214 -1.173527
v 8.798707 0.328493 -1.557706
v 8.881009 0.278002 -2.572156
v 8.798707 0.328493 -1.557706
v 8.866219 0.278751 -1.173527
v 8.851366 0.278641 -1.557706
v 8.764069 0.159723 -1.173527
v 8.741424 0.278834 -1.557706
v 8.670164 0.279214 -1.173527
v 8.794085 0.228983 -1.557706
v 8.881009 0.278002 -2.572156
v 8.866219 0.278751 -1.173527
v 8.794085 0.228983 -1.557706
v 8.851366 0.278641 -1.557706
v 9.751893 -0.131162 -1.141916
v 9.872716 -0.083609 -1.466233
v 9.849731 -0.026425 -1.141915
v 9.839401 -0.246168 -1.141915
v 9.918442 -0.143701 -1.466233
v 9.937242 -0.141432 -1.141915
v 10.150862 0.063721 -2.478728
v 9.923838 -0.028883 -1.466234
v 9.969563 -0.088976 -1.466233
v 9.923838 -0.028883 -1.466234
v 9.849731 -0.026425 -1.141915
v 9.872716 -0.083609 -1.466233
v 9.937242 -0.141432 -1.141915
v 10.133685 0.252235 -1.379359
v 10.200318 0.306232 -1.157945
v 10.140911 0.246594 -1.157945
v 10.164110 0.220018 -1.379359
v 9.934960 0.141211 -2.094684
v 10.101786 0.220210 -1.379359
v 10.140911 0.246594 -1.157945
v 10.101786 0.220210 -1.379359
v 10.133685 0.252235 -1.379359
v 10.132213 0.187994 -1.379359
v 9.934960 0.141211 -2.094684
v 10.197575 0.186599 -1.157945
v 10.164110 0.220018 -1.379359
v 10.256977 0.246237 -1.157945
v 10.200318 0.306232 -1.157945
v 10.622478 -0.132285 -1.436945
v 10.643621 -0.037099 -1.251412
v 10.568062 -0.091984 -1.251412
v 10.697227 -0.109792 -1.251412
v 10.568673 -0.361057 -2.044624
v 10.582360 -0.161234 -1.436945
v 10.650941 -0.170626 -1.436945
v 10.613036 0.155040 -1.462140
v 10.613767 0.184371 -1.253698
v 10.559562 0.125726 -1.253698
v 10.642335 0.125309 -1.462140
v 10.642335 0.125309 -1.462140
v 10.663478 0.125498 -1.253698
v 10.613767 0.184371 -1.253698
v 10.610386 0.095692 -1.462140
v 10.609272 0.066853 -1.253698
v 10.612284 0.124631 -2.138544
v 10.613036 0.155040 -1.462140
v 10.581086 0.125424 -1.462140
v 10.559562 0.125726 -1.253698
v 10.987869 -0.183687 -1.446431
v 11.011334 -0.075025 -1.260898
v 10.902450 -0.162165 -1.260898
v 11.088588 -0.190438 -1.260898
v 10.931547 -0.436471 -2.054111
v 10.930426 -0.233296 -1.446432
v 11.028625 -0.249392 -1.446431
v 3.958934 -0.132285 -1.438977
v 3.980075 -0.037099 -1.253443
v 3.904516 -0.091984 -1.253444
v 4.033681 -0.109792 -1.253443
v 3.905127 -0.361057 -2.046656
v 3.918816 -0.161234 -1.438977
v 3.987396 -0.170626 -1.438977
v 8.080805 0.033468 -1.331634
v 8.081505 0.122291 -1.225474
v 7.966614 0.007409 -1.225474
v 8.191087 0.006721 -1.225474
v 4.432575 0.238069 -1.407064
v 4.428117 0.300616 -1.142322
v 4.357849 0.225574 -1.142322
v 4.494281 0.225124 -1.142322
v 4.447967 0.120145 -2.252372
v 4.397176 0.199164 -1.407064
v 4.465908 0.198931 -1.407064
v 3.837091 0.243736 -1.677658
v 3.867981 0.363145 -1.293480
v 3.765831 0.244116 -1.293480
v 3.894375 0.293395 -1.677658
v 3.976674 0.242904 -2.692107
v 3.894375 0.293395 -1.677658
v 3.961885 0.243653 -1.293479
v 3.947034 0.243543 -1.677658
v 3.859735 0.124625 -1.293480
v 3.837091 0.243736 -1.677658
v 3.765831 0.244116 -1.293480
v 3.889751 0.193885 -1.677658
v 3.976674 0.242904 -2.692107
v 3.961885 0.243653 -1.293479
v 3.889751 0.193885 -1.677658
v 3.947034 0.243543 -1.677658
v 4.847561 -0.131162 -1.142151
v 4.968384 -0.083609 -1.466469
v 4.945399 -0.026425 -1.142151
v 4.935067 -0.246168 -1.142151
v 5.014109 -0.143701 -1.466469
v 5.032907 -0.141432 -1.142151
v 5.246526 0.063721 -2.478964
v 5.019506 -0.028883 -1.466470
v 5.065231 -0.088976 -1.466469
v 5.019506 -0.028883 -1.466470
v 4.945399 -0.026425 -1.142151
v 4.968384 -0.083609 -1.466469
v 5.032907 -0.141432 -1.142151
v 5.229353 0.252235 -1.393323
v 5.295984 0.306232 -1.171910
v 5.236578 0.246594 -1.171910
v 5.259778 0.220018 -1.393323
v 5.030626 0.141211 -2.108648
v 5.197453 0.220210 -1.393323
v 5.236578 0.246594 -1.171910
v 5.197453 0.220210 -1.393323
v 5.229353 0.252235 -1.393323
v 5.227880 0.187994 -1.393323
v 5.030626 0.141211 -2.108648
v 5.293241 0.186599 -1.171910
v 5.259778 0.220018 -1.393323
v 5.352643 0.246237 -1.171910
v 5.295984 0.306232 -1.171910
v 5.718147 -0.132285 -1.423041
v 5.739287 -0.037099 -1.237508
v 5.663729 -0.091984 -1.237508
v 5.792895 -0.109792 -1.237508
v 5.664338 -0.361057 -2.030720
v 5.678029 -0.161234 -1.423041
v 5.746609 -0.170626 -1.423041
v 5.708702 0.155040 -1.448991
v 5.709433 0.184371 -1.240550
v 5.655230 0.125726 -1.240550
v 5.738002 0.125309 -1.448991
v 5.738002 0.125309 -1.448991
v 5.759144 0.125498 -1.240550
v 5.709433 0.184371 -1.240550
v 5.706054 0.095692 -1.448991
v 5.704940 0.066853 -1.240550
v 5.707951 0.124631 -2.125395
v 5.708702 0.155040 -1.448991
v 5.676754 0.125424 -1.448991
v 5.655230 0.125726 -1.240550
v 9.146700 -0.108067 -1.165779
v 9.088090 -0.014388 -1.545448
v 9.030723 0.006150 -1.165778
v 9.164923 -0.087703 -1.545958
v 9.280864 -0.148639 -3.509302
v 9.276369 -0.004051 -1.165778
v 9.164923 -0.087703 -1.545958
v 9.250831 -0.020935 -1.545493
v 6.083537 -0.183687 -1.482573
v 6.107002 -0.075025 -1.297040
v 5.998116 -0.162165 -1.297040
v 6.184255 -0.190438 -1.297040
v 6.027213 -0.436471 -2.090252
v 6.026093 -0.233296 -1.482573
v 6.124292 -0.249392 -1.482573
v 6.287059 -0.010140 -1.325654
v 6.403047 0.037847 -1.644202
v 6.360059 0.063334 -1.325654
v 6.352351 -0.090818 -1.325654
v 6.431122 0.002349 -1.644202
v 6.425353 -0.017345 -1.325654
v 6.662499 0.186276 -2.650927
v 6.434435 0.070176 -1.644202
v 6.462512 0.034677 -1.644202
v 6.434435 0.070176 -1.644202
v 6.360059 0.063334 -1.325654
v 6.403047 0.037847 -1.644202
v 6.425353 -0.017345 -1.325654
v 7.411348 0.166797 -1.259470
v 7.335385 -0.118801 -2.022536
v 7.462699 0.109175 -1.259470
v 7.338969 0.123291 -1.259470
v 7.284491 0.154768 -1.145092
v 7.418878 0.237366 -1.145092
v 7.514223 0.127969 -1.145092
v 8.624516 0.136649 -1.461447
v 8.600203 0.244296 -1.203286
v 8.458551 0.120535 -1.203287
v 8.735306 0.119794 -1.203286
v 6.759443 -0.163003 -1.218594
v 6.829067 -0.152293 -1.481109
v 6.834538 -0.105016 -1.218594
v 6.854260 -0.195255 -1.481109
v 6.812723 -0.239805 -1.218594
v 6.887818 -0.181818 -1.218594
v 6.889770 -0.162817 -1.481109
v 6.864577 -0.119855 -1.481109
v 6.966781 -0.112989 -2.421893
v 6.864577 -0.119855 -1.481109
v 6.834538 -0.105016 -1.218594
v 6.829067 -0.152293 -1.481109
v 6.887818 -0.181818 -1.218594
v 7.462699 0.109175 -1.259470
v 7.514223 0.127969 -1.145092
v 7.411348 0.166797 -1.259470
v 7.379838 0.045371 -1.145092
v 7.390320 0.065670 -1.259470
v 7.335385 -0.118801 -2.022536
v 7.338969 0.123291 -1.259470
v 7.284491 0.154768 -1.145092
v 6.712536 0.217090 -1.347866
v 6.713236 0.305913 -1.241706
v 6.598346 0.191031 -1.241707
v 6.822816 0.190343 -1.241706
v 3.506155 -0.061349 1.069833
v 3.536191 -0.076188 1.332348
v 3.500682 -0.108626 1.332348
v 3.559434 -0.138151 1.069833
v 3.500682 -0.108626 1.332348
v 3.431058 -0.119336 1.069833
v 3.506155 -0.061349 1.069833
v 3.525876 -0.151588 1.332348
v 3.484339 -0.196139 1.069833
v 3.559434 -0.138151 1.069833
v 3.561384 -0.119151 1.332348
v 3.536191 -0.076188 1.332348
v 3.638392 -0.069321 2.273132
v -2.607582 0.039323 1.214410
v -2.622829 -0.051445 1.411563
v -2.730382 -0.081315 1.214410
v -2.520457 -0.120457 1.214410
v -2.689394 -0.361055 2.549501
v -2.571114 -0.144848 1.411563
v -2.695719 -0.121966 1.411563
v -6.041715 -0.164674 1.215657
v -6.012444 -0.170624 1.401190
v -5.966156 -0.109790 1.215657
v -6.052561 -0.199572 1.401190
v -6.094715 -0.361055 2.008869
v -6.081023 -0.161232 1.401190
v -6.095322 -0.091982 1.215657
v -1.918334 0.122293 1.097523
v -1.919034 0.033470 1.203683
v -2.033225 0.007411 1.097522
v -1.808753 0.006723 1.097523
v -5.571721 0.300618 1.101053
v -5.567265 0.238070 1.365795
v -5.641989 0.225575 1.101053
v -5.505557 0.225126 1.101053
v -5.551876 0.120147 2.211102
v -5.602664 0.199166 1.365795
v -5.533933 0.198933 1.365795
v -6.131857 0.344793 1.047940
v -6.162749 0.225385 1.432118
v -6.234007 0.225765 1.047940
v -6.105465 0.275043 1.432118
v -6.023166 0.224554 2.446568
v -6.037954 0.225302 1.047940
v -6.105465 0.275043 1.432118
v -6.052806 0.225192 1.432118
v -6.162749 0.225385 1.432118
v -6.140103 0.106274 1.047940
v -6.234007 0.225765 1.047940
v -6.110088 0.175534 1.432118
v -6.023166 0.224554 2.446568
v -6.110088 0.175534 1.432118
v -6.037954 0.225302 1.047940
v -6.052806 0.225192 1.432118
v -5.054440 -0.026424 1.016329
v -4.980334 -0.028881 1.340647
v -5.031456 -0.083607 1.340647
v -4.966931 -0.141431 1.016329
v -5.031456 -0.083607 1.340647
v -5.152278 -0.131160 1.016329
v -5.054440 -0.026424 1.016329
v -5.064770 -0.246166 1.016329
v -4.985732 -0.143699 1.340647
v -4.966931 -0.141431 1.016329
v -4.753314 0.063724 2.353142
v -4.980334 -0.028881 1.340647
v -4.934609 -0.088974 1.340647
v -4.802388 0.176601 1.325669
v -4.763260 0.202984 1.104255
v -4.770487 0.208625 1.325669
v -4.771961 0.144384 1.325669
v -4.706598 0.142989 1.104255
v -4.969216 0.097602 2.040994
v -4.740061 0.176409 1.325669
v -4.647194 0.202627 1.104255
v -4.703854 0.262622 1.104255
v -4.703854 0.262622 1.104255
v -4.770487 0.208625 1.325669
v -4.763260 0.202984 1.104255
v -4.740061 0.176409 1.325669
v -4.969216 0.097602 2.040994
v -4.802388 0.176601 1.325669
v -4.282503 -0.164674 1.125826
v -4.253231 -0.170624 1.311359
v -4.206944 -0.109790 1.125826
v -4.293349 -0.199572 1.311359
v -4.335503 -0.361055 1.919038
v -4.321811 -0.161232 1.311359
v -4.336110 -0.091982 1.125826
v -4.290406 0.184372 1.116078
v -4.291138 0.155042 1.324520
v -4.344609 0.125727 1.116078
v -4.261838 0.125310 1.324520
v -4.240695 0.125499 1.116078
v -4.261838 0.125310 1.324520
v -4.290406 0.184372 1.116078
v -4.293787 0.095694 1.324520
v -4.294899 0.066854 1.116078
v -4.291891 0.124633 2.000924
v -4.291138 0.155042 1.324520
v -4.323086 0.125426 1.324520
v -4.344609 0.125727 1.116078
v -4.106926 -0.014386 1.472957
v -4.048316 -0.108065 1.093288
v -4.164292 0.006151 1.093287
v -4.030091 -0.087701 1.473467
v -3.914153 -0.148636 3.587777
v -4.030091 -0.087701 1.473467
v -3.918647 -0.004049 1.093288
v -3.944184 -0.020934 1.473002
v -3.892837 -0.075023 1.078855
v -3.916303 -0.183685 1.264388
v -4.001722 -0.162163 1.078855
v -3.815585 -0.190437 1.078855
v -3.972629 -0.436469 1.872067
v -3.973747 -0.233294 1.264388
v -3.875548 -0.249390 1.264388
v -3.639781 -0.081127 1.024825
v -3.565405 -0.074284 1.343373
v -3.596795 -0.106613 1.343373
v -3.574488 -0.161806 1.024825
v -3.596795 -0.106613 1.343373
v -3.712781 -0.154600 1.024825
v -3.639781 -0.081127 1.024825
v -3.647490 -0.235279 1.024825
v -3.568720 -0.142111 1.343373
v -3.574488 -0.161806 1.024825
v -3.337343 0.041817 2.350098
v -3.565405 -0.074284 1.343373
v -3.537330 -0.109783 1.343373
v -1.541288 0.120537 1.167472
v -1.375324 0.136650 1.425633
v -1.444783 0.076006 1.425633
v -1.399637 0.244297 1.167472
v -1.264534 0.119795 1.167472
v -1.309077 0.075642 1.425633
v -1.406180 -0.003964 1.167472
v -1.309077 0.075642 1.425633
v -1.264534 0.119795 1.167472
v -1.378533 0.014998 1.425633
v -1.444783 0.076006 1.425633
v -1.541288 0.120537 1.167472
v -1.298988 -0.057203 2.166497
v -1.375324 0.136650 1.425633
v -3.165300 -0.105014 1.031516
v -3.135264 -0.119853 1.294031
v -3.170773 -0.152291 1.294031
v -3.112021 -0.181816 1.031516
v -3.170773 -0.152291 1.294031
v -3.240396 -0.163002 1.031516
v -3.165300 -0.105014 1.031516
v -3.145580 -0.195253 1.294031
v -3.187116 -0.239804 1.031516
v -3.112021 -0.181816 1.031516
v -3.110071 -0.162816 1.294031
v -3.135264 -0.119853 1.294031
v -3.033062 -0.112986 2.234816
v -2.625089 0.045373 1.218989
v -2.542227 0.109177 1.333367
v -2.490702 0.127970 1.218989
v -2.614605 0.065672 1.333367
v -2.669543 -0.118798 2.096434
v -2.665957 0.123293 1.333367
v -2.720435 0.154770 1.218989
v -3.243702 0.305915 1.045143
v -3.244402 0.217091 1.151303
v -3.358593 0.191033 1.045143
v -3.134121 0.190344 1.045143
v -10.946048 -0.221882 1.192469
v -10.916776 -0.227832 1.378002
v -10.870490 -0.166998 1.192469
v -10.956892 -0.256780 1.378002
v -10.999049 -0.418263 1.985681
v -10.985356 -0.218440 1.378002
v -10.999655 -0.149190 1.192468
v -6.822667 0.122293 1.318716
v -6.823367 0.033470 1.424876
v -6.937558 0.007411 1.318716
v -6.713086 0.006723 1.318716
v -10.476054 0.300618 1.101947
v -10.471598 0.238070 1.366690
v -10.546323 0.225575 1.101948
v -10.409890 0.225126 1.101948
v -10.456210 0.120147 2.211997
v -10.506996 0.199166 1.366690
v -10.438265 0.198933 1.366690
v -11.036190 0.363147 1.167886
v -11.067083 0.243738 1.552065
v -11.138339 0.244118 1.167886
v -11.009799 0.293397 1.552065
v -10.927501 0.242907 2.566514
v -10.942287 0.243655 1.167886
v -11.009799 0.293397 1.552065
v -10.957140 0.243545 1.552065
v -11.067083 0.243738 1.552065
v -11.044435 0.124627 1.167886
v -11.138339 0.244118 1.167886
v -11.014422 0.193887 1.552065
v -10.927501 0.242907 2.566514
v -11.014422 0.193887 1.552065
v -10.942287 0.243655 1.167886
v -10.957140 0.243545 1.552065
v -9.958771 -0.026424 1.016559
v -9.884665 -0.028881 1.340878
v -9.935787 -0.083607 1.340877
v -9.871263 -0.141431 1.016559
v -9.935787 -0.083607 1.340877
v -10.056610 -0.131160 1.016559
v -9.958771 -0.026424 1.016559
v -9.969103 -0.246166 1.016559
v -9.890062 -0.143700 1.340878
v -9.871263 -0.141431 1.016559
v -9.657648 0.063724 2.353372
v -9.884665 -0.028881 1.340878
v -9.838941 -0.088974 1.340877
v -9.706719 0.220212 1.267732
v -9.667593 0.246596 1.046318
v -9.674819 0.252237 1.267732
v -9.676292 0.187995 1.267732
v -9.610929 0.186601 1.046318
v -9.873549 0.141214 1.983056
v -9.644394 0.220020 1.267732
v -9.551527 0.246238 1.046318
v -9.608187 0.306233 1.046318
v -9.608187 0.306233 1.046318
v -9.674819 0.252237 1.267732
v -9.667593 0.246596 1.046318
v -9.644394 0.220020 1.267732
v -9.873549 0.141214 1.983056
v -9.706719 0.220212 1.267732
v -9.186836 -0.164675 1.111917
v -9.157563 -0.170624 1.297450
v -9.111278 -0.109790 1.111917
v -9.197681 -0.199572 1.297450
v -9.239836 -0.361055 1.905129
v -9.226144 -0.161232 1.297450
v -9.240444 -0.091982 1.111916
v -9.194738 0.184372 1.116386
v -9.195471 0.155042 1.324827
v -9.248942 0.125727 1.116385
v -9.166171 0.125310 1.324827
v -9.145028 0.125499 1.116386
v -9.166171 0.125310 1.324827
v -9.194738 0.184372 1.116386
v -9.198121 0.095694 1.324827
v -9.199232 0.066854 1.116386
v -9.196224 0.124633 2.001231
v -9.195471 0.155042 1.324827
v -9.227420 0.125426 1.324827
v -9.248942 0.125727 1.116385
v -9.011259 -0.014386 1.511456
v -8.952649 -0.108065 1.131787
v -9.068626 0.006151 1.131786
v -8.934423 -0.087701 1.511966
v -8.818488 -0.148636 3.475311
v -8.934423 -0.087701 1.511966
v -8.822980 -0.004049 1.131787
v -8.848518 -0.020934 1.511502
v -8.797169 -0.075023 1.155499
v -8.820636 -0.183685 1.341032
v -8.906054 -0.162163 1.155499
v -8.719916 -0.190437 1.155499
v -8.876961 -0.436469 1.948711
v -8.878080 -0.233294 1.341032
v -8.779881 -0.249390 1.341032
v -8.544115 -0.020934 1.159327
v -8.469737 -0.014091 1.477876
v -8.501128 -0.046420 1.477876
v -8.478822 -0.101613 1.159327
v -8.501128 -0.046420 1.477876
v -8.617114 -0.094408 1.159327
v -8.544115 -0.020934 1.159327
v -8.551823 -0.175086 1.159328
v -8.473053 -0.081919 1.477876
v -8.478822 -0.101613 1.159327
v -8.241676 0.102010 2.484601
v -8.469737 -0.014091 1.477876
v -8.441662 -0.049590 1.477876
v -7.538257 -0.107757 1.458459
v -7.593728 -0.361055 2.399244
v -7.589816 -0.157808 1.458459
v -7.501678 -0.174048 1.458459
v -7.516068 0.004866 1.064153
v -7.610289 -0.086125 1.064153
v -7.449217 -0.115648 1.064153
v -6.445621 0.038507 1.270011
v -6.279657 0.054621 1.528172
v -6.349116 -0.006024 1.528171
v -6.303970 0.162268 1.270011
v -6.168867 0.037766 1.270011
v -6.213409 -0.006387 1.528172
v -6.310513 -0.085994 1.270011
v -6.213409 -0.006387 1.528172
v -6.168867 0.037766 1.270011
v -6.282866 -0.067032 1.528172
v -6.349116 -0.006024 1.528171
v -6.445621 0.038507 1.270011
v -6.203321 -0.139232 2.269037
v -6.279657 0.054621 1.528172
v -8.069633 -0.105014 1.088118
v -8.039598 -0.119853 1.350633
v -8.075106 -0.152291 1.350633
v -8.016355 -0.181816 1.088119
v -8.075106 -0.152291 1.350633
v -8.144729 -0.163001 1.088118
v -8.069633 -0.105014 1.088118
v -8.049912 -0.195253 1.350633
v -8.091450 -0.239804 1.088118
v -8.016355 -0.181816 1.088119
v -8.014404 -0.162816 1.350633
v -8.039598 -0.119853 1.350633
v -7.937395 -0.112986 2.291418
v -7.524335 0.045373 1.074171
v -7.441473 0.109177 1.188549
v -7.389949 0.127970 1.074172
v -7.513852 0.065671 1.188549
v -7.568790 -0.118799 1.951615
v -7.565204 0.123293 1.188549
v -7.619680 0.154770 1.074172
v -8.190936 0.305915 1.116399
v -8.191636 0.217092 1.222558
v -8.305827 0.191033 1.116398
v -8.081356 0.190345 1.116398
v -1.074309 -0.164674 1.174114
v -1.045037 -0.170624 1.359647
v -0.998751 -0.109790 1.174114
v -1.085155 -0.199572 1.359647
v -1.127308 -0.361055 1.967326
v -1.113618 -0.161232 1.359647
v -1.127916 -0.091982 1.174114
v 3.049073 0.122293 1.219976
v 3.048373 0.033470 1.326136
v 2.934182 0.007411 1.219976
v 3.158654 0.006723 1.219976
v -0.604315 0.300618 1.115769
v -0.599859 0.238070 1.380511
v -0.674584 0.225575 1.115769
v -0.538151 0.225126 1.115769
v -0.584469 0.120147 2.225818
v -0.635258 0.199166 1.380511
v -0.566528 0.198933 1.380511
v -1.164452 0.348362 1.167472
v -1.195343 0.228954 1.551650
v -1.266602 0.229333 1.167472
v -1.138059 0.278612 1.551651
v -1.055761 0.228123 2.566100
v -1.070548 0.228871 1.167472
v -1.138059 0.278612 1.551651
v -1.085401 0.228761 1.551651
v -1.195343 0.228954 1.551650
v -1.172697 0.109842 1.167472
v -1.266602 0.229333 1.167472
v -1.142683 0.179103 1.551651
v -1.055761 0.228123 2.566100
v -1.142683 0.179103 1.551651
v -1.070548 0.228871 1.167472
v -1.085401 0.228761 1.551651
v -0.087034 -0.026424 1.016332
v -0.012927 -0.028881 1.340650
v -0.064049 -0.083607 1.340650
v 0.000475 -0.141431 1.016332
v -0.064049 -0.083607 1.340650
v -0.184872 -0.131160 1.016332
v -0.087034 -0.026424 1.016332
v -0.097364 -0.246166 1.016332
v -0.018325 -0.143700 1.340650
v 0.000475 -0.141431 1.016332
v 0.214093 0.063724 2.353146
v -0.012927 -0.028881 1.340650
v 0.032797 -0.088974 1.340650
v 0.165019 0.220212 1.290570
v 0.204146 0.246596 1.069157
v 0.196919 0.252237 1.290570
v 0.195446 0.187995 1.290570
v 0.260808 0.186601 1.069157
v -0.001810 0.141214 2.005895
v 0.227345 0.220020 1.290570
v 0.320212 0.246238 1.069157
v 0.263552 0.306233 1.069157
v 0.263552 0.306233 1.069157
v 0.196919 0.252237 1.290570
v 0.204146 0.246596 1.069157
v 0.227345 0.220020 1.290570
v -0.001810 0.141214 2.005895
v 0.165019 0.220212 1.290570
v 0.684904 -0.164674 1.125829
v 0.714176 -0.170624 1.311362
v 0.760461 -0.109790 1.125829
v 0.674058 -0.199572 1.311362
v 0.631904 -0.361055 1.919041
v 0.645595 -0.161232 1.311362
v 0.631296 -0.091982 1.125829
v 0.677000 0.184372 1.181386
v 0.676269 0.155042 1.389827
v 0.622797 0.125727 1.181386
v 0.705569 0.125311 1.389827
v 0.726711 0.125499 1.181386
v 0.705569 0.125311 1.389827
v 0.677000 0.184372 1.181386
v 0.673620 0.095694 1.389827
v 0.672507 0.066855 1.181386
v 0.675516 0.124633 2.066231
v 0.676269 0.155042 1.389827
v 0.644320 0.125426 1.389827
v 0.622797 0.125727 1.181386
v 0.860481 -0.014386 1.479755
v 0.919089 -0.108065 1.100085
v 0.803114 0.006151 1.100085
v 0.937315 -0.087701 1.480265
v 1.053252 -0.148636 4.055177
v 0.937315 -0.087701 1.480265
v 1.048760 -0.004049 1.100085
v 1.023223 -0.020934 1.479800
v 1.074570 -0.075023 1.135316
v 1.051104 -0.183685 1.320849
v 0.965684 -0.162163 1.135316
v 1.151822 -0.190437 1.135316
v 0.994777 -0.436469 1.928529
v 0.993659 -0.233294 1.320849
v 1.091859 -0.249390 1.320850
v 1.327625 0.063335 1.060904
v 1.402002 0.070178 1.379452
v 1.370612 0.037849 1.379452
v 1.392918 -0.017343 1.060904
v 1.370612 0.037849 1.379452
v 1.254625 -0.010138 1.060904
v 1.327625 0.063335 1.060904
v 1.319917 -0.090816 1.060904
v 1.398687 0.002351 1.379452
v 1.392918 -0.017343 1.060904
v 1.630062 0.186279 2.386177
v 1.402002 0.070178 1.379452
v 1.430077 0.034679 1.379452
v 2.333482 -0.107757 1.527327
v 2.278011 -0.361055 2.468112
v 2.281924 -0.157808 1.527328
v 2.370063 -0.174048 1.527328
v 2.355673 0.004866 1.133022
v 2.261451 -0.086125 1.133022
v 2.422522 -0.115648 1.133022
v 3.426119 0.120537 1.052526
v 3.592083 0.136650 1.310686
v 3.522624 0.076006 1.310686
v 3.567770 0.244297 1.052526
v 3.702873 0.119795 1.052526
v 3.658330 0.075642 1.310686
v 3.561227 -0.003964 1.052526
v 3.658330 0.075642 1.310686
v 3.702873 0.119795 1.052526
v 3.588874 0.014998 1.310686
v 3.522624 0.076006 1.310686
v 3.426119 0.120537 1.052526
v 3.668419 -0.057203 2.051551
v 3.592083 0.136650 1.310686
v 1.802107 -0.105014 1.031519
v 1.832143 -0.119853 1.294034
v 1.796634 -0.152291 1.294034
v 1.855386 -0.181817 1.031519
v 1.796634 -0.152291 1.294034
v 1.727011 -0.163002 1.031519
v 1.802107 -0.105014 1.031519
v 1.821827 -0.195253 1.294034
v 1.780291 -0.239804 1.031519
v 1.855386 -0.181817 1.031519
v 1.857335 -0.162816 1.294034
v 1.832143 -0.119853 1.294034
v 1.934344 -0.112986 2.234819
v 2.296516 0.045373 1.117987
v 2.379379 0.109177 1.232365
v 2.430903 0.127970 1.117987
v 2.307000 0.065671 1.232365
v 2.252062 -0.118798 1.995431
v 2.255648 0.123293 1.232365
v 2.201170 0.154770 1.117987
v 1.680804 0.305915 1.032529
v 1.680103 0.217091 1.138689
v 1.565913 0.191033 1.032529
v 1.790385 0.190344 1.032529
v 3.431059 -0.119338 -1.187842
v 3.500683 -0.108628 -1.450357
v 3.506156 -0.061350 -1.187842
v 3.525877 -0.151590 -1.450357
v 3.484340 -0.196140 -1.187842
v 3.559435 -0.138153 -1.187842
v 3.561386 -0.119152 -1.450357
v 3.536193 -0.076190 -1.450357
v 3.638397 -0.069324 -2.391141
v 3.536193 -0.076190 -1.450357
v 3.506156 -0.061350 -1.187842
v 3.500683 -0.108628 -1.450357
v 3.559435 -0.138153 -1.187842
v -2.622827 -0.051447 -1.370328
v -2.607581 0.039321 -1.173175
v -2.730380 -0.081317 -1.173175
v -2.520456 -0.120459 -1.173175
v -2.689391 -0.361057 -2.508265
v -2.571112 -0.144850 -1.370327
v -2.695717 -0.121968 -1.370328
v -6.040905 -0.132285 -1.356269
v -6.019763 -0.037099 -1.170737
v -6.095322 -0.091984 -1.170737
v -5.966156 -0.109792 -1.170737
v -6.094712 -0.361057 -1.963949
v -6.081022 -0.161234 -1.356269
v -6.012442 -0.170626 -1.356269
v -1.919032 0.033468 -1.373984
v -1.918332 0.122291 -1.267824
v -2.033223 0.007409 -1.267824
v -1.808751 0.006721 -1.267824
v -5.567264 0.238069 -1.506098
v -5.571721 0.300616 -1.241356
v -5.641989 0.225574 -1.241356
v -5.505557 0.225124 -1.241356
v -5.551872 0.120145 -2.351405
v -5.602663 0.199164 -1.506098
v -5.533933 0.198931 -1.506098
v -6.162747 0.278834 -1.557709
v -6.131857 0.398243 -1.173531
v -6.234006 0.279214 -1.173530
v -6.105464 0.328493 -1.557709
v -6.023164 0.278002 -2.572159
v -6.105464 0.328493 -1.557709
v -6.037953 0.278751 -1.173530
v -6.052805 0.278641 -1.557709
v -6.140101 0.159723 -1.173531
v -6.162747 0.278834 -1.557709
v -6.234006 0.279214 -1.173530
v -6.110087 0.228983 -1.557709
v -6.023164 0.278002 -2.572159
v -6.037953 0.278751 -1.173530
v -6.110087 0.228983 -1.557709
v -6.052805 0.278641 -1.557709
v -5.152278 -0.131161 -1.141918
v -5.031454 -0.083609 -1.466236
v -5.054440 -0.026425 -1.141918
v -5.064770 -0.246168 -1.141918
v -4.985730 -0.143701 -1.466236
v -4.966931 -0.141432 -1.141918
v -4.753311 0.063721 -2.478731
v -4.980332 -0.028883 -1.466236
v -4.934608 -0.088976 -1.466236
v -4.980332 -0.028883 -1.466236
v -5.054440 -0.026425 -1.141918
v -5.031454 -0.083609 -1.466236
v -4.966931 -0.141432 -1.141918
v -4.770485 0.145987 -1.572521
v -4.703854 0.199983 -1.351107
v -4.763259 0.140346 -1.351107
v -4.740060 0.113770 -1.572521
v -4.969213 0.034963 -2.287845
v -4.802386 0.113962 -1.572521
v -4.763259 0.140346 -1.351107
v -4.802386 0.113962 -1.572521
v -4.770485 0.145987 -1.572521
v -4.771959 0.081745 -1.572521
v -4.969213 0.034963 -2.287845
v -4.706598 0.080351 -1.351107
v -4.740060 0.113770 -1.572521
v -4.647194 0.139988 -1.351107
v -4.703854 0.199983 -1.351107
v -4.281693 -0.132285 -1.436948
v -4.260551 -0.037099 -1.251415
v -4.336109 -0.091984 -1.251415
v -4.206944 -0.109792 -1.251415
v -4.335500 -0.361057 -2.044627
v -4.321810 -0.161234 -1.436948
v -4.253230 -0.170626 -1.436948
v -4.291136 0.155040 -1.450109
v -4.290405 0.184371 -1.241667
v -4.344609 0.125726 -1.241667
v -4.261836 0.125309 -1.450109
v -4.261836 0.125309 -1.450109
v -4.240694 0.125498 -1.241667
v -4.290405 0.184371 -1.241667
v -4.293785 0.095692 -1.450109
v -4.294899 0.066853 -1.241667
v -4.291887 0.124631 -2.126513
v -4.291136 0.155040 -1.450109
v -4.323085 0.125424 -1.450109
v -4.344609 0.125726 -1.241667
v -7.249859 -0.339390 -1.203874
v -7.308466 -0.245712 -1.583543
v -7.365835 -0.225174 -1.203873
v -7.231632 -0.319027 -1.584053
v -7.115692 -0.379963 -3.698363
v -7.120188 -0.235374 -1.203874
v -7.231632 -0.319027 -1.584053
v -7.145724 -0.252259 -1.583588
v -3.916301 -0.183687 -1.446434
v -3.892835 -0.075025 -1.260901
v -4.001722 -0.162165 -1.260901
v -3.815583 -0.190438 -1.260901
v -3.972626 -0.436471 -2.054113
v -3.973745 -0.233296 -1.446434
v -3.875546 -0.249392 -1.446434
v -3.712780 -0.154602 -1.186489
v -3.596793 -0.106615 -1.505037
v -3.639781 -0.081129 -1.186489
v -3.647489 -0.235280 -1.186489
v -3.568718 -0.142113 -1.505037
v -3.574487 -0.161807 -1.186489
v -3.337341 0.041814 -2.511761
v -3.565403 -0.074286 -1.505037
v -3.537328 -0.109785 -1.505037
v -3.565403 -0.074286 -1.505037
v -3.639781 -0.081129 -1.186489
v -3.596793 -0.106615 -1.505037
v -3.574487 -0.161807 -1.186489
v -2.639379 0.166797 -1.272567
v -2.715343 -0.118801 -2.035633
v -2.588027 0.109175 -1.272567
v -2.711757 0.123291 -1.272567
v -2.766235 0.154768 -1.158189
v -2.631849 0.237366 -1.158189
v -2.536502 0.127969 -1.158189
v -1.375322 0.136648 -1.551219
v -1.399636 0.244296 -1.293058
v -1.541286 0.120535 -1.293058
v -1.264533 0.119794 -1.293058
v -3.240395 -0.163003 -1.157104
v -3.170771 -0.152293 -1.419619
v -3.165299 -0.105016 -1.157104
v -3.145578 -0.195255 -1.419619
v -3.187115 -0.239805 -1.157104
v -3.112020 -0.181818 -1.157104
v -3.110069 -0.162818 -1.419619
v -3.135262 -0.119855 -1.419619
v -3.033059 -0.112989 -2.360403
v -3.135262 -0.119855 -1.419619
v -3.165299 -0.105016 -1.157104
v -3.170771 -0.152293 -1.419619
v -3.112020 -0.181818 -1.157104
v -2.588027 0.109175 -1.272567
v -2.536502 0.127969 -1.158189
v -2.639379 0.166797 -1.272567
v -2.670889 0.045371 -1.158189
v -2.660406 0.065670 -1.272567
v -2.715343 -0.118801 -2.035633
v -2.711757 0.123291 -1.272567
v -2.766235 0.154768 -1.158189
v -3.244400 0.217090 -1.308990
v -3.243700 0.305913 -1.202830
v -3.358591 0.191031 -1.202830
v -3.134119 0.190343 -1.202830
v -10.945239 -0.132286 -1.564898
v -10.924095 -0.037099 -1.379365
v -10.999655 -0.091984 -1.379366
v -10.870490 -0.109792 -1.379365
v -10.999043 -0.361057 -2.172578
v -10.985355 -0.161234 -1.564898
v -10.916776 -0.170626 -1.564898
v -6.823365 0.033468 -1.357092
v -6.822666 0.122291 -1.250932
v -6.937557 0.007409 -1.250932
v -6.713085 0.006721 -1.250932
v -10.471598 0.238069 -1.492286
v -10.476054 0.300616 -1.227543
v -10.546323 0.225574 -1.227543
v -10.409890 0.225124 -1.227543
v -10.456205 0.120145 -2.337593
v -10.506996 0.199164 -1.492286
v -10.438265 0.198931 -1.492286
v -10.395967 -0.222718 -1.677661
v -10.365075 -0.103310 -1.293482
v -10.467225 -0.222338 -1.293483
v -10.338682 -0.173060 -1.677660
v -10.256378 -0.223551 -2.692110
v -10.338682 -0.173060 -1.677660
v -10.271173 -0.222801 -1.293482
v -10.286024 -0.222911 -1.677660
v -10.373321 -0.341829 -1.293482
v -10.395967 -0.222718 -1.677661
v -10.467225 -0.222338 -1.293483
v -10.343306 -0.272570 -1.677660
v -10.256378 -0.223551 -2.692110
v -10.271173 -0.222801 -1.293482
v -10.343306 -0.272570 -1.677660
v -10.286024 -0.222911 -1.677660
v -10.056610 -0.131162 -1.142154
v -9.935787 -0.083609 -1.466472
v -9.958771 -0.026425 -1.142154
v -9.969103 -0.246168 -1.142154
v -9.890062 -0.143701 -1.466472
v -9.871263 -0.141432 -1.142154
v -9.657643 0.063721 -2.478966
v -9.884665 -0.028883 -1.466472
v -9.838941 -0.088976 -1.466472
v -9.884665 -0.028883 -1.466472
v -9.958771 -0.026425 -1.142154
v -9.935787 -0.083609 -1.466472
v -9.871263 -0.141432 -1.142154
v -9.674819 0.252235 -1.393326
v -9.608187 0.306232 -1.171913
v -9.667593 0.246594 -1.171913
v -9.644394 0.220018 -1.393326
v -9.873545 0.141211 -2.108651
v -9.706719 0.220210 -1.393326
v -9.667593 0.246594 -1.171913
v -9.706719 0.220210 -1.393326
v -9.674819 0.252235 -1.393326
v -9.676292 0.187994 -1.393326
v -9.873545 0.141211 -2.108651
v -9.610929 0.186599 -1.171912
v -9.644394 0.220018 -1.393326
v -9.551527 0.246237 -1.171912
v -9.608187 0.306232 -1.171913
v -9.186026 -0.132285 -1.423044
v -9.164885 -0.037099 -1.237511
v -9.240442 -0.091984 -1.237511
v -9.111278 -0.109792 -1.237511
v -9.239835 -0.361057 -2.030723
v -9.226144 -0.161234 -1.423044
v -9.157563 -0.170626 -1.423044
v -9.195471 0.155040 -1.418987
v -9.194738 0.184371 -1.210546
v -9.248942 0.125726 -1.210546
v -9.166171 0.125309 -1.418987
v -9.166171 0.125309 -1.418987
v -9.145028 0.125498 -1.210546
v -9.194738 0.184371 -1.210546
v -9.198118 0.095692 -1.418987
v -9.199232 0.066853 -1.210546
v -9.196221 0.124631 -2.095391
v -9.195471 0.155040 -1.418987
v -9.227419 0.125424 -1.418988
v -9.248942 0.125726 -1.210546
v -5.739026 -0.076583 -1.278757
v -5.797634 0.017095 -1.658427
v -5.855000 0.037633 -1.278757
v -5.720799 -0.056220 -1.658936
v -5.604861 -0.117156 -3.622281
v -5.609355 0.027433 -1.278757
v -5.720799 -0.056220 -1.658936
v -5.634892 0.010548 -1.658472
v -8.820635 -0.183687 -1.525426
v -8.797169 -0.075025 -1.339893
v -8.906054 -0.162165 -1.339893
v -8.719916 -0.190438 -1.339893
v -8.876960 -0.436471 -2.133106
v -8.878078 -0.233296 -1.525426
v -8.779880 -0.249392 -1.525426
v -8.617114 -0.010140 -1.358279
v -8.501126 0.037847 -1.676827
v -8.544114 0.063334 -1.358279
v -8.551823 -0.090818 -1.358279
v -8.473051 0.002349 -1.676827
v -8.478820 -0.017345 -1.358279
v -8.241676 0.186276 -2.683552
v -8.469736 0.070176 -1.676827
v -8.441662 0.034677 -1.676827
v -8.469736 0.070176 -1.676827
v -8.544114 0.063334 -1.358279
v -8.501126 0.037847 -1.676827
v -8.478820 -0.017345 -1.358279
v -7.492825 0.166797 -1.289207
v -7.568788 -0.118801 -2.052273
v -7.441473 0.109175 -1.289207
v -7.565203 0.123291 -1.289207
v -7.619680 0.154768 -1.174829
v -7.485294 0.237366 -1.174829
v -7.389949 0.127969 -1.174829
v -6.473268 -0.361057 -2.513292
v -6.417799 -0.107758 -1.572508
v -6.469357 -0.157810 -1.572508
v -6.381219 -0.174050 -1.572507
v -6.395609 0.004865 -1.178202
v -6.489831 -0.086126 -1.178202
v -6.328758 -0.115649 -1.178202
v -6.279655 0.136649 -1.461450
v -6.303969 0.244296 -1.203289
v -6.445620 0.120535 -1.203290
v -6.168867 0.119794 -1.203289
v -8.144728 -0.163003 -1.358331
v -8.075104 -0.152293 -1.620846
v -8.069632 -0.105016 -1.358331
v -8.049911 -0.195255 -1.620845
v -8.091447 -0.239805 -1.358331
v -8.016353 -0.181818 -1.358330
v -8.014401 -0.162818 -1.620845
v -8.039594 -0.119855 -1.620846
v -7.937391 -0.112989 -2.561630
v -8.039594 -0.119855 -1.620846
v -8.069632 -0.105016 -1.358331
v -8.075104 -0.152293 -1.620846
v -8.016353 -0.181818 -1.358330
v -7.441473 0.109175 -1.289207
v -7.389949 0.127969 -1.174829
v -7.492825 0.166797 -1.289207
v -7.524335 0.045371 -1.174829
v -7.513851 0.065670 -1.289207
v -7.568788 -0.118801 -2.052273
v -7.565203 0.123291 -1.289207
v -7.619680 0.154768 -1.174829
v -8.191635 0.217090 -1.459972
v -8.190935 0.305913 -1.353812
v -8.305827 0.191031 -1.353812
v -8.081354 0.190343 -1.353813
v -1.073498 -0.132286 -1.485232
v -1.052356 -0.037099 -1.299699
v -1.127915 -0.091984 -1.299699
v -0.998749 -0.109792 -1.299699
v -1.127306 -0.361057 -2.092911
v -1.113616 -0.161234 -1.485232
v -1.045035 -0.170626 -1.485232
v 3.048374 0.033468 -1.359442
v 3.049074 0.122291 -1.253282
v 2.934183 0.007409 -1.253282
v 3.158655 0.006721 -1.253282
v -0.599857 0.238069 -1.506095
v -0.604314 0.300616 -1.241353
v -0.674582 0.225574 -1.241353
v -0.538150 0.225124 -1.241353
v -0.584466 0.120145 -2.351403
v -0.635256 0.199164 -1.506095
v -0.566526 0.198931 -1.506095
v -1.195341 0.152898 -1.677236
v -1.164450 0.272307 -1.293058
v -1.266600 0.153278 -1.293058
v -1.138057 0.202556 -1.677236
v -1.055758 0.152066 -2.691686
v -1.138057 0.202556 -1.677236
v -1.070547 0.152815 -1.293058
v -1.085398 0.152705 -1.677236
v -1.172695 0.033787 -1.293058
v -1.195341 0.152898 -1.677236
v -1.266600 0.153278 -1.293058
v -1.142681 0.103047 -1.677236
v -1.055758 0.152066 -2.691686
v -1.070547 0.152815 -1.293058
v -1.142681 0.103047 -1.677236
v -1.085398 0.152705 -1.677236
v -0.184871 -0.131162 -1.141916
v -0.064047 -0.083609 -1.466234
v -0.087033 -0.026425 -1.141916
v -0.097363 -0.246168 -1.141916
v -0.018323 -0.143701 -1.466234
v 0.000476 -0.141432 -1.141916
v 0.214096 0.063721 -2.478728
v -0.012926 -0.028883 -1.466234
v 0.032798 -0.088976 -1.466234
v -0.012926 -0.028883 -1.466234
v -0.087033 -0.026425 -1.141916
v -0.064047 -0.083609 -1.466234
v 0.000476 -0.141432 -1.141916
v 0.196920 0.252235 -1.416154
v 0.263553 0.306232 -1.194740
v 0.204147 0.246594 -1.194741
v 0.227347 0.220018 -1.416154
v -0.001807 0.141211 -2.131479
v 0.165020 0.220210 -1.416154
v 0.204147 0.246594 -1.194741
v 0.165020 0.220210 -1.416154
v 0.196920 0.252235 -1.416154
v 0.195447 0.187994 -1.416154
v -0.001807 0.141211 -2.131479
v 0.260809 0.186599 -1.194740
v 0.227347 0.220018 -1.416154
v 0.320213 0.246237 -1.194741
v 0.263553 0.306232 -1.194740
v 0.685714 -0.132285 -1.436945
v 0.706855 -0.037099 -1.251412
v 0.631298 -0.091984 -1.251412
v 0.760463 -0.109792 -1.251412
v 0.631907 -0.361057 -2.044624
v 0.645597 -0.161234 -1.436945
v 0.714177 -0.170626 -1.436945
v 0.676270 0.155040 -1.450106
v 0.677001 0.184371 -1.241665
v 0.622798 0.125726 -1.241665
v 0.705571 0.125309 -1.450106
v 0.705571 0.125309 -1.450106
v 0.726712 0.125498 -1.241665
v 0.677001 0.184371 -1.241665
v 0.673621 0.095692 -1.450106
v 0.672508 0.066853 -1.241665
v 0.675519 0.124631 -2.126510
v 0.676270 0.155040 -1.450106
v 0.644321 0.125424 -1.450106
v 0.622798 0.125726 -1.241665
v 3.095330 -0.277782 -1.225668
v 3.036723 -0.184103 -1.605337
v 2.979355 -0.163566 -1.225668
v 3.113557 -0.257418 -1.605847
v 3.229498 -0.318355 -4.180759
v 3.225001 -0.173766 -1.225668
v 3.113557 -0.257418 -1.605847
v 3.199465 -0.190651 -1.605383
v 1.051105 -0.183687 -1.446432
v 1.074570 -0.075025 -1.260899
v 0.965685 -0.162165 -1.260899
v 1.151823 -0.190438 -1.260899
v 0.994780 -0.436471 -2.054111
v 0.993661 -0.233296 -1.446432
v 1.091861 -0.249392 -1.446432
v 1.254626 -0.093166 -1.186486
v 1.370614 -0.045179 -1.505034
v 1.327626 -0.019693 -1.186486
v 1.319918 -0.173844 -1.186486
v 1.398689 -0.080678 -1.505034
v 1.392920 -0.100371 -1.186486
v 1.630066 0.103250 -2.511759
v 1.402003 -0.012850 -1.505034
v 1.430079 -0.048349 -1.505034
v 1.402003 -0.012850 -1.505034
v 1.327626 -0.019693 -1.186486
v 1.370614 -0.045179 -1.505034
v 1.392920 -0.100371 -1.186486
v 2.328028 0.166796 -1.418924
v 2.252064 -0.118801 -2.181989
v 2.379380 0.109175 -1.418924
v 2.255650 0.123291 -1.418924
v 2.201171 0.154768 -1.304546
v 2.335558 0.237366 -1.304546
v 2.430904 0.127969 -1.304546
v 3.592084 0.136649 -1.434992
v 3.567770 0.244296 -1.176832
v 3.426120 0.120535 -1.176832
v 3.702873 0.119794 -1.176832
v 1.727011 -0.163003 -1.157101
v 1.796635 -0.152293 -1.419616
v 1.802107 -0.105016 -1.157101
v 1.821828 -0.195255 -1.419616
v 1.780291 -0.239805 -1.157101
v 1.855387 -0.181818 -1.157101
v 1.857337 -0.162818 -1.419616
v 1.832144 -0.119855 -1.419616
v 1.934348 -0.112989 -2.360400
v 1.832144 -0.119855 -1.419616
v 1.802107 -0.105016 -1.157101
v 1.796635 -0.152293 -1.419616
v 1.855387 -0.181818 -1.157101
v 2.379380 0.109175 -1.418924
v 2.430904 0.127969 -1.304546
v 2.328028 0.166796 -1.418924
v 2.296518 0.045371 -1.304546
v 2.307001 0.065670 -1.418924
v 2.252064 -0.118801 -2.181989
v 2.255650 0.123291 -1.418924
v 2.201171 0.154768 -1.304546
v 1.680104 0.217090 -1.357166
v 1.680804 0.305913 -1.251006
v 1.565913 0.191031 -1.251007
v 1.790385 0.190343 -1.251006
v 2.711627 0.071143 -1.306688
v 2.761157 0.033769 -1.503841
v 2.834047 0.104290 -1.503841
v 2.885762 0.010887 -1.503841
v 2.951289 0.038555 -1.306688
v 2.811095 -0.061884 -1.306688
v 2.812873 -0.059634 -1.503841
v 2.767484 -0.205321 -2.641778
v 7.254591 -0.084594 -1.152614
v 7.304121 -0.121968 -1.349767
v 7.377010 -0.051447 -1.349767
v 7.428726 -0.144850 -1.349767
v 7.494254 -0.117182 -1.152615
v 7.354059 -0.217621 -1.152614
v 7.355836 -0.215371 -1.349767
v 7.310449 -0.361058 -2.487705
v 6.240618 0.159009 1.175306
v 6.215255 0.183542 1.303792
v 6.218113 0.278397 1.175306
v 6.124466 0.179427 1.175306
v 6.205591 0.250100 1.303792
v 6.150486 0.192105 1.303792
v 6.177699 0.223491 1.740333
v 8.013372 0.138911 1.230700
v 7.988010 0.163444 1.359186
v 7.990868 0.258298 1.230700
v 7.897221 0.159328 1.230700
v 7.978346 0.230002 1.359186
v 7.923242 0.172006 1.359186
v 7.950455 0.203392 1.795727
v 9.483776 -0.215007 1.235377
v 9.458414 -0.190474 1.363863
v 9.461271 -0.095619 1.235377
v 9.367623 -0.194589 1.235377
v 9.448751 -0.123916 1.363863
v 9.393647 -0.181912 1.363863
v 9.420857 -0.150525 1.800404
v 11.025829 0.086688 1.318648
v 11.000467 0.111221 1.447134
v 11.003325 0.206075 1.318648
v 10.909679 0.107105 1.318648
v 10.990805 0.177778 1.447134
v 10.935700 0.119783 1.447134
v 10.962911 0.151169 1.883676
v 4.161463 -0.218039 1.125070
v 4.136101 -0.193506 1.253556
v 4.138958 -0.098652 1.125070
v 4.045311 -0.197622 1.125070
v 4.126437 -0.126948 1.253556
v 4.071332 -0.184944 1.253556
v 4.098544 -0.153558 1.690097
v 4.956428 0.146468 1.255129
v 4.931065 0.171001 1.383615
v 4.933922 0.265856 1.255129
v 4.840275 0.166885 1.255129
v 4.921401 0.237559 1.383615
v 4.866296 0.179563 1.383615
v 4.893510 0.210950 1.820156
v 7.140137 -0.183281 1.081008
v 7.114775 -0.158748 1.209494
v 7.117632 -0.063894 1.081008
v 7.023986 -0.162864 1.081008
v 7.105111 -0.092190 1.209494
v 7.050005 -0.150186 1.209494
v 7.077219 -0.118800 1.646035
v 9.844907 0.135688 1.327799
v 9.819544 0.160221 1.456285
v 9.822402 0.255075 1.327799
v 9.728755 0.156105 1.327798
v 9.809880 0.226779 1.456285
v 9.754775 0.168783 1.456285
v 9.781988 0.200169 1.892826
v 8.808849 -0.091982 1.114817
v 8.863266 -0.132284 1.300350
v 8.823148 -0.161232 1.300350
v 8.884407 -0.037097 1.114817
v 8.809456 -0.361055 1.908029
v 8.938014 -0.109790 1.114817
v 8.891728 -0.170624 1.300350
v 10.365143 -0.179204 1.240373
v 10.339780 -0.154671 1.368859
v 10.342637 -0.059816 1.240372
v 10.248990 -0.158786 1.240373
v 10.330115 -0.088113 1.368859
v 10.275011 -0.146108 1.368859
v 10.302223 -0.114722 1.805400
v 9.017075 0.090665 1.183815
v 8.991711 0.115198 1.312301
v 8.994569 0.210052 1.183815
v 8.900924 0.111082 1.183815
v 8.982049 0.181756 1.312301
v 8.926944 0.123760 1.312301
v 8.954158 0.155146 1.748842
v 9.648158 -0.086948 1.269144
v 9.622795 -0.062415 1.397630
v 9.625653 0.032439 1.269144
v 9.532005 -0.066530 1.269144
v 9.613131 0.004143 1.397630
v 9.558026 -0.053853 1.397630
v 9.585238 -0.022467 1.834172
v 9.301508 0.143028 1.365798
v 9.262181 0.169437 1.101056
v 9.336907 0.181932 1.365798
v 9.328347 0.093945 1.101056
v 9.398614 0.168987 1.101056
v 9.370237 0.142795 1.365798
v 9.334839 0.103891 1.365798
v 9.352294 0.064009 2.211106
v 11.207811 -0.190359 1.316141
v 11.182449 -0.165826 1.444627
v 11.185307 -0.070972 1.316141
v 11.091659 -0.169942 1.316141
v 11.172785 -0.099268 1.444627
v 11.117680 -0.157264 1.444627
v 11.144893 -0.125878 1.881168
v 10.476059 0.141056 1.162318
v 10.450697 0.165589 1.290803
v 10.453555 0.260444 1.162318
v 10.359907 0.161474 1.162317
v 10.441033 0.232147 1.290803
v 10.385928 0.174151 1.290803
v 10.413142 0.205538 1.727345
v 9.250913 -0.104429 1.184689
v 9.225551 -0.079896 1.313175
v 9.228409 0.014959 1.184689
v 9.134763 -0.084011 1.184689
v 9.215888 -0.013338 1.313175
v 9.160783 -0.071334 1.313175
v 9.187999 -0.039947 1.749716
v 10.568062 -0.091982 1.220594
v 10.622478 -0.132284 1.406127
v 10.582360 -0.161232 1.406128
v 10.643621 -0.037097 1.220594
v 10.568669 -0.361055 2.013807
v 10.697227 -0.109790 1.220594
v 10.650943 -0.170624 1.406127
v 10.930426 -0.233294 1.397381
v 10.902451 -0.162163 1.211848
v 10.987870 -0.183685 1.397381
v 10.979704 -0.277576 1.211848
v 11.088588 -0.190437 1.211848
v 11.028625 -0.249390 1.397381
v 10.971180 -0.298999 1.397381
v 10.931543 -0.436469 2.005060
v 3.904516 -0.091982 0.990304
v 3.958932 -0.132284 1.175837
v 3.918816 -0.161232 1.175837
v 3.980075 -0.037097 0.990304
v 3.905124 -0.361055 1.783516
v 4.033682 -0.109790 0.990304
v 3.987396 -0.170624 1.175837
v 5.460808 -0.179204 1.177095
v 5.435446 -0.154671 1.305581
v 5.438303 -0.059816 1.177095
v 5.344656 -0.158787 1.177095
v 5.425782 -0.088113 1.305581
v 5.370677 -0.146109 1.305581
v 5.397891 -0.114722 1.742121
v 8.386666 0.112099 1.243790
v 8.361303 0.136632 1.372276
v 8.364161 0.231486 1.243790
v 8.270514 0.132516 1.243790
v 8.351640 0.203190 1.372276
v 8.296535 0.145194 1.372276
v 8.323746 0.176580 1.808817
v 7.883577 -0.195247 1.351598
v 7.858215 -0.170714 1.480085
v 7.861073 -0.075859 1.351598
v 7.767426 -0.174829 1.351598
v 7.848551 -0.104156 1.480084
v 7.793446 -0.162152 1.480085
v 7.820656 -0.130765 1.916625
v 8.024567 -0.019077 1.396005
v 7.966614 0.007411 1.289845
v 8.080805 0.033470 1.396005
v 8.076200 -0.108158 1.289845
v 8.123773 -0.098137 2.259747
v 8.078208 -0.071937 1.396005
v 8.134444 -0.019391 1.396005
v 8.191087 0.006723 1.289845
v 4.112743 0.090665 1.025641
v 4.087379 0.115198 1.154127
v 4.090237 0.210052 1.025641
v 3.996591 0.111082 1.025641
v 4.077717 0.181756 1.154127
v 4.022612 0.123760 1.154127
v 4.049824 0.155146 1.590668
v 4.743826 -0.033187 1.297564
v 4.718463 -0.008654 1.426050
v 4.721321 0.086201 1.297564
v 4.627674 -0.012769 1.297564
v 4.708799 0.057904 1.426050
v 4.653694 -0.000092 1.426050
v 4.680907 0.031295 1.862591
v 4.397174 0.199166 1.445966
v 4.357850 0.225575 1.181223
v 4.432573 0.238070 1.445966
v 4.424014 0.150084 1.181223
v 4.494282 0.225126 1.181223
v 4.465906 0.198933 1.445966
v 4.430507 0.160029 1.445966
v 4.447964 0.120147 2.291273
v 6.520835 0.034985 1.289561
v 6.495472 0.059517 1.418047
v 6.498330 0.154372 1.289561
v 6.404683 0.055402 1.289561
v 6.485808 0.126075 1.418047
v 6.430703 0.068080 1.418047
v 6.457918 0.099466 1.854587
v 8.381927 -0.133586 1.238377
v 8.356565 -0.109053 1.366863
v 8.359423 -0.014198 1.238377
v 8.265778 -0.113168 1.238377
v 8.346903 -0.042495 1.366863
v 8.291799 -0.100491 1.366863
v 8.319009 -0.069104 1.803404
v 7.710008 0.006207 1.317480
v 7.684646 0.030740 1.445966
v 7.687503 0.125595 1.317480
v 7.593858 0.026625 1.317479
v 7.674984 0.097298 1.445966
v 7.619879 0.039302 1.445965
v 7.647089 0.070689 1.882506
v 7.045668 0.006207 1.227157
v 7.020305 0.030740 1.355643
v 7.023163 0.125595 1.227157
v 6.929516 0.026625 1.227157
v 7.010641 0.097298 1.355643
v 6.955536 0.039302 1.355643
v 6.982749 0.070689 1.792185
v 6.303479 -0.190359 1.282952
v 6.278116 -0.165826 1.411438
v 6.280974 -0.070972 1.282951
v 6.187327 -0.169942 1.282951
v 6.268452 -0.099268 1.411437
v 6.213347 -0.157264 1.411437
v 6.240561 -0.125878 1.847978
v 5.571725 0.155822 1.194981
v 5.546362 0.180355 1.323467
v 5.549220 0.275209 1.194981
v 5.455574 0.176239 1.194981
v 5.536699 0.246912 1.323467
v 5.481594 0.188917 1.323467
v 5.508809 0.220303 1.760008
v 4.346581 -0.104429 1.257108
v 4.321219 -0.079896 1.385595
v 4.324076 0.014959 1.257108
v 4.230430 -0.084011 1.257108
v 4.311554 -0.013338 1.385594
v 4.256450 -0.071334 1.385594
v 4.283664 -0.039947 1.822136
v 5.663729 -0.091982 1.111920
v 5.718145 -0.132284 1.297453
v 5.678029 -0.161232 1.297453
v 5.739287 -0.037097 1.111920
v 5.664335 -0.361055 1.905132
v 5.792895 -0.109790 1.111920
v 5.746608 -0.170624 1.297453
v 5.835546 0.006151 1.131789
v 5.978820 0.052382 1.510994
v 5.892914 -0.014386 1.511458
v 5.965215 0.110168 1.131789
v 6.085685 -0.148636 3.475313
v 6.081192 -0.004049 1.131790
v 5.978820 0.052382 1.510994
v 6.055655 -0.020934 1.511504
v 6.026092 -0.233294 1.341035
v 5.998116 -0.162163 1.155502
v 6.083536 -0.183685 1.341035
v 6.075370 -0.277576 1.155502
v 6.184255 -0.190437 1.155502
v 6.124291 -0.249390 1.341035
v 6.066847 -0.298999 1.341035
v 6.027211 -0.436469 1.948714
v 7.338968 0.123293 1.313544
v 7.411346 0.166798 1.313544
v 7.335379 -0.118799 2.076610
v 7.284491 0.154770 1.199167
v 7.462699 0.109177 1.313544
v 7.418878 0.237368 1.199166
v 7.514223 0.127970 1.199166
v 7.350936 -0.224099 1.476102
v 7.310442 -0.361055 2.416886
v 7.402494 -0.174048 1.476102
v 7.314356 -0.157808 1.476102
v 7.360734 -0.206638 1.081797
v 7.454956 -0.115648 1.081797
v 7.365915 -0.107757 1.476102
v 7.293884 -0.086125 1.081796
v 6.656298 0.164545 1.391811
v 6.598346 0.191033 1.285651
v 6.712536 0.217092 1.391811
v 6.707929 0.075463 1.285651
v 6.755503 0.085485 2.255553
v 6.709938 0.111684 1.391811
v 6.766174 0.164230 1.391811
v 6.822816 0.190345 1.285651
v 6.215255 0.183540 -1.431558
v 6.240618 0.159008 -1.303072
v 6.218113 0.278395 -1.303072
v 6.124466 0.179425 -1.303072
v 6.205591 0.250098 -1.431558
v 6.150486 0.192103 -1.431558
v 6.177701 0.223489 -1.868100
v 7.988010 0.163442 -1.352999
v 8.013372 0.138909 -1.224513
v 7.990868 0.258297 -1.224513
v 7.897221 0.159327 -1.224513
v 7.978346 0.230000 -1.352999
v 7.923242 0.172004 -1.352999
v 7.950457 0.203390 -1.789540
v 9.458415 -0.190476 -1.320155
v 9.483778 -0.215008 -1.191669
v 9.461273 -0.095621 -1.191669
v 9.367626 -0.194591 -1.191669
v 9.448751 -0.123917 -1.320155
v 9.393647 -0.181913 -1.320155
v 9.420861 -0.150527 -1.756697
v 10.832001 0.092043 -1.401181
v 10.857360 0.067510 -1.272695
v 10.834855 0.186897 -1.272695
v 10.741208 0.087927 -1.272696
v 10.822337 0.158601 -1.401181
v 10.767233 0.100605 -1.401181
v 10.794447 0.131991 -1.837723
v 4.136101 -0.193508 -1.345816
v 4.161462 -0.218041 -1.217330
v 4.138958 -0.098654 -1.217331
v 4.045310 -0.197624 -1.217331
v 4.126437 -0.126950 -1.345817
v 4.071332 -0.184946 -1.345817
v 4.098548 -0.153560 -1.782358
v 4.931065 0.170999 -1.295936
v 4.956428 0.146466 -1.167450
v 4.933922 0.265854 -1.167450
v 4.840275 0.166884 -1.167450
v 4.921401 0.237557 -1.295936
v 4.866296 0.179562 -1.295936
v 4.893513 0.210947 -1.732477
v 7.114775 -0.158750 -1.321083
v 7.140137 -0.183283 -1.192597
v 7.117632 -0.063895 -1.192597
v 7.023986 -0.162865 -1.192597
v 7.105111 -0.092192 -1.321083
v 7.050005 -0.150188 -1.321083
v 7.077221 -0.118802 -1.757624
v 9.819544 0.160219 -1.373362
v 9.844907 0.135686 -1.244876
v 9.822402 0.255074 -1.244876
v 9.728755 0.156104 -1.244877
v 9.809880 0.226777 -1.373362
v 9.754775 0.168781 -1.373362
v 9.781992 0.200167 -1.809904
v 8.808849 -0.091984 -1.167391
v 8.823150 -0.161234 -1.352924
v 8.863266 -0.132285 -1.352924
v 8.891728 -0.170626 -1.352924
v 8.938016 -0.109792 -1.167391
v 8.862457 -0.164676 -1.167391
v 8.851612 -0.199574 -1.352924
v 8.809460 -0.361057 -1.960603
v 10.339780 -0.154672 -1.309325
v 10.365143 -0.179205 -1.180838
v 10.342637 -0.059818 -1.180839
v 10.248990 -0.158788 -1.180838
v 10.330115 -0.088115 -1.309325
v 10.275011 -0.146110 -1.309325
v 10.302226 -0.114724 -1.745866
v 8.991713 0.115196 -1.290115
v 9.017075 0.090663 -1.161629
v 8.994571 0.210051 -1.161629
v 8.900924 0.111081 -1.161629
v 8.982049 0.181754 -1.290115
v 8.926944 0.123758 -1.290115
v 8.954158 0.155144 -1.726656
v 9.622795 0.030636 -1.340011
v 9.648155 0.006104 -1.211525
v 9.625651 0.125491 -1.211525
v 9.532003 0.026521 -1.211525
v 9.613133 0.097194 -1.340011
v 9.558026 0.039199 -1.340011
v 9.585242 0.070584 -1.776552
v 9.262181 0.225574 -1.187188
v 9.301508 0.199164 -1.451931
v 9.336907 0.238069 -1.451931
v 9.370240 0.198931 -1.451931
v 9.398614 0.225124 -1.187188
v 9.328347 0.150082 -1.187188
v 9.334841 0.160028 -1.451931
v 9.352300 0.120145 -2.297238
v 11.111982 0.011832 -1.388301
v 11.137340 -0.012701 -1.259815
v 11.114836 0.106687 -1.259815
v 11.021191 0.007717 -1.259815
v 11.102320 0.078390 -1.388301
v 11.047215 0.020394 -1.388301
v 11.074429 0.051780 -1.824842
v 10.450697 0.160011 -1.346356
v 10.476059 0.135478 -1.217870
v 10.453555 0.254865 -1.217870
v 10.359907 0.155896 -1.217870
v 10.441033 0.226569 -1.346356
v 10.385928 0.168573 -1.346356
v 10.413142 0.199959 -1.782897
v 9.225553 -0.079898 -1.274576
v 9.250916 -0.104430 -1.146090
v 9.228410 0.014957 -1.146090
v 9.134763 -0.084013 -1.146090
v 9.215888 -0.013340 -1.274576
v 9.160783 -0.071335 -1.274576
v 9.187999 -0.039949 -1.711117
v 10.568062 -0.091984 -1.251412
v 10.582360 -0.161234 -1.436945
v 10.622478 -0.132285 -1.436945
v 10.650941 -0.170626 -1.436945
v 10.697227 -0.109792 -1.251412
v 10.621669 -0.164676 -1.251412
v 10.610825 -0.199574 -1.436945
v 10.568673 -0.361057 -2.044624
v 10.902450 -0.162165 -1.260898
v 10.930426 -0.233296 -1.446432
v 10.987869 -0.183687 -1.446431
v 11.028625 -0.249392 -1.446431
v 11.088588 -0.190438 -1.260898
v 10.979702 -0.277577 -1.260898
v 10.971180 -0.299001 -1.446431
v 10.931547 -0.436471 -2.054111
v 3.904516 -0.091984 -1.253444
v 3.918816 -0.161234 -1.438977
v 3.958934 -0.132285 -1.438977
v 3.987396 -0.170626 -1.438977
v 4.033681 -0.109792 -1.253443
v 3.958124 -0.164676 -1.253443
v 3.947281 -0.199574 -1.438977
v 3.905127 -0.361057 -2.046656
v 5.435448 -0.154672 -1.379099
v 5.460809 -0.179206 -1.250612
v 5.438304 -0.059818 -1.250613
v 5.344657 -0.158788 -1.250613
v 5.425784 -0.088115 -1.379099
v 5.370678 -0.146110 -1.379099
v 5.397894 -0.114725 -1.815640
v 8.361303 0.136630 -1.349275
v 8.386666 0.112097 -1.220789
v 8.364161 0.231485 -1.220789
v 8.270514 0.132514 -1.220789
v 8.351640 0.203188 -1.349275
v 8.296535 0.145192 -1.349275
v 8.323750 0.176578 -1.785817
v 7.858215 -0.170716 -1.353315
v 7.883577 -0.195249 -1.224829
v 7.861073 -0.075861 -1.224829
v 7.767426 -0.174831 -1.224829
v 7.848551 -0.104158 -1.353315
v 7.793446 -0.162153 -1.353315
v 7.820661 -0.130767 -1.789856
v 7.966614 0.007409 -1.225474
v 8.024567 -0.019078 -1.331634
v 8.080805 0.033468 -1.331634
v 8.076200 -0.108160 -1.225474
v 8.123778 -0.098139 -2.195376
v 8.078208 -0.071939 -1.331634
v 8.134444 -0.019393 -1.331634
v 8.191087 0.006721 -1.225474
v 4.087381 0.115196 -1.355731
v 4.112742 0.090663 -1.227245
v 4.090237 0.210051 -1.227245
v 3.996591 0.111081 -1.227245
v 4.077717 0.181754 -1.355731
v 4.022612 0.123758 -1.355731
v 4.049828 0.155144 -1.792273
v 4.718463 -0.062417 -1.293482
v 4.743826 -0.086949 -1.164996
v 4.721321 0.032438 -1.164997
v 4.627674 -0.066532 -1.164997
v 4.708800 0.004141 -1.293482
v 4.653694 -0.053855 -1.293482
v 4.680912 -0.022469 -1.730024
v 4.357849 0.225574 -1.142322
v 4.397176 0.199164 -1.407064
v 4.432575 0.238069 -1.407064
v 4.465908 0.198931 -1.407064
v 4.494281 0.225124 -1.142322
v 4.424013 0.150082 -1.142322
v 4.430509 0.160028 -1.407064
v 4.447967 0.120145 -2.252372
v 6.495472 0.059516 -1.414702
v 6.520837 0.034983 -1.286216
v 6.498330 0.154370 -1.286216
v 6.404683 0.055400 -1.286216
v 6.485810 0.126073 -1.414702
v 6.430705 0.068078 -1.414702
v 6.457921 0.099464 -1.851243
v 8.356567 -0.109055 -1.332394
v 8.381929 -0.133587 -1.203908
v 8.359426 -0.014200 -1.203908
v 8.265778 -0.113170 -1.203908
v 8.346903 -0.042497 -1.332394
v 8.291799 -0.100492 -1.332394
v 8.319013 -0.069107 -1.768935
v 7.684648 0.030738 -1.316345
v 7.710011 0.006206 -1.187859
v 7.687506 0.125593 -1.187859
v 7.593858 0.026623 -1.187860
v 7.674984 0.097296 -1.316345
v 7.619879 0.039301 -1.316346
v 7.647094 0.070686 -1.752887
v 7.020305 0.030738 -1.323634
v 7.045668 0.006206 -1.195148
v 7.023163 0.125593 -1.195148
v 6.929518 0.026623 -1.195148
v 7.010643 0.097296 -1.323634
v 6.955538 0.039301 -1.323634
v 6.982754 0.070686 -1.760175
v 6.278117 -0.165828 -1.413214
v 6.303479 -0.190361 -1.284728
v 6.280974 -0.070973 -1.284729
v 6.187327 -0.169943 -1.284729
v 6.268453 -0.099270 -1.413215
v 6.213347 -0.157266 -1.413215
v 6.240564 -0.125880 -1.849756
v 5.546363 0.180353 -1.329275
v 5.571725 0.155820 -1.200789
v 5.549221 0.275207 -1.200789
v 5.455574 0.176237 -1.200789
v 5.536701 0.246911 -1.329275
v 5.481595 0.188915 -1.329275
v 5.508811 0.220301 -1.765816
v 4.321219 -0.079898 -1.307798
v 4.346580 -0.104430 -1.179312
v 4.324076 0.014957 -1.179312
v 4.230429 -0.084013 -1.179312
v 4.311555 -0.013340 -1.307798
v 4.256451 -0.071335 -1.307798
v 4.283667 -0.039950 -1.744340
v 5.663729 -0.091984 -1.237508
v 5.678029 -0.161234 -1.423041
v 5.718147 -0.132285 -1.423041
v 5.746609 -0.170626 -1.423041
v 5.792895 -0.109792 -1.237508
v 5.717336 -0.164676 -1.237508
v 5.706491 -0.199574 -1.423041
v 5.664338 -0.361057 -2.030720
v 9.030723 0.006150 -1.165778
v 9.173996 0.052380 -1.544983
v 9.160393 0.110166 -1.165779
v 9.088090 -0.014388 -1.545448
v 9.280864 -0.148639 -3.509302
v 9.250831 -0.020935 -1.545493
v 9.173996 0.052380 -1.544983
v 9.276369 -0.004051 -1.165778
v 5.998116 -0.162165 -1.297040
v 6.026093 -0.233296 -1.482573
v 6.083537 -0.183687 -1.482573
v 6.124292 -0.249392 -1.482573
v 6.184255 -0.190438 -1.297040
v 6.075370 -0.277578 -1.297040
v 6.066848 -0.299001 -1.482573
v 6.027213 -0.436471 -2.090252
v 8.458551 0.120535 -1.203287
v 8.555057 0.076004 -1.461447
v 8.624516 0.136649 -1.461447
v 8.593659 -0.003966 -1.203286
v 8.700855 -0.057205 -2.202311
v 8.621307 0.014996 -1.461447
v 8.690763 0.075640 -1.461447
v 8.735306 0.119794 -1.203286
v 6.598346 0.191031 -1.241707
v 6.656298 0.164543 -1.347867
v 6.712536 0.217090 -1.347866
v 6.707929 0.075462 -1.241706
v 6.755510 0.085483 -2.211608
v 6.709940 0.111683 -1.347866
v 6.766176 0.164229 -1.347866
v 6.822816 0.190343 -1.241706
v -8.663554 0.159009 1.175303
v -8.688916 0.183542 1.303789
v -8.686059 0.278397 1.175303
v -8.779707 0.179427 1.175303
v -8.698581 0.250100 1.303789
v -8.753686 0.192105 1.303789
v -8.726472 0.223491 1.740330
v -6.890800 0.138911 1.304866
v -6.916162 0.163444 1.433352
v -6.913305 0.258298 1.304866
v -7.006952 0.159328 1.304865
v -6.925826 0.230002 1.433352
v -6.980931 0.172006 1.433351
v -6.953717 0.203392 1.869893
v -5.420395 -0.215007 1.065556
v -5.445758 -0.190474 1.194042
v -5.442900 -0.095619 1.065556
v -5.536547 -0.194589 1.065555
v -5.455421 -0.123916 1.194042
v -5.510526 -0.181912 1.194041
v -5.483312 -0.150525 1.630583
v -3.270841 -0.162243 1.051955
v -3.296204 -0.137710 1.180441
v -3.293346 -0.042856 1.051955
v -3.386993 -0.141826 1.051955
v -3.305868 -0.071152 1.180441
v -3.360973 -0.129148 1.180441
v -3.333758 -0.097762 1.616982
v 2.133548 -0.159473 1.226260
v 2.108185 -0.134940 1.354746
v 2.111043 -0.040085 1.226260
v 2.017396 -0.139055 1.226260
v 2.098521 -0.068382 1.354746
v 2.043417 -0.126378 1.354746
v 2.070631 -0.094991 1.791287
v 1.216473 0.049414 1.126790
v 1.191110 0.073947 1.255275
v 1.193968 0.168801 1.126790
v 1.100321 0.069831 1.126789
v 1.181446 0.140505 1.255276
v 1.126341 0.082509 1.255276
v 1.153556 0.113895 1.691817
v -3.641442 0.022446 1.051936
v -3.666805 0.046979 1.180422
v -3.663947 0.141833 1.051936
v -3.757594 0.042863 1.051936
v -3.676468 0.113537 1.180422
v -3.731573 0.055541 1.180422
v -3.704359 0.086927 1.616963
v -10.742709 -0.136154 1.221118
v -10.768072 -0.111621 1.349604
v -10.765214 -0.016767 1.221117
v -10.858861 -0.115737 1.221117
v -10.777736 -0.045063 1.349604
v -10.832840 -0.103059 1.349604
v -10.805626 -0.071673 1.786145
v -9.947745 0.146468 1.009286
v -9.973107 0.171001 1.137772
v -9.970249 0.265855 1.009286
v -10.063897 0.166885 1.009286
v -9.982772 0.237559 1.137772
v -10.037876 0.179563 1.137772
v -10.010662 0.210949 1.574313
v -7.764035 -0.183281 1.081005
v -7.789397 -0.158748 1.209491
v -7.786540 -0.063894 1.081005
v -7.880187 -0.162864 1.081005
v -7.799062 -0.092190 1.209491
v -7.854167 -0.150186 1.209491
v -7.826953 -0.118800 1.646032
v -5.059264 0.135688 1.119739
v -5.084627 0.160221 1.248225
v -5.081769 0.255075 1.119739
v -5.175416 0.156105 1.119739
v -5.094291 0.226779 1.248225
v -5.149396 0.168783 1.248225
v -5.122182 0.200169 1.684766
v -2.695719 -0.121966 1.411563
v -2.730382 -0.081315 1.214410
v -2.622829 -0.051445 1.411563
v -2.643256 -0.241094 1.214410
v -2.520457 -0.120457 1.214410
v -2.571114 -0.144848 1.411563
v -2.644004 -0.215369 1.411563
v -2.689394 -0.361055 2.549501
v -6.095322 -0.091982 1.215657
v -6.040906 -0.132284 1.401190
v -6.081023 -0.161232 1.401190
v -6.019763 -0.037097 1.215657
v -6.094715 -0.361055 2.008869
v -5.966156 -0.109790 1.215657
v -6.012444 -0.170624 1.401190
v -4.539031 -0.179204 1.154538
v -4.564393 -0.154671 1.283024
v -4.561535 -0.059816 1.154538
v -4.655182 -0.158786 1.154538
v -4.574057 -0.088113 1.283024
v -4.629162 -0.146108 1.283024
v -4.601948 -0.114722 1.719565
v -1.613173 0.112099 1.160187
v -1.638536 0.136632 1.288673
v -1.635678 0.231486 1.160187
v -1.729326 0.132516 1.160186
v -1.648200 0.203190 1.288673
v -1.703305 0.145194 1.288672
v -1.676091 0.176580 1.725214
v -2.116263 -0.195247 1.130869
v -2.141625 -0.170714 1.259355
v -2.138767 -0.075859 1.130868
v -2.232415 -0.174829 1.130868
v -2.151290 -0.104156 1.259354
v -2.206395 -0.162152 1.259354
v -2.179180 -0.130765 1.695896
v -1.975272 -0.019077 1.203683
v -2.033225 0.007411 1.097522
v -1.919034 0.033470 1.203683
v -1.923640 -0.108158 1.097523
v -1.876064 -0.098137 2.067425
v -1.921632 -0.071937 1.203683
v -1.865396 -0.019391 1.203683
v -1.808753 0.006723 1.097523
v -5.887096 0.090665 1.215994
v -5.912460 0.115198 1.344480
v -5.909602 0.210052 1.215994
v -6.003248 0.111082 1.215994
v -5.922123 0.181756 1.344480
v -5.977228 0.123760 1.344480
v -5.950014 0.155146 1.781021
v -5.256014 -0.086948 1.050682
v -5.281377 -0.062415 1.179168
v -5.278519 0.032439 1.050682
v -5.372166 -0.066530 1.050682
v -5.291040 0.004143 1.179168
v -5.346145 -0.053853 1.179168
v -5.318932 -0.022467 1.615709
v -5.602664 0.199166 1.365795
v -5.641989 0.225575 1.101053
v -5.567265 0.238070 1.365795
v -5.575824 0.150084 1.101053
v -5.505557 0.225126 1.101053
v -5.533933 0.198933 1.365795
v -5.569332 0.160029 1.365795
v -5.551876 0.120147 2.211102
v -3.416600 -0.037911 1.012152
v -3.441963 -0.013378 1.140638
v -3.439105 0.081477 1.012151
v -3.532752 -0.017493 1.012151
v -3.451626 0.053180 1.140638
v -3.506732 -0.004815 1.140638
v -3.479517 0.026571 1.577179
v -1.617910 -0.133586 1.113133
v -1.643272 -0.109053 1.241619
v -1.640414 -0.014198 1.113133
v -1.734061 -0.113168 1.113133
v -1.652936 -0.042495 1.241619
v -1.708041 -0.100491 1.241619
v -1.680826 -0.069104 1.678160
v -2.289830 0.006207 1.207236
v -2.315193 0.030740 1.335722
v -2.312335 0.125595 1.207236
v -2.405982 0.026625 1.207236
v -2.324857 0.097298 1.335722
v -2.379961 0.039302 1.335722
v -2.352747 0.070689 1.772263
v -2.954170 -0.129650 1.169084
v -2.979533 -0.105117 1.297570
v -2.976675 -0.010263 1.169084
v -3.070322 -0.109233 1.169084
v -2.989197 -0.038559 1.297570
v -3.044302 -0.096555 1.297570
v -3.017087 -0.065169 1.734112
v -3.696360 -0.190359 1.064471
v -3.721723 -0.165826 1.192958
v -3.718865 -0.070972 1.064471
v -3.812512 -0.169942 1.064471
v -3.731387 -0.099268 1.192957
v -3.786492 -0.157264 1.192957
v -3.759277 -0.125878 1.629498
v -4.428113 0.155822 1.163147
v -4.453476 0.180355 1.291633
v -4.450618 0.275209 1.163147
v -4.544265 0.176239 1.163147
v -4.463140 0.246912 1.291633
v -4.518244 0.188917 1.291633
v -4.491030 0.220303 1.728174
v -5.653257 -0.104429 1.117844
v -5.678620 -0.079896 1.246330
v -5.675762 0.014959 1.117844
v -5.769408 -0.084011 1.117844
v -5.688283 -0.013338 1.246330
v -5.743389 -0.071334 1.246330
v -5.716174 -0.039947 1.682871
v -4.336110 -0.091982 1.125826
v -4.281694 -0.132284 1.311359
v -4.321811 -0.161232 1.311359
v -4.260552 -0.037097 1.125826
v -4.335503 -0.361055 1.919038
v -4.206944 -0.109790 1.125826
v -4.253231 -0.170624 1.311359
v -4.164292 0.006151 1.093287
v -4.021020 0.052382 1.472492
v -4.106926 -0.014386 1.472957
v -4.034624 0.110168 1.093288
v -3.914153 -0.148636 3.587777
v -3.918647 -0.004049 1.093288
v -4.021020 0.052382 1.472492
v -3.944184 -0.020934 1.473002
v -3.973747 -0.233294 1.264388
v -4.001722 -0.162163 1.078855
v -3.916303 -0.183685 1.264388
v -3.924470 -0.277576 1.078855
v -3.815585 -0.190437 1.078855
v -3.875548 -0.249390 1.264388
v -3.932992 -0.298999 1.264388
v -3.972629 -0.436469 1.872067
v -2.665957 0.123293 1.333367
v -2.593578 0.166798 1.333367
v -2.669543 -0.118798 2.096434
v -2.720435 0.154770 1.218989
v -2.542227 0.109177 1.333367
v -2.586048 0.237368 1.218989
v -2.490702 0.127970 1.218989
v -3.300640 0.164545 1.151303
v -3.358593 0.191033 1.045143
v -3.244402 0.217091 1.151303
v -3.249008 0.075463 1.045143
v -3.201431 0.085485 2.015045
v -3.246999 0.111684 1.151303
v -3.190763 0.164230 1.151303
v -3.134121 0.190344 1.045143
v -10.999655 -0.149190 1.192468
v -10.945239 -0.189492 1.378002
v -10.985356 -0.218440 1.378002
v -10.924095 -0.094305 1.192468
v -10.999049 -0.418263 1.985681
v -10.870490 -0.166998 1.192469
v -10.916776 -0.227832 1.378002
v -9.443363 -0.179204 1.068919
v -9.468726 -0.154671 1.197405
v -9.465869 -0.059816 1.068919
v -9.559516 -0.158787 1.068919
v -9.478391 -0.088113 1.197405
v -9.533496 -0.146109 1.197405
v -9.506281 -0.114722 1.633945
v -6.517506 0.112099 1.343110
v -6.542869 0.136632 1.471596
v -6.540011 0.231486 1.343110
v -6.633658 0.132516 1.343110
v -6.552533 0.203190 1.471596
v -6.607638 0.145194 1.471596
v -6.580423 0.176580 1.908137
v -7.020596 -0.195247 1.279736
v -7.045958 -0.170714 1.408221
v -7.043100 -0.075859 1.279735
v -7.136748 -0.174829 1.279735
v -7.055622 -0.104156 1.408221
v -7.110727 -0.162152 1.408221
v -7.083513 -0.130765 1.844762
v -6.879605 -0.019077 1.424876
v -6.937558 0.007411 1.318716
v -6.823367 0.033470 1.424876
v -6.827973 -0.108158 1.318716
v -6.780396 -0.098137 2.288618
v -6.825964 -0.071937 1.424876
v -6.769729 -0.019391 1.424876
v -6.713086 0.006723 1.318716
v -10.791429 0.090665 1.194697
v -10.816792 0.115198 1.323183
v -10.813934 0.210052 1.194697
v -10.907580 0.111082 1.194697
v -10.826456 0.181756 1.323183
v -10.881560 0.123760 1.323183
v -10.854347 0.155146 1.759724
v -10.160347 -0.086948 1.039405
v -10.185709 -0.062415 1.167890
v -10.182851 0.032439 1.039404
v -10.276499 -0.066531 1.039404
v -10.195372 0.004143 1.167890
v -10.250478 -0.053853 1.167890
v -10.223264 -0.022467 1.604431
v -10.506996 0.199166 1.366690
v -10.546323 0.225575 1.101948
v -10.471598 0.238070 1.366690
v -10.480157 0.150084 1.101948
v -10.409890 0.225126 1.101948
v -10.438265 0.198933 1.366690
v -10.473663 0.160029 1.366690
v -10.456210 0.120147 2.211997
v -8.383338 0.096244 1.158081
v -8.408700 0.120777 1.286567
v -8.405842 0.215631 1.158081
v -8.499490 0.116661 1.158081
v -8.418364 0.187335 1.286567
v -8.473469 0.129339 1.286567
v -8.446255 0.160725 1.723108
v -6.522243 -0.133586 1.327075
v -6.547606 -0.109053 1.455560
v -6.544748 -0.014198 1.327074
v -6.638395 -0.113168 1.327074
v -6.557270 -0.042495 1.455560
v -6.612374 -0.100490 1.455560
v -6.585160 -0.069104 1.892102
v -7.194163 0.006207 1.191730
v -7.219525 0.030740 1.320216
v -7.216668 0.125595 1.191730
v -7.310314 0.026625 1.191730
v -7.229189 0.097298 1.320216
v -7.284295 0.039302 1.320216
v -7.257080 0.070689 1.756757
v -7.858504 0.006207 1.100851
v -7.883866 0.030740 1.229337
v -7.881008 0.125595 1.100851
v -7.974655 0.026625 1.100851
v -7.893530 0.097298 1.229337
v -7.948635 0.039302 1.229337
v -7.921421 0.070689 1.665879
v -8.600694 -0.190359 1.179417
v -8.626056 -0.165826 1.307903
v -8.623198 -0.070972 1.179417
v -8.716845 -0.169942 1.179417
v -8.635719 -0.099268 1.307903
v -8.690825 -0.157264 1.307903
v -8.663610 -0.125878 1.744444
v -9.332447 0.155822 1.075198
v -9.357809 0.180354 1.203684
v -9.354951 0.275209 1.075198
v -9.448599 0.176239 1.075198
v -9.367473 0.246912 1.203684
v -9.422578 0.188917 1.203684
v -9.395364 0.220303 1.640225
v -10.557591 -0.104429 1.214328
v -10.582953 -0.079896 1.342814
v -10.580096 0.014959 1.214328
v -10.673741 -0.084011 1.214328
v -10.592616 -0.013338 1.342815
v -10.647720 -0.071334 1.342814
v -10.620509 -0.039947 1.779356
v -9.240444 -0.091982 1.111916
v -9.186028 -0.132284 1.297450
v -9.226144 -0.161232 1.297450
v -9.164885 -0.037097 1.111916
v -9.239836 -0.361055 1.905129
v -9.111278 -0.109790 1.111917
v -9.157563 -0.170624 1.297450
v -9.068626 0.006151 1.131786
v -8.925353 0.052382 1.510991
v -9.011259 -0.014386 1.511456
v -8.938956 0.110168 1.131787
v -8.818488 -0.148636 3.475311
v -8.822980 -0.004049 1.131787
v -8.925353 0.052382 1.510991
v -8.848518 -0.020934 1.511502
v -8.878080 -0.233294 1.341032
v -8.906054 -0.162163 1.155499
v -8.820636 -0.183685 1.341032
v -8.828802 -0.277576 1.155499
v -8.719916 -0.190437 1.155499
v -8.779881 -0.249390 1.341032
v -8.837326 -0.298999 1.341032
v -8.876961 -0.436469 1.948711
v -7.565204 0.123293 1.188549
v -7.492825 0.166798 1.188549
v -7.568790 -0.118799 1.951615
v -7.619680 0.154770 1.074172
v -7.441473 0.109177 1.188549
v -7.485294 0.237368 1.074172
v -7.389949 0.127970 1.074172
v -7.553235 -0.224099 1.458459
v -7.593728 -0.361055 2.399244
v -7.501678 -0.174048 1.458459
v -7.589816 -0.157808 1.458459
v -7.543439 -0.206638 1.064154
v -7.449217 -0.115648 1.064153
v -7.538257 -0.107757 1.458459
v -7.610289 -0.086125 1.064153
v -8.247874 0.164545 1.222558
v -8.305827 0.191033 1.116398
v -8.191636 0.217092 1.222558
v -8.196243 0.075463 1.116399
v -8.148666 0.085485 2.086301
v -8.194234 0.111684 1.222558
v -8.137997 0.164230 1.222558
v -8.081356 0.190345 1.116398
v -1.127916 -0.091982 1.174114
v -1.073500 -0.132284 1.359647
v -1.113618 -0.161232 1.359647
v -1.052358 -0.037097 1.174114
v -1.127308 -0.361055 1.967326
v -0.998751 -0.109790 1.174114
v -1.045037 -0.170624 1.359647
v 0.428376 -0.179204 1.312359
v 0.403014 -0.154671 1.440845
v 0.405871 -0.059816 1.312358
v 0.312225 -0.158786 1.312359
v 0.393350 -0.088113 1.440844
v 0.338245 -0.146108 1.440845
v 0.365459 -0.114722 1.877386
v 3.354234 0.112099 1.226029
v 3.328871 0.136632 1.354515
v 3.331729 0.231486 1.226029
v 3.238081 0.132516 1.226029
v 3.319206 0.203190 1.354515
v 3.264102 0.145194 1.354515
v 3.291315 0.176580 1.791056
v 2.851144 -0.195247 1.248873
v 2.825781 -0.170714 1.377359
v 2.828639 -0.075859 1.248873
v 2.734992 -0.174829 1.248873
v 2.816117 -0.104156 1.377359
v 2.761012 -0.162152 1.377359
v 2.788226 -0.130765 1.813901
v 2.992135 -0.019077 1.326136
v 2.934182 0.007411 1.219976
v 3.048373 0.033470 1.326136
v 3.043767 -0.108158 1.219976
v 3.091344 -0.098137 2.189878
v 3.045776 -0.071937 1.326136
v 3.102012 -0.019391 1.326136
v 3.158654 0.006723 1.219976
v -0.919691 0.090665 1.332633
v -0.945054 0.115198 1.461119
v -0.942196 0.210052 1.332633
v -1.035843 0.111082 1.332633
v -0.954717 0.181756 1.461119
v -1.009822 0.123760 1.461119
v -0.982608 0.155146 1.897660
v -0.288608 -0.086948 1.184870
v -0.313971 -0.062415 1.313356
v -0.311113 0.032439 1.184870
v -0.404759 -0.066530 1.184869
v -0.323634 0.004143 1.313356
v -0.378739 -0.053853 1.313356
v -0.351525 -0.022467 1.749897
v -0.635258 0.199166 1.380511
v -0.674584 0.225575 1.115769
v -0.599859 0.238070 1.380511
v -0.608419 0.150084 1.115769
v -0.538151 0.225126 1.115769
v -0.566528 0.198933 1.380511
v -0.601926 0.160029 1.380511
v -0.584469 0.120147 2.225818
v 1.488402 0.109151 1.222368
v 1.463039 0.133684 1.350854
v 1.465897 0.228539 1.222368
v 1.372251 0.129569 1.222368
v 1.453376 0.200242 1.350854
v 1.398271 0.142247 1.350854
v 1.425484 0.173633 1.787395
v 3.349497 -0.133586 1.172918
v 3.324135 -0.109053 1.301403
v 3.326992 -0.014198 1.172917
v 3.233346 -0.113168 1.172917
v 3.314471 -0.042495 1.301403
v 3.259366 -0.100491 1.301403
v 3.286580 -0.069104 1.737945
v 2.677577 0.006207 1.265500
v 2.652214 0.030740 1.393986
v 2.655072 0.125595 1.265500
v 2.561425 0.026625 1.265501
v 2.642550 0.097298 1.393986
v 2.587445 0.039302 1.393986
v 2.614659 0.070689 1.830527
v 2.013236 -0.061306 1.234226
v 1.987873 -0.036773 1.362712
v 1.990731 0.058082 1.234226
v 1.897084 -0.040888 1.234226
v 1.978209 0.029785 1.362712
v 1.923105 -0.028210 1.362712
v 1.950318 0.003176 1.799253
v 1.271046 -0.190359 1.066572
v 1.245684 -0.165826 1.195058
v 1.248541 -0.070972 1.066572
v 1.154895 -0.169942 1.066572
v 1.236020 -0.099268 1.195058
v 1.180915 -0.157264 1.195058
v 1.208129 -0.125878 1.631600
v 0.539293 0.155822 1.092287
v 0.513930 0.180355 1.220773
v 0.516788 0.275209 1.092287
v 0.423141 0.176239 1.092287
v 0.504267 0.246913 1.220773
v 0.449162 0.188917 1.220773
v 0.476377 0.220303 1.657314
v -0.685852 -0.104429 1.289001
v -0.711214 -0.079896 1.417487
v -0.708356 0.014959 1.289001
v -0.802003 -0.084011 1.289001
v -0.720878 -0.013338 1.417487
v -0.775983 -0.071334 1.417487
v -0.748768 -0.039947 1.854028
v 0.631296 -0.091982 1.125829
v 0.685712 -0.132284 1.311362
v 0.645595 -0.161232 1.311362
v 0.706855 -0.037097 1.125829
v 0.631904 -0.361055 1.919041
v 0.760461 -0.109790 1.125829
v 0.714176 -0.170624 1.311362
v 0.803114 0.006151 1.100085
v 0.946387 0.052382 1.479290
v 0.860481 -0.014386 1.479755
v 0.932783 0.110168 1.100086
v 1.053252 -0.148636 4.055177
v 1.048760 -0.004049 1.100085
v 0.946387 0.052382 1.479290
v 1.023223 -0.020934 1.479800
v 0.993659 -0.233294 1.320849
v 0.965684 -0.162163 1.135316
v 1.051104 -0.183685 1.320849
v 1.042937 -0.277576 1.135316
v 1.151822 -0.190437 1.135316
v 1.091859 -0.249390 1.320850
v 1.034415 -0.298999 1.320849
v 0.994777 -0.436469 1.928529
v 2.255648 0.123293 1.232365
v 2.328027 0.166798 1.232365
v 2.252062 -0.118798 1.995431
v 2.201170 0.154770 1.117987
v 2.379379 0.109177 1.232365
v 2.335557 0.237368 1.117987
v 2.430903 0.127970 1.117987
v 2.318504 -0.224099 1.527328
v 2.278011 -0.361055 2.468112
v 2.370063 -0.174048 1.527328
v 2.281924 -0.157808 1.527328
v 2.328301 -0.206638 1.133022
v 2.422522 -0.115648 1.133022
v 2.333482 -0.107757 1.527327
v 2.261451 -0.086125 1.133022
v 1.623865 0.164545 1.138688
v 1.565913 0.191033 1.032529
v 1.680103 0.217091 1.138689
v 1.675498 0.075463 1.032529
v 1.723073 0.085485 2.002430
v 1.677506 0.111684 1.138688
v 1.733742 0.164230 1.138688
v 1.790385 0.190344 1.032529
v -8.688916 0.183540 -1.484302
v -8.663554 0.159008 -1.355816
v -8.686059 0.278395 -1.355816
v -8.779707 0.179425 -1.355816
v -8.698581 0.250098 -1.484302
v -8.753686 0.192103 -1.484302
v -8.726471 0.223489 -1.920843
v -6.916161 0.163442 -1.349847
v -6.890800 0.138909 -1.221361
v -6.913304 0.258297 -1.221361
v -7.006952 0.159327 -1.221361
v -6.925825 0.230000 -1.349847
v -6.980930 0.172004 -1.349847
v -6.953713 0.203390 -1.786388
v -5.445756 -0.190476 -1.423002
v -5.420394 -0.215008 -1.294516
v -5.442899 -0.095621 -1.294516
v -5.536546 -0.194591 -1.294516
v -5.455420 -0.123918 -1.423003
v -5.510524 -0.181913 -1.423003
v -5.483309 -0.150528 -1.859544
v -3.296202 -0.137712 -1.359201
v -3.270840 -0.162245 -1.230715
v -3.293345 -0.042857 -1.230715
v -3.386992 -0.141827 -1.230715
v -3.305866 -0.071154 -1.359201
v -3.360971 -0.129150 -1.359201
v -3.333756 -0.097764 -1.795742
v 2.108187 -0.134942 -1.400824
v 2.133549 -0.159474 -1.272338
v 2.111044 -0.040087 -1.272338
v 2.017398 -0.139057 -1.272338
v 2.098523 -0.068384 -1.400824
v 2.043418 -0.126379 -1.400824
v 2.070634 -0.094994 -1.837365
v 1.191112 0.073945 -1.380858
v 1.216474 0.049412 -1.252372
v 1.193969 0.168800 -1.252372
v 1.100322 0.069830 -1.252372
v 1.181447 0.140503 -1.380858
v 1.126343 0.082507 -1.380858
v 1.153558 0.113893 -1.817399
v -3.666803 0.046977 -1.366548
v -3.641440 0.022444 -1.238062
v -3.663945 0.141832 -1.238062
v -3.757591 0.042862 -1.238062
v -3.676466 0.113535 -1.366548
v -3.731571 0.055539 -1.366548
v -3.704356 0.086925 -1.803090
v -10.768071 -0.193508 -1.501199
v -10.742709 -0.218041 -1.372713
v -10.765214 -0.098654 -1.372713
v -10.858861 -0.197624 -1.372713
v -10.777735 -0.126950 -1.501199
v -10.832839 -0.184946 -1.501199
v -10.805625 -0.153560 -1.937740
v -9.973107 0.170999 -1.263367
v -9.947745 0.146466 -1.134881
v -9.970249 0.265854 -1.134881
v -10.063897 0.166884 -1.134881
v -9.982772 0.237557 -1.263367
v -10.037876 0.179562 -1.263367
v -10.010661 0.210947 -1.699908
v -7.789396 -0.158750 -1.490101
v -7.764034 -0.183283 -1.361615
v -7.786539 -0.063895 -1.361615
v -7.880187 -0.162865 -1.361615
v -7.799060 -0.092192 -1.490101
v -7.854166 -0.150188 -1.490102
v -7.826949 -0.118802 -1.926643
v -5.084626 0.160219 -1.466103
v -5.059264 0.135686 -1.337617
v -5.081769 0.255074 -1.337617
v -5.175416 0.156103 -1.337617
v -5.094291 0.226777 -1.466103
v -5.149395 0.168781 -1.466103
v -5.122180 0.200167 -1.902644
v -2.730380 -0.081317 -1.173175
v -2.695717 -0.121968 -1.370328
v -2.622827 -0.051447 -1.370328
v -2.571112 -0.144850 -1.370327
v -2.520456 -0.120459 -1.173175
v -2.643254 -0.241096 -1.173175
v -2.644002 -0.215370 -1.370328
v -2.689391 -0.361057 -2.508265
v -6.095322 -0.091984 -1.170737
v -6.081022 -0.161234 -1.356269
v -6.040905 -0.132285 -1.356269
v -6.012442 -0.170626 -1.356269
v -5.966156 -0.109792 -1.170737
v -6.041715 -0.164676 -1.170736
v -6.052560 -0.199574 -1.356269
v -6.094712 -0.361057 -1.963949
v -4.564391 -0.154672 -1.466102
v -4.539029 -0.179206 -1.337616
v -4.561534 -0.059818 -1.337616
v -4.655181 -0.158788 -1.337616
v -4.574055 -0.088115 -1.466102
v -4.629160 -0.146110 -1.466102
v -4.601944 -0.114725 -1.902644
v -1.638534 0.136630 -1.414258
v -1.613172 0.112097 -1.285772
v -1.635677 0.231485 -1.285772
v -1.729324 0.132514 -1.285772
v -1.648198 0.203188 -1.414258
v -1.703303 0.145192 -1.414258
v -1.676088 0.176578 -1.850799
v -2.141624 -0.170716 -1.384940
v -2.116261 -0.195249 -1.256454
v -2.138766 -0.075861 -1.256454
v -2.232413 -0.174831 -1.256454
v -2.151288 -0.104158 -1.384941
v -2.206393 -0.162153 -1.384941
v -2.179178 -0.130768 -1.821482
v -2.033223 0.007409 -1.267824
v -1.975271 -0.019078 -1.373984
v -1.919032 0.033468 -1.373984
v -1.923638 -0.108160 -1.267824
v -1.876061 -0.098139 -2.237725
v -1.921630 -0.071939 -1.373984
v -1.865394 -0.019393 -1.373984
v -1.808751 0.006721 -1.267824
v -5.912459 0.115196 -1.329688
v -5.887095 0.090663 -1.201202
v -5.909601 0.210051 -1.201202
v -6.003248 0.111081 -1.201202
v -5.922122 0.181754 -1.329688
v -5.977227 0.123758 -1.329688
v -5.950011 0.155144 -1.766229
v -5.281375 -0.062417 -1.430608
v -5.256012 -0.086949 -1.302122
v -5.278518 0.032438 -1.302122
v -5.372165 -0.066532 -1.302122
v -5.291039 0.004141 -1.430608
v -5.346144 -0.053855 -1.430608
v -5.318929 -0.022469 -1.867149
v -5.641989 0.225574 -1.241356
v -5.602663 0.199164 -1.506098
v -5.567264 0.238069 -1.506098
v -5.533933 0.198931 -1.506098
v -5.505557 0.225124 -1.241356
v -5.575824 0.150082 -1.241356
v -5.569331 0.160027 -1.506098
v -5.551872 0.120145 -2.351405
v -3.441962 -0.013379 -1.390160
v -3.416599 -0.037912 -1.261674
v -3.439104 0.081475 -1.261674
v -3.532750 -0.017495 -1.261674
v -3.451625 0.053179 -1.390160
v -3.506730 -0.004817 -1.390160
v -3.479515 0.026569 -1.826701
v -1.643270 -0.109055 -1.367204
v -1.617908 -0.133587 -1.238718
v -1.640413 -0.014200 -1.238718
v -1.734060 -0.113170 -1.238718
v -1.652934 -0.042497 -1.367204
v -1.708039 -0.100492 -1.367204
v -1.680824 -0.069107 -1.803746
v -2.315191 0.030738 -1.313340
v -2.289829 0.006206 -1.184854
v -2.312334 0.125593 -1.184854
v -2.405980 0.026623 -1.184854
v -2.324855 0.097296 -1.313340
v -2.379960 0.039301 -1.313340
v -2.352745 0.070686 -1.749881
v -2.979531 -0.105119 -1.276852
v -2.954169 -0.129652 -1.148366
v -2.976674 -0.010264 -1.148366
v -3.070321 -0.109234 -1.148366
v -2.989195 -0.038561 -1.276852
v -3.044300 -0.096557 -1.276852
v -3.017085 -0.065171 -1.713394
v -3.721722 -0.165828 -1.320643
v -3.696358 -0.190361 -1.192157
v -3.718864 -0.070973 -1.192157
v -3.812510 -0.169943 -1.192157
v -3.731385 -0.099270 -1.320643
v -3.786490 -0.157266 -1.320643
v -3.759275 -0.125880 -1.757185
v -4.453475 0.180353 -1.346359
v -4.428112 0.155820 -1.217873
v -4.450616 0.275207 -1.217873
v -4.544264 0.176237 -1.217873
v -4.463138 0.246911 -1.346359
v -4.518243 0.188915 -1.346359
v -4.491028 0.220301 -1.782900
v -5.678619 -0.079898 -1.371920
v -5.653257 -0.104430 -1.243434
v -5.675762 0.014957 -1.243434
v -5.769408 -0.084013 -1.243434
v -5.688282 -0.013340 -1.371920
v -5.743387 -0.071335 -1.371920
v -5.716171 -0.039950 -1.808461
v -4.336109 -0.091984 -1.251415
v -4.321810 -0.161234 -1.436948
v -4.281693 -0.132285 -1.436948
v -4.253230 -0.170626 -1.436948
v -4.206944 -0.109792 -1.251415
v -4.282502 -0.164676 -1.251415
v -4.293347 -0.199574 -1.436948
v -4.335500 -0.361057 -2.044627
v -7.365835 -0.225174 -1.203873
v -7.222560 -0.178944 -1.583078
v -7.236166 -0.121157 -1.203874
v -7.308466 -0.245712 -1.583543
v -7.115692 -0.379963 -3.698363
v -7.145724 -0.252259 -1.583588
v -7.222560 -0.178944 -1.583078
v -7.120188 -0.235374 -1.203874
v -4.001722 -0.162165 -1.260901
v -3.973745 -0.233296 -1.446434
v -3.916301 -0.183687 -1.446434
v -3.875546 -0.249392 -1.446434
v -3.815583 -0.190438 -1.260901
v -3.924468 -0.277577 -1.260901
v -3.932989 -0.299001 -1.446434
v -3.972626 -0.436471 -2.054113
v -1.541286 0.120535 -1.293058
v -1.444781 0.076004 -1.551219
v -1.375322 0.136648 -1.551219
v -1.406179 -0.003966 -1.293058
v -1.298986 -0.057205 -2.292083
v -1.378531 0.014996 -1.551219
v -1.309075 0.075640 -1.551218
v -1.264533 0.119794 -1.293058
v -3.358591 0.191031 -1.202830
v -3.300638 0.164543 -1.308990
v -3.244400 0.217090 -1.308990
v -3.249006 0.075462 -1.202830
v -3.201429 0.085483 -2.172731
v -3.246997 0.111683 -1.308990
v -3.190761 0.164229 -1.308990
v -3.134119 0.190343 -1.202830
v -10.999655 -0.091984 -1.379366
v -10.985355 -0.161234 -1.564898
v -10.945239 -0.132286 -1.564898
v -10.916776 -0.170626 -1.564898
v -10.870490 -0.109792 -1.379365
v -10.946048 -0.164676 -1.379365
v -10.956892 -0.199574 -1.564898
v -10.999043 -0.361057 -2.172578
v -9.468725 -0.154672 -1.274533
v -9.443362 -0.179206 -1.146047
v -9.465867 -0.059818 -1.146047
v -9.559514 -0.158788 -1.146047
v -9.478389 -0.088115 -1.274533
v -9.533493 -0.146110 -1.274533
v -9.506279 -0.114724 -1.711074
v -6.542867 0.136630 -1.365677
v -6.517506 0.112097 -1.237191
v -6.540010 0.231485 -1.237191
v -6.633657 0.132514 -1.237191
v -6.552531 0.203188 -1.365677
v -6.607636 0.145192 -1.365677
v -6.580421 0.176578 -1.802219
v -7.045957 -0.170716 -1.353318
v -7.020595 -0.195249 -1.224832
v -7.043100 -0.075861 -1.224832
v -7.136747 -0.174831 -1.224832
v -7.055621 -0.104158 -1.353318
v -7.110726 -0.162153 -1.353318
v -7.083510 -0.130767 -1.789859
v -6.937557 0.007409 -1.250932
v -6.879603 -0.019078 -1.357092
v -6.823365 0.033468 -1.357092
v -6.827972 -0.108160 -1.250932
v -6.780394 -0.098139 -2.220834
v -6.825962 -0.071939 -1.357092
v -6.769726 -0.019393 -1.357092
v -6.713085 0.006721 -1.250932
v -10.816792 0.115196 -1.467913
v -10.791429 0.090663 -1.339427
v -10.813935 0.210050 -1.339427
v -10.907580 0.111081 -1.339427
v -10.826456 0.181754 -1.467913
v -10.881560 0.123758 -1.467913
v -10.854344 0.155144 -1.904454
v -10.185709 -0.062417 -1.354622
v -10.160347 -0.086949 -1.226135
v -10.182851 0.032438 -1.226136
v -10.276499 -0.066532 -1.226136
v -10.195372 0.004141 -1.354622
v -10.250478 -0.053855 -1.354622
v -10.223263 -0.022469 -1.791163
v -10.546323 0.225574 -1.227543
v -10.506996 0.199164 -1.492286
v -10.471598 0.238069 -1.492286
v -10.438265 0.198931 -1.492286
v -10.409890 0.225124 -1.227543
v -10.480157 0.150082 -1.227543
v -10.473663 0.160028 -1.492286
v -10.456205 0.120145 -2.337593
v -8.408700 0.059516 -1.489866
v -8.383338 0.034983 -1.361380
v -8.405842 0.154370 -1.361380
v -8.499490 0.055400 -1.361380
v -8.418363 0.126073 -1.489866
v -8.473467 0.068078 -1.489866
v -8.446251 0.099464 -1.926407
v -6.547605 -0.109055 -1.383318
v -6.522242 -0.133588 -1.254832
v -6.544747 -0.014200 -1.254832
v -6.638394 -0.113170 -1.254832
v -6.557268 -0.042497 -1.383318
v -6.612373 -0.100492 -1.383318
v -6.585158 -0.069107 -1.819859
v -7.219524 0.030738 -1.301301
v -7.194162 0.006206 -1.172815
v -7.216667 0.125593 -1.172815
v -7.310314 0.026623 -1.172815
v -7.229188 0.097296 -1.301301
v -7.284294 0.039301 -1.301301
v -7.257077 0.070686 -1.737842
v -7.883865 0.030738 -1.490315
v -7.858502 0.006206 -1.361829
v -7.881008 0.125593 -1.361829
v -7.974654 0.026623 -1.361829
v -7.893529 0.097296 -1.490315
v -7.948634 0.039301 -1.490315
v -7.921418 0.070686 -1.926856
v -8.626056 -0.165828 -1.491041
v -8.600694 -0.190361 -1.362555
v -8.623198 -0.070973 -1.362555
v -8.716845 -0.169943 -1.362555
v -8.635719 -0.099270 -1.491041
v -8.690825 -0.157266 -1.491041
v -8.663608 -0.125880 -1.927582
v -9.357809 0.180353 -1.291766
v -9.332446 0.155820 -1.163280
v -9.354951 0.275207 -1.163280
v -9.448597 0.176237 -1.163280
v -9.367472 0.246911 -1.291766
v -9.422577 0.188915 -1.291766
v -9.395360 0.220301 -1.728307
v -10.582953 -0.079898 -1.465241
v -10.557591 -0.104430 -1.336756
v -10.580096 0.014957 -1.336756
v -10.673741 -0.084013 -1.336756
v -10.592616 -0.013340 -1.465241
v -10.647720 -0.071335 -1.465242
v -10.620506 -0.039950 -1.901783
v -9.240442 -0.091984 -1.237511
v -9.226144 -0.161234 -1.423044
v -9.186026 -0.132285 -1.423044
v -9.157563 -0.170626 -1.423044
v -9.111278 -0.109792 -1.237511
v -9.186835 -0.164676 -1.237511
v -9.197681 -0.199574 -1.423044
v -9.239835 -0.361057 -2.030723
v -5.855000 0.037633 -1.278757
v -5.711729 0.083864 -1.657962
v -5.725332 0.141650 -1.278757
v -5.797634 0.017095 -1.658427
v -5.604861 -0.117156 -3.622281
v -5.634892 0.010548 -1.658472
v -5.711729 0.083864 -1.657962
v -5.609355 0.027433 -1.278757
v -8.906054 -0.162165 -1.339893
v -8.878078 -0.233296 -1.525426
v -8.820635 -0.183687 -1.525426
v -8.779880 -0.249392 -1.525426
v -8.719916 -0.190438 -1.339893
v -8.828802 -0.277578 -1.339893
v -8.837323 -0.299001 -1.525426
v -8.876960 -0.436471 -2.133106
v -6.473268 -0.361057 -2.513292
v -6.432776 -0.224101 -1.572508
v -6.381219 -0.174050 -1.572507
v -6.469357 -0.157810 -1.572508
v -6.422981 -0.206640 -1.178202
v -6.328758 -0.115649 -1.178202
v -6.417799 -0.107758 -1.572508
v -6.489831 -0.086126 -1.178202
v -6.445620 0.120535 -1.203290
v -6.349114 0.076004 -1.461450
v -6.279655 0.136649 -1.461450
v -6.310512 -0.003966 -1.203289
v -6.203318 -0.057205 -2.202314
v -6.282864 0.014996 -1.461450
v -6.213408 0.075640 -1.461450
v -6.168867 0.119794 -1.203289
v -8.305827 0.191031 -1.353812
v -8.247873 0.164543 -1.459972
v -8.191635 0.217090 -1.459972
v -8.196241 0.075462 -1.353812
v -8.148663 0.085483 -2.323714
v -8.194231 0.111683 -1.459972
v -8.137996 0.164229 -1.459972
v -8.081354 0.190343 -1.353813
v -1.127915 -0.091984 -1.299699
v -1.113616 -0.161234 -1.485232
v -1.073498 -0.132286 -1.485232
v -1.045035 -0.170626 -1.485232
v -0.998749 -0.109792 -1.299699
v -1.074307 -0.164676 -1.299699
v -1.085153 -0.199574 -1.485232
v -1.127306 -0.361057 -2.092911
v 0.403015 -0.154672 -1.352272
v 0.428377 -0.179206 -1.223786
v 0.405873 -0.059818 -1.223786
v 0.312225 -0.158788 -1.223786
v 0.393351 -0.088115 -1.352272
v 0.338246 -0.146110 -1.352272
v 0.365462 -0.114724 -1.788813
v 3.328872 0.136630 -1.347807
v 3.354234 0.112097 -1.219321
v 3.331729 0.231485 -1.219321
v 3.238082 0.132514 -1.219321
v 3.319208 0.203188 -1.347807
v 3.264103 0.145192 -1.347807
v 3.291319 0.176578 -1.784348
v 2.825783 -0.170716 -1.446905
v 2.851145 -0.195249 -1.318419
v 2.828640 -0.075861 -1.318420
v 2.734993 -0.174831 -1.318420
v 2.816118 -0.104158 -1.446906
v 2.761014 -0.162153 -1.446906
v 2.788229 -0.130768 -1.883447
v 2.934183 0.007409 -1.253282
v 2.992136 -0.019078 -1.359442
v 3.048374 0.033468 -1.359442
v 3.043768 -0.108160 -1.253282
v 3.091346 -0.098139 -2.223183
v 3.045777 -0.071939 -1.359442
v 3.102013 -0.019393 -1.359442
v 3.158655 0.006721 -1.253282
v -0.945052 0.066072 -1.404944
v -0.919689 0.041539 -1.276458
v -0.942194 0.160927 -1.276458
v -1.035841 0.061957 -1.276459
v -0.954715 0.132630 -1.404944
v -1.009820 0.074634 -1.404944
v -0.982605 0.106020 -1.841486
v -0.313969 -0.062417 -1.304755
v -0.288606 -0.086949 -1.176269
v -0.311111 0.032438 -1.176269
v -0.404758 -0.066532 -1.176269
v -0.323632 0.004141 -1.304755
v -0.378737 -0.053855 -1.304755
v -0.351523 -0.022469 -1.741296
v -0.674582 0.225574 -1.241353
v -0.635256 0.199164 -1.506095
v -0.599857 0.238069 -1.506095
v -0.566526 0.198931 -1.506095
v -0.538150 0.225124 -1.241353
v -0.608417 0.150082 -1.241353
v -0.601924 0.160027 -1.506095
v -0.584466 0.120145 -2.351403
v 1.463041 0.059516 -1.371190
v 1.488404 0.034983 -1.242704
v 1.465898 0.154370 -1.242704
v 1.372252 0.055400 -1.242704
v 1.453377 0.126073 -1.371190
v 1.398273 0.068078 -1.371190
v 1.425488 0.099464 -1.807731
v 3.324136 -0.109055 -1.334336
v 3.349498 -0.133587 -1.205850
v 3.326993 -0.014200 -1.205850
v 3.233346 -0.113170 -1.205850
v 3.314472 -0.042497 -1.334336
v 3.259367 -0.100492 -1.334336
v 3.286583 -0.069107 -1.770877
v 2.652215 0.030738 -1.477430
v 2.677577 0.006206 -1.348944
v 2.655073 0.125593 -1.348944
v 2.561426 0.026623 -1.348944
v 2.642551 0.097296 -1.477430
v 2.587446 0.039301 -1.477430
v 2.614662 0.070686 -1.913972
v 1.987875 0.030738 -1.410996
v 2.013237 0.006206 -1.282510
v 1.990732 0.125593 -1.282510
v 1.897085 0.026623 -1.282510
v 1.978210 0.097296 -1.410996
v 1.923106 0.039301 -1.410996
v 1.950321 0.070686 -1.847537
v 1.245685 -0.165828 -1.396567
v 1.271047 -0.190361 -1.268081
v 1.248543 -0.070973 -1.268081
v 1.154895 -0.169943 -1.268081
v 1.236021 -0.099270 -1.396567
v 1.180916 -0.157266 -1.396567
v 1.208131 -0.125880 -1.833108
v 0.513932 0.180353 -1.346356
v 0.539295 0.155820 -1.217870
v 0.516790 0.275207 -1.217870
v 0.423143 0.176237 -1.217870
v 0.504268 0.246911 -1.346356
v 0.449163 0.188915 -1.346357
v 0.476379 0.220301 -1.782898
v -0.711212 -0.079898 -1.371917
v -0.685850 -0.104430 -1.243431
v -0.708355 0.014957 -1.243431
v -0.802002 -0.084013 -1.243431
v -0.720876 -0.013340 -1.371917
v -0.775981 -0.071335 -1.371917
v -0.748766 -0.039949 -1.808459
v 0.631298 -0.091984 -1.251412
v 0.645597 -0.161234 -1.436945
v 0.685714 -0.132285 -1.436945
v 0.714177 -0.170626 -1.436945
v 0.760463 -0.109792 -1.251412
v 0.684905 -0.164676 -1.251412
v 0.674059 -0.199574 -1.436945
v 0.631907 -0.361057 -2.044624
v 2.979355 -0.163566 -1.225668
v 3.122629 -0.117335 -1.604873
v 3.109024 -0.059549 -1.225668
v 3.036723 -0.184103 -1.605337
v 3.229498 -0.318355 -4.180759
v 3.199465 -0.190651 -1.605383
v 3.122629 -0.117335 -1.604873
v 3.225001 -0.173766 -1.225668
v 0.965685 -0.162165 -1.260899
v 0.993661 -0.233296 -1.446432
v 1.051105 -0.183687 -1.446432
v 1.091861 -0.249392 -1.446432
v 1.151823 -0.190438 -1.260899
v 1.042938 -0.277578 -1.260899
v 1.034417 -0.299001 -1.446432
v 0.994780 -0.436471 -2.054111
v 3.426120 0.120535 -1.176832
v 3.522625 0.076004 -1.434992
v 3.592084 0.136649 -1.434992
v 3.561227 -0.003966 -1.176832
v 3.668422 -0.057205 -2.175856
v 3.588875 0.014996 -1.434992
v 3.658331 0.075640 -1.434992
v 3.702873 0.119794 -1.176832
v 1.565913 0.191031 -1.251007
v 1.623866 0.164543 -1.357167
v 1.680104 0.217090 -1.357166
v 1.675498 0.075462 -1.251006
v 1.723076 0.085483 -2.220908
v 1.677507 0.111683 -1.357166
v 1.733743 0.164229 -1.357166
v 1.790385 0.190343 -1.251006
vt 0.8428 -0.5166
vt 0.9365 -0.4717
vt 0.9365 -0.5146
vt 0.9365 -0.5518
vt 0.8438 -0.5488
vt 0.1904 -0.5293
vt 0.8438 -0.4785
vt 0.8428 -0.5166
vt 0.9365 -0.4717
vt 0.9365 -0.5146
vt 0.9365 -0.5518
vt 0.8438 -0.5488
vt 0.1904 -0.5293
vt 0.8438 -0.4785
vt 0.9355 -0.5137
vt 0.9365 -0.5518
vt 0.7500 -0.5459
vt 0.7490 -0.5176
vt 0.1904 -0.5293
vt 0.7500 -0.4863
vt 0.9365 -0.4717
vt 0.9365 -0.5146
vt 0.9365 -0.4717
vt 0.7500 -0.5186
vt 0.9365 -0.5518
vt 0.7500 -0.4863
vt 0.1904 -0.5293
vt 0.7500 -0.5459
vt 0.9365 -0.5146
vt 0.9365 -0.4717
vt 0.7500 -0.4863
vt 0.7500 -0.5186
vt 0.1904 -0.5293
vt 0.9365 -0.5518
vt 0.7500 -0.5186
vt 0.7500 -0.5459
vt 0.7500 -0.4863
vt 0.9365 -0.4717
vt 0.9355 -0.5137
vt 0.7490 -0.5176
vt 0.1904 -0.5293
vt 0.7490 -0.5176
vt 0.9365 -0.5518
vt 0.7500 -0.5459
vt 0.9365 -0.5146
vt 0.7500 -0.4863
vt 0.7500 -0.5186
vt 0.9365 -0.5518
vt 0.7500 -0.4863
vt 0.9365 -0.5146
vt 0.9365 -0.4717
vt 0.9355 -0.5137
vt 0.7490 -0.5176
vt 0.9365 -0.5518
vt 0.1904 -0.5293
vt 0.7500 -0.5186
vt 0.7500 -0.5459
vt 0.7500 -0.4863
vt 0.7500 -0.5186
vt 0.9365 -0.4717
vt 0.7490 -0.5176
vt 0.9355 -0.5137
vt 0.1904 -0.5293
vt 0.7500 -0.5459
vt 0.9365 -0.5518
vt 0.9365 -0.5146
vt 0.9365 -0.5146
vt 0.9365 -0.4717
vt 0.7500 -0.5186
vt 0.7500 -0.5459
vt 0.1904 -0.5293
vt 0.7500 -0.4863
vt 0.9355 -0.5137
vt 0.9365 -0.5518
vt 0.7500 -0.5459
vt 0.7490 -0.5176
vt 0.1904 -0.5293
vt 0.7500 -0.4863
vt 0.9365 -0.4717
vt 0.9365 -0.5146
vt 0.9365 -0.4717
vt 0.7500 -0.5186
vt 0.7500 -0.5459
vt 0.9365 -0.5518
vt 0.9365 -0.5146
vt 0.7500 -0.5459
vt 0.7490 -0.5176
vt 0.9355 -0.5137
vt 0.1904 -0.5293
vt 0.7500 -0.5186
vt 0.7500 -0.4863
vt 0.9365 -0.4717
vt 0.9365 -0.5146
vt 0.9365 -0.4717
vt 0.7500 -0.5186
vt 0.9365 -0.5518
vt 0.7500 -0.4863
vt 0.1904 -0.5293
vt 0.7500 -0.5459
vt 0.9355 -0.5137
vt 0.9365 -0.5518
vt 0.7500 -0.5459
vt 0.7490 -0.5176
vt 0.1904 -0.5293
vt 0.7500 -0.4863
vt 0.9365 -0.4717
vt 0.9365 -0.5146
vt 0.9365 -0.4717
vt 0.7500 -0.5186
vt 0.9365 -0.5518
vt 0.9365 -0.5146
vt 0.9365 -0.4717
vt 0.7500 -0.5186
vt 0.9365 -0.5518
vt 0.7500 -0.4863
vt 0.1904 -0.5293
vt 0.7500 -0.5459
vt 0.9365 -0.5146
vt 0.9365 -0.4717
vt 0.7500 -0.4863
vt 0.7500 -0.5186
vt 0.1904 -0.5293
vt 0.9365 -0.5518
vt 0.7500 -0.5186
vt 0.7500 -0.5459
vt 0.7500 -0.4863
vt 0.9365 -0.4717
vt 0.9355 -0.5137
vt 0.7490 -0.5176
vt 0.1904 -0.5293
vt 0.7490 -0.5176
vt 0.9365 -0.5518
vt 0.7500 -0.5459
vt 0.9365 -0.5146
vt 0.7500 -0.4863
vt 0.7500 -0.5186
vt 0.9365 -0.5518
vt 0.7500 -0.4863
vt 0.9365 -0.5146
vt 0.9365 -0.4717
vt 0.9355 -0.5137
vt 0.7490 -0.5176
vt 0.9365 -0.5518
vt 0.1904 -0.5293
vt 0.7500 -0.5186
vt 0.7500 -0.5459
vt 0.7500 -0.4863
vt 0.7500 -0.5186
vt 0.9365 -0.4717
vt 0.7490 -0.5176
vt 0.9355 -0.5137
vt 0.1904 -0.5293
vt 0.7500 -0.5459
vt 0.9365 -0.5518
vt 0.9365 -0.5146
vt 0.9365 -0.5146
vt 0.9365 -0.4717
vt 0.7500 -0.5186
vt 0.7500 -0.5459
vt 0.1904 -0.5293
vt 0.7500 -0.4863
vt 0.9355 -0.5137
vt 0.9365 -0.5518
vt 0.7500 -0.5459
vt 0.7490 -0.5176
vt 0.1904 -0.5293
vt 0.7500 -0.4863
vt 0.9365 -0.4717
vt 0.9365 -0.5146
vt 0.9365 -0.4717
vt 0.7500 -0.5186
vt 0.7500 -0.5459
vt 0.9365 -0.5518
vt 0.9365 -0.5146
vt 0.7500 -0.5459
vt 0.7490 -0.5176
vt 0.9355 -0.5137
vt 0.1904 -0.5293
vt 0.7500 -0.5186
vt 0.7500 -0.4863
vt 0.9365 -0.4717
vt 0.8438 -0.4785
vt 0.9365 -0.4717
vt 0.9355 -0.5137
vt 0.8428 -0.5156
vt 0.1904 -0.5293
vt 0.8428 -0.5156
vt 0.9365 -0.5518
vt 0.8438 -0.5488
vt 0.9365 -0.5146
vt 0.9365 -0.4717
vt 0.7500 -0.5186
vt 0.9365 -0.5518
vt 0.7500 -0.4863
vt 0.1904 -0.5293
vt 0.7500 -0.5459
vt 0.9365 -0.5146
vt 0.7500 -0.4863
vt 0.7500 -0.5186
vt 0.9365 -0.5518
vt 0.7500 -0.4863
vt 0.9365 -0.5146
vt 0.9365 -0.4717
vt 0.9355 -0.5137
vt 0.7490 -0.5176
vt 0.9365 -0.5518
vt 0.1904 -0.5293
vt 0.7500 -0.5186
vt 0.7500 -0.5459
vt 0.7500 -0.5186
vt 0.7500 -0.4863
vt 0.1904 -0.5293
vt 0.7500 -0.5459
vt 0.9365 -0.5146
vt 0.9365 -0.4717
vt 0.9365 -0.5518
vt 0.9365 -0.4717
vt 0.7500 -0.4863
vt 0.7500 -0.5186
vt 0.9365 -0.5146
vt 0.9365 -0.5518
vt 0.7500 -0.5459
vt 0.9355 -0.5137
vt 0.9365 -0.5518
vt 0.7500 -0.5459
vt 0.7490 -0.5176
vt 0.7500 -0.4863
vt 0.9365 -0.4717
vt 0.1904 -0.5293
vt 0.7500 -0.5186
vt 0.9365 -0.5146
vt 0.7500 -0.4863
vt 0.7500 -0.5186
vt 0.9365 -0.5518
vt 0.7500 -0.4863
vt 0.9365 -0.5146
vt 0.9365 -0.4717
vt 0.7490 -0.5176
vt 0.9355 -0.5137
vt 0.9365 -0.5518
vt 0.7500 -0.5459
vt 0.7500 -0.5186
vt 0.1904 -0.5293
vt 0.9355 -0.5137
vt 0.9365 -0.5518
vt 0.7500 -0.5459
vt 0.7490 -0.5176
vt 0.1904 -0.5293
vt 0.7500 -0.4863
vt 0.9365 -0.4717
vt 0.9365 -0.5146
vt 0.9365 -0.4717
vt 0.7500 -0.5186
vt 0.9365 -0.5518
vt 0.7500 -0.5186
vt 0.9365 -0.4717
vt 0.9365 -0.5146
vt 0.9365 -0.5518
vt 0.1904 -0.5293
vt 0.7500 -0.4863
vt 0.7500 -0.5459
vt 0.7500 -0.5186
vt 0.9365 -0.4717
vt 0.9365 -0.5146
vt 0.9365 -0.5518
vt 0.1904 -0.5293
vt 0.7500 -0.4863
vt 0.7500 -0.5459
vt 0.7500 -0.4863
vt 0.9365 -0.4717
vt 0.9365 -0.5146
vt 0.7500 -0.5186
vt 0.1904 -0.5293
vt 0.7500 -0.5186
vt 0.9365 -0.5518
vt 0.7500 -0.5459
vt 0.9355 -0.5137
vt 0.9365 -0.4717
vt 0.7500 -0.4863
vt 0.7490 -0.5176
vt 0.1904 -0.5293
vt 0.9365 -0.5518
vt 0.7490 -0.5176
vt 0.7500 -0.5459
vt 0.9365 -0.4717
vt 0.9365 -0.5146
vt 0.7500 -0.4863
vt 0.9355 -0.5137
vt 0.7490 -0.5176
vt 0.9365 -0.5518
vt 0.1904 -0.5293
vt 0.7500 -0.5186
vt 0.7500 -0.5459
vt 0.7500 -0.5186
vt 0.7500 -0.4863
vt 0.9365 -0.5146
vt 0.9365 -0.5518
vt 0.7500 -0.5186
vt 0.9365 -0.4717
vt 0.9365 -0.5146
vt 0.7500 -0.5459
vt 0.1904 -0.5293
vt 0.7500 -0.4863
vt 0.9365 -0.4717
vt 0.7500 -0.5186
vt 0.7500 -0.4863
vt 0.7490 -0.5176
vt 0.1904 -0.5293
vt 0.9355 -0.5137
vt 0.7500 -0.5459
vt 0.9365 -0.5518
vt 0.9365 -0.5146
vt 0.7500 -0.5186
vt 0.9365 -0.4717
vt 0.9365 -0.5146
vt 0.9365 -0.5518
vt 0.1904 -0.5293
vt 0.7500 -0.4863
vt 0.7500 -0.5459
vt 0.7500 -0.5186
vt 0.9365 -0.4717
vt 0.9365 -0.5146
vt 0.7500 -0.5459
vt 0.7500 -0.5459
vt 0.9365 -0.5146
vt 0.9365 -0.5518
vt 0.7490 -0.5176
vt 0.9355 -0.5137
vt 0.1904 -0.5293
vt 0.7500 -0.5186
vt 0.7500 -0.4863
vt 0.9365 -0.4717
vt 0.7500 -0.5186
vt 0.9365 -0.4717
vt 0.9365 -0.5146
vt 0.9365 -0.5518
vt 0.1904 -0.5293
vt 0.7500 -0.4863
vt 0.7500 -0.5459
vt 0.7500 -0.5186
vt 0.9365 -0.4717
vt 0.9365 -0.5146
vt 0.9365 -0.5518
vt 0.1904 -0.5293
vt 0.7500 -0.4863
vt 0.7500 -0.5459
vt 0.7500 -0.5186
vt 0.9365 -0.4717
vt 0.9365 -0.5146
vt 0.9365 -0.5518
vt 0.7500 -0.5186
vt 0.9365 -0.4717
vt 0.9365 -0.5146
vt 0.9365 -0.5518
vt 0.1904 -0.5293
vt 0.7500 -0.4863
vt 0.7500 -0.5459
vt 0.7500 -0.4863
vt 0.9365 -0.4717
vt 0.9365 -0.5146
vt 0.7500 -0.5186
vt 0.1904 -0.5293
vt 0.7500 -0.5186
vt 0.9365 -0.5518
vt 0.7500 -0.5459
vt 0.9355 -0.5137
vt 0.9365 -0.4717
vt 0.7500 -0.4863
vt 0.7490 -0.5176
vt 0.1904 -0.5293
vt 0.9365 -0.5518
vt 0.7490 -0.5176
vt 0.7500 -0.5459
vt 0.9365 -0.4717
vt 0.9365 -0.5146
vt 0.7500 -0.4863
vt 0.9355 -0.5137
vt 0.7490 -0.5176
vt 0.9365 -0.5518
vt 0.1904 -0.5293
vt 0.7500 -0.5186
vt 0.7500 -0.5459
vt 0.7500 -0.5186
vt 0.7500 -0.4863
vt 0.9365 -0.5146
vt 0.9365 -0.5518
vt 0.7500 -0.5186
vt 0.9365 -0.4717
vt 0.9365 -0.5146
vt 0.7500 -0.5459
vt 0.1904 -0.5293
vt 0.7500 -0.4863
vt 0.9365 -0.4717
vt 0.7500 -0.5186
vt 0.7500 -0.4863
vt 0.7490 -0.5176
vt 0.1904 -0.5293
vt 0.9355 -0.5137
vt 0.7500 -0.5459
vt 0.9365 -0.5518
vt 0.9365 -0.5146
vt 0.7500 -0.5186
vt 0.9365 -0.4717
vt 0.9365 -0.5146
vt 0.9365 -0.5518
vt 0.1904 -0.5293
vt 0.7500 -0.4863
vt 0.7500 -0.5459
vt 0.7500 -0.5186
vt 0.9365 -0.4717
vt 0.9365 -0.5146
vt 0.7500 -0.5459
vt 0.7500 -0.5459
vt 0.9365 -0.5146
vt 0.9365 -0.5518
vt 0.7490 -0.5176
vt 0.9355 -0.5137
vt 0.1904 -0.5293
vt 0.7500 -0.5186
vt 0.7500 -0.4863
vt 0.9365 -0.4717
vt 0.9355 -0.5137
vt 0.9365 -0.4717
vt 0.8438 -0.4785
vt 0.8428 -0.5156
vt 0.1904 -0.5293
vt 0.9365 -0.5518
vt 0.8428 -0.5156
vt 0.8438 -0.5488
vt 0.7500 -0.5186
vt 0.9365 -0.4717
vt 0.9365 -0.5146
vt 0.9365 -0.5518
vt 0.1904 -0.5293
vt 0.7500 -0.4863
vt 0.7500 -0.5459
vt 0.9365 -0.4717
vt 0.9365 -0.5146
vt 0.7500 -0.4863
vt 0.9355 -0.5137
vt 0.7490 -0.5176
vt 0.9365 -0.5518
vt 0.1904 -0.5293
vt 0.7500 -0.5186
vt 0.7500 -0.5459
vt 0.7500 -0.5186
vt 0.7500 -0.4863
vt 0.9365 -0.5146
vt 0.9365 -0.5518
vt 0.7500 -0.5186
vt 0.7500 -0.5459
vt 0.1904 -0.5293
vt 0.7500 -0.4863
vt 0.9365 -0.4717
vt 0.9365 -0.5146
vt 0.9365 -0.5518
vt 0.7500 -0.5186
vt 0.9365 -0.4717
vt 0.9365 -0.5146
vt 0.9365 -0.5518
vt 0.9365 -0.4717
vt 0.9365 -0.5146
vt 0.7500 -0.4863
vt 0.7490 -0.5176
vt 0.9355 -0.5137
vt 0.9365 -0.5518
vt 0.7500 -0.5459
vt 0.7500 -0.5186
vt 0.1904 -0.5293
vt 0.7500 -0.5186
vt 0.7500 -0.4863
vt 0.9365 -0.5146
vt 0.9365 -0.5518
vt 0.7500 -0.5459
vt 0.7500 -0.5186
vt 0.9365 -0.5518
vt 0.9355 -0.5137
vt 0.7490 -0.5176
vt 0.1904 -0.5293
vt 0.7500 -0.4863
vt 0.9365 -0.4717
vt 0.7500 -0.5186
vt 0.9365 -0.4717
vt 0.9365 -0.5146
vt 0.9365 -0.5518
vt 0.9365 -0.5146
vt 0.7500 -0.4863
vt 0.7500 -0.5186
vt 0.9365 -0.5518
vt 0.7500 -0.4863
vt 0.9365 -0.5146
vt 0.9365 -0.4717
vt 0.7490 -0.5176
vt 0.9355 -0.5137
vt 0.9365 -0.5518
vt 0.7500 -0.5459
vt 0.7500 -0.5186
vt 0.1904 -0.5293
vt 0.9365 -0.5146
vt 0.9365 -0.4717
vt 0.8428 -0.5166
vt 0.9365 -0.5518
vt 0.1904 -0.5293
vt 0.8438 -0.5488
vt 0.8438 -0.4785
vt 0.9355 -0.5137
vt 0.9365 -0.5518
vt 0.7500 -0.5459
vt 0.7490 -0.5176
vt 0.1904 -0.5293
vt 0.7500 -0.4863
vt 0.9365 -0.4717
vt 0.9365 -0.5146
vt 0.9365 -0.4717
vt 0.7500 -0.5186
vt 0.9365 -0.5518
vt 0.9365 -0.5146
vt 0.9365 -0.4717
vt 0.7500 -0.5186
vt 0.9365 -0.5518
vt 0.7500 -0.4863
vt 0.1904 -0.5293
vt 0.7500 -0.5459
vt 0.9365 -0.5146
vt 0.9365 -0.4717
vt 0.7500 -0.4863
vt 0.7500 -0.5186
vt 0.1904 -0.5293
vt 0.9365 -0.5518
vt 0.7500 -0.5186
vt 0.7500 -0.5459
vt 0.7500 -0.4863
vt 0.9365 -0.4717
vt 0.9355 -0.5137
vt 0.7490 -0.5176
vt 0.1904 -0.5293
vt 0.7490 -0.5176
vt 0.9365 -0.5518
vt 0.7500 -0.5459
vt 0.9365 -0.5146
vt 0.7500 -0.4863
vt 0.7500 -0.5186
vt 0.9365 -0.5518
vt 0.7500 -0.4863
vt 0.9365 -0.5146
vt 0.9365 -0.4717
vt 0.9355 -0.5137
vt 0.7490 -0.5176
vt 0.9365 -0.5518
vt 0.1904 -0.5293
vt 0.7500 -0.5186
vt 0.7500 -0.5459
vt 0.7500 -0.4863
vt 0.7500 -0.5186
vt 0.9365 -0.4717
vt 0.7490 -0.5176
vt 0.9355 -0.5137
vt 0.1904 -0.5293
vt 0.7500 -0.5459
vt 0.9365 -0.5518
vt 0.9365 -0.5146
vt 0.9365 -0.5146
vt 0.9365 -0.4717
vt 0.7500 -0.5186
vt 0.7500 -0.5459
vt 0.1904 -0.5293
vt 0.7500 -0.4863
vt 0.9355 -0.5137
vt 0.9365 -0.5518
vt 0.7500 -0.5459
vt 0.7490 -0.5176
vt 0.1904 -0.5293
vt 0.7500 -0.4863
vt 0.9365 -0.4717
vt 0.9365 -0.5146
vt 0.9365 -0.4717
vt 0.7500 -0.5186
vt 0.7500 -0.5459
vt 0.9365 -0.5518
vt 0.9365 -0.5146
vt 0.7500 -0.5459
vt 0.7490 -0.5176
vt 0.9355 -0.5137
vt 0.1904 -0.5293
vt 0.7500 -0.5186
vt 0.7500 -0.4863
vt 0.9365 -0.4717
vt 0.8438 -0.4785
vt 0.9365 -0.4717
vt 0.9355 -0.5137
vt 0.8428 -0.5156
vt 0.1904 -0.5293
vt 0.8428 -0.5156
vt 0.9365 -0.5518
vt 0.8438 -0.5488
vt 0.9365 -0.5146
vt 0.9365 -0.4717
vt 0.7500 -0.5186
vt 0.9365 -0.5518
vt 0.7500 -0.4863
vt 0.1904 -0.5293
vt 0.7500 -0.5459
vt 0.9365 -0.5146
vt 0.7500 -0.4863
vt 0.7500 -0.5186
vt 0.9365 -0.5518
vt 0.7500 -0.4863
vt 0.9365 -0.5146
vt 0.9365 -0.4717
vt 0.9355 -0.5137
vt 0.7490 -0.5176
vt 0.9365 -0.5518
vt 0.1904 -0.5293
vt 0.7500 -0.5186
vt 0.7500 -0.5459
vt 0.9365 -0.4717
vt 0.7500 -0.4863
vt 0.7500 -0.5186
vt 0.9365 -0.5146
vt 0.9365 -0.5518
vt 0.7500 -0.5459
vt 0.9355 -0.5137
vt 0.9365 -0.5518
vt 0.7500 -0.5459
vt 0.7490 -0.5176
vt 0.7500 -0.4863
vt 0.9365 -0.4717
vt 0.1904 -0.5293
vt 0.7500 -0.5186
vt 0.9365 -0.5146
vt 0.7500 -0.4863
vt 0.7500 -0.5186
vt 0.9365 -0.5518
vt 0.7500 -0.4863
vt 0.9365 -0.5146
vt 0.9365 -0.4717
vt 0.7490 -0.5176
vt 0.9355 -0.5137
vt 0.9365 -0.5518
vt 0.7500 -0.5459
vt 0.7500 -0.5186
vt 0.1904 -0.5293
vt 0.9355 -0.5137
vt 0.9365 -0.5518
vt 0.7500 -0.5459
vt 0.7490 -0.5176
vt 0.1904 -0.5293
vt 0.7500 -0.4863
vt 0.9365 -0.4717
vt 0.9365 -0.5146
vt 0.9365 -0.4717
vt 0.7500 -0.5186
vt 0.9365 -0.5518
vt 0.9355 -0.5137
vt 0.9365 -0.5518
vt 0.7500 -0.5459
vt 0.7490 -0.5176
vt 0.1904 -0.5293
vt 0.7500 -0.4863
vt 0.9365 -0.4717
vt 0.9365 -0.5146
vt 0.9365 -0.4717
vt 0.7500 -0.5186
vt 0.9365 -0.5518
vt 0.9365 -0.5146
vt 0.9365 -0.4717
vt 0.7500 -0.5186
vt 0.9365 -0.5518
vt 0.7500 -0.4863
vt 0.1904 -0.5293
vt 0.7500 -0.5459
vt 0.9365 -0.5146
vt 0.9365 -0.4717
vt 0.7500 -0.4863
vt 0.7500 -0.5186
vt 0.1904 -0.5293
vt 0.9365 -0.5518
vt 0.7500 -0.5186
vt 0.7500 -0.5459
vt 0.7500 -0.4863
vt 0.9365 -0.4717
vt 0.9355 -0.5137
vt 0.7490 -0.5176
vt 0.1904 -0.5293
vt 0.7490 -0.5176
vt 0.9365 -0.5518
vt 0.7500 -0.5459
vt 0.9365 -0.5146
vt 0.7500 -0.4863
vt 0.7500 -0.5186
vt 0.9365 -0.5518
vt 0.7500 -0.4863
vt 0.9365 -0.5146
vt 0.9365 -0.4717
vt 0.9355 -0.5137
vt 0.7490 -0.5176
vt 0.9365 -0.5518
vt 0.1904 -0.5293
vt 0.7500 -0.5186
vt 0.7500 -0.5459
vt 0.7500 -0.4863
vt 0.7500 -0.5186
vt 0.9365 -0.4717
vt 0.7490 -0.5176
vt 0.9355 -0.5137
vt 0.1904 -0.5293
vt 0.7500 -0.5459
vt 0.9365 -0.5518
vt 0.9365 -0.5146
vt 0.9365 -0.5146
vt 0.9365 -0.4717
vt 0.7500 -0.5186
vt 0.7500 -0.5459
vt 0.1904 -0.5293
vt 0.7500 -0.4863
vt 0.9355 -0.5137
vt 0.9365 -0.5518
vt 0.7500 -0.5459
vt 0.7490 -0.5176
vt 0.1904 -0.5293
vt 0.7500 -0.4863
vt 0.9365 -0.4717
vt 0.9365 -0.5146
vt 0.9365 -0.4717
vt 0.7500 -0.5186
vt 0.7500 -0.5459
vt 0.9365 -0.5518
vt 0.9365 -0.5146
vt 0.7500 -0.5459
vt 0.7490 -0.5176
vt 0.9355 -0.5137
vt 0.1904 -0.5293
vt 0.7500 -0.5186
vt 0.7500 -0.4863
vt 0.9365 -0.4717
vt 0.8438 -0.4785
vt 0.9365 -0.4717
vt 0.9355 -0.5137
vt 0.8428 -0.5156
vt 0.1904 -0.5293
vt 0.8428 -0.5156
vt 0.9365 -0.5518
vt 0.8438 -0.5488
vt 0.9365 -0.5146
vt 0.9365 -0.4717
vt 0.7500 -0.5186
vt 0.9365 -0.5518
vt 0.7500 -0.4863
vt 0.1904 -0.5293
vt 0.7500 -0.5459
vt 0.9365 -0.5146
vt 0.7500 -0.4863
vt 0.7500 -0.5186
vt 0.9365 -0.5518
vt 0.7500 -0.4863
vt 0.9365 -0.5146
vt 0.9365 -0.4717
vt 0.9355 -0.5137
vt 0.7490 -0.5176
vt 0.9365 -0.5518
vt 0.1904 -0.5293
vt 0.7500 -0.5186
vt 0.7500 -0.5459
vt 0.7500 -0.5186
vt 0.7500 -0.4863
vt 0.1904 -0.5293
vt 0.7500 -0.5459
vt 0.9365 -0.5146
vt 0.9365 -0.4717
vt 0.9365 -0.5518
vt 0.9365 -0.4717
vt 0.7500 -0.4863
vt 0.7500 -0.5186
vt 0.9365 -0.5146
vt 0.9365 -0.5518
vt 0.7500 -0.5459
vt 0.9355 -0.5137
vt 0.9365 -0.5518
vt 0.7500 -0.5459
vt 0.7490 -0.5176
vt 0.7500 -0.4863
vt 0.9365 -0.4717
vt 0.1904 -0.5293
vt 0.7500 -0.5186
vt 0.9365 -0.5146
vt 0.7500 -0.4863
vt 0.7500 -0.5186
vt 0.9365 -0.5518
vt 0.7500 -0.4863
vt 0.9365 -0.5146
vt 0.9365 -0.4717
vt 0.7490 -0.5176
vt 0.9355 -0.5137
vt 0.9365 -0.5518
vt 0.7500 -0.5459
vt 0.7500 -0.5186
vt 0.1904 -0.5293
vt 0.9355 -0.5137
vt 0.9365 -0.5518
vt 0.7500 -0.5459
vt 0.7490 -0.5176
vt 0.1904 -0.5293
vt 0.7500 -0.4863
vt 0.9365 -0.4717
vt 0.9365 -0.5146
vt 0.9365 -0.4717
vt 0.7500 -0.5186
vt 0.9365 -0.5518
vt 0.9355 -0.5137
vt 0.9365 -0.5518
vt 0.7500 -0.5459
vt 0.7490 -0.5176
vt 0.1904 -0.5293
vt 0.7500 -0.4863
vt 0.9365 -0.4717
vt 0.9365 -0.5146
vt 0.9365 -0.4717
vt 0.7500 -0.5186
vt 0.9365 -0.5518
vt 0.9365 -0.5146
vt 0.9365 -0.4717
vt 0.7500 -0.5186
vt 0.9365 -0.5518
vt 0.7500 -0.4863
vt 0.1904 -0.5293
vt 0.7500 -0.5459
vt 0.9365 -0.5146
vt 0.9365 -0.4717
vt 0.7500 -0.4863
vt 0.7500 -0.5186
vt 0.1904 -0.5293
vt 0.9365 -0.5518
vt 0.7500 -0.5186
vt 0.7500 -0.5459
vt 0.7500 -0.4863
vt 0.9365 -0.4717
vt 0.9355 -0.5137
vt 0.7490 -0.5176
vt 0.1904 -0.5293
vt 0.7490 -0.5176
vt 0.9365 -0.5518
vt 0.7500 -0.5459
vt 0.9365 -0.5146
vt 0.7500 -0.4863
vt 0.7500 -0.5186
vt 0.9365 -0.5518
vt 0.7500 -0.4863
vt 0.9365 -0.5146
vt 0.9365 -0.4717
vt 0.9355 -0.5137
vt 0.7490 -0.5176
vt 0.9365 -0.5518
vt 0.1904 -0.5293
vt 0.7500 -0.5186
vt 0.7500 -0.5459
vt 0.7500 -0.4863
vt 0.7500 -0.5186
vt 0.9365 -0.4717
vt 0.7490 -0.5176
vt 0.9355 -0.5137
vt 0.1904 -0.5293
vt 0.7500 -0.5459
vt 0.9365 -0.5518
vt 0.9365 -0.5146
vt 0.9365 -0.5146
vt 0.9365 -0.4717
vt 0.7500 -0.5186
vt 0.7500 -0.5459
vt 0.1904 -0.5293
vt 0.7500 -0.4863
vt 0.9355 -0.5137
vt 0.9365 -0.5518
vt 0.7500 -0.5459
vt 0.7490 -0.5176
vt 0.1904 -0.5293
vt 0.7500 -0.4863
vt 0.9365 -0.4717
vt 0.9365 -0.5146
vt 0.9365 -0.4717
vt 0.7500 -0.5186
vt 0.7500 -0.5459
vt 0.9365 -0.5518
vt 0.9365 -0.5146
vt 0.7500 -0.5459
vt 0.7490 -0.5176
vt 0.9355 -0.5137
vt 0.1904 -0.5293
vt 0.7500 -0.5186
vt 0.7500 -0.4863
vt 0.9365 -0.4717
vt 0.8438 -0.4785
vt 0.9365 -0.4717
vt 0.9355 -0.5137
vt 0.8428 -0.5156
vt 0.1904 -0.5293
vt 0.8428 -0.5156
vt 0.9365 -0.5518
vt 0.8438 -0.5488
vt 0.9365 -0.5146
vt 0.9365 -0.4717
vt 0.7500 -0.5186
vt 0.9365 -0.5518
vt 0.7500 -0.4863
vt 0.1904 -0.5293
vt 0.7500 -0.5459
vt 0.9365 -0.5146
vt 0.7500 -0.4863
vt 0.7500 -0.5186
vt 0.9365 -0.5518
vt 0.7500 -0.4863
vt 0.9365 -0.5146
vt 0.9365 -0.4717
vt 0.9355 -0.5137
vt 0.7490 -0.5176
vt 0.9365 -0.5518
vt 0.1904 -0.5293
vt 0.7500 -0.5186
vt 0.7500 -0.5459
vt 0.7500 -0.5186
vt 0.7500 -0.4863
vt 0.1904 -0.5293
vt 0.7500 -0.5459
vt 0.9365 -0.5146
vt 0.9365 -0.4717
vt 0.9365 -0.5518
vt 0.9365 -0.4717
vt 0.7500 -0.4863
vt 0.7500 -0.5186
vt 0.9365 -0.5146
vt 0.9365 -0.5518
vt 0.7500 -0.5459
vt 0.9355 -0.5137
vt 0.9365 -0.5518
vt 0.7500 -0.5459
vt 0.7490 -0.5176
vt 0.7500 -0.4863
vt 0.9365 -0.4717
vt 0.1904 -0.5293
vt 0.7500 -0.5186
vt 0.9365 -0.5146
vt 0.7500 -0.4863
vt 0.7500 -0.5186
vt 0.9365 -0.5518
vt 0.7500 -0.4863
vt 0.9365 -0.5146
vt 0.9365 -0.4717
vt 0.7490 -0.5176
vt 0.9355 -0.5137
vt 0.9365 -0.5518
vt 0.7500 -0.5459
vt 0.7500 -0.5186
vt 0.1904 -0.5293
vt 0.9355 -0.5137
vt 0.9365 -0.5518
vt 0.7500 -0.5459
vt 0.7490 -0.5176
vt 0.1904 -0.5293
vt 0.7500 -0.4863
vt 0.9365 -0.4717
vt 0.9365 -0.5146
vt 0.9365 -0.4717
vt 0.7500 -0.5186
vt 0.9365 -0.5518
vt 0.9365 -0.4717
vt 0.9365 -0.5146
vt 0.7500 -0.4863
vt 0.7490 -0.5176
vt 0.9355 -0.5137
vt 0.9365 -0.5518
vt 0.7500 -0.5459
vt 0.7500 -0.5186
vt 0.1904 -0.5293
vt 0.7500 -0.5186
vt 0.7500 -0.4863
vt 0.9365 -0.5146
vt 0.9365 -0.5518
vt 0.8428 -0.5166
vt 0.9365 -0.4717
vt 0.9365 -0.5146
vt 0.9365 -0.5518
vt 0.8438 -0.5488
vt 0.1904 -0.5293
vt 0.8438 -0.4785
vt 0.7500 -0.5186
vt 0.9365 -0.4717
vt 0.9365 -0.5146
vt 0.9365 -0.5518
vt 0.1904 -0.5293
vt 0.7500 -0.4863
vt 0.7500 -0.5459
vt 0.7500 -0.5186
vt 0.9365 -0.4717
vt 0.9365 -0.5146
vt 0.9365 -0.5518
vt 0.7500 -0.5186
vt 0.9365 -0.4717
vt 0.9365 -0.5146
vt 0.9365 -0.5518
vt 0.1904 -0.5293
vt 0.7500 -0.4863
vt 0.7500 -0.5459
vt 0.7500 -0.4863
vt 0.9365 -0.4717
vt 0.9365 -0.5146
vt 0.7500 -0.5186
vt 0.1904 -0.5293
vt 0.7500 -0.5186
vt 0.9365 -0.5518
vt 0.7500 -0.5459
vt 0.9355 -0.5137
vt 0.9365 -0.4717
vt 0.7500 -0.4863
vt 0.7490 -0.5176
vt 0.1904 -0.5293
vt 0.9365 -0.5518
vt 0.7490 -0.5176
vt 0.7500 -0.5459
vt 0.9365 -0.4717
vt 0.9365 -0.5146
vt 0.7500 -0.4863
vt 0.9355 -0.5137
vt 0.7490 -0.5176
vt 0.9365 -0.5518
vt 0.1904 -0.5293
vt 0.7500 -0.5186
vt 0.7500 -0.5459
vt 0.7500 -0.5186
vt 0.7500 -0.4863
vt 0.9365 -0.5146
vt 0.9365 -0.5518
vt 0.7500 -0.5186
vt 0.9365 -0.4717
vt 0.9365 -0.5146
vt 0.7500 -0.5459
vt 0.1904 -0.5293
vt 0.7500 -0.4863
vt 0.9365 -0.4717
vt 0.7500 -0.5186
vt 0.7500 -0.4863
vt 0.7490 -0.5176
vt 0.1904 -0.5293
vt 0.9355 -0.5137
vt 0.7500 -0.5459
vt 0.9365 -0.5518
vt 0.9365 -0.5146
vt 0.7500 -0.5186
vt 0.9365 -0.4717
vt 0.9365 -0.5146
vt 0.9365 -0.5518
vt 0.1904 -0.5293
vt 0.7500 -0.4863
vt 0.7500 -0.5459
vt 0.7500 -0.5186
vt 0.9365 -0.4717
vt 0.9365 -0.5146
vt 0.7500 -0.5459
vt 0.7500 -0.5459
vt 0.9365 -0.5146
vt 0.9365 -0.5518
vt 0.7490 -0.5176
vt 0.9355 -0.5137
vt 0.1904 -0.5293
vt 0.7500 -0.5186
vt 0.7500 -0.4863
vt 0.9365 -0.4717
vt 0.9355 -0.5137
vt 0.9365 -0.4717
vt 0.8438 -0.4785
vt 0.8428 -0.5156
vt 0.1904 -0.5293
vt 0.9365 -0.5518
vt 0.8428 -0.5156
vt 0.8438 -0.5488
vt 0.7500 -0.5186
vt 0.9365 -0.4717
vt 0.9365 -0.5146
vt 0.9365 -0.5518
vt 0.1904 -0.5293
vt 0.7500 -0.4863
vt 0.7500 -0.5459
vt 0.9365 -0.4717
vt 0.9365 -0.5146
vt 0.7500 -0.4863
vt 0.9355 -0.5137
vt 0.7490 -0.5176
vt 0.9365 -0.5518
vt 0.1904 -0.5293
vt 0.7500 -0.5186
vt 0.7500 -0.5459
vt 0.7500 -0.5186
vt 0.7500 -0.4863
vt 0.9365 -0.5146
vt 0.9365 -0.5518
vt 0.7500 -0.5186
vt 0.7500 -0.5459
vt 0.1904 -0.5293
vt 0.7500 -0.4863
vt 0.9365 -0.4717
vt 0.9365 -0.5146
vt 0.9365 -0.5518
vt 0.7500 -0.5186
vt 0.9365 -0.4717
vt 0.9365 -0.5146
vt 0.9365 -0.5518
vt 0.9365 -0.4717
vt 0.9365 -0.5146
vt 0.7500 -0.4863
vt 0.7490 -0.5176
vt 0.9355 -0.5137
vt 0.9365 -0.5518
vt 0.7500 -0.5459
vt 0.7500 -0.5186
vt 0.1904 -0.5293
vt 0.7500 -0.5186
vt 0.7500 -0.4863
vt 0.9365 -0.5146
vt 0.9365 -0.5518
vt 0.7500 -0.5459
vt 0.7500 -0.5186
vt 0.9365 -0.5518
vt 0.9355 -0.5137
vt 0.7490 -0.5176
vt 0.1904 -0.5293
vt 0.7500 -0.4863
vt 0.9365 -0.4717
vt 0.7500 -0.5186
vt 0.9365 -0.4717
vt 0.9365 -0.5146
vt 0.9365 -0.5518
vt 0.7500 -0.5186
vt 0.9365 -0.4717
vt 0.9365 -0.5146
vt 0.9365 -0.5518
vt 0.1904 -0.5293
vt 0.7500 -0.4863
vt 0.7500 -0.5459
vt 0.7500 -0.5186
vt 0.9365 -0.4717
vt 0.9365 -0.5146
vt 0.9365 -0.5518
vt 0.7500 -0.5186
vt 0.9365 -0.4717
vt 0.9365 -0.5146
vt 0.9365 -0.5518
vt 0.1904 -0.5293
vt 0.7500 -0.4863
vt 0.7500 -0.5459
vt 0.7500 -0.4863
vt 0.9365 -0.4717
vt 0.9365 -0.5146
vt 0.7500 -0.5186
vt 0.1904 -0.5293
vt 0.7500 -0.5186
vt 0.9365 -0.5518
vt 0.7500 -0.5459
vt 0.9355 -0.5137
vt 0.9365 -0.4717
vt 0.7500 -0.4863
vt 0.7490 -0.5176
vt 0.1904 -0.5293
vt 0.9365 -0.5518
vt 0.7490 -0.5176
vt 0.7500 -0.5459
vt 0.9365 -0.4717
vt 0.9365 -0.5146
vt 0.7500 -0.4863
vt 0.9355 -0.5137
vt 0.7490 -0.5176
vt 0.9365 -0.5518
vt 0.1904 -0.5293
vt 0.7500 -0.5186
vt 0.7500 -0.5459
vt 0.7500 -0.5186
vt 0.7500 -0.4863
vt 0.9365 -0.5146
vt 0.9365 -0.5518
vt 0.7500 -0.5186
vt 0.9365 -0.4717
vt 0.9365 -0.5146
vt 0.7500 -0.5459
vt 0.1904 -0.5293
vt 0.7500 -0.4863
vt 0.9365 -0.4717
vt 0.7500 -0.5186
vt 0.7500 -0.4863
vt 0.7490 -0.5176
vt 0.1904 -0.5293
vt 0.9355 -0.5137
vt 0.7500 -0.5459
vt 0.9365 -0.5518
vt 0.9365 -0.5146
vt 0.7500 -0.5186
vt 0.9365 -0.4717
vt 0.9365 -0.5146
vt 0.9365 -0.5518
vt 0.1904 -0.5293
vt 0.7500 -0.4863
vt 0.7500 -0.5459
vt 0.7500 -0.5186
vt 0.9365 -0.4717
vt 0.9365 -0.5146
vt 0.7500 -0.5459
vt 0.7500 -0.5459
vt 0.9365 -0.5146
vt 0.9365 -0.5518
vt 0.7490 -0.5176
vt 0.9355 -0.5137
vt 0.1904 -0.5293
vt 0.7500 -0.5186
vt 0.7500 -0.4863
vt 0.9365 -0.4717
vt 0.9355 -0.5137
vt 0.9365 -0.4717
vt 0.8438 -0.4785
vt 0.8428 -0.5156
vt 0.1904 -0.5293
vt 0.9365 -0.5518
vt 0.8428 -0.5156
vt 0.8438 -0.5488
vt 0.7500 -0.5186
vt 0.9365 -0.4717
vt 0.9365 -0.5146
vt 0.9365 -0.5518
vt 0.1904 -0.5293
vt 0.7500 -0.4863
vt 0.7500 -0.5459
vt 0.9365 -0.4717
vt 0.9365 -0.5146
vt 0.7500 -0.4863
vt 0.9355 -0.5137
vt 0.7490 -0.5176
vt 0.9365 -0.5518
vt 0.1904 -0.5293
vt 0.7500 -0.5186
vt 0.7500 -0.5459
vt 0.7500 -0.5186
vt 0.7500 -0.4863
vt 0.9365 -0.5146
vt 0.9365 -0.5518
vt 0.7500 -0.5186
vt 0.7500 -0.5459
vt 0.1904 -0.5293
vt 0.7500 -0.4863
vt 0.9365 -0.4717
vt 0.9365 -0.5146
vt 0.9365 -0.5518
vt 0.1904 -0.5293
vt 0.7500 -0.4863
vt 0.7500 -0.5186
vt 0.7500 -0.5459
vt 0.9365 -0.4717
vt 0.9365 -0.5146
vt 0.9365 -0.5518
vt 0.7500 -0.5186
vt 0.9365 -0.4717
vt 0.9365 -0.5146
vt 0.9365 -0.5518
vt 0.9365 -0.4717
vt 0.9365 -0.5146
vt 0.7500 -0.4863
vt 0.7490 -0.5176
vt 0.9355 -0.5137
vt 0.9365 -0.5518
vt 0.7500 -0.5459
vt 0.7500 -0.5186
vt 0.1904 -0.5293
vt 0.7500 -0.5186
vt 0.7500 -0.4863
vt 0.9365 -0.5146
vt 0.9365 -0.5518
vt 0.7500 -0.5459
vt 0.7500 -0.5186
vt 0.9365 -0.5518
vt 0.9355 -0.5137
vt 0.7490 -0.5176
vt 0.1904 -0.5293
vt 0.7500 -0.4863
vt 0.9365 -0.4717
vt 0.7500 -0.5186
vt 0.9365 -0.4717
vt 0.9365 -0.5146
vt 0.9365 -0.5518
vt 0.7500 -0.5186
vt 0.9365 -0.4717
vt 0.9365 -0.5146
vt 0.9365 -0.5518
vt 0.1904 -0.5293
vt 0.7500 -0.4863
vt 0.7500 -0.5459
vt 0.7500 -0.5186
vt 0.9365 -0.4717
vt 0.9365 -0.5146
vt 0.9365 -0.5518
vt 0.7500 -0.5186
vt 0.9365 -0.4717
vt 0.9365 -0.5146
vt 0.9365 -0.5518
vt 0.1904 -0.5293
vt 0.7500 -0.4863
vt 0.7500 -0.5459
vt 0.7500 -0.4863
vt 0.9365 -0.4717
vt 0.9365 -0.5146
vt 0.7500 -0.5186
vt 0.1904 -0.5293
vt 0.7500 -0.5186
vt 0.9365 -0.5518
vt 0.7500 -0.5459
vt 0.9355 -0.5137
vt 0.9365 -0.4717
vt 0.7500 -0.4863
vt 0.7490 -0.5176
vt 0.1904 -0.5293
vt 0.9365 -0.5518
vt 0.7490 -0.5176
vt 0.7500 -0.5459
vt 0.9365 -0.4717
vt 0.9365 -0.5146
vt 0.7500 -0.4863
vt 0.9355 -0.5137
vt 0.7490 -0.5176
vt 0.9365 -0.5518
vt 0.1904 -0.5293
vt 0.7500 -0.5186
vt 0.7500 -0.5459
vt 0.7500 -0.5186
vt 0.7500 -0.4863
vt 0.9365 -0.5146
vt 0.9365 -0.5518
vt 0.7500 -0.5186
vt 0.9365 -0.4717
vt 0.9365 -0.5146
vt 0.7500 -0.5459
vt 0.1904 -0.5293
vt 0.7500 -0.4863
vt 0.9365 -0.4717
vt 0.7500 -0.5186
vt 0.7500 -0.4863
vt 0.7490 -0.5176
vt 0.1904 -0.5293
vt 0.9355 -0.5137
vt 0.7500 -0.5459
vt 0.9365 -0.5518
vt 0.9365 -0.5146
vt 0.7500 -0.5186
vt 0.9365 -0.4717
vt 0.9365 -0.5146
vt 0.9365 -0.5518
vt 0.1904 -0.5293
vt 0.7500 -0.4863
vt 0.7500 -0.5459
vt 0.7500 -0.5186
vt 0.9365 -0.4717
vt 0.9365 -0.5146
vt 0.7500 -0.5459
vt 0.7500 -0.5459
vt 0.9365 -0.5146
vt 0.9365 -0.5518
vt 0.7490 -0.5176
vt 0.9355 -0.5137
vt 0.1904 -0.5293
vt 0.7500 -0.5186
vt 0.7500 -0.4863
vt 0.9365 -0.4717
vt 0.9355 -0.5137
vt 0.9365 -0.4717
vt 0.8438 -0.4785
vt 0.8428 -0.5156
vt 0.1904 -0.5293
vt 0.9365 -0.5518
vt 0.8428 -0.5156
vt 0.8438 -0.5488
vt 0.7500 -0.5186
vt 0.9365 -0.4717
vt 0.9365 -0.5146
vt 0.9365 -0.5518
vt 0.1904 -0.5293
vt 0.7500 -0.4863
vt 0.7500 -0.5459
vt 0.9365 -0.4717
vt 0.9365 -0.5146
vt 0.7500 -0.4863
vt 0.9355 -0.5137
vt 0.7490 -0.5176
vt 0.9365 -0.5518
vt 0.1904 -0.5293
vt 0.7500 -0.5186
vt 0.7500 -0.5459
vt 0.7500 -0.5186
vt 0.7500 -0.4863
vt 0.9365 -0.5146
vt 0.9365 -0.5518
vt 0.7500 -0.5186
vt 0.7500 -0.5459
vt 0.1904 -0.5293
vt 0.7500 -0.4863
vt 0.9365 -0.4717
vt 0.9365 -0.5146
vt 0.9365 -0.5518
vt 0.7500 -0.5186
vt 0.9365 -0.4717
vt 0.9365 -0.5146
vt 0.9365 -0.5518
vt 0.9365 -0.4717
vt 0.9365 -0.5146
vt 0.7500 -0.4863
vt 0.7490 -0.5176
vt 0.9355 -0.5137
vt 0.9365 -0.5518
vt 0.7500 -0.5459
vt 0.7500 -0.5186
vt 0.1904 -0.5293
vt 0.7500 -0.5186
vt 0.7500 -0.4863
vt 0.9365 -0.5146
vt 0.9365 -0.5518
vt 0.7500 -0.5459
vt 0.7500 -0.5186
vt 0.9365 -0.5518
vt 0.9355 -0.5137
vt 0.7490 -0.5176
vt 0.1904 -0.5293
vt 0.7500 -0.4863
vt 0.9365 -0.4717
vt 0.7500 -0.5186
vt 0.9365 -0.4717
vt 0.9365 -0.5146
vt 0.9365 -0.5518
vt 0.9365 -0.4717
vt 0.8428 -0.5166
vt 0.8438 -0.4785
vt 0.8438 -0.5488
vt 0.9365 -0.5518
vt 0.9355 -0.5137
vt 0.8428 -0.5156
vt 0.1904 -0.5293
vt 0.9365 -0.4717
vt 0.8428 -0.5166
vt 0.8438 -0.4785
vt 0.8438 -0.5488
vt 0.9365 -0.5518
vt 0.9355 -0.5137
vt 0.8428 -0.5156
vt 0.1904 -0.5293
vt 0.9355 -0.5137
vt 0.9365 -0.5518
vt 0.7490 -0.5176
vt 0.9365 -0.4717
vt 0.7500 -0.5459
vt 0.7500 -0.4863
vt 0.1904 -0.5293
vt 0.9355 -0.5137
vt 0.9365 -0.5518
vt 0.7490 -0.5176
vt 0.9365 -0.4717
vt 0.7500 -0.5459
vt 0.7500 -0.4863
vt 0.1904 -0.5293
vt 0.9355 -0.5137
vt 0.9365 -0.5518
vt 0.7490 -0.5176
vt 0.9365 -0.4717
vt 0.7500 -0.5459
vt 0.7500 -0.4863
vt 0.1904 -0.5293
vt 0.9355 -0.5137
vt 0.9365 -0.5518
vt 0.7490 -0.5176
vt 0.9365 -0.4717
vt 0.7500 -0.5459
vt 0.7500 -0.4863
vt 0.1904 -0.5293
vt 0.9355 -0.5137
vt 0.9365 -0.5518
vt 0.7490 -0.5176
vt 0.9365 -0.4717
vt 0.7500 -0.5459
vt 0.7500 -0.4863
vt 0.1904 -0.5293
vt 0.9355 -0.5137
vt 0.9365 -0.5518
vt 0.7490 -0.5176
vt 0.9365 -0.4717
vt 0.7500 -0.5459
vt 0.7500 -0.4863
vt 0.1904 -0.5293
vt 0.9355 -0.5137
vt 0.9365 -0.5518
vt 0.7490 -0.5176
vt 0.9365 -0.4717
vt 0.7500 -0.5459
vt 0.7500 -0.4863
vt 0.1904 -0.5293
vt 0.9355 -0.5137
vt 0.9365 -0.5518
vt 0.7490 -0.5176
vt 0.9365 -0.4717
vt 0.7500 -0.5459
vt 0.7500 -0.4863
vt 0.1904 -0.5293
vt 0.9365 -0.4717
vt 0.7500 -0.4863
vt 0.7500 -0.5186
vt 0.9365 -0.5146
vt 0.1904 -0.5293
vt 0.9365 -0.5518
vt 0.7500 -0.5459
vt 0.9355 -0.5137
vt 0.9365 -0.5518
vt 0.7490 -0.5176
vt 0.9365 -0.4717
vt 0.7500 -0.5459
vt 0.7500 -0.4863
vt 0.1904 -0.5293
vt 0.9355 -0.5137
vt 0.9365 -0.5518
vt 0.7490 -0.5176
vt 0.9365 -0.4717
vt 0.7500 -0.5459
vt 0.7500 -0.4863
vt 0.1904 -0.5293
vt 0.9355 -0.5137
vt 0.9365 -0.5518
vt 0.7490 -0.5176
vt 0.9365 -0.4717
vt 0.7500 -0.5459
vt 0.7500 -0.4863
vt 0.1904 -0.5293
vt 0.7500 -0.4863
vt 0.7500 -0.5186
vt 0.9365 -0.4717
vt 0.9355 -0.5137
vt 0.9365 -0.5518
vt 0.7500 -0.5459
vt 0.7490 -0.5176
vt 0.1904 -0.5293
vt 0.9355 -0.5137
vt 0.9365 -0.5518
vt 0.7490 -0.5176
vt 0.9365 -0.4717
vt 0.7500 -0.5459
vt 0.7500 -0.4863
vt 0.1904 -0.5293
vt 0.9355 -0.5137
vt 0.9365 -0.5518
vt 0.7490 -0.5176
vt 0.9365 -0.4717
vt 0.7500 -0.5459
vt 0.7500 -0.4863
vt 0.1904 -0.5293
vt 0.9355 -0.5137
vt 0.9365 -0.5518
vt 0.7490 -0.5176
vt 0.9365 -0.4717
vt 0.7500 -0.5459
vt 0.7500 -0.4863
vt 0.1904 -0.5293
vt 0.9365 -0.4717
vt 0.7500 -0.4863
vt 0.7500 -0.5186
vt 0.9365 -0.5146
vt 0.1904 -0.5293
vt 0.9365 -0.5518
vt 0.7500 -0.5459
vt 0.7500 -0.4863
vt 0.7500 -0.5186
vt 0.9365 -0.4717
vt 0.9355 -0.5137
vt 0.9365 -0.5518
vt 0.7500 -0.5459
vt 0.7490 -0.5176
vt 0.1904 -0.5293
vt 0.9365 -0.4717
vt 0.7500 -0.4863
vt 0.7500 -0.5186
vt 0.9365 -0.5146
vt 0.1904 -0.5293
vt 0.9365 -0.5518
vt 0.7500 -0.5459
vt 0.9355 -0.5137
vt 0.9365 -0.5518
vt 0.7490 -0.5176
vt 0.9365 -0.4717
vt 0.7500 -0.5459
vt 0.7500 -0.4863
vt 0.1904 -0.5293
vt 0.9355 -0.5137
vt 0.9365 -0.5518
vt 0.7490 -0.5176
vt 0.9365 -0.4717
vt 0.7500 -0.5459
vt 0.7500 -0.4863
vt 0.1904 -0.5293
vt 0.9355 -0.5137
vt 0.9365 -0.5518
vt 0.7490 -0.5176
vt 0.9365 -0.4717
vt 0.7500 -0.5459
vt 0.7500 -0.4863
vt 0.1904 -0.5293
vt 0.7500 -0.4863
vt 0.7500 -0.5186
vt 0.9365 -0.4717
vt 0.9355 -0.5137
vt 0.1904 -0.5293
vt 0.7490 -0.5176
vt 0.7500 -0.5459
vt 0.9365 -0.5518
vt 0.9355 -0.5137
vt 0.9365 -0.5518
vt 0.7490 -0.5176
vt 0.9365 -0.4717
vt 0.7500 -0.5459
vt 0.7500 -0.4863
vt 0.1904 -0.5293
vt 0.9355 -0.5137
vt 0.9365 -0.5518
vt 0.7490 -0.5176
vt 0.9365 -0.4717
vt 0.7500 -0.5459
vt 0.7500 -0.4863
vt 0.1904 -0.5293
vt 0.7500 -0.4863
vt 0.7500 -0.5186
vt 0.9365 -0.4717
vt 0.9355 -0.5137
vt 0.9365 -0.5518
vt 0.7500 -0.5459
vt 0.7490 -0.5176
vt 0.1904 -0.5293
vt 0.9355 -0.5137
vt 0.9365 -0.5518
vt 0.7490 -0.5176
vt 0.9365 -0.4717
vt 0.7500 -0.5459
vt 0.7500 -0.4863
vt 0.1904 -0.5293
vt 0.9355 -0.5137
vt 0.9365 -0.5518
vt 0.7490 -0.5176
vt 0.9365 -0.4717
vt 0.7500 -0.5459
vt 0.7500 -0.4863
vt 0.1904 -0.5293
vt 0.9355 -0.5137
vt 0.9365 -0.5518
vt 0.7490 -0.5176
vt 0.9365 -0.4717
vt 0.7500 -0.5459
vt 0.7500 -0.4863
vt 0.1904 -0.5293
vt 0.9355 -0.5137
vt 0.9365 -0.5518
vt 0.7490 -0.5176
vt 0.9365 -0.4717
vt 0.7500 -0.5459
vt 0.7500 -0.4863
vt 0.1904 -0.5293
vt 0.9355 -0.5137
vt 0.9365 -0.5518
vt 0.7490 -0.5176
vt 0.9365 -0.4717
vt 0.7500 -0.5459
vt 0.7500 -0.4863
vt 0.1904 -0.5293
vt 0.9355 -0.5137
vt 0.9365 -0.5518
vt 0.7490 -0.5176
vt 0.9365 -0.4717
vt 0.7500 -0.5459
vt 0.7500 -0.4863
vt 0.1904 -0.5293
vt 0.9355 -0.5137
vt 0.9365 -0.5518
vt 0.7490 -0.5176
vt 0.9365 -0.4717
vt 0.7500 -0.5459
vt 0.7500 -0.4863
vt 0.1904 -0.5293
vt 0.9365 -0.4717
vt 0.7500 -0.4863
vt 0.7500 -0.5186
vt 0.9365 -0.5146
vt 0.1904 -0.5293
vt 0.9365 -0.5518
vt 0.7500 -0.5459
vt 0.9365 -0.4717
vt 0.8438 -0.4785
vt 0.8428 -0.5166
vt 0.9365 -0.5146
vt 0.1904 -0.5293
vt 0.9365 -0.5518
vt 0.8428 -0.5166
vt 0.8438 -0.5488
vt 0.7500 -0.4863
vt 0.7500 -0.5186
vt 0.9365 -0.4717
vt 0.9355 -0.5137
vt 0.9365 -0.5518
vt 0.7500 -0.5459
vt 0.7490 -0.5176
vt 0.1904 -0.5293
vt 0.7500 -0.4863
vt 0.1904 -0.5293
vt 0.7500 -0.5186
vt 0.9365 -0.4717
vt 0.7500 -0.5459
vt 0.9365 -0.5146
vt 0.9365 -0.5518
vt 0.7490 -0.5176
vt 0.7500 -0.5459
vt 0.1904 -0.5293
vt 0.7500 -0.4863
vt 0.9355 -0.5137
vt 0.9365 -0.5518
vt 0.7500 -0.5186
vt 0.9365 -0.4717
vt 0.7500 -0.4863
vt 0.7500 -0.5186
vt 0.9365 -0.4717
vt 0.9355 -0.5137
vt 0.1904 -0.5293
vt 0.7490 -0.5176
vt 0.7500 -0.5459
vt 0.9365 -0.5518
vt 0.7490 -0.5176
vt 0.9365 -0.5518
vt 0.9355 -0.5137
vt 0.9365 -0.4717
vt 0.7500 -0.5459
vt 0.7500 -0.4863
vt 0.1904 -0.5293
vt 0.7490 -0.5176
vt 0.9365 -0.5518
vt 0.9355 -0.5137
vt 0.9365 -0.4717
vt 0.7500 -0.5459
vt 0.7500 -0.4863
vt 0.1904 -0.5293
vt 0.7490 -0.5176
vt 0.9365 -0.5518
vt 0.9355 -0.5137
vt 0.9365 -0.4717
vt 0.7500 -0.5459
vt 0.7500 -0.4863
vt 0.1904 -0.5293
vt 0.7490 -0.5176
vt 0.9365 -0.5518
vt 0.9355 -0.5137
vt 0.9365 -0.4717
vt 0.7500 -0.5459
vt 0.7500 -0.4863
vt 0.1904 -0.5293
vt 0.7490 -0.5176
vt 0.9365 -0.5518
vt 0.9355 -0.5137
vt 0.9365 -0.4717
vt 0.7500 -0.5459
vt 0.7500 -0.4863
vt 0.1904 -0.5293
vt 0.7490 -0.5176
vt 0.9365 -0.5518
vt 0.9355 -0.5137
vt 0.9365 -0.4717
vt 0.7500 -0.5459
vt 0.7500 -0.4863
vt 0.1904 -0.5293
vt 0.7490 -0.5176
vt 0.9365 -0.5518
vt 0.9355 -0.5137
vt 0.9365 -0.4717
vt 0.7500 -0.5459
vt 0.7500 -0.4863
vt 0.1904 -0.5293
vt 0.7490 -0.5176
vt 0.9365 -0.5518
vt 0.9355 -0.5137
vt 0.9365 -0.4717
vt 0.7500 -0.5459
vt 0.7500 -0.4863
vt 0.1904 -0.5293
vt 0.9365 -0.4717
vt 0.7500 -0.5186
vt 0.7500 -0.4863
vt 0.7500 -0.5459
vt 0.9365 -0.5518
vt 0.9355 -0.5137
vt 0.7490 -0.5176
vt 0.1904 -0.5293
vt 0.7490 -0.5176
vt 0.9365 -0.5518
vt 0.9355 -0.5137
vt 0.9365 -0.4717
vt 0.7500 -0.5459
vt 0.7500 -0.4863
vt 0.1904 -0.5293
vt 0.7490 -0.5176
vt 0.9365 -0.5518
vt 0.9355 -0.5137
vt 0.9365 -0.4717
vt 0.7500 -0.5459
vt 0.7500 -0.4863
vt 0.1904 -0.5293
vt 0.7490 -0.5176
vt 0.9365 -0.5518
vt 0.9355 -0.5137
vt 0.9365 -0.4717
vt 0.7500 -0.5459
vt 0.7500 -0.4863
vt 0.1904 -0.5293
vt 0.9365 -0.4717
vt 0.7500 -0.5186
vt 0.7500 -0.4863
vt 0.7500 -0.5459
vt 0.9365 -0.5518
vt 0.9355 -0.5137
vt 0.7490 -0.5176
vt 0.1904 -0.5293
vt 0.7490 -0.5176
vt 0.9365 -0.5518
vt 0.9355 -0.5137
vt 0.9365 -0.4717
vt 0.7500 -0.5459
vt 0.7500 -0.4863
vt 0.1904 -0.5293
vt 0.7490 -0.5176
vt 0.9365 -0.5518
vt 0.9355 -0.5137
vt 0.9365 -0.4717
vt 0.7500 -0.5459
vt 0.7500 -0.4863
vt 0.1904 -0.5293
vt 0.7490 -0.5176
vt 0.9365 -0.5518
vt 0.9355 -0.5137
vt 0.9365 -0.4717
vt 0.7500 -0.5459
vt 0.7500 -0.4863
vt 0.1904 -0.5293
vt 0.9365 -0.4717
vt 0.7500 -0.5186
vt 0.7500 -0.4863
vt 0.7500 -0.5459
vt 0.9365 -0.5518
vt 0.9355 -0.5137
vt 0.7490 -0.5176
vt 0.1904 -0.5293
vt 0.9365 -0.4717
vt 0.7500 -0.5186
vt 0.7500 -0.4863
vt 0.7500 -0.5459
vt 0.9365 -0.5518
vt 0.9355 -0.5137
vt 0.7490 -0.5176
vt 0.1904 -0.5293
vt 0.9365 -0.4717
vt 0.7500 -0.5186
vt 0.7500 -0.4863
vt 0.7500 -0.5459
vt 0.9365 -0.5518
vt 0.9355 -0.5137
vt 0.7490 -0.5176
vt 0.1904 -0.5293
vt 0.7490 -0.5176
vt 0.9365 -0.5518
vt 0.9355 -0.5137
vt 0.9365 -0.4717
vt 0.7500 -0.5459
vt 0.7500 -0.4863
vt 0.1904 -0.5293
vt 0.7490 -0.5176
vt 0.9365 -0.5518
vt 0.9355 -0.5137
vt 0.9365 -0.4717
vt 0.7500 -0.5459
vt 0.7500 -0.4863
vt 0.1904 -0.5293
vt 0.7490 -0.5176
vt 0.9365 -0.5518
vt 0.9355 -0.5137
vt 0.9365 -0.4717
vt 0.7500 -0.5459
vt 0.7500 -0.4863
vt 0.1904 -0.5293
vt 0.9365 -0.4717
vt 0.7500 -0.5186
vt 0.7500 -0.4863
vt 0.9355 -0.5137
vt 0.1904 -0.5293
vt 0.7490 -0.5176
vt 0.7500 -0.5459
vt 0.9365 -0.5518
vt 0.7490 -0.5176
vt 0.9365 -0.5518
vt 0.9355 -0.5137
vt 0.9365 -0.4717
vt 0.7500 -0.5459
vt 0.7500 -0.4863
vt 0.1904 -0.5293
vt 0.7490 -0.5176
vt 0.9365 -0.5518
vt 0.9355 -0.5137
vt 0.9365 -0.4717
vt 0.7500 -0.5459
vt 0.7500 -0.4863
vt 0.1904 -0.5293
vt 0.9365 -0.4717
vt 0.7500 -0.5186
vt 0.7500 -0.4863
vt 0.7500 -0.5459
vt 0.9365 -0.5518
vt 0.9355 -0.5137
vt 0.7490 -0.5176
vt 0.1904 -0.5293
vt 0.7490 -0.5176
vt 0.9365 -0.5518
vt 0.9355 -0.5137
vt 0.9365 -0.4717
vt 0.7500 -0.5459
vt 0.7500 -0.4863
vt 0.1904 -0.5293
vt 0.7490 -0.5176
vt 0.9365 -0.5518
vt 0.9355 -0.5137
vt 0.9365 -0.4717
vt 0.7500 -0.5459
vt 0.7500 -0.4863
vt 0.1904 -0.5293
vt 0.7490 -0.5176
vt 0.9365 -0.5518
vt 0.9355 -0.5137
vt 0.9365 -0.4717
vt 0.7500 -0.5459
vt 0.7500 -0.4863
vt 0.1904 -0.5293
vt 0.7490 -0.5176
vt 0.9365 -0.5518
vt 0.9355 -0.5137
vt 0.9365 -0.4717
vt 0.7500 -0.5459
vt 0.7500 -0.4863
vt 0.1904 -0.5293
vt 0.7490 -0.5176
vt 0.9365 -0.5518
vt 0.9355 -0.5137
vt 0.9365 -0.4717
vt 0.7500 -0.5459
vt 0.7500 -0.4863
vt 0.1904 -0.5293
vt 0.7490 -0.5176
vt 0.9365 -0.5518
vt 0.9355 -0.5137
vt 0.9365 -0.4717
vt 0.7500 -0.5459
vt 0.7500 -0.4863
vt 0.1904 -0.5293
vt 0.7490 -0.5176
vt 0.9365 -0.5518
vt 0.9355 -0.5137
vt 0.9365 -0.4717
vt 0.7500 -0.5459
vt 0.7500 -0.4863
vt 0.1904 -0.5293
vt 0.9365 -0.4717
vt 0.7500 -0.5186
vt 0.7500 -0.4863
vt 0.7500 -0.5459
vt 0.9365 -0.5518
vt 0.9355 -0.5137
vt 0.7490 -0.5176
vt 0.1904 -0.5293
vt 0.9365 -0.4717
vt 0.9365 -0.5146
vt 0.8428 -0.5166
vt 0.8438 -0.4785
vt 0.1904 -0.5293
vt 0.8438 -0.5488
vt 0.8428 -0.5166
vt 0.9365 -0.5518
vt 0.9365 -0.4717
vt 0.7500 -0.5186
vt 0.7500 -0.4863
vt 0.7500 -0.5459
vt 0.9365 -0.5518
vt 0.9355 -0.5137
vt 0.7490 -0.5176
vt 0.1904 -0.5293
vt 0.9365 -0.4717
vt 0.7500 -0.5186
vt 0.7500 -0.4863
vt 0.9355 -0.5137
vt 0.1904 -0.5293
vt 0.7490 -0.5176
vt 0.7500 -0.5459
vt 0.9365 -0.5518
vt 0.9365 -0.4717
vt 0.7500 -0.5186
vt 0.7500 -0.4863
vt 0.9355 -0.5137
vt 0.1904 -0.5293
vt 0.7490 -0.5176
vt 0.7500 -0.5459
vt 0.9365 -0.5518
vt 0.9355 -0.5137
vt 0.9365 -0.5518
vt 0.7490 -0.5176
vt 0.9365 -0.4717
vt 0.7500 -0.5459
vt 0.7500 -0.4863
vt 0.1904 -0.5293
vt 0.9355 -0.5137
vt 0.9365 -0.5518
vt 0.7490 -0.5176
vt 0.9365 -0.4717
vt 0.7500 -0.5459
vt 0.7500 -0.4863
vt 0.1904 -0.5293
vt 0.9355 -0.5137
vt 0.9365 -0.5518
vt 0.7490 -0.5176
vt 0.9365 -0.4717
vt 0.7500 -0.5459
vt 0.7500 -0.4863
vt 0.1904 -0.5293
vt 0.9355 -0.5137
vt 0.9365 -0.5518
vt 0.7490 -0.5176
vt 0.9365 -0.4717
vt 0.7500 -0.5459
vt 0.7500 -0.4863
vt 0.1904 -0.5293
vt 0.9355 -0.5137
vt 0.9365 -0.5518
vt 0.7490 -0.5176
vt 0.9365 -0.4717
vt 0.7500 -0.5459
vt 0.7500 -0.4863
vt 0.1904 -0.5293
vt 0.9355 -0.5137
vt 0.9365 -0.5518
vt 0.7490 -0.5176
vt 0.9365 -0.4717
vt 0.7500 -0.5459
vt 0.7500 -0.4863
vt 0.1904 -0.5293
vt 0.9355 -0.5137
vt 0.9365 -0.5518
vt 0.7490 -0.5176
vt 0.9365 -0.4717
vt 0.7500 -0.5459
vt 0.7500 -0.4863
vt 0.1904 -0.5293
vt 0.9355 -0.5137
vt 0.9365 -0.5518
vt 0.7490 -0.5176
vt 0.9365 -0.4717
vt 0.7500 -0.5459
vt 0.7500 -0.4863
vt 0.1904 -0.5293
vt 0.9355 -0.5137
vt 0.9365 -0.5518
vt 0.7490 -0.5176
vt 0.9365 -0.4717
vt 0.7500 -0.5459
vt 0.7500 -0.4863
vt 0.1904 -0.5293
vt 0.9355 -0.5137
vt 0.9365 -0.5518
vt 0.7490 -0.5176
vt 0.9365 -0.4717
vt 0.7500 -0.5459
vt 0.7500 -0.4863
vt 0.1904 -0.5293
vt 0.9355 -0.5137
vt 0.9365 -0.5518
vt 0.7490 -0.5176
vt 0.9365 -0.4717
vt 0.7500 -0.5459
vt 0.7500 -0.4863
vt 0.1904 -0.5293
vt 0.8438 -0.4785
vt 0.8428 -0.5166
vt 0.9365 -0.4717
vt 0.9355 -0.5137
vt 0.9365 -0.5518
vt 0.8438 -0.5488
vt 0.8428 -0.5156
vt 0.1904 -0.5293
vt 0.9365 -0.4717
vt 0.7500 -0.4863
vt 0.7500 -0.5186
vt 0.9365 -0.5146
vt 0.1904 -0.5293
vt 0.9365 -0.5518
vt 0.7500 -0.5459
vt 0.9355 -0.5137
vt 0.9365 -0.5518
vt 0.7490 -0.5176
vt 0.9365 -0.4717
vt 0.7500 -0.5459
vt 0.7500 -0.4863
vt 0.1904 -0.5293
vt 0.9355 -0.5137
vt 0.9365 -0.5518
vt 0.7490 -0.5176
vt 0.9365 -0.4717
vt 0.7500 -0.5459
vt 0.7500 -0.4863
vt 0.1904 -0.5293
vt 0.9355 -0.5137
vt 0.9365 -0.5518
vt 0.7490 -0.5176
vt 0.9365 -0.4717
vt 0.7500 -0.5459
vt 0.7500 -0.4863
vt 0.1904 -0.5293
vt 0.7500 -0.4863
vt 0.7500 -0.5186
vt 0.9365 -0.4717
vt 0.9355 -0.5137
vt 0.1904 -0.5293
vt 0.7490 -0.5176
vt 0.7500 -0.5459
vt 0.9365 -0.5518
vt 0.9355 -0.5137
vt 0.9365 -0.5518
vt 0.7490 -0.5176
vt 0.9365 -0.4717
vt 0.7500 -0.5459
vt 0.7500 -0.4863
vt 0.1904 -0.5293
vt 0.9355 -0.5137
vt 0.9365 -0.5518
vt 0.7490 -0.5176
vt 0.9365 -0.4717
vt 0.7500 -0.5459
vt 0.7500 -0.4863
vt 0.1904 -0.5293
vt 0.7500 -0.4863
vt 0.7500 -0.5186
vt 0.9365 -0.4717
vt 0.9355 -0.5137
vt 0.9365 -0.5518
vt 0.7500 -0.5459
vt 0.7490 -0.5176
vt 0.1904 -0.5293
vt 0.9355 -0.5137
vt 0.9365 -0.5518
vt 0.7490 -0.5176
vt 0.9365 -0.4717
vt 0.7500 -0.5459
vt 0.7500 -0.4863
vt 0.1904 -0.5293
vt 0.9355 -0.5137
vt 0.9365 -0.5518
vt 0.7490 -0.5176
vt 0.9365 -0.4717
vt 0.7500 -0.5459
vt 0.7500 -0.4863
vt 0.1904 -0.5293
vt 0.9355 -0.5137
vt 0.9365 -0.5518
vt 0.7490 -0.5176
vt 0.9365 -0.4717
vt 0.7500 -0.5459
vt 0.7500 -0.4863
vt 0.1904 -0.5293
vt 0.9355 -0.5137
vt 0.9365 -0.5518
vt 0.7490 -0.5176
vt 0.9365 -0.4717
vt 0.7500 -0.5459
vt 0.7500 -0.4863
vt 0.1904 -0.5293
vt 0.9355 -0.5137
vt 0.9365 -0.5518
vt 0.7490 -0.5176
vt 0.9365 -0.4717
vt 0.7500 -0.5459
vt 0.7500 -0.4863
vt 0.1904 -0.5293
vt 0.9355 -0.5137
vt 0.9365 -0.5518
vt 0.7490 -0.5176
vt 0.9365 -0.4717
vt 0.7500 -0.5459
vt 0.7500 -0.4863
vt 0.1904 -0.5293
vt 0.9355 -0.5137
vt 0.9365 -0.5518
vt 0.7490 -0.5176
vt 0.9365 -0.4717
vt 0.7500 -0.5459
vt 0.7500 -0.4863
vt 0.1904 -0.5293
vt 0.9365 -0.4717
vt 0.7500 -0.4863
vt 0.7500 -0.5186
vt 0.9365 -0.5146
vt 0.1904 -0.5293
vt 0.9365 -0.5518
vt 0.7500 -0.5459
vt 0.9365 -0.4717
vt 0.8438 -0.4785
vt 0.8428 -0.5166
vt 0.9365 -0.5146
vt 0.1904 -0.5293
vt 0.9365 -0.5518
vt 0.8428 -0.5166
vt 0.8438 -0.5488
vt 0.7500 -0.4863
vt 0.7500 -0.5186
vt 0.9365 -0.4717
vt 0.9355 -0.5137
vt 0.9365 -0.5518
vt 0.7500 -0.5459
vt 0.7490 -0.5176
vt 0.1904 -0.5293
vt 0.7500 -0.4863
vt 0.1904 -0.5293
vt 0.7500 -0.5186
vt 0.9365 -0.4717
vt 0.7500 -0.5459
vt 0.9365 -0.5146
vt 0.9365 -0.5518
vt 0.7500 -0.4863
vt 0.7500 -0.5186
vt 0.9365 -0.4717
vt 0.9355 -0.5137
vt 0.1904 -0.5293
vt 0.7490 -0.5176
vt 0.7500 -0.5459
vt 0.9365 -0.5518
vt 0.9365 -0.4717
vt 0.7500 -0.4863
vt 0.7500 -0.5186
vt 0.9365 -0.5146
vt 0.1904 -0.5293
vt 0.9365 -0.5518
vt 0.7500 -0.5459
vt 0.9355 -0.5137
vt 0.9365 -0.5518
vt 0.7490 -0.5176
vt 0.9365 -0.4717
vt 0.7500 -0.5459
vt 0.7500 -0.4863
vt 0.1904 -0.5293
vt 0.9355 -0.5137
vt 0.9365 -0.5518
vt 0.7490 -0.5176
vt 0.9365 -0.4717
vt 0.7500 -0.5459
vt 0.7500 -0.4863
vt 0.1904 -0.5293
vt 0.9355 -0.5137
vt 0.9365 -0.5518
vt 0.7490 -0.5176
vt 0.9365 -0.4717
vt 0.7500 -0.5459
vt 0.7500 -0.4863
vt 0.1904 -0.5293
vt 0.7500 -0.4863
vt 0.7500 -0.5186
vt 0.9365 -0.4717
vt 0.9355 -0.5137
vt 0.1904 -0.5293
vt 0.7490 -0.5176
vt 0.7500 -0.5459
vt 0.9365 -0.5518
vt 0.9355 -0.5137
vt 0.9365 -0.5518
vt 0.7490 -0.5176
vt 0.9365 -0.4717
vt 0.7500 -0.5459
vt 0.7500 -0.4863
vt 0.1904 -0.5293
vt 0.9355 -0.5137
vt 0.9365 -0.5518
vt 0.7490 -0.5176
vt 0.9365 -0.4717
vt 0.7500 -0.5459
vt 0.7500 -0.4863
vt 0.1904 -0.5293
vt 0.7500 -0.4863
vt 0.7500 -0.5186
vt 0.9365 -0.4717
vt 0.9355 -0.5137
vt 0.9365 -0.5518
vt 0.7500 -0.5459
vt 0.7490 -0.5176
vt 0.1904 -0.5293
vt 0.9355 -0.5137
vt 0.9365 -0.5518
vt 0.7490 -0.5176
vt 0.9365 -0.4717
vt 0.7500 -0.5459
vt 0.7500 -0.4863
vt 0.1904 -0.5293
vt 0.9355 -0.5137
vt 0.9365 -0.5518
vt 0.7490 -0.5176
vt 0.9365 -0.4717
vt 0.7500 -0.5459
vt 0.7500 -0.4863
vt 0.1904 -0.5293
vt 0.9355 -0.5137
vt 0.9365 -0.5518
vt 0.7490 -0.5176
vt 0.9365 -0.4717
vt 0.7500 -0.5459
vt 0.7500 -0.4863
vt 0.1904 -0.5293
vt 0.9355 -0.5137
vt 0.9365 -0.5518
vt 0.7490 -0.5176
vt 0.9365 -0.4717
vt 0.7500 -0.5459
vt 0.7500 -0.4863
vt 0.1904 -0.5293
vt 0.9355 -0.5137
vt 0.9365 -0.5518
vt 0.7490 -0.5176
vt 0.9365 -0.4717
vt 0.7500 -0.5459
vt 0.7500 -0.4863
vt 0.1904 -0.5293
vt 0.9355 -0.5137
vt 0.9365 -0.5518
vt 0.7490 -0.5176
vt 0.9365 -0.4717
vt 0.7500 -0.5459
vt 0.7500 -0.4863
vt 0.1904 -0.5293
vt 0.9355 -0.5137
vt 0.9365 -0.5518
vt 0.7490 -0.5176
vt 0.9365 -0.4717
vt 0.7500 -0.5459
vt 0.7500 -0.4863
vt 0.1904 -0.5293
vt 0.9365 -0.4717
vt 0.7500 -0.4863
vt 0.7500 -0.5186
vt 0.9365 -0.5146
vt 0.1904 -0.5293
vt 0.9365 -0.5518
vt 0.7500 -0.5459
vt 0.9365 -0.4717
vt 0.8438 -0.4785
vt 0.8428 -0.5166
vt 0.9365 -0.5146
vt 0.1904 -0.5293
vt 0.9365 -0.5518
vt 0.8428 -0.5166
vt 0.8438 -0.5488
vt 0.7500 -0.4863
vt 0.7500 -0.5186
vt 0.9365 -0.4717
vt 0.9355 -0.5137
vt 0.9365 -0.5518
vt 0.7500 -0.5459
vt 0.7490 -0.5176
vt 0.1904 -0.5293
vt 0.7500 -0.4863
vt 0.1904 -0.5293
vt 0.7500 -0.5186
vt 0.9365 -0.4717
vt 0.7500 -0.5459
vt 0.9365 -0.5146
vt 0.9365 -0.5518
vt 0.7490 -0.5176
vt 0.7500 -0.5459
vt 0.1904 -0.5293
vt 0.7500 -0.4863
vt 0.9355 -0.5137
vt 0.9365 -0.5518
vt 0.7500 -0.5186
vt 0.9365 -0.4717
vt 0.7500 -0.4863
vt 0.7500 -0.5186
vt 0.9365 -0.4717
vt 0.9355 -0.5137
vt 0.1904 -0.5293
vt 0.7490 -0.5176
vt 0.7500 -0.5459
vt 0.9365 -0.5518
vt 0.9365 -0.4717
vt 0.7500 -0.4863
vt 0.7500 -0.5186
vt 0.9365 -0.5146
vt 0.1904 -0.5293
vt 0.9365 -0.5518
vt 0.7500 -0.5459
vt 0.9355 -0.5137
vt 0.9365 -0.5518
vt 0.7490 -0.5176
vt 0.9365 -0.4717
vt 0.7500 -0.5459
vt 0.7500 -0.4863
vt 0.1904 -0.5293
vt 0.9355 -0.5137
vt 0.9365 -0.5518
vt 0.7490 -0.5176
vt 0.9365 -0.4717
vt 0.7500 -0.5459
vt 0.7500 -0.4863
vt 0.1904 -0.5293
vt 0.9355 -0.5137
vt 0.9365 -0.5518
vt 0.7490 -0.5176
vt 0.9365 -0.4717
vt 0.7500 -0.5459
vt 0.7500 -0.4863
vt 0.1904 -0.5293
vt 0.7500 -0.4863
vt 0.7500 -0.5186
vt 0.9365 -0.4717
vt 0.9355 -0.5137
vt 0.1904 -0.5293
vt 0.7490 -0.5176
vt 0.7500 -0.5459
vt 0.9365 -0.5518
vt 0.9355 -0.5137
vt 0.9365 -0.5518
vt 0.7490 -0.5176
vt 0.9365 -0.4717
vt 0.7500 -0.5459
vt 0.7500 -0.4863
vt 0.1904 -0.5293
vt 0.9355 -0.5137
vt 0.9365 -0.5518
vt 0.7490 -0.5176
vt 0.9365 -0.4717
vt 0.7500 -0.5459
vt 0.7500 -0.4863
vt 0.1904 -0.5293
vt 0.7500 -0.4863
vt 0.7500 -0.5186
vt 0.9365 -0.4717
vt 0.9355 -0.5137
vt 0.9365 -0.5518
vt 0.7500 -0.5459
vt 0.7490 -0.5176
vt 0.1904 -0.5293
vt 0.9355 -0.5137
vt 0.9365 -0.5518
vt 0.7490 -0.5176
vt 0.9365 -0.4717
vt 0.7500 -0.5459
vt 0.7500 -0.4863
vt 0.1904 -0.5293
vt 0.9355 -0.5137
vt 0.9365 -0.5518
vt 0.7490 -0.5176
vt 0.9365 -0.4717
vt 0.7500 -0.5459
vt 0.7500 -0.4863
vt 0.1904 -0.5293
vt 0.9355 -0.5137
vt 0.9365 -0.5518
vt 0.7490 -0.5176
vt 0.9365 -0.4717
vt 0.7500 -0.5459
vt 0.7500 -0.4863
vt 0.1904 -0.5293
vt 0.9355 -0.5137
vt 0.9365 -0.5518
vt 0.7490 -0.5176
vt 0.9365 -0.4717
vt 0.7500 -0.5459
vt 0.7500 -0.4863
vt 0.1904 -0.5293
vt 0.9355 -0.5137
vt 0.9365 -0.5518
vt 0.7490 -0.5176
vt 0.9365 -0.4717
vt 0.7500 -0.5459
vt 0.7500 -0.4863
vt 0.1904 -0.5293
vt 0.9355 -0.5137
vt 0.9365 -0.5518
vt 0.7490 -0.5176
vt 0.9365 -0.4717
vt 0.7500 -0.5459
vt 0.7500 -0.4863
vt 0.1904 -0.5293
vt 0.9355 -0.5137
vt 0.9365 -0.5518
vt 0.7490 -0.5176
vt 0.9365 -0.4717
vt 0.7500 -0.5459
vt 0.7500 -0.4863
vt 0.1904 -0.5293
vt 0.9365 -0.4717
vt 0.7500 -0.4863
vt 0.7500 -0.5186
vt 0.9365 -0.5146
vt 0.1904 -0.5293
vt 0.9365 -0.5518
vt 0.7500 -0.5459
vt 0.9365 -0.4717
vt 0.8438 -0.4785
vt 0.8428 -0.5166
vt 0.9365 -0.5146
vt 0.1904 -0.5293
vt 0.9365 -0.5518
vt 0.8428 -0.5166
vt 0.8438 -0.5488
vt 0.7500 -0.4863
vt 0.7500 -0.5186
vt 0.9365 -0.4717
vt 0.9355 -0.5137
vt 0.9365 -0.5518
vt 0.7500 -0.5459
vt 0.7490 -0.5176
vt 0.1904 -0.5293
vt 0.7500 -0.4863
vt 0.1904 -0.5293
vt 0.7500 -0.5186
vt 0.9365 -0.4717
vt 0.7500 -0.5459
vt 0.9365 -0.5146
vt 0.9365 -0.5518
vt 0.7490 -0.5176
vt 0.7500 -0.5459
vt 0.1904 -0.5293
vt 0.7500 -0.4863
vt 0.9355 -0.5137
vt 0.9365 -0.5518
vt 0.7500 -0.5186
vt 0.9365 -0.4717
vt 0.7500 -0.4863
vt 0.7500 -0.5186
vt 0.9365 -0.4717
vt 0.9355 -0.5137
vt 0.1904 -0.5293
vt 0.7490 -0.5176
vt 0.7500 -0.5459
vt 0.9365 -0.5518
vt 0.7490 -0.5176
vt 0.9365 -0.5518
vt 0.9355 -0.5137
vt 0.9365 -0.4717
vt 0.7500 -0.5459
vt 0.7500 -0.4863
vt 0.1904 -0.5293
vt 0.7490 -0.5176
vt 0.9365 -0.5518
vt 0.9355 -0.5137
vt 0.9365 -0.4717
vt 0.7500 -0.5459
vt 0.7500 -0.4863
vt 0.1904 -0.5293
vt 0.7490 -0.5176
vt 0.9365 -0.5518
vt 0.9355 -0.5137
vt 0.9365 -0.4717
vt 0.7500 -0.5459
vt 0.7500 -0.4863
vt 0.1904 -0.5293
vt 0.7490 -0.5176
vt 0.9365 -0.5518
vt 0.9355 -0.5137
vt 0.9365 -0.4717
vt 0.7500 -0.5459
vt 0.7500 -0.4863
vt 0.1904 -0.5293
vt 0.7490 -0.5176
vt 0.9365 -0.5518
vt 0.9355 -0.5137
vt 0.9365 -0.4717
vt 0.7500 -0.5459
vt 0.7500 -0.4863
vt 0.1904 -0.5293
vt 0.7490 -0.5176
vt 0.9365 -0.5518
vt 0.9355 -0.5137
vt 0.9365 -0.4717
vt 0.7500 -0.5459
vt 0.7500 -0.4863
vt 0.1904 -0.5293
vt 0.7490 -0.5176
vt 0.9365 -0.5518
vt 0.9355 -0.5137
vt 0.9365 -0.4717
vt 0.7500 -0.5459
vt 0.7500 -0.4863
vt 0.1904 -0.5293
vt 0.7490 -0.5176
vt 0.9365 -0.5518
vt 0.9355 -0.5137
vt 0.9365 -0.4717
vt 0.7500 -0.5459
vt 0.7500 -0.4863
vt 0.1904 -0.5293
vt 0.7490 -0.5176
vt 0.9365 -0.5518
vt 0.9355 -0.5137
vt 0.9365 -0.4717
vt 0.7500 -0.5459
vt 0.7500 -0.4863
vt 0.1904 -0.5293
vt 0.7490 -0.5176
vt 0.9365 -0.5518
vt 0.9355 -0.5137
vt 0.9365 -0.4717
vt 0.7500 -0.5459
vt 0.7500 -0.4863
vt 0.1904 -0.5293
vt 0.7490 -0.5176
vt 0.9365 -0.5518
vt 0.9355 -0.5137
vt 0.9365 -0.4717
vt 0.7500 -0.5459
vt 0.7500 -0.4863
vt 0.1904 -0.5293
vt 0.9365 -0.4717
vt 0.8428 -0.5166
vt 0.8438 -0.4785
vt 0.8438 -0.5488
vt 0.9365 -0.5518
vt 0.9355 -0.5137
vt 0.8428 -0.5156
vt 0.1904 -0.5293
vt 0.9365 -0.4717
vt 0.7500 -0.5186
vt 0.7500 -0.4863
vt 0.7500 -0.5459
vt 0.9365 -0.5518
vt 0.9355 -0.5137
vt 0.7490 -0.5176
vt 0.1904 -0.5293
vt 0.7490 -0.5176
vt 0.9365 -0.5518
vt 0.9355 -0.5137
vt 0.9365 -0.4717
vt 0.7500 -0.5459
vt 0.7500 -0.4863
vt 0.1904 -0.5293
vt 0.7490 -0.5176
vt 0.9365 -0.5518
vt 0.9355 -0.5137
vt 0.9365 -0.4717
vt 0.7500 -0.5459
vt 0.7500 -0.4863
vt 0.1904 -0.5293
vt 0.7490 -0.5176
vt 0.9365 -0.5518
vt 0.9355 -0.5137
vt 0.9365 -0.4717
vt 0.7500 -0.5459
vt 0.7500 -0.4863
vt 0.1904 -0.5293
vt 0.9365 -0.4717
vt 0.7500 -0.5186
vt 0.7500 -0.4863
vt 0.9355 -0.5137
vt 0.1904 -0.5293
vt 0.7490 -0.5176
vt 0.7500 -0.5459
vt 0.9365 -0.5518
vt 0.7490 -0.5176
vt 0.9365 -0.5518
vt 0.9355 -0.5137
vt 0.9365 -0.4717
vt 0.7500 -0.5459
vt 0.7500 -0.4863
vt 0.1904 -0.5293
vt 0.7490 -0.5176
vt 0.9365 -0.5518
vt 0.9355 -0.5137
vt 0.9365 -0.4717
vt 0.7500 -0.5459
vt 0.7500 -0.4863
vt 0.1904 -0.5293
vt 0.9365 -0.4717
vt 0.7500 -0.5186
vt 0.7500 -0.4863
vt 0.7500 -0.5459
vt 0.9365 -0.5518
vt 0.9355 -0.5137
vt 0.7490 -0.5176
vt 0.1904 -0.5293
vt 0.7490 -0.5176
vt 0.9365 -0.5518
vt 0.9355 -0.5137
vt 0.9365 -0.4717
vt 0.7500 -0.5459
vt 0.7500 -0.4863
vt 0.1904 -0.5293
vt 0.7490 -0.5176
vt 0.9365 -0.5518
vt 0.9355 -0.5137
vt 0.9365 -0.4717
vt 0.7500 -0.5459
vt 0.7500 -0.4863
vt 0.1904 -0.5293
vt 0.7490 -0.5176
vt 0.9365 -0.5518
vt 0.9355 -0.5137
vt 0.9365 -0.4717
vt 0.7500 -0.5459
vt 0.7500 -0.4863
vt 0.1904 -0.5293
vt 0.7490 -0.5176
vt 0.9365 -0.5518
vt 0.9355 -0.5137
vt 0.9365 -0.4717
vt 0.7500 -0.5459
vt 0.7500 -0.4863
vt 0.1904 -0.5293
vt 0.7490 -0.5176
vt 0.9365 -0.5518
vt 0.9355 -0.5137
vt 0.9365 -0.4717
vt 0.7500 -0.5459
vt 0.7500 -0.4863
vt 0.1904 -0.5293
vt 0.7490 -0.5176
vt 0.9365 -0.5518
vt 0.9355 -0.5137
vt 0.9365 -0.4717
vt 0.7500 -0.5459
vt 0.7500 -0.4863
vt 0.1904 -0.5293
vt 0.7490 -0.5176
vt 0.9365 -0.5518
vt 0.9355 -0.5137
vt 0.9365 -0.4717
vt 0.7500 -0.5459
vt 0.7500 -0.4863
vt 0.1904 -0.5293
vt 0.9365 -0.4717
vt 0.7500 -0.5186
vt 0.7500 -0.4863
vt 0.7500 -0.5459
vt 0.9365 -0.5518
vt 0.9355 -0.5137
vt 0.7490 -0.5176
vt 0.1904 -0.5293
vt 0.9365 -0.4717
vt 0.9365 -0.5146
vt 0.8428 -0.5166
vt 0.8438 -0.4785
vt 0.1904 -0.5293
vt 0.8438 -0.5488
vt 0.8428 -0.5166
vt 0.9365 -0.5518
vt 0.9365 -0.4717
vt 0.7500 -0.5186
vt 0.7500 -0.4863
vt 0.7500 -0.5459
vt 0.9365 -0.5518
vt 0.9355 -0.5137
vt 0.7490 -0.5176
vt 0.1904 -0.5293
vt 0.9365 -0.4717
vt 0.7500 -0.5186
vt 0.7500 -0.4863
vt 0.9355 -0.5137
vt 0.1904 -0.5293
vt 0.7490 -0.5176
vt 0.7500 -0.5459
vt 0.9365 -0.5518
vt 0.9365 -0.4717
vt 0.7500 -0.5186
vt 0.7500 -0.4863
vt 0.9355 -0.5137
vt 0.1904 -0.5293
vt 0.7490 -0.5176
vt 0.7500 -0.5459
vt 0.9365 -0.5518
vt 0.9365 -0.4717
vt 0.7500 -0.5186
vt 0.7500 -0.4863
vt 0.7500 -0.5459
vt 0.9365 -0.5518
vt 0.9355 -0.5137
vt 0.7490 -0.5176
vt 0.1904 -0.5293
vt 0.7490 -0.5176
vt 0.9365 -0.5518
vt 0.9355 -0.5137
vt 0.9365 -0.4717
vt 0.7500 -0.5459
vt 0.7500 -0.4863
vt 0.1904 -0.5293
vt 0.7490 -0.5176
vt 0.9365 -0.5518
vt 0.9355 -0.5137
vt 0.9365 -0.4717
vt 0.7500 -0.5459
vt 0.7500 -0.4863
vt 0.1904 -0.5293
vt 0.7490 -0.5176
vt 0.9365 -0.5518
vt 0.9355 -0.5137
vt 0.9365 -0.4717
vt 0.7500 -0.5459
vt 0.7500 -0.4863
vt 0.1904 -0.5293
vt 0.9365 -0.4717
vt 0.7500 -0.5186
vt 0.7500 -0.4863
vt 0.9355 -0.5137
vt 0.1904 -0.5293
vt 0.7490 -0.5176
vt 0.7500 -0.5459
vt 0.9365 -0.5518
vt 0.7490 -0.5176
vt 0.9365 -0.5518
vt 0.9355 -0.5137
vt 0.9365 -0.4717
vt 0.7500 -0.5459
vt 0.7500 -0.4863
vt 0.1904 -0.5293
vt 0.7490 -0.5176
vt 0.9365 -0.5518
vt 0.9355 -0.5137
vt 0.9365 -0.4717
vt 0.7500 -0.5459
vt 0.7500 -0.4863
vt 0.1904 -0.5293
vt 0.9365 -0.4717
vt 0.7500 -0.5186
vt 0.7500 -0.4863
vt 0.7500 -0.5459
vt 0.9365 -0.5518
vt 0.9355 -0.5137
vt 0.7490 -0.5176
vt 0.1904 -0.5293
vt 0.7490 -0.5176
vt 0.9365 -0.5518
vt 0.9355 -0.5137
vt 0.9365 -0.4717
vt 0.7500 -0.5459
vt 0.7500 -0.4863
vt 0.1904 -0.5293
vt 0.7490 -0.5176
vt 0.9365 -0.5518
vt 0.9355 -0.5137
vt 0.9365 -0.4717
vt 0.7500 -0.5459
vt 0.7500 -0.4863
vt 0.1904 -0.5293
vt 0.7490 -0.5176
vt 0.9365 -0.5518
vt 0.9355 -0.5137
vt 0.9365 -0.4717
vt 0.7500 -0.5459
vt 0.7500 -0.4863
vt 0.1904 -0.5293
vt 0.7490 -0.5176
vt 0.9365 -0.5518
vt 0.9355 -0.5137
vt 0.9365 -0.4717
vt 0.7500 -0.5459
vt 0.7500 -0.4863
vt 0.1904 -0.5293
vt 0.7490 -0.5176
vt 0.9365 -0.5518
vt 0.9355 -0.5137
vt 0.9365 -0.4717
vt 0.7500 -0.5459
vt 0.7500 -0.4863
vt 0.1904 -0.5293
vt 0.7490 -0.5176
vt 0.9365 -0.5518
vt 0.9355 -0.5137
vt 0.9365 -0.4717
vt 0.7500 -0.5459
vt 0.7500 -0.4863
vt 0.1904 -0.5293
vt 0.7490 -0.5176
vt 0.9365 -0.5518
vt 0.9355 -0.5137
vt 0.9365 -0.4717
vt 0.7500 -0.5459
vt 0.7500 -0.4863
vt 0.1904 -0.5293
vt 0.9365 -0.4717
vt 0.7500 -0.5186
vt 0.7500 -0.4863
vt 0.7500 -0.5459
vt 0.9365 -0.5518
vt 0.9355 -0.5137
vt 0.7490 -0.5176
vt 0.1904 -0.5293
vt 0.9365 -0.4717
vt 0.9365 -0.5146
vt 0.8428 -0.5166
vt 0.8438 -0.4785
vt 0.1904 -0.5293
vt 0.8438 -0.5488
vt 0.8428 -0.5166
vt 0.9365 -0.5518
vt 0.9365 -0.4717
vt 0.7500 -0.5186
vt 0.7500 -0.4863
vt 0.7500 -0.5459
vt 0.9365 -0.5518
vt 0.9355 -0.5137
vt 0.7490 -0.5176
vt 0.1904 -0.5293
vt 0.1904 -0.5293
vt 0.7500 -0.5459
vt 0.7490 -0.5176
vt 0.7500 -0.4863
vt 0.9355 -0.5137
vt 0.9365 -0.5518
vt 0.7500 -0.5186
vt 0.9365 -0.4717
vt 0.9365 -0.4717
vt 0.7500 -0.5186
vt 0.7500 -0.4863
vt 0.9355 -0.5137
vt 0.1904 -0.5293
vt 0.7490 -0.5176
vt 0.7500 -0.5459
vt 0.9365 -0.5518
vt 0.9365 -0.4717
vt 0.7500 -0.5186
vt 0.7500 -0.4863
vt 0.9355 -0.5137
vt 0.1904 -0.5293
vt 0.7490 -0.5176
vt 0.7500 -0.5459
vt 0.9365 -0.5518
vt 0.9365 -0.4717
vt 0.7500 -0.5186
vt 0.7500 -0.4863
vt 0.7500 -0.5459
vt 0.9365 -0.5518
vt 0.9355 -0.5137
vt 0.7490 -0.5176
vt 0.1904 -0.5293
vt 0.7490 -0.5176
vt 0.9365 -0.5518
vt 0.9355 -0.5137
vt 0.9365 -0.4717
vt 0.7500 -0.5459
vt 0.7500 -0.4863
vt 0.1904 -0.5293
vt 0.7490 -0.5176
vt 0.9365 -0.5518
vt 0.9355 -0.5137
vt 0.9365 -0.4717
vt 0.7500 -0.5459
vt 0.7500 -0.4863
vt 0.1904 -0.5293
vt 0.7490 -0.5176
vt 0.9365 -0.5518
vt 0.9355 -0.5137
vt 0.9365 -0.4717
vt 0.7500 -0.5459
vt 0.7500 -0.4863
vt 0.1904 -0.5293
vt 0.9365 -0.4717
vt 0.7500 -0.5186
vt 0.7500 -0.4863
vt 0.9355 -0.5137
vt 0.1904 -0.5293
vt 0.7490 -0.5176
vt 0.7500 -0.5459
vt 0.9365 -0.5518
vt 0.7490 -0.5176
vt 0.9365 -0.5518
vt 0.9355 -0.5137
vt 0.9365 -0.4717
vt 0.7500 -0.5459
vt 0.7500 -0.4863
vt 0.1904 -0.5293
vt 0.7490 -0.5176
vt 0.9365 -0.5518
vt 0.9355 -0.5137
vt 0.9365 -0.4717
vt 0.7500 -0.5459
vt 0.7500 -0.4863
vt 0.1904 -0.5293
vt 0.9365 -0.4717
vt 0.7500 -0.5186
vt 0.7500 -0.4863
vt 0.7500 -0.5459
vt 0.9365 -0.5518
vt 0.9355 -0.5137
vt 0.7490 -0.5176
vt 0.1904 -0.5293
vt 0.7490 -0.5176
vt 0.9365 -0.5518
vt 0.9355 -0.5137
vt 0.9365 -0.4717
vt 0.7500 -0.5459
vt 0.7500 -0.4863
vt 0.1904 -0.5293
vt 0.7490 -0.5176
vt 0.9365 -0.5518
vt 0.9355 -0.5137
vt 0.9365 -0.4717
vt 0.7500 -0.5459
vt 0.7500 -0.4863
vt 0.1904 -0.5293
vt 0.7490 -0.5176
vt 0.9365 -0.5518
vt 0.9355 -0.5137
vt 0.9365 -0.4717
vt 0.7500 -0.5459
vt 0.7500 -0.4863
vt 0.1904 -0.5293
vt 0.7490 -0.5176
vt 0.9365 -0.5518
vt 0.9355 -0.5137
vt 0.9365 -0.4717
vt 0.7500 -0.5459
vt 0.7500 -0.4863
vt 0.1904 -0.5293
vt 0.7490 -0.5176
vt 0.9365 -0.5518
vt 0.9355 -0.5137
vt 0.9365 -0.4717
vt 0.7500 -0.5459
vt 0.7500 -0.4863
vt 0.1904 -0.5293
vt 0.7490 -0.5176
vt 0.9365 -0.5518
vt 0.9355 -0.5137
vt 0.9365 -0.4717
vt 0.7500 -0.5459
vt 0.7500 -0.4863
vt 0.1904 -0.5293
vt 0.7490 -0.5176
vt 0.9365 -0.5518
vt 0.9355 -0.5137
vt 0.9365 -0.4717
vt 0.7500 -0.5459
vt 0.7500 -0.4863
vt 0.1904 -0.5293
vt 0.9365 -0.4717
vt 0.7500 -0.5186
vt 0.7500 -0.4863
vt 0.7500 -0.5459
vt 0.9365 -0.5518
vt 0.9355 -0.5137
vt 0.7490 -0.5176
vt 0.1904 -0.5293
vt 0.9365 -0.4717
vt 0.9365 -0.5146
vt 0.8428 -0.5166
vt 0.8438 -0.4785
vt 0.1904 -0.5293
vt 0.8438 -0.5488
vt 0.8428 -0.5166
vt 0.9365 -0.5518
vt 0.9365 -0.4717
vt 0.7500 -0.5186
vt 0.7500 -0.4863
vt 0.7500 -0.5459
vt 0.9365 -0.5518
vt 0.9355 -0.5137
vt 0.7490 -0.5176
vt 0.1904 -0.5293
vt 0.9365 -0.4717
vt 0.7500 -0.5186
vt 0.7500 -0.4863
vt 0.9355 -0.5137
vt 0.1904 -0.5293
vt 0.7490 -0.5176
vt 0.7500 -0.5459
vt 0.9365 -0.5518
vt 0.9365 -0.4717
vt 0.7500 -0.5186
vt 0.7500 -0.4863
vt 0.9355 -0.5137
vt 0.1904 -0.5293
vt 0.7490 -0.5176
vt 0.7500 -0.5459
vt 0.9365 -0.5518
vn -0.7445 -0.1453 0.6517
vn -0.9978 0.0301 -0.0591
vn -0.6650 -0.3917 0.6359
vn 0.9635 -0.2162 0.1580
vn -0.5820 -0.6031 0.5454
vn 0.1947 -0.9192 -0.3421
vn 0.6872 -0.6686 0.2841
vn -0.2587 -0.9097 -0.3250
vn 0.6262 0.3996 0.6694
vn -0.0897 0.7429 0.6633
vn 0.0857 -0.4895 0.8678
vn -0.3743 0.4424 0.8150
vn 0.7973 -0.5582 -0.2297
vn -0.4044 -0.2432 0.8817
vn 0.0608 0.7162 0.6952
vn -0.5418 -0.6225 -0.5648
vn -0.9534 -0.1599 -0.2558
vn -0.8064 -0.0511 -0.5892
vn 0.9237 -0.2234 -0.3112
vn -0.4856 -0.7269 -0.4856
vn -0.2148 -0.8786 0.4264
vn -0.6917 -0.7036 -0.1630
vn 0.2177 -0.8932 0.3935
vn 0.8268 0.2799 0.4879
vn -0.8978 -0.0562 -0.4368
vn -0.6627 0.1668 0.7301
vn 0.0058 0.6492 0.7606
vn -0.6860 -0.7185 0.1151
vn 0.1159 -0.8261 0.5515
vn 0.0007 0.9835 -0.1811
vn 0.2384 -0.7495 0.6176
vn -0.6980 -0.0242 0.7156
vn -0.6964 -0.7165 0.0408
vn 0.8588 -0.1090 0.5006
vn -0.0083 0.7914 0.6112
vn 0.8223 -0.3377 0.4580
vn -0.0284 -0.6696 0.7422
vn -0.6777 -0.7111 0.1875
vn 0.2793 0.7579 0.5895
vn -0.0786 -0.9797 -0.1846
vn 0.8599 0.1389 -0.4912
vn 0.7037 -0.1087 0.7022
vn -0.6921 -0.7128 0.1139
vn -0.6475 0.7260 -0.2318
vn -0.0573 0.6546 0.7538
vn 0.9141 0.2159 0.3432
vn -0.7461 0.5564 0.3656
vn 0.7175 0.1904 0.6700
vn 0.8023 0.3734 0.4657
vn 0.4392 0.6739 -0.5942
vn 0.7310 0.2474 -0.6360
vn -0.1649 0.6739 0.7202
vn -0.2982 -0.8632 -0.4074
vn 0.2868 -0.6173 -0.7326
vn 0.0985 -0.7574 0.6455
vn -0.6017 -0.5898 -0.5387
vn 0.7006 0.5122 -0.4969
vn -0.1498 -0.8594 -0.4888
vn 0.6628 -0.3501 0.6619
vn 0.6639 0.5898 -0.4598
vn -0.5256 0.6261 -0.5761
vn 0.6219 -0.7402 0.2555
vn 0.4165 0.0172 0.9090
vn -0.4738 -0.6488 -0.5954
vn -0.7782 0.2305 0.5842
vn 0.4639 0.8461 -0.2626
vn 0.0656 0.8205 -0.5678
vn -0.9101 0.1947 -0.3657
vn -0.8063 -0.0074 0.5914
vn 0.6043 -0.7896 0.1065
vn 0.1084 0.8841 -0.4546
vn 0.6263 0.3996 0.6694
vn 0.0857 -0.4894 0.8678
vn 0.0607 0.7162 0.6953
vn 0.3489 0.8652 -0.3601
vn -0.9231 -0.3142 -0.2218
vn 0.7702 -0.3475 0.5348
vn -0.0260 0.6856 0.7275
vn -0.5784 -0.4448 -0.6838
vn -0.7292 0.2361 0.6423
vn -0.6428 0.5298 0.5533
vn 0.7937 0.4704 -0.3856
vn 0.4741 0.5579 -0.6811
vn 0.4379 -0.5058 -0.7432
vn 0.7478 -0.5911 0.3025
vn 0.5498 0.5304 -0.6453
vn 0.0373 0.9146 0.4026
vn -0.7934 -0.2063 -0.5727
vn -0.9815 0.1717 -0.0842
vn -0.8283 0.1003 -0.5513
vn 0.9570 -0.0499 -0.2859
vn -0.7141 -0.4036 -0.5720
vn -0.4025 -0.8944 0.1951
vn 0.7159 -0.5884 -0.3759
vn 0.3110 -0.9147 0.2581
vn -0.9207 -0.2112 -0.3283
vn -0.9934 0.1075 -0.0403
vn -0.8838 -0.1339 -0.4483
vn 0.9954 0.0716 -0.0632
vn -0.4855 -0.7269 -0.4856
vn 0.2178 -0.8932 0.3935
vn 0.0057 0.6493 0.7605
vn -0.6963 -0.7166 0.0408
vn 0.8588 -0.1089 0.5006
vn -0.0283 -0.6697 0.7421
vn 0.2793 0.7579 0.5896
vn 0.2869 -0.6171 -0.7327
vn -0.5256 0.6261 -0.5760
vn 0.6219 -0.7403 0.2554
vn -0.7291 0.2362 0.6424
vn 0.4446 -0.4997 -0.7434
vn -0.5468 -0.1611 0.8216
vn -0.2279 0.8701 0.4371
vn 0.8406 -0.3291 0.4302
vn 0.0363 -0.7111 0.7022
vn -0.7122 -0.7007 0.0427
vn 0.2600 0.6655 0.6996
vn -0.3887 -0.8465 -0.3637
vn 0.9187 0.0161 -0.3946
vn 0.6255 -0.2346 0.7441
vn -0.7161 -0.6979 -0.0139
vn -0.9816 0.1716 -0.0842
vn -0.4025 -0.8944 0.1950
vn 0.3109 -0.9148 0.2580
vn -0.5728 0.7776 -0.2592
vn -0.0030 0.7416 0.6709
vn 0.8137 0.4587 0.3570
vn -0.7309 0.5129 0.4503
vn 0.6800 0.2727 0.6806
vn 0.8374 0.3944 0.3784
vn 0.4683 0.6580 -0.5897
vn 0.7241 0.2391 -0.6469
vn -0.2009 0.6389 0.7426
vn -0.2573 -0.8797 -0.4000
vn 0.3123 -0.6161 -0.7231
vn 0.1486 -0.7173 0.6808
vn -0.6203 -0.5669 -0.5421
vn -0.5527 -0.6109 -0.5669
vn -0.2921 -0.9058 0.3070
vn 0.6964 -0.6657 -0.2682
vn 0.2131 -0.9125 0.3492
vn -0.5582 -0.5910 -0.5824
vn -0.9408 -0.1432 -0.3072
vn -0.7224 0.0841 -0.6864
vn 0.8135 -0.3314 -0.4779
vn -0.9340 0.2613 -0.2435
vn 0.6338 0.4521 -0.6276
vn -0.7551 -0.3250 -0.5694
vn -0.7243 -0.3407 -0.5994
vn 0.9314 0.0843 -0.3541
vn -0.7640 0.4489 -0.4635
vn 0.6009 0.5605 -0.5699
vn 0.1041 0.8352 0.5400
vn -0.1713 0.9050 -0.3894
vn 0.6460 0.5665 0.5117
vn -0.0796 0.9908 -0.1094
vn 0.0339 0.8212 0.5696
vn -0.5186 -0.2943 -0.8028
vn -0.6427 -0.5013 -0.5793
vn -0.3509 0.8702 -0.3460
vn 0.1666 0.7575 0.6312
vn 0.8797 0.2924 0.3750
vn -0.7675 0.5463 0.3353
vn 0.6003 0.4270 0.6762
vn 0.7892 0.1653 0.5914
vn 0.4316 -0.6221 -0.6532
vn -0.7113 0.6456 -0.2780
vn 0.5742 0.6128 -0.5429
vn -0.4022 -0.8261 -0.3947
vn -0.3648 0.7465 0.5565
vn -0.0301 -0.9035 0.4275
vn -0.4087 0.5783 -0.7060
vn 0.6242 0.4759 -0.6196
vn -0.0379 0.8709 0.4900
vn 0.1220 -0.5695 0.8129
vn -0.5455 0.5350 0.6452
vn 0.8074 -0.5592 -0.1880
vn -0.4783 -0.3698 0.7966
vn 0.1884 0.8101 0.5551
vn -0.9207 -0.2111 -0.3283
vn 0.9954 0.0715 -0.0632
vn -0.8041 0.2692 0.5300
vn -0.9675 0.2026 0.1511
vn -0.7659 -0.2182 0.6048
vn 0.9475 0.0451 0.3165
vn 0.7463 -0.5670 0.3486
vn -0.4964 -0.8583 -0.1298
vn -0.7145 -0.3621 0.5987
vn 0.4033 -0.8929 -0.2004
vn -0.8012 -0.0480 0.5964
vn -0.9539 -0.1668 0.2497
vn -0.5385 -0.6203 0.5703
vn 0.9241 -0.2300 0.3053
vn -0.6921 -0.7006 0.1734
vn -0.2224 -0.8788 -0.4222
vn -0.4822 -0.7259 0.4905
vn 0.2246 -0.8934 -0.3891
vn -0.6556 0.1676 -0.7363
vn -0.8997 -0.0638 0.4318
vn 0.8261 0.2883 -0.4842
vn 0.0050 0.6430 -0.7659
vn -0.6884 -0.7179 -0.1040
vn 0.2389 -0.7438 -0.6242
vn -0.0074 0.9843 0.1765
vn 0.1229 -0.8278 -0.5474
vn -0.6916 -0.0303 0.7216
vn -0.6976 -0.7159 -0.0297
vn 0.8209 -0.3461 -0.4543
vn -0.0168 0.7937 -0.6081
vn 0.8538 -0.1102 -0.5088
vn -0.0287 -0.6635 -0.7476
vn -0.6801 -0.7115 -0.1765
vn 0.8612 0.1457 0.4869
vn -0.0866 -0.9799 0.1798
vn 0.2796 0.7525 -0.5964
vn -0.6933 -0.7133 -0.1026
vn 0.7119 -0.1017 0.6949
vn 0.4341 0.6711 0.6009
vn 0.8011 0.3805 -0.4620
vn 0.7132 0.1986 -0.6722
vn 0.7251 0.2437 0.6441
vn -0.1738 0.6726 -0.7193
vn -0.2922 -0.8621 0.4141
vn 0.2846 -0.6129 0.7371
vn 0.0933 -0.7567 -0.6471
vn -0.6025 -0.5841 0.5439
vn 0.9103 0.2194 -0.3511
vn -0.0494 0.6604 -0.7492
vn -0.6531 0.7230 0.2254
vn -0.7466 0.5513 -0.3723
vn -0.9141 0.1922 0.3570
vn 0.0579 0.8180 0.5723
vn 0.4725 0.8440 0.2538
vn -0.7995 -0.0074 -0.6006
vn 0.6102 -0.7863 -0.0969
vn 0.1018 0.8815 0.4610
vn 0.6619 -0.3427 -0.6666
vn -0.1574 -0.8608 0.4840
vn 0.7049 0.5067 0.4964
vn 0.6597 0.5901 0.4654
vn 0.6282 -0.7386 -0.2447
vn -0.5211 0.6261 0.5800
vn 0.4077 0.0105 -0.9131
vn -0.4682 -0.6471 0.6017
vn -0.7764 0.2414 -0.5821
vn 0.7728 -0.3532 -0.5272
vn -0.9226 -0.3198 0.2156
vn 0.3570 0.8640 0.3551
vn -0.0335 0.6884 -0.7245
vn -0.6398 0.5348 -0.5519
vn -0.7290 0.2442 -0.6394
vn -0.5770 -0.4401 0.6880
vn 0.7967 0.4708 0.3790
vn 0.4688 0.5574 0.6852
vn 0.4529 -0.4864 0.7472
vn 0.7511 -0.5890 -0.2982
vn 0.5497 0.5357 0.6409
vn 0.0308 0.9166 -0.3986
vn -0.8226 0.1094 0.5581
vn -0.9835 0.1636 0.0775
vn -0.7907 -0.1978 0.5794
vn 0.9588 -0.0575 0.2781
vn 0.7181 -0.5804 0.3840
vn -0.4098 -0.8918 -0.1919
vn -0.7113 -0.3981 0.5793
vn 0.3183 -0.9133 -0.2541
vn 0.9475 0.0451 0.3166
vn -0.8831 -0.1231 0.4527
vn -0.9946 0.1005 0.0277
vn -0.9230 -0.1967 0.3309
vn 0.9966 0.0646 0.0508
vn -0.9539 -0.1669 0.2497
vn 0.9241 -0.2299 0.3053
vn -0.4822 -0.7259 0.4904
vn -0.6556 0.1675 -0.7363
vn -0.0288 -0.6634 -0.7477
vn 0.2845 -0.6134 0.7368
vn 0.6598 0.5901 0.4654
vn -0.9675 0.2027 0.1512
vn -0.9226 -0.3198 0.2157
vn -0.0335 0.6885 -0.7245
vn 0.4385 -0.4994 0.7472
vn 0.0308 0.9167 -0.3985
vn 0.8405 -0.3355 -0.4255
vn -0.2363 0.8694 -0.4340
vn -0.5394 -0.1621 -0.8263
vn 0.0363 -0.7056 -0.7077
vn -0.7139 -0.6995 -0.0315
vn 0.9204 0.0232 0.3904
vn -0.3949 -0.8458 0.3587
vn 0.2588 0.6600 -0.7053
vn -0.7169 -0.6967 0.0252
vn 0.6197 -0.2337 -0.7492
vn 0.9588 -0.0575 0.2782
vn 0.3184 -0.9133 -0.2541
vn 0.4635 0.6554 0.5963
vn 0.8362 0.4009 -0.3741
vn 0.6752 0.2807 -0.6822
vn 0.7182 0.2357 0.6547
vn -0.2096 0.6378 -0.7412
vn -0.2507 -0.8787 0.4062
vn 0.3171 -0.6061 0.7295
vn 0.1429 -0.7166 -0.6827
vn -0.6214 -0.5609 0.5471
vn 0.8086 0.4617 -0.3647
vn 0.0047 0.7465 -0.6654
vn -0.5783 0.7755 0.2532
vn -0.7310 0.5070 -0.4567
vn 0.9177 -0.3961 -0.0317
vn 0.3959 -0.8991 -0.1865
vn 0.7468 -0.5749 0.3344
vn 0.6761 -0.2629 -0.6883
vn -0.8685 0.4743 0.1439
vn -0.8331 -0.0716 0.5485
vn 0.9977 -0.0371 0.0569
vn -0.8977 -0.0896 0.4314
vn -0.9905 0.1207 0.0653
vn -0.7207 -0.3350 0.6070
vn 0.9908 -0.0500 0.1261
vn 0.4287 -0.6178 0.6592
vn 0.7907 0.1725 -0.5874
vn 0.5976 0.4343 -0.6740
vn -0.7138 0.6459 0.2706
vn 0.5713 0.6112 0.5477
vn -0.3956 -0.8268 0.3999
vn -0.3649 0.7423 -0.5620
vn -0.0340 -0.9026 -0.4291
vn -0.4081 0.5738 0.7101
vn 0.8759 0.2955 -0.3815
vn 0.1743 0.7599 -0.6262
vn -0.3584 0.8693 0.3404
vn -0.7683 0.5415 -0.3413
vn -0.7190 -0.6326 0.2878
vn 0.4727 -0.8576 0.2026
vn -0.4704 0.8559 -0.2151
vn 0.6200 0.4743 0.6250
vn -0.5401 0.5349 -0.6498
vn 0.8090 -0.5530 0.1993
vn -0.4704 -0.3739 -0.7993
vn 0.1740 0.8118 -0.5574
vn 0.9966 0.0645 0.0508
vn 0.6004 0.4269 0.6762
vn -0.4248 0.5691 -0.7041
vn -0.6726 -0.4000 -0.6226
vn -0.9918 -0.1193 -0.0448
vn -0.7112 -0.1452 -0.6878
vn 0.8829 -0.4067 -0.2347
vn 0.6856 -0.6742 -0.2746
vn 0.1727 -0.9094 0.3785
vn -0.5862 -0.6071 -0.5365
vn -0.2407 -0.9111 0.3345
vn -0.6777 -0.7110 0.1875
vn 0.8023 0.3733 0.4657
vn 0.2888 -0.6153 -0.7334
vn -0.1499 -0.8594 -0.4888
vn 0.6219 -0.7402 0.2554
vn 0.6042 -0.7897 0.1064
vn 0.1085 0.8841 -0.4546
vn 0.4741 0.5579 -0.6812
vn 0.4495 -0.4956 -0.7432
vn 0.5498 0.5305 -0.6453
vn -0.5519 -0.1572 0.8190
vn 0.0337 -0.7091 0.7043
vn -0.7127 -0.7004 0.0397
vn 0.2568 0.6663 0.7001
vn -0.3888 -0.8465 -0.3637
vn 0.6261 -0.2321 0.7444
vn -0.7160 -0.6979 -0.0129
vn 0.3109 -0.9147 0.2581
vn -0.5727 0.7777 -0.2593
vn 0.3056 -0.6235 -0.7196
vn -0.6204 -0.5669 -0.5420
vn -0.7243 -0.3407 -0.5995
vn -0.1714 0.9050 -0.3894
vn -0.5184 -0.2945 -0.8028
vn -0.4217 0.5715 -0.7039
vn 0.1221 -0.5695 0.8129
vn 0.7973 -0.5581 -0.2297
vn -0.4044 -0.2432 0.8816
vn 0.8224 -0.3376 0.4579
vn 0.4392 0.6738 -0.5942
vn 0.7310 0.2473 -0.6360
vn 0.2859 -0.6178 -0.7325
vn -0.5256 0.6260 -0.5761
vn -0.7782 0.2306 0.5842
vn -0.3742 0.4425 0.8149
vn -0.6429 0.5298 0.5532
vn 0.7938 0.4704 -0.3856
vn 0.4580 -0.4870 -0.7436
vn -0.5467 -0.1611 0.8216
vn 0.2599 0.6656 0.6996
vn -0.2574 -0.8796 -0.4000
vn 0.2967 -0.6323 -0.7157
vn -0.4022 -0.8261 -0.3948
vn -0.4118 0.5766 -0.7056
vn -0.6963 -0.7165 0.0408
vn 0.2878 -0.6163 -0.7331
vn 0.4462 -0.4983 -0.7434
vn -0.5603 -0.1486 0.8149
vn 0.0276 -0.7045 0.7092
vn 0.6989 -0.7019 -0.1377
vn 0.2493 0.6680 0.7012
vn 0.6275 -0.2262 0.7450
vn 0.7045 -0.7037 -0.0917
vn 0.2978 -0.6290 -0.7181
vn -0.5527 -0.6109 -0.5668
vn -0.9408 -0.1431 -0.3072
vn -0.5185 -0.2944 -0.8028
vn 0.6003 0.4269 0.6762
vn -0.4180 0.5736 -0.7044
vn 0.5976 0.4343 -0.6739
vn -0.7139 0.6459 0.2706
vn -0.4193 0.5674 0.7087
vn 0.1743 0.7598 -0.6263
vn -0.3583 0.8693 0.3404
vn -0.7062 -0.1394 0.6942
vn -0.9914 -0.1257 0.0369
vn -0.6697 -0.3945 0.6292
vn 0.8826 -0.4122 0.2261
vn -0.5834 -0.6044 0.5425
vn 0.1798 -0.9101 -0.3734
vn -0.2483 -0.9105 -0.3305
vn 0.4033 -0.8928 -0.2004
vn -0.4823 -0.7259 0.4904
vn 0.2245 -0.8934 -0.3891
vn 0.8261 0.2884 -0.4842
vn 0.2840 -0.6138 0.7367
vn 0.6598 0.5900 0.4654
vn 0.4077 0.0104 -0.9131
vn 0.4452 -0.4937 0.7470
vn 0.0307 0.9167 -0.3985
vn -0.2362 0.8694 -0.4340
vn -0.5447 -0.1582 -0.8236
vn 0.0337 -0.7036 -0.7098
vn -0.7143 -0.6993 -0.0285
vn 0.2556 0.6607 -0.7058
vn -0.7168 -0.6969 0.0242
vn 0.6203 -0.2312 -0.7496
vn 0.7182 -0.5804 0.3840
vn -0.2097 0.6378 -0.7412
vn 0.2762 -0.6423 0.7150
vn 0.6762 -0.2630 -0.6882
vn 0.5976 0.4344 -0.6739
vn -0.4067 0.5741 0.7107
vn -0.7190 -0.6326 0.2879
vn -0.4964 -0.8584 -0.1298
vn -0.4823 -0.7258 0.4905
vn 0.0051 0.6430 -0.7659
vn 0.2822 -0.6153 0.7360
vn -0.6025 -0.5840 0.5439
vn 0.9103 0.2195 -0.3511
vn -0.7996 -0.0073 -0.6005
vn 0.1019 0.8815 0.4610
vn 0.6282 -0.7385 -0.2447
vn -0.7765 0.2414 -0.5821
vn 0.7464 -0.5670 0.3486
vn -0.9226 -0.3199 0.2157
vn 0.3569 0.8640 0.3551
vn 0.4460 -0.4927 0.7472
vn -0.7169 -0.6968 0.0252
vn -0.2097 0.6378 -0.7411
vn 0.2812 -0.6396 0.7155
vn 0.1428 -0.7166 -0.6827
vn -0.5783 0.7755 0.2533
vn 0.3959 -0.8992 -0.1865
vn 0.6979 -0.6601 0.2778
vn 0.8682 -0.1165 -0.4823
vn -0.5499 -0.6086 0.5721
vn 0.2195 -0.9129 -0.3442
vn -0.7155 0.0877 0.6931
vn -0.9415 -0.1497 0.3020
vn -0.5553 -0.5884 0.5877
vn 0.8142 -0.3381 0.4720
vn -0.3648 0.7423 -0.5621
vn -0.4181 0.5686 0.7084
vn 0.8759 0.2956 -0.3813
vn 0.2858 -0.6119 0.7375
vn 0.4483 -0.4913 0.7468
vn -0.5531 -0.1495 -0.8196
vn 0.0275 -0.6990 -0.7146
vn 0.6975 -0.7010 0.1486
vn 0.2482 0.6624 -0.7068
vn 0.7038 -0.7029 0.1028
vn 0.6217 -0.2252 -0.7502
vn 0.3031 -0.6197 0.7239
vn -0.8331 -0.0716 0.5484
vn -0.4150 0.5701 0.7091
vn 0.6200 0.4742 0.6250
vn 0.3880 0.8520 -0.3515
vn -0.4445 0.3258 -0.8344
vn 0.4976 -0.7775 -0.3846
vn -0.6439 -0.7384 -0.2004
vn 0.1032 -0.9797 0.1720
vn -0.3501 0.8832 -0.3122
vn 0.5655 0.5776 0.5887
vn -0.3741 0.7468 -0.5499
vn 0.7702 -0.6244 0.1300
vn 0.3879 0.8520 -0.3515
vn -0.4446 0.3257 -0.8344
vn -0.6825 0.2036 -0.7020
vn -0.5098 -0.2706 -0.8166
vn -0.3433 0.3832 -0.8575
vn 0.6641 -0.2841 -0.6916
vn 0.1191 -0.5856 -0.8018
vn 0.3103 0.8620 -0.4008
vn 0.2431 0.2579 -0.9351
vn 0.2426 0.2585 -0.9351
vn 0.6640 -0.2841 -0.6916
vn 0.2427 0.2581 -0.9351
vn 0.2429 0.2581 -0.9351
vn 0.2430 0.2582 -0.9350
vn -0.6825 0.2035 -0.7020
vn 0.2427 0.2580 -0.9352
vn 0.2428 0.2584 -0.9350
vn 0.2432 0.2578 -0.9351
vn -0.8993 0.3201 -0.2981
vn 0.3924 -0.3859 0.8349
vn 0.0657 -0.7205 0.6903
vn -0.7694 -0.2254 -0.5977
vn 0.7444 -0.5747 -0.3399
vn 0.8848 0.2011 -0.4202
vn -0.3873 -0.0973 0.9168
vn 0.2429 0.2582 -0.9351
vn -0.3433 0.3833 -0.8575
vn 0.2429 0.2580 -0.9351
vn 0.5909 -0.6932 0.4127
vn -0.6918 0.1060 0.7142
vn 0.1014 0.8564 0.5062
vn 0.5604 0.6143 -0.5554
vn -0.0887 0.8624 0.4984
vn 0.1901 -0.8680 -0.4588
vn -0.6235 -0.6437 0.4436
vn 0.5404 0.6747 0.5028
vn -0.7463 -0.6646 -0.0359
vn 0.1192 -0.5856 -0.8018
vn 0.2427 0.2583 -0.9351
vn -0.8993 0.3201 -0.2980
vn -0.7693 -0.2255 -0.5977
vn 0.7445 -0.5747 -0.3399
vn 0.8848 0.2011 -0.4203
vn 0.5793 -0.7328 0.3570
vn -0.4100 0.3517 0.8416
vn 0.4578 0.6630 0.5924
vn 0.5537 0.5962 0.5814
vn -0.4487 0.7388 0.5028
vn 0.2629 -0.8378 -0.4786
vn -0.7308 -0.6755 0.0977
vn -0.3594 0.5765 0.7338
vn 0.8078 -0.5575 -0.1914
vn 0.8849 0.2011 -0.4202
vn 0.2428 0.2582 -0.9351
vn 0.3214 0.8664 -0.3821
vn -0.8058 -0.3448 -0.4815
vn 0.5637 0.7934 0.2296
vn 0.6747 0.4348 -0.5964
vn 0.4217 0.5213 -0.7419
vn -0.6818 0.3478 -0.6436
vn -0.2012 0.5091 -0.8369
vn -0.5593 0.7965 0.2297
vn -0.6919 0.1060 0.7142
vn 0.5604 0.6144 -0.5554
vn -0.0888 0.8624 0.4984
vn -0.6236 -0.6437 0.4436
vn 0.5404 0.6746 0.5029
vn -0.7463 -0.6646 -0.0358
vn 0.2430 0.2579 -0.9351
vn -0.5097 -0.2706 -0.8167
vn 0.2432 0.2579 -0.9351
vn 0.2424 0.2586 -0.9351
vn 0.2430 0.2580 -0.9351
vn 0.2425 0.2584 -0.9351
vn 0.2428 0.2581 -0.9351
vn -0.9532 -0.0395 -0.2999
vn 0.7225 -0.1163 0.6815
vn 0.1141 0.6902 0.7146
vn 0.0844 0.8928 -0.4424
vn -0.7163 -0.6977 -0.0099
vn 0.1761 -0.8702 0.4603
vn -0.7974 0.0802 0.5980
vn 0.1921 -0.8237 0.5335
vn -0.6663 -0.0454 0.7443
vn -0.7179 -0.6930 -0.0665
vn -0.4100 0.3517 0.8415
vn 0.2629 -0.8377 -0.4786
vn 0.6824 -0.2668 0.6805
vn 0.7446 -0.5827 -0.3256
vn 0.1419 0.0311 -0.9894
vn -0.8618 0.4837 -0.1528
vn -0.6088 0.0281 0.7929
vn -0.8368 -0.0812 -0.5414
vn 0.9156 0.2436 -0.3199
vn 0.5681 0.6902 -0.4481
vn -0.6521 -0.6887 0.3168
vn 0.7676 -0.6265 -0.1351
vn 0.5108 -0.7105 0.4840
vn 0.5412 0.6344 0.5519
vn -0.1425 0.8167 0.5592
vn -0.0101 -0.9099 -0.4147
vn 0.1675 0.8038 0.5709
vn -0.7457 0.0719 0.6624
vn 0.4220 0.5210 -0.7419
vn -0.3386 0.3873 0.8575
vn -0.5033 -0.2748 0.8192
vn -0.6782 0.2054 0.7056
vn 0.6610 -0.2790 0.6966
vn 0.1123 -0.5836 0.8042
vn 0.3110 0.8648 0.3942
vn -0.3141 0.0570 0.9477
vn -0.5034 -0.2748 0.8192
vn -0.3142 0.0565 0.9477
vn -0.5033 -0.2747 0.8192
vn 0.1123 -0.5837 0.8042
vn -0.3141 0.0571 0.9477
vn 0.3109 0.8648 0.3942
vn -0.3142 0.0563 0.9477
vn -0.3142 0.0566 0.9477
vn -0.3144 0.0563 0.9476
vn -0.3144 0.0559 0.9476
vn -0.5034 -0.2747 0.8192
vn -0.3144 0.0564 0.9476
vn 0.3349 0.6838 -0.6483
vn -0.4931 0.2360 -0.8373
vn 0.6339 -0.6325 -0.4451
vn -0.8114 -0.5653 -0.1484
vn 0.3580 -0.7293 0.5830
vn -0.3210 0.7366 -0.5953
vn 0.6311 0.4015 -0.6637
vn -0.3667 0.4422 -0.8185
vn 0.7987 -0.5516 0.2405
vn -0.3146 0.0556 0.9476
vn -0.3143 0.0565 0.9476
vn -0.3142 0.0562 0.9477
vn 0.0941 0.8593 -0.5027
vn -0.6957 0.0975 -0.7116
vn 0.5921 -0.6965 -0.4053
vn -0.6255 -0.6466 -0.4367
vn 0.1975 -0.8695 0.4528
vn -0.0819 0.8651 -0.4949
vn 0.5563 0.6141 0.5599
vn -0.4915 0.6868 -0.5355
vn -0.7467 -0.6635 0.0474
vn 0.6609 -0.2790 0.6966
vn -0.3144 0.0565 0.9476
vn -0.3143 0.0564 0.9476
vn -0.3145 0.0561 0.9476
vn 0.3579 -0.7293 0.5831
vn 0.4524 0.6694 -0.5893
vn -0.4196 0.3431 -0.8403
vn 0.5804 -0.7354 -0.3499
vn -0.7319 -0.6755 -0.0895
vn 0.2712 -0.8405 0.4690
vn -0.4412 0.7435 -0.5026
vn 0.5577 0.5969 -0.5768
vn -0.3528 0.5763 -0.7372
vn 0.8091 -0.5517 0.2027
vn -0.3142 0.0564 0.9477
vn -0.3141 0.0565 0.9477
vn -0.3145 0.0559 0.9476
vn 0.5539 0.8003 -0.2294
vn -0.8028 -0.3390 0.4905
vn 0.3219 0.8702 0.3729
vn 0.6711 0.4310 0.6032
vn 0.4177 0.5191 0.7457
vn -0.6873 0.3480 0.6375
vn -0.2001 0.5173 0.8321
vn -0.5498 0.8031 -0.2296
vn -0.3144 0.0559 0.9477
vn -0.3143 0.0561 0.9477
vn -0.6957 0.0976 -0.7117
vn -0.7467 -0.6634 0.0474
vn -0.3139 0.0579 0.9477
vn -0.3141 0.0567 0.9477
vn -0.3145 0.0560 0.9476
vn -0.3143 0.0566 0.9476
vn -0.4931 0.2360 -0.8374
vn -0.9544 -0.0467 0.2948
vn 0.0920 0.8944 0.4378
vn 0.1123 0.6840 -0.7208
vn 0.7168 -0.1141 -0.6879
vn -0.7180 -0.6958 0.0210
vn -0.6603 -0.0451 -0.7497
vn -0.7186 -0.6911 0.0776
vn 0.1927 -0.8187 -0.5409
vn 0.1837 -0.8704 -0.4567
vn -0.7989 0.0887 -0.5950
vn -0.4196 0.3431 -0.8404
vn 0.3298 0.8409 -0.4292
vn -0.8007 -0.3721 0.4695
vn 0.4167 0.8139 0.4048
vn 0.5968 0.5598 0.5749
vn 0.3460 0.5746 0.7417
vn 0.5306 0.5696 0.6277
vn -0.5766 0.6634 0.4769
vn -0.2682 0.8460 -0.4608
vn 0.4188 0.5181 0.7458
vn -0.6874 0.3479 0.6375
vn -0.2002 0.5173 0.8321
vn -0.5498 0.8031 -0.2297
vn 0.2430 0.2578 -0.9351
vn 0.2427 0.2580 -0.9351
vn 0.2426 0.2583 -0.9351
vn 0.2430 0.2581 -0.9351
vn 0.2428 0.2583 -0.9351
vn 0.5147 -0.7512 0.4132
vn -0.4844 0.3130 0.8169
vn 0.4231 0.8107 0.4047
vn 0.5143 0.6693 -0.5362
vn -0.3562 0.8659 0.3511
vn 0.0317 -0.9806 -0.1932
vn -0.6190 -0.7435 0.2531
vn 0.6222 0.6342 0.4591
vn 0.7695 -0.6276 -0.1183
vn 0.2431 0.2578 -0.9351
vn 0.4222 0.5208 -0.7419
vn 0.2431 0.2580 -0.9351
vn 0.2429 0.2579 -0.9351
vn 0.5909 -0.6931 0.4128
vn 0.2433 0.2579 -0.9351
vn 0.7196 -0.1138 0.6850
vn 0.1115 0.6926 0.7127
vn -0.7162 -0.6978 -0.0092
vn 0.1900 -0.8203 0.5395
vn -0.6678 -0.0419 0.7432
vn -0.7176 -0.6937 -0.0618
vn -0.7308 -0.6756 0.0977
vn 0.2427 0.2584 -0.9351
vn 0.2426 0.2582 -0.9351
vn 0.4199 0.5231 -0.7416
vn 0.2425 0.2583 -0.9352
vn 0.2425 0.2582 -0.9351
vn 0.1015 0.8564 0.5063
vn 0.2429 0.2579 -0.9352
vn 0.2434 0.2579 -0.9350
vn 0.2431 0.2581 -0.9350
vn 0.2436 0.2573 -0.9351
vn 0.5656 0.6913 -0.4497
vn -0.0102 -0.9099 -0.4146
vn 0.4237 0.5191 -0.7423
vn 0.4207 0.5224 -0.7417
vn 0.2428 0.2580 -0.9351
vn 0.7097 -0.1070 0.6963
vn 0.1046 0.6953 0.7111
vn 0.6971 -0.6958 -0.1730
vn 0.1852 -0.8095 0.5571
vn -0.6712 -0.0339 0.7405
vn 0.7037 -0.6990 -0.1272
vn 0.4230 0.5199 -0.7422
vn -0.3145 0.0554 0.9477
vn -0.3143 0.0563 0.9476
vn -0.3144 0.0568 0.9476
vn 0.4185 0.8157 -0.3992
vn -0.4907 0.3032 -0.8169
vn 0.5145 -0.7552 -0.4061
vn -0.6205 -0.7452 -0.2442
vn 0.0392 -0.9821 0.1842
vn -0.3496 0.8699 -0.3478
vn 0.5110 0.6684 0.5405
vn -0.4288 0.7897 -0.4388
vn 0.3581 -0.7293 0.5830
vn -0.3144 0.0560 0.9476
vn 0.4172 0.5196 0.7457
vn -0.6957 0.0976 -0.7116
vn 0.1974 -0.8695 0.4528
vn -0.9544 -0.0467 0.2947
vn 0.1097 0.6865 -0.7188
vn 0.7138 -0.1117 -0.6914
vn -0.7177 -0.6960 0.0204
vn -0.6618 -0.0416 -0.7486
vn -0.7182 -0.6919 0.0730
vn 0.1905 -0.8152 -0.5469
vn 0.5804 -0.7353 -0.3499
vn -0.7319 -0.6756 -0.0895
vn 0.3465 0.5741 0.7418
vn 0.4173 0.5194 0.7457
vn -0.3141 0.0563 0.9477
vn 0.4161 0.5206 0.7455
vn -0.3144 0.0558 0.9477
vn -0.3144 0.0558 0.9476
vn -0.3143 0.0562 0.9476
vn 0.7986 -0.5516 0.2405
vn 0.1122 0.6840 -0.7208
vn -0.7187 -0.6910 0.0777
vn 0.5803 -0.7354 -0.3499
vn 0.7684 -0.6229 0.1468
vn -0.6541 -0.6902 -0.3095
vn 0.5608 0.6931 0.4529
vn 0.3640 0.5390 -0.7596
vn 0.5451 0.6346 -0.5479
vn -0.1354 0.8198 -0.5564
vn -0.0017 -0.9126 0.4089
vn 0.1628 0.8080 -0.5663
vn -0.7502 0.0634 -0.6582
vn 0.3298 0.8409 -0.4291
vn 0.4167 0.8140 0.4048
vn 0.3466 0.5742 0.7418
vn 0.4182 0.5186 0.7458
vn -0.3144 0.0561 0.9476
vn 0.4180 0.5188 0.7457
vn -0.3143 0.0562 0.9477
vn -0.3144 0.0562 0.9476
vn 0.1028 0.6893 -0.7171
vn 0.7039 -0.1048 -0.7025
vn 0.6957 -0.6943 0.1840
vn -0.6652 -0.0336 -0.7459
vn 0.7031 -0.6976 0.1381
vn 0.1857 -0.8044 -0.5643
vn 0.3457 0.5748 0.7417
vn 0.4169 0.5199 0.7456
usemtl AM_A_1000_2
s 1
f 4270/4270/3629 4272/4271/3630 4271/4272/3631
f 4271/4272/3631 4273/4273/3632 4270/4270/3629
f 4270/4270/3633 4275/4274/3634 4274/4275/3635
f 4274/4275/3635 4276/4276/3636 4270/4270/3633
f 4277/4277/3629 4279/4278/3630 4278/4279/3631
f 4278/4279/3631 4280/4280/3632 4277/4277/3629
f 4277/4277/3633 4282/4281/3634 4281/4282/3635
f 4281/4282/3635 4283/4283/3636 4277/4277/3633
f 4284/4284/3637 4286/4285/3638 4285/4286/3639
f 4285/4286/3639 4287/4287/3640 4284/4284/3637
f 4287/4287/3640 4285/4286/3639 4288/4288/3641
f 4288/4288/3641 4289/4289/3642 4287/4287/3640
f 4284/4284/3637 4287/4287/3640 4289/4289/3642
f 4289/4289/3642 4290/4290/3643 4284/4284/3637
f 4291/4291/3644 4293/4292/3645 4292/4293/3646
f 4292/4293/3646 4294/4294/3647 4291/4291/3644
f 4292/4293/3648 4296/4295/3649 4295/4296/3650
f 4295/4296/3650 4297/4297/3651 4292/4293/3648
f 4298/4298/3652 4300/4299/3653 4299/4300/3654
f 4299/4300/3654 4301/4301/3655 4298/4298/3652
f 4301/4301/3655 4299/4300/3654 4302/4302/3656
f 4303/4303/3657 4298/4298/3658 4304/4304/3659
f 4304/4304/3659 4305/4305/3660 4303/4303/3657
f 4302/4302/3661 4305/4305/3660 4304/4304/3659
f 4306/4306/3662 4308/4307/3663 4307/4308/3664
f 4307/4308/3664 4309/4309/3665 4306/4306/3662
f 4310/4310/3666 4306/4306/3662 4309/4309/3665
f 4311/4311/3667 4307/4308/3668 4312/4312/3669
f 4313/4313/3670 4310/4310/3671 4311/4311/3667
f 4311/4311/3667 4312/4312/3669 4313/4313/3670
f 4314/4314/3672 4316/4315/3673 4315/4316/3674
f 4315/4316/3674 4317/4317/3675 4314/4314/3672
f 4318/4318/3676 4320/4319/3677 4319/4320/3678
f 4319/4320/3678 4321/4321/3679 4318/4318/3676
f 4322/4322/3680 4318/4318/3676 4321/4321/3679
f 4321/4321/3679 4323/4323/3681 4322/4322/3680
f 4318/4318/3676 4322/4322/3680 4324/4324/3682
f 4324/4324/3682 4325/4325/3683 4318/4318/3676
f 4326/4326/3684 4324/4324/3682 4322/4322/3680
f 4322/4322/3680 4323/4323/3681 4326/4326/3684
f 4325/4325/3683 4326/4326/3684 4323/4323/3681
f 4324/4324/3682 4326/4326/3684 4325/4325/3683
f 4327/4327/3685 4329/4328/3686 4328/4329/3687
f 4328/4329/3687 4330/4330/3688 4327/4327/3685
f 4330/4330/3688 4328/4329/3687 4331/4331/3689
f 4332/4332/3690 4327/4327/3685 4330/4330/3688
f 4330/4330/3688 4333/4333/3691 4332/4332/3690
f 4333/4333/3691 4330/4330/3688 4331/4331/3689
f 4331/4331/3689 4334/4334/3692 4333/4333/3691
f 4335/4335/3693 4333/4333/3691 4334/4334/3692
f 4336/4336/3694 4338/4337/3695 4337/4338/3696
f 4337/4338/3696 4339/4339/3697 4336/4336/3694
f 4340/4340/3698 4339/4339/3697 4337/4338/3696
f 4337/4338/3696 4341/4341/3699 4340/4340/3698
f 4342/4342/3700 4344/4343/3638 4343/4344/3701
f 4343/4344/3701 4345/4345/3640 4342/4342/3700
f 4345/4345/3640 4343/4344/3701 4346/4346/3641
f 4346/4346/3641 4347/4347/3642 4345/4345/3640
f 4342/4342/3700 4345/4345/3640 4347/4347/3642
f 4347/4347/3642 4348/4348/3702 4342/4342/3700
f 4349/4349/3703 4351/4350/3704 4350/4351/3705
f 4350/4351/3705 4352/4352/3706 4349/4349/3703
f 4353/4353/3707 4355/4354/3708 4354/4355/3709
f 4354/4355/3709 4356/4356/3710 4353/4353/3707
f 4357/4357/3711 4353/4353/3707 4356/4356/3710
f 4358/4358/3712 4356/4356/3710 4354/4355/3709
f 4354/4355/3709 4359/4359/3713 4358/4358/3712
f 4356/4356/3710 4358/4358/3712 4360/4360/3714
f 4360/4360/3714 4357/4357/3711 4356/4356/3710
f 4359/4359/3713 4360/4360/3714 4358/4358/3712
f 4361/4361/3715 4357/4357/3711 4360/4360/3714
f 4360/4360/3714 4359/4359/3713 4361/4361/3715
f 4362/4362/3716 4364/4363/3717 4363/4364/3718
f 4363/4364/3718 4365/4365/3719 4362/4362/3716
f 4363/4364/3720 4367/4366/3721 4366/4367/3722
f 4366/4367/3722 4368/4368/3723 4363/4364/3720
f 4369/4369/3700 4371/4370/3638 4370/4371/3639
f 4370/4371/3639 4372/4372/3640 4369/4369/3700
f 4372/4372/3640 4370/4371/3639 4373/4373/3641
f 4373/4373/3641 4374/4374/3642 4372/4372/3640
f 4369/4369/3700 4372/4372/3640 4374/4374/3642
f 4374/4374/3642 4375/4375/3702 4369/4369/3700
f 4376/4376/3724 4378/4377/3725 4377/4378/3726
f 4377/4378/3726 4379/4379/3727 4376/4376/3724
f 4380/4380/3644 4382/4381/3645 4381/4382/3646
f 4381/4382/3646 4383/4383/3647 4380/4380/3644
f 4381/4382/3728 4385/4384/3649 4384/4385/3650
f 4384/4385/3650 4386/4386/3729 4381/4382/3728
f 4387/4387/3652 4389/4388/3653 4388/4389/3654
f 4388/4389/3654 4390/4390/3730 4387/4387/3652
f 4390/4390/3730 4388/4389/3654 4391/4391/3656
f 4392/4392/3657 4387/4387/3658 4393/4393/3659
f 4393/4393/3659 4394/4394/3660 4392/4392/3657
f 4391/4391/3731 4394/4394/3660 4393/4393/3659
f 4395/4395/3732 4397/4396/3663 4396/4397/3664
f 4396/4397/3664 4398/4398/3733 4395/4395/3732
f 4399/4399/3666 4395/4395/3732 4398/4398/3733
f 4400/4400/3734 4396/4397/3668 4401/4401/3669
f 4402/4402/3670 4399/4399/3671 4400/4400/3734
f 4400/4400/3734 4401/4401/3669 4402/4402/3670
f 4403/4403/3672 4405/4404/3673 4404/4405/3674
f 4404/4405/3674 4406/4406/3675 4403/4403/3672
f 4407/4407/3676 4409/4408/3677 4408/4409/3678
f 4408/4409/3678 4410/4410/3679 4407/4407/3676
f 4411/4411/3680 4407/4407/3676 4410/4410/3679
f 4410/4410/3679 4412/4412/3681 4411/4411/3680
f 4407/4407/3676 4411/4411/3680 4413/4413/3735
f 4413/4413/3735 4414/4414/3683 4407/4407/3676
f 4415/4415/3684 4413/4413/3735 4411/4411/3680
f 4411/4411/3680 4412/4412/3681 4415/4415/3684
f 4414/4414/3683 4415/4415/3684 4412/4412/3681
f 4413/4413/3735 4415/4415/3684 4414/4414/3683
f 4416/4416/3685 4418/4417/3686 4417/4418/3687
f 4417/4418/3687 4419/4419/3688 4416/4416/3685
f 4419/4419/3688 4417/4418/3687 4420/4420/3736
f 4421/4421/3737 4416/4416/3685 4419/4419/3688
f 4419/4419/3688 4422/4422/3691 4421/4421/3737
f 4422/4422/3691 4419/4419/3688 4420/4420/3736
f 4420/4420/3736 4423/4423/3692 4422/4422/3691
f 4424/4424/3693 4422/4422/3691 4423/4423/3692
f 4425/4425/3694 4427/4426/3695 4426/4427/3696
f 4426/4427/3696 4428/4428/3697 4425/4425/3694
f 4429/4429/3698 4428/4428/3697 4426/4427/3696
f 4426/4427/3696 4430/4430/3699 4429/4429/3698
f 4431/4431/3700 4433/4432/3638 4432/4433/3639
f 4432/4433/3639 4434/4434/3640 4431/4431/3700
f 4434/4434/3640 4432/4433/3639 4435/4435/3641
f 4435/4435/3641 4436/4436/3642 4434/4434/3640
f 4431/4431/3700 4434/4434/3640 4436/4436/3642
f 4436/4436/3642 4437/4437/3702 4431/4431/3700
f 4438/4438/3703 4440/4439/3704 4439/4440/3705
f 4439/4440/3705 4441/4441/3706 4438/4438/3703
f 4442/4442/3707 4444/4443/3738 4443/4444/3709
f 4443/4444/3709 4445/4445/3710 4442/4442/3707
f 4446/4446/3711 4442/4442/3707 4445/4445/3710
f 4447/4447/3739 4445/4445/3710 4443/4444/3709
f 4443/4444/3709 4448/4448/3713 4447/4447/3739
f 4445/4445/3710 4447/4447/3739 4449/4449/3714
f 4449/4449/3714 4446/4446/3711 4445/4445/3710
f 4448/4448/3713 4449/4449/3714 4447/4447/3739
f 4450/4450/3715 4446/4446/3711 4449/4449/3714
f 4449/4449/3714 4448/4448/3713 4450/4450/3715
f 4451/4451/3740 4453/4452/3741 4452/4453/3742
f 4452/4453/3742 4454/4454/3743 4451/4451/3740
f 4455/4455/3744 4451/4451/3740 4454/4454/3743
f 4456/4456/3745 4452/4453/3746 4457/4457/3747
f 4458/4458/3748 4455/4455/3749 4456/4456/3745
f 4456/4456/3745 4457/4457/3747 4458/4458/3748
f 4459/4459/3716 4461/4460/3750 4460/4461/3718
f 4460/4461/3718 4462/4462/3719 4459/4459/3716
f 4460/4461/3720 4464/4463/3751 4463/4464/3722
f 4463/4464/3722 4465/4465/3752 4460/4461/3720
f 4466/4466/3753 4468/4467/3754 4467/4468/3755
f 4467/4468/3755 4469/4469/3756 4466/4466/3753
f 4470/4470/3757 4472/4471/3758 4471/4472/3759
f 4471/4472/3759 4473/4473/3760 4470/4470/3757
f 4474/4474/3761 4470/4470/3757 4473/4473/3760
f 4473/4473/3760 4475/4475/3762 4474/4474/3761
f 4470/4470/3757 4474/4474/3761 4476/4476/3763
f 4476/4476/3763 4477/4477/3764 4470/4470/3757
f 4478/4478/3765 4476/4476/3763 4474/4474/3761
f 4474/4474/3761 4475/4475/3762 4478/4478/3765
f 4477/4477/3764 4478/4478/3765 4475/4475/3762
f 4476/4476/3763 4478/4478/3765 4477/4477/3764
f 4479/4479/3766 4481/4480/3767 4480/4481/3768
f 4480/4481/3768 4482/4482/3769 4479/4479/3766
f 4483/4483/3770 4484/4484/3771 4479/4479/3772
f 4479/4479/3772 4485/4485/3773 4483/4483/3770
f 4486/4486/3774 4488/4487/3775 4487/4488/3776
f 4487/4488/3776 4489/4489/3777 4486/4486/3774
f 4490/4490/3778 4489/4489/3777 4487/4488/3776
f 4487/4488/3776 4491/4491/3779 4490/4490/3778
f 4492/4492/3780 4494/4493/3781 4493/4494/3782
f 4493/4494/3782 4495/4495/3783 4492/4492/3780
f 4496/4496/3784 4492/4492/3780 4495/4495/3783
f 4497/4497/3785 4492/4492/3780 4496/4496/3784
f 4498/4498/3786 4496/4496/3784 4495/4495/3783
f 4495/4495/3783 4493/4494/3782 4498/4498/3786
f 4499/4499/3787 4498/4498/3786 4493/4494/3782
f 4498/4498/3786 4499/4499/3787 4496/4496/3784
f 4500/4500/3788 4502/4501/3789 4501/4502/3790
f 4501/4502/3790 4503/4503/3791 4500/4500/3788
f 4504/4504/3792 4506/4505/3793 4505/4506/3794
f 4505/4506/3794 4507/4507/3795 4504/4504/3792
f 4507/4507/3795 4505/4506/3794 4508/4508/3796
f 4508/4508/3796 4509/4509/3797 4507/4507/3795
f 4510/4510/3798 4507/4507/3795 4509/4509/3797
f 4509/4509/3797 4511/4511/3799 4510/4510/3798
f 4512/4512/3800 4507/4507/3795 4510/4510/3798
f 4510/4510/3798 4511/4511/3799 4512/4512/3800
f 4504/4504/3792 4507/4507/3795 4512/4512/3800
f 4512/4512/3800 4511/4511/3799 4504/4504/3792
f 4513/4513/3801 4515/4514/3802 4514/4515/3803
f 4514/4515/3803 4516/4516/3804 4513/4513/3801
f 4516/4516/3804 4514/4515/3803 4517/4517/3805
f 4517/4517/3805 4518/4518/3806 4516/4516/3804
f 4513/4513/3801 4516/4516/3804 4518/4518/3806
f 4518/4518/3806 4519/4519/3807 4513/4513/3801
f 4520/4520/3808 4522/4521/3725 4521/4522/3726
f 4521/4522/3726 4523/4523/3809 4520/4520/3808
f 4524/4524/3810 4526/4525/3811 4525/4526/3812
f 4525/4526/3812 4527/4527/3813 4524/4524/3810
f 4528/4528/3814 4529/4529/3815 4524/4524/3816
f 4524/4524/3816 4530/4530/3817 4528/4528/3814
f 4531/4531/3818 4533/4532/3819 4532/4533/3820
f 4532/4533/3820 4534/4534/3821 4531/4531/3818
f 4535/4535/3822 4536/4536/3823 4531/4531/3824
f 4531/4531/3824 4537/4537/3825 4535/4535/3822
f 4538/4538/3826 4540/4539/3827 4539/4540/3828
f 4539/4540/3828 4541/4541/3829 4538/4538/3826
f 4542/4542/3830 4538/4538/3826 4541/4541/3829
f 4543/4543/3831 4539/4540/3832 4544/4544/3833
f 4545/4545/3834 4542/4542/3835 4543/4543/3831
f 4543/4543/3831 4544/4544/3833 4545/4545/3834
f 4546/4546/3836 4548/4547/3837 4547/4548/3838
f 4547/4548/3838 4549/4549/3839 4546/4546/3836
f 4550/4550/3840 4549/4549/3839 4547/4548/3838
f 4551/4551/3841 4546/4546/3842 4552/4552/3843
f 4552/4552/3843 4550/4550/3844 4553/4553/3845
f 4553/4553/3845 4551/4551/3841 4552/4552/3843
f 4554/4554/3846 4556/4555/3847 4555/4556/3848
f 4555/4556/3848 4557/4557/3849 4554/4554/3846
f 4557/4557/3849 4555/4556/3848 4558/4558/3850
f 4558/4558/3850 4559/4559/3851 4557/4557/3849
f 4560/4560/3852 4558/4558/3850 4555/4556/3848
f 4555/4556/3848 4561/4561/3853 4560/4560/3852
f 4558/4558/3850 4560/4560/3852 4562/4562/3854
f 4562/4562/3854 4559/4559/3851 4558/4558/3850
f 4561/4561/3853 4559/4559/3851 4562/4562/3854
f 4562/4562/3854 4560/4560/3852 4561/4561/3853
f 4563/4563/3855 4565/4564/3856 4564/4565/3857
f 4564/4565/3857 4566/4566/3858 4563/4563/3855
f 4567/4567/3859 4569/4568/3860 4568/4569/3861
f 4568/4569/3861 4570/4570/3862 4567/4567/3859
f 4571/4571/3863 4567/4567/3859 4570/4570/3862
f 4572/4572/3864 4567/4567/3859 4571/4571/3863
f 4573/4573/3865 4575/4574/3866 4574/4575/3867
f 4574/4575/3867 4576/4576/3868 4573/4573/3865
f 4577/4577/3869 4576/4576/3868 4574/4575/3867
f 4578/4578/3870 4573/4573/3865 4576/4576/3868
f 4576/4576/3868 4577/4577/3869 4579/4579/3871
f 4579/4579/3871 4578/4578/3870 4576/4576/3868
f 4580/4580/3872 4578/4578/3870 4579/4579/3871
f 4579/4579/3871 4581/4581/3873 4580/4580/3872
f 4582/4582/3810 4584/4583/3811 4583/4584/3812
f 4583/4584/3812 4585/4585/3813 4582/4582/3810
f 4586/4586/3814 4587/4587/3815 4582/4582/3816
f 4582/4582/3816 4588/4588/3817 4586/4586/3814
f 4589/4589/3874 4591/4590/3875 4590/4591/3876
f 4590/4591/3876 4592/4592/3877 4589/4589/3874
f 4593/4593/3878 4595/4594/3879 4594/4595/3880
f 4594/4595/3880 4596/4596/3881 4593/4593/3878
f 4596/4596/3881 4594/4595/3880 4597/4597/3882
f 4593/4593/3878 4596/4596/3881 4598/4598/3883
f 4598/4598/3883 4599/4599/3884 4593/4593/3878
f 4600/4600/3885 4598/4598/3883 4596/4596/3881
f 4596/4596/3881 4597/4597/3882 4600/4600/3885
f 4599/4599/3884 4598/4598/3883 4600/4600/3885
f 4600/4600/3885 4597/4597/3882 4601/4601/3886
f 4601/4601/3886 4599/4599/3884 4600/4600/3885
f 4602/4602/3887 4604/4603/3888 4603/4604/3889
f 4603/4604/3889 4605/4605/3890 4602/4602/3887
f 4606/4606/3891 4607/4607/3892 4602/4602/3893
f 4602/4602/3893 4608/4608/3894 4606/4606/3891
f 4609/4609/3810 4611/4610/3811 4610/4611/3812
f 4610/4611/3812 4612/4612/3895 4609/4609/3810
f 4613/4613/3814 4614/4614/3815 4609/4609/3816
f 4609/4609/3816 4615/4615/3817 4613/4613/3814
f 4616/4616/3896 4618/4617/3897 4617/4618/3898
f 4617/4618/3898 4619/4619/3899 4616/4616/3896
f 4620/4620/3818 4622/4621/3900 4621/4622/3820
f 4621/4622/3820 4623/4623/3901 4620/4620/3818
f 4624/4624/3822 4625/4625/3823 4620/4620/3902
f 4620/4620/3902 4626/4626/3825 4624/4624/3822
f 4627/4627/3903 4629/4628/3827 4628/4629/3828
f 4628/4629/3828 4630/4630/3829 4627/4627/3903
f 4631/4631/3830 4627/4627/3903 4630/4630/3829
f 4632/4632/3831 4628/4629/3832 4633/4633/3833
f 4634/4634/3834 4631/4631/3835 4632/4632/3831
f 4632/4632/3831 4633/4633/3833 4634/4634/3834
f 4635/4635/3836 4637/4636/3837 4636/4637/3838
f 4636/4637/3838 4638/4638/3904 4635/4635/3836
f 4639/4639/3840 4638/4638/3904 4636/4637/3838
f 4640/4640/3841 4635/4635/3842 4641/4641/3843
f 4641/4641/3843 4639/4639/3844 4642/4642/3845
f 4642/4642/3845 4640/4640/3841 4641/4641/3843
f 4643/4643/3846 4645/4644/3847 4644/4645/3848
f 4644/4645/3848 4646/4646/3849 4643/4643/3846
f 4646/4646/3849 4644/4645/3848 4647/4647/3850
f 4647/4647/3850 4648/4648/3851 4646/4646/3849
f 4649/4649/3905 4647/4647/3850 4644/4645/3848
f 4644/4645/3848 4650/4650/3853 4649/4649/3905
f 4647/4647/3850 4649/4649/3905 4651/4651/3854
f 4651/4651/3854 4648/4648/3851 4647/4647/3850
f 4650/4650/3853 4648/4648/3851 4651/4651/3854
f 4651/4651/3854 4649/4649/3905 4650/4650/3853
f 4652/4652/3855 4654/4653/3856 4653/4654/3857
f 4653/4654/3857 4655/4655/3858 4652/4652/3855
f 4656/4656/3859 4658/4657/3860 4657/4658/3861
f 4657/4658/3861 4659/4659/3862 4656/4656/3859
f 4660/4660/3863 4656/4656/3859 4659/4659/3862
f 4661/4661/3864 4656/4656/3859 4660/4660/3863
f 4662/4662/3865 4664/4663/3866 4663/4664/3867
f 4663/4664/3867 4665/4665/3906 4662/4662/3865
f 4666/4666/3869 4665/4665/3906 4663/4664/3867
f 4667/4667/3870 4662/4662/3865 4665/4665/3906
f 4665/4665/3906 4666/4666/3869 4668/4668/3871
f 4668/4668/3871 4667/4667/3870 4665/4665/3906
f 4669/4669/3872 4667/4667/3870 4668/4668/3871
f 4668/4668/3871 4670/4670/3873 4669/4669/3872
f 4671/4671/3810 4673/4672/3907 4672/4673/3812
f 4672/4673/3812 4674/4674/3813 4671/4671/3810
f 4675/4675/3814 4676/4676/3815 4671/4671/3816
f 4671/4671/3816 4677/4677/3817 4675/4675/3814
f 4678/4678/3874 4680/4679/3908 4679/4680/3876
f 4679/4680/3876 4681/4681/3909 4678/4678/3874
f 4682/4682/3878 4684/4683/3879 4683/4684/3880
f 4683/4684/3880 4685/4685/3881 4682/4682/3878
f 4685/4685/3881 4683/4684/3880 4686/4686/3882
f 4682/4682/3878 4685/4685/3881 4687/4687/3910
f 4687/4687/3910 4688/4688/3884 4682/4682/3878
f 4689/4689/3885 4687/4687/3910 4685/4685/3881
f 4685/4685/3881 4686/4686/3882 4689/4689/3885
f 4688/4688/3884 4687/4687/3910 4689/4689/3885
f 4689/4689/3885 4686/4686/3882 4690/4690/3911
f 4690/4690/3911 4688/4688/3884 4689/4689/3885
f 4691/4691/3912 4693/4692/3913 4692/4693/3914
f 4692/4693/3914 4694/4694/3915 4691/4691/3912
f 4695/4695/3916 4694/4694/3915 4692/4693/3914
f 4696/4696/3917 4691/4691/3918 4697/4697/3919
f 4697/4697/3919 4695/4695/3920 4698/4698/3921
f 4698/4698/3921 4696/4696/3917 4697/4697/3919
f 4699/4699/3887 4701/4700/3888 4700/4701/3889
f 4700/4701/3889 4702/4702/3922 4699/4699/3887
f 4703/4703/3891 4704/4704/3892 4699/4699/3893
f 4699/4699/3893 4705/4705/3923 4703/4703/3891
f 4706/4706/3924 4708/4707/3925 4707/4708/3926
f 4707/4708/3926 4709/4709/3927 4706/4706/3924
f 4709/4709/3927 4707/4708/3926 4710/4710/3928
f 4710/4710/3928 4711/4711/3929 4709/4709/3927
f 4712/4712/3930 4710/4710/3928 4707/4708/3926
f 4707/4708/3926 4713/4713/3931 4712/4712/3930
f 4710/4710/3928 4712/4712/3930 4714/4714/3932
f 4714/4714/3932 4711/4711/3929 4710/4710/3928
f 4713/4713/3931 4711/4711/3929 4714/4714/3932
f 4714/4714/3932 4712/4712/3930 4713/4713/3931
f 4715/4715/3933 4717/4716/3934 4716/4717/3935
f 4716/4717/3935 4718/4718/3936 4715/4715/3933
f 4719/4719/3937 4721/4720/3938 4720/4721/3939
f 4720/4721/3939 4722/4722/3940 4719/4719/3937
f 4723/4723/3941 4719/4719/3937 4722/4722/3940
f 4719/4719/3937 4723/4723/3941 4724/4724/3942
f 4724/4724/3942 4725/4725/3943 4719/4719/3937
f 4726/4726/3944 4728/4727/3945 4727/4728/3946
f 4727/4728/3946 4729/4729/3947 4726/4726/3944
f 4730/4730/3948 4732/4731/3949 4731/4732/3950
f 4731/4732/3950 4733/4733/3951 4730/4730/3948
f 4734/4734/3952 4730/4730/3948 4733/4733/3951
f 4733/4733/3951 4735/4735/3953 4734/4734/3952
f 4735/4735/3953 4733/4733/3951 4736/4736/3954
f 4736/4736/3954 4737/4737/3955 4735/4735/3953
f 4736/4736/3954 4733/4733/3951 4738/4738/3956
f 4738/4738/3956 4737/4737/3955 4736/4736/3954
f 4738/4738/3956 4733/4733/3951 4731/4732/3950
f 4731/4732/3950 4737/4737/3955 4738/4738/3956
f 4739/4739/3957 4741/4740/3958 4740/4741/3959
f 4740/4741/3959 4742/4742/3960 4739/4739/3957
f 4743/4743/3961 4745/4744/3962 4744/4745/3963
f 4744/4745/3963 4746/4746/3964 4743/4743/3961
f 4747/4747/3965 4743/4743/3961 4746/4746/3964
f 4748/4748/3966 4743/4743/3961 4747/4747/3965
f 4747/4747/3965 4749/4749/3967 4748/4748/3966
f 4749/4749/3967 4747/4747/3965 4746/4746/3964
f 4746/4746/3964 4750/4750/3968 4749/4749/3967
f 4751/4751/3896 4753/4752/3897 4752/4753/3898
f 4752/4753/3898 4754/4754/3969 4751/4751/3896
f 4755/4755/3788 4757/4756/3789 4756/4757/3790
f 4756/4757/3790 4758/4758/3791 4755/4755/3788
f 4759/4759/3970 4761/4760/3793 4760/4761/3794
f 4760/4761/3794 4762/4762/3795 4759/4759/3970
f 4762/4762/3795 4760/4761/3794 4763/4763/3796
f 4763/4763/3796 4764/4764/3797 4762/4762/3795
f 4765/4765/3798 4762/4762/3795 4764/4764/3797
f 4764/4764/3797 4766/4766/3799 4765/4765/3798
f 4767/4767/3971 4762/4762/3795 4765/4765/3798
f 4765/4765/3798 4766/4766/3799 4767/4767/3971
f 4759/4759/3970 4762/4762/3795 4767/4767/3971
f 4767/4767/3971 4766/4766/3799 4759/4759/3970
f 4768/4768/3972 4770/4769/3973 4769/4770/3974
f 4769/4770/3974 4771/4771/3975 4768/4768/3972
f 4772/4772/3976 4773/4773/3977 4769/4770/3978
f 4769/4770/3978 4774/4774/3979 4772/4772/3976
f 4775/4775/3700 4777/4776/3638 4776/4777/3639
f 4776/4777/3639 4778/4778/3640 4775/4775/3700
f 4778/4778/3640 4776/4777/3639 4779/4779/3641
f 4779/4779/3641 4780/4780/3642 4778/4778/3640
f 4775/4775/3700 4778/4778/3640 4780/4780/3642
f 4780/4780/3642 4781/4781/3702 4775/4775/3700
f 4782/4782/3808 4784/4783/3725 4783/4784/3726
f 4783/4784/3726 4785/4785/3809 4782/4782/3808
f 4786/4786/3644 4788/4787/3645 4787/4788/3646
f 4787/4788/3646 4789/4789/3647 4786/4786/3644
f 4787/4788/3728 4791/4790/3649 4790/4791/3650
f 4790/4791/3650 4792/4792/3729 4787/4788/3728
f 4793/4793/3652 4795/4794/3653 4794/4795/3654
f 4794/4795/3654 4796/4796/3730 4793/4793/3652
f 4796/4796/3730 4794/4795/3654 4797/4797/3656
f 4798/4798/3657 4793/4793/3658 4799/4799/3659
f 4799/4799/3659 4800/4800/3660 4798/4798/3657
f 4797/4797/3731 4800/4800/3660 4799/4799/3659
f 4801/4801/3732 4803/4802/3663 4802/4803/3664
f 4802/4803/3664 4804/4804/3733 4801/4801/3732
f 4805/4805/3980 4801/4801/3732 4804/4804/3733
f 4806/4806/3734 4802/4803/3668 4807/4807/3669
f 4808/4808/3670 4805/4805/3671 4806/4806/3734
f 4806/4806/3734 4807/4807/3669 4808/4808/3670
f 4809/4809/3672 4811/4810/3673 4810/4811/3674
f 4810/4811/3674 4812/4812/3675 4809/4809/3672
f 4813/4813/3676 4815/4814/3981 4814/4815/3678
f 4814/4815/3678 4816/4816/3679 4813/4813/3676
f 4817/4817/3680 4813/4813/3676 4816/4816/3679
f 4816/4816/3679 4818/4818/3681 4817/4817/3680
f 4813/4813/3676 4817/4817/3680 4819/4819/3982
f 4819/4819/3982 4820/4820/3683 4813/4813/3676
f 4821/4821/3684 4819/4819/3982 4817/4817/3680
f 4817/4817/3680 4818/4818/3681 4821/4821/3684
f 4820/4820/3683 4821/4821/3684 4818/4818/3681
f 4819/4819/3982 4821/4821/3684 4820/4820/3683
f 4822/4822/3685 4824/4823/3983 4823/4824/3687
f 4823/4824/3687 4825/4825/3688 4822/4822/3685
f 4825/4825/3688 4823/4824/3687 4826/4826/3689
f 4827/4827/3984 4822/4822/3685 4825/4825/3688
f 4825/4825/3688 4828/4828/3691 4827/4827/3984
f 4828/4828/3691 4825/4825/3688 4826/4826/3689
f 4826/4826/3689 4829/4829/3692 4828/4828/3691
f 4830/4830/3693 4828/4828/3691 4829/4829/3692
f 4831/4831/3694 4833/4832/3695 4832/4833/3696
f 4832/4833/3696 4834/4834/3697 4831/4831/3694
f 4835/4835/3985 4834/4834/3697 4832/4833/3696
f 4832/4833/3696 4836/4836/3986 4835/4835/3985
f 4837/4837/3700 4839/4838/3638 4838/4839/3639
f 4838/4839/3639 4840/4840/3640 4837/4837/3700
f 4840/4840/3640 4838/4839/3639 4841/4841/3641
f 4841/4841/3641 4842/4842/3642 4840/4840/3640
f 4837/4837/3700 4840/4840/3640 4842/4842/3642
f 4842/4842/3642 4843/4843/3702 4837/4837/3700
f 4844/4844/3703 4846/4845/3704 4845/4846/3705
f 4845/4846/3705 4847/4847/3706 4844/4844/3703
f 4848/4848/3707 4850/4849/3708 4849/4850/3709
f 4849/4850/3709 4851/4851/3710 4848/4848/3707
f 4852/4852/3987 4848/4848/3707 4851/4851/3710
f 4853/4853/3988 4851/4851/3710 4849/4850/3709
f 4849/4850/3709 4854/4854/3713 4853/4853/3988
f 4851/4851/3710 4853/4853/3988 4855/4855/3989
f 4855/4855/3989 4852/4852/3987 4851/4851/3710
f 4854/4854/3713 4855/4855/3989 4853/4853/3988
f 4856/4856/3715 4852/4852/3987 4855/4855/3989
f 4855/4855/3989 4854/4854/3713 4856/4856/3715
f 4857/4857/3990 4859/4858/3741 4858/4859/3742
f 4858/4859/3742 4860/4860/3991 4857/4857/3990
f 4861/4861/3992 4857/4857/3990 4860/4860/3991
f 4862/4862/3993 4858/4859/3994 4863/4863/3747
f 4864/4864/3995 4861/4861/3996 4862/4862/3993
f 4862/4862/3993 4863/4863/3747 4864/4864/3995
f 4865/4865/3716 4867/4866/3750 4866/4867/3718
f 4866/4867/3718 4868/4868/3719 4865/4865/3716
f 4866/4867/3720 4870/4869/3751 4869/4870/3722
f 4869/4870/3722 4871/4871/3997 4866/4867/3720
f 4872/4872/3998 4874/4873/3754 4873/4874/3755
f 4873/4874/3755 4875/4875/3756 4872/4872/3998
f 4876/4876/3757 4878/4877/3758 4877/4878/3759
f 4877/4878/3759 4879/4879/3760 4876/4876/3757
f 4880/4880/3761 4876/4876/3757 4879/4879/3760
f 4879/4879/3760 4881/4881/3762 4880/4880/3761
f 4876/4876/3757 4880/4880/3761 4882/4882/3999
f 4882/4882/3999 4883/4883/3764 4876/4876/3757
f 4884/4884/4000 4882/4882/3999 4880/4880/3761
f 4880/4880/3761 4881/4881/3762 4884/4884/4000
f 4883/4883/3764 4884/4884/4000 4881/4881/3762
f 4882/4882/3999 4884/4884/4000 4883/4883/3764
f 4885/4885/3774 4887/4886/3775 4886/4887/3776
f 4886/4887/3776 4888/4888/4001 4885/4885/3774
f 4889/4889/3778 4888/4888/4001 4886/4887/3776
f 4886/4887/3776 4890/4890/3779 4889/4889/3778
f 4891/4891/3780 4893/4892/3781 4892/4893/4002
f 4892/4893/4002 4894/4894/3783 4891/4891/3780
f 4895/4895/3784 4891/4891/3780 4894/4894/3783
f 4896/4896/3785 4891/4891/3780 4895/4895/3784
f 4897/4897/4003 4895/4895/3784 4894/4894/3783
f 4894/4894/3783 4892/4893/4002 4897/4897/4003
f 4898/4898/3787 4897/4897/4003 4892/4893/4002
f 4897/4897/4003 4898/4898/3787 4895/4895/3784
f 4899/4899/3788 4901/4900/3789 4900/4901/3790
f 4900/4901/3790 4902/4902/3791 4899/4899/3788
f 4903/4903/3970 4905/4904/3793 4904/4905/3794
f 4904/4905/3794 4906/4906/3795 4903/4903/3970
f 4906/4906/3795 4904/4905/3794 4907/4907/3796
f 4907/4907/3796 4908/4908/3797 4906/4906/3795
f 4909/4909/3798 4906/4906/3795 4908/4908/3797
f 4908/4908/3797 4910/4910/3799 4909/4909/3798
f 4911/4911/4004 4906/4906/3795 4909/4909/3798
f 4909/4909/3798 4910/4910/3799 4911/4911/4004
f 4903/4903/3970 4906/4906/3795 4911/4911/4004
f 4911/4911/4004 4910/4910/3799 4903/4903/3970
f 4912/4912/3801 4914/4913/3802 4913/4914/4005
f 4913/4914/4005 4915/4915/3804 4912/4912/3801
f 4915/4915/3804 4913/4914/4005 4916/4916/3805
f 4916/4916/3805 4917/4917/3806 4915/4915/3804
f 4912/4912/3801 4915/4915/3804 4917/4917/3806
f 4917/4917/3806 4918/4918/3807 4912/4912/3801
f 4919/4919/3808 4921/4920/3725 4920/4921/3726
f 4920/4921/3726 4922/4922/3727 4919/4919/3808
f 4923/4923/3637 4925/4924/3638 4924/4925/3639
f 4924/4925/3639 4926/4926/3640 4923/4923/3637
f 4926/4926/3640 4924/4925/3639 4927/4927/4006
f 4927/4927/4006 4928/4928/4007 4926/4926/3640
f 4923/4923/3637 4926/4926/3640 4928/4928/4007
f 4928/4928/4007 4929/4929/3643 4923/4923/3637
f 4930/4930/3808 4932/4931/3725 4931/4932/3726
f 4931/4932/3726 4933/4933/3727 4930/4930/3808
f 4934/4934/3644 4936/4935/3645 4935/4936/3646
f 4935/4936/3646 4937/4937/3647 4934/4934/3644
f 4935/4936/3648 4939/4938/3649 4938/4939/3650
f 4938/4939/3650 4940/4940/3729 4935/4936/3648
f 4941/4941/3652 4943/4942/3653 4942/4943/3654
f 4942/4943/3654 4944/4944/3655 4941/4941/3652
f 4944/4944/3655 4942/4943/3654 4945/4945/3656
f 4946/4946/3657 4941/4941/3658 4947/4947/3659
f 4947/4947/3659 4948/4948/3660 4946/4946/3657
f 4945/4945/3731 4948/4948/3660 4947/4947/3659
f 4949/4949/3732 4951/4950/3663 4950/4951/4008
f 4950/4951/4008 4952/4952/3733 4949/4949/3732
f 4953/4953/3980 4949/4949/3732 4952/4952/3733
f 4954/4954/3734 4950/4951/3668 4955/4955/3669
f 4956/4956/3670 4953/4953/3671 4954/4954/3734
f 4954/4954/3734 4955/4955/3669 4956/4956/3670
f 4957/4957/3672 4959/4958/3673 4958/4959/3674
f 4958/4959/3674 4960/4960/3675 4957/4957/3672
f 4961/4961/3676 4963/4962/3981 4962/4963/4009
f 4962/4963/4009 4964/4964/4010 4961/4961/3676
f 4965/4965/3680 4961/4961/3676 4964/4964/4010
f 4964/4964/4010 4966/4966/3681 4965/4965/3680
f 4961/4961/3676 4965/4965/3680 4967/4967/4011
f 4967/4967/4011 4968/4968/3683 4961/4961/3676
f 4969/4969/3684 4967/4967/4011 4965/4965/3680
f 4965/4965/3680 4966/4966/3681 4969/4969/3684
f 4968/4968/3683 4969/4969/3684 4966/4966/3681
f 4967/4967/4011 4969/4969/3684 4968/4968/3683
f 4970/4970/3685 4972/4971/3983 4971/4972/3687
f 4971/4972/3687 4973/4973/3688 4970/4970/3685
f 4973/4973/3688 4971/4972/3687 4974/4974/4012
f 4975/4975/3737 4970/4970/3685 4973/4973/3688
f 4973/4973/3688 4976/4976/3691 4975/4975/3737
f 4976/4976/3691 4973/4973/3688 4974/4974/4012
f 4974/4974/4012 4977/4977/3692 4976/4976/3691
f 4978/4978/4013 4976/4976/3691 4977/4977/3692
f 4979/4979/3694 4981/4980/3695 4980/4981/3696
f 4980/4981/3696 4982/4982/3697 4979/4979/3694
f 4983/4983/3985 4982/4982/3697 4980/4981/3696
f 4980/4981/3696 4984/4984/3986 4983/4983/3985
f 4985/4985/3700 4987/4986/3638 4986/4987/3639
f 4986/4987/3639 4988/4988/4014 4985/4985/3700
f 4988/4988/4014 4986/4987/3639 4989/4989/4006
f 4989/4989/4006 4990/4990/3642 4988/4988/4014
f 4985/4985/3700 4988/4988/4014 4990/4990/3642
f 4990/4990/3642 4991/4991/3702 4985/4985/3700
f 4992/4992/3703 4994/4993/3704 4993/4994/3705
f 4993/4994/3705 4995/4995/3706 4992/4992/3703
f 4996/4996/3707 4998/4997/3708 4997/4998/4015
f 4997/4998/4015 4999/4999/4016 4996/4996/3707
f 5000/5000/3987 4996/4996/3707 4999/4999/4016
f 5001/5001/4017 4999/4999/4016 4997/4998/4015
f 4997/4998/4015 5002/5002/3713 5001/5001/4017
f 4999/4999/4016 5001/5001/4017 5003/5003/3714
f 5003/5003/3714 5000/5000/3987 4999/4999/4016
f 5002/5002/3713 5003/5003/3714 5001/5001/4017
f 5004/5004/3715 5000/5000/3987 5003/5003/3714
f 5003/5003/3714 5002/5002/3713 5004/5004/3715
f 5005/5005/4018 5007/5006/3741 5006/5007/3742
f 5006/5007/3742 5008/5008/3743 5005/5005/4018
f 5009/5009/3744 5005/5005/4018 5008/5008/3743
f 5010/5010/4019 5006/5007/3994 5011/5011/3747
f 5012/5012/3748 5009/5009/3749 5010/5010/4019
f 5010/5010/4019 5011/5011/3747 5012/5012/3748
f 5013/5013/3716 5015/5014/3750 5014/5015/3718
f 5014/5015/3718 5016/5016/3719 5013/5013/3716
f 5014/5015/3720 5018/5017/3751 5017/5018/3722
f 5017/5018/3722 5019/5019/3723 5014/5015/3720
f 5020/5020/3753 5022/5021/3754 5021/5022/3755
f 5021/5022/3755 5023/5023/3756 5020/5020/3753
f 5024/5024/3757 5026/5025/3758 5025/5026/3759
f 5025/5026/3759 5027/5027/3760 5024/5024/3757
f 5028/5028/3761 5024/5024/3757 5027/5027/3760
f 5027/5027/3760 5029/5029/4020 5028/5028/3761
f 5024/5024/3757 5028/5028/3761 5030/5030/4021
f 5030/5030/4021 5031/5031/3764 5024/5024/3757
f 5032/5032/3765 5030/5030/4021 5028/5028/3761
f 5028/5028/3761 5029/5029/4020 5032/5032/3765
f 5031/5031/3764 5032/5032/3765 5029/5029/4020
f 5030/5030/4021 5032/5032/3765 5031/5031/3764
f 5033/5033/3766 5035/5034/3767 5034/5035/3768
f 5034/5035/3768 5036/5036/3769 5033/5033/3766
f 5037/5037/3770 5038/5038/3771 5033/5033/3772
f 5033/5033/3772 5039/5039/3773 5037/5037/3770
f 5040/5040/3774 5042/5041/3775 5041/5042/3776
f 5041/5042/3776 5043/5043/4001 5040/5040/3774
f 5044/5044/3778 5043/5043/4001 5041/5042/3776
f 5041/5042/3776 5045/5045/3779 5044/5044/3778
f 5046/5046/3780 5048/5047/3781 5047/5048/4002
f 5047/5048/4002 5049/5049/3783 5046/5046/3780
f 5050/5050/3784 5046/5046/3780 5049/5049/3783
f 5051/5051/3785 5046/5046/3780 5050/5050/3784
f 5052/5052/3786 5050/5050/3784 5049/5049/3783
f 5049/5049/3783 5047/5048/4002 5052/5052/3786
f 5053/5053/3787 5052/5052/3786 5047/5048/4002
f 5052/5052/3786 5053/5053/3787 5050/5050/3784
f 5054/5054/3788 5056/5055/3789 5055/5056/3790
f 5055/5056/3790 5057/5057/3791 5054/5054/3788
f 5058/5058/3792 5060/5059/3793 5059/5060/3794
f 5059/5060/3794 5061/5061/3795 5058/5058/3792
f 5061/5061/3795 5059/5060/3794 5062/5062/3796
f 5062/5062/3796 5063/5063/4022 5061/5061/3795
f 5064/5064/3798 5061/5061/3795 5063/5063/4022
f 5063/5063/4022 5065/5065/3799 5064/5064/3798
f 5066/5066/4023 5061/5061/3795 5064/5064/3798
f 5064/5064/3798 5065/5065/3799 5066/5066/4023
f 5058/5058/3792 5061/5061/3795 5066/5066/4023
f 5066/5066/4023 5065/5065/3799 5058/5058/3792
f 5067/5067/3801 5069/5068/3802 5068/5069/4005
f 5068/5069/4005 5070/5070/3804 5067/5067/3801
f 5070/5070/3804 5068/5069/4005 5071/5071/3805
f 5071/5071/3805 5072/5072/3806 5070/5070/3804
f 5067/5067/3801 5070/5070/3804 5072/5072/3806
f 5072/5072/3806 5073/5073/3807 5067/5067/3801
f 5074/5074/3808 5076/5075/3725 5075/5076/3726
f 5075/5076/3726 5077/5077/3727 5074/5074/3808
f 5078/5078/3700 5080/5079/3638 5079/5080/3639
f 5079/5080/3639 5081/5081/3640 5078/5078/3700
f 5081/5081/3640 5079/5080/3639 5082/5082/3641
f 5082/5082/3641 5083/5083/3642 5081/5081/3640
f 5078/5078/3700 5081/5081/3640 5083/5083/3642
f 5083/5083/3642 5084/5084/3702 5078/5078/3700
f 5085/5085/3808 5087/5086/3725 5086/5087/3726
f 5086/5087/3726 5088/5088/3809 5085/5085/3808
f 5089/5089/3644 5091/5090/3645 5090/5091/3646
f 5090/5091/3646 5092/5092/3647 5089/5089/3644
f 5090/5091/3728 5094/5093/3649 5093/5094/3650
f 5093/5094/3650 5095/5095/3729 5090/5091/3728
f 5096/5096/3652 5098/5097/3653 5097/5098/3654
f 5097/5098/3654 5099/5099/3655 5096/5096/3652
f 5099/5099/3655 5097/5098/3654 5100/5100/3656
f 5101/5101/3657 5096/5096/3658 5102/5102/3659
f 5102/5102/3659 5103/5103/3660 5101/5101/3657
f 5100/5100/4024 5103/5103/3660 5102/5102/3659
f 5104/5104/3662 5106/5105/3663 5105/5106/3664
f 5105/5106/3664 5107/5107/3733 5104/5104/3662
f 5108/5108/3980 5104/5104/3662 5107/5107/3733
f 5109/5109/3734 5105/5106/3668 5110/5110/3669
f 5111/5111/3670 5108/5108/3671 5109/5109/3734
f 5109/5109/3734 5110/5110/3669 5111/5111/3670
f 5112/5112/3672 5114/5113/3673 5113/5114/3674
f 5113/5114/3674 5115/5115/3675 5112/5112/3672
f 5116/5116/3676 5118/5117/3981 5117/5118/3678
f 5117/5118/3678 5119/5119/3679 5116/5116/3676
f 5120/5120/3680 5116/5116/3676 5119/5119/3679
f 5119/5119/3679 5121/5121/3681 5120/5120/3680
f 5116/5116/3676 5120/5120/3680 5122/5122/4025
f 5122/5122/4025 5123/5123/3683 5116/5116/3676
f 5124/5124/3684 5122/5122/4025 5120/5120/3680
f 5120/5120/3680 5121/5121/3681 5124/5124/3684
f 5123/5123/3683 5124/5124/3684 5121/5121/3681
f 5122/5122/4025 5124/5124/3684 5123/5123/3683
f 5125/5125/3685 5127/5126/3686 5126/5127/3687
f 5126/5127/3687 5128/5128/3688 5125/5125/3685
f 5128/5128/3688 5126/5127/3687 5129/5129/3689
f 5130/5130/3984 5125/5125/3685 5128/5128/3688
f 5128/5128/3688 5131/5131/3691 5130/5130/3984
f 5131/5131/3691 5128/5128/3688 5129/5129/3689
f 5129/5129/3689 5132/5132/3692 5131/5131/3691
f 5133/5133/4013 5131/5131/3691 5132/5132/3692
f 5134/5134/3694 5136/5135/3695 5135/5136/3696
f 5135/5136/3696 5137/5137/3697 5134/5134/3694
f 5138/5138/3985 5137/5137/3697 5135/5136/3696
f 5135/5136/3696 5139/5139/3986 5138/5138/3985
f 5140/5140/3700 5142/5141/3638 5141/5142/3639
f 5141/5142/3639 5143/5143/4014 5140/5140/3700
f 5143/5143/4014 5141/5142/3639 5144/5144/3641
f 5144/5144/3641 5145/5145/3642 5143/5143/4014
f 5140/5140/3700 5143/5143/4014 5145/5145/3642
f 5145/5145/3642 5146/5146/3702 5140/5140/3700
f 5147/5147/3703 5149/5148/3704 5148/5149/3705
f 5148/5149/3705 5150/5150/3706 5147/5147/3703
f 5151/5151/3707 5153/5152/3708 5152/5153/3709
f 5152/5153/3709 5154/5154/3710 5151/5151/3707
f 5155/5155/3987 5151/5151/3707 5154/5154/3710
f 5156/5156/4026 5154/5154/3710 5152/5153/3709
f 5152/5153/3709 5157/5157/3713 5156/5156/4026
f 5154/5154/3710 5156/5156/4026 5158/5158/3989
f 5158/5158/3989 5155/5155/3987 5154/5154/3710
f 5157/5157/3713 5158/5158/3989 5156/5156/4026
f 5159/5159/3715 5155/5155/3987 5158/5158/3989
f 5158/5158/3989 5157/5157/3713 5159/5159/3715
f 5160/5160/4027 5162/5161/3741 5161/5162/3742
f 5161/5162/3742 5163/5163/4028 5160/5160/4027
f 5164/5164/4029 5160/5160/4027 5163/5163/4028
f 5165/5165/4030 5161/5162/3994 5166/5166/3747
f 5167/5167/4031 5164/5164/4032 5165/5165/4030
f 5165/5165/4030 5166/5166/3747 5167/5167/4031
f 5168/5168/3716 5170/5169/3750 5169/5170/3718
f 5169/5170/3718 5171/5171/3719 5168/5168/3716
f 5169/5170/3720 5173/5172/3751 5172/5173/3722
f 5172/5173/3722 5174/5174/3997 5169/5170/3720
f 5175/5175/3998 5177/5176/3754 5176/5177/3755
f 5176/5177/3755 5178/5178/3756 5175/5175/3998
f 5179/5179/3757 5181/5180/3758 5180/5181/3759
f 5180/5181/3759 5182/5182/3760 5179/5179/3757
f 5183/5183/3761 5179/5179/3757 5182/5182/3760
f 5182/5182/3760 5184/5184/3762 5183/5183/3761
f 5179/5179/3757 5183/5183/3761 5185/5185/4033
f 5185/5185/4033 5186/5186/3764 5179/5179/3757
f 5187/5187/3765 5185/5185/4033 5183/5183/3761
f 5183/5183/3761 5184/5184/3762 5187/5187/3765
f 5186/5186/3764 5187/5187/3765 5184/5184/3762
f 5185/5185/4033 5187/5187/3765 5186/5186/3764
f 5188/5188/4034 5190/5189/3767 5189/5190/3768
f 5189/5190/3768 5191/5191/3769 5188/5188/4034
f 5192/5192/3770 5193/5193/4035 5188/5188/3772
f 5188/5188/3772 5194/5194/3773 5192/5192/3770
f 5195/5195/3774 5197/5196/3775 5196/5197/3776
f 5196/5197/3776 5198/5198/3777 5195/5195/3774
f 5199/5199/3778 5198/5198/3777 5196/5197/3776
f 5196/5197/3776 5200/5200/3779 5199/5199/3778
f 5201/5201/3780 5203/5202/3781 5202/5203/4002
f 5202/5203/4002 5204/5204/3783 5201/5201/3780
f 5205/5205/3784 5201/5201/3780 5204/5204/3783
f 5206/5206/3785 5201/5201/3780 5205/5205/3784
f 5207/5207/4036 5205/5205/3784 5204/5204/3783
f 5204/5204/3783 5202/5203/4002 5207/5207/4036
f 5208/5208/3787 5207/5207/4036 5202/5203/4002
f 5207/5207/4036 5208/5208/3787 5205/5205/3784
f 5209/5209/3788 5211/5210/3789 5210/5211/3790
f 5210/5211/3790 5212/5212/3791 5209/5209/3788
f 5213/5213/4037 5215/5214/3793 5214/5215/3794
f 5214/5215/3794 5216/5216/3795 5213/5213/4037
f 5216/5216/3795 5214/5215/3794 5217/5217/3796
f 5217/5217/3796 5218/5218/3797 5216/5216/3795
f 5219/5219/3798 5216/5216/3795 5218/5218/3797
f 5218/5218/3797 5220/5220/3799 5219/5219/3798
f 5221/5221/4038 5216/5216/3795 5219/5219/3798
f 5219/5219/3798 5220/5220/3799 5221/5221/4038
f 5213/5213/4037 5216/5216/3795 5221/5221/4038
f 5221/5221/4038 5220/5220/3799 5213/5213/4037
f 5222/5222/3801 5224/5223/3802 5223/5224/4005
f 5223/5224/4005 5225/5225/3804 5222/5222/3801
f 5225/5225/3804 5223/5224/4005 5226/5226/3805
f 5226/5226/3805 5227/5227/3806 5225/5225/3804
f 5222/5222/3801 5225/5225/3804 5227/5227/3806
f 5227/5227/3806 5228/5228/3807 5222/5222/3801
f 5229/5229/3808 5231/5230/3725 5230/5231/3726
f 5230/5231/3726 5232/5232/3809 5229/5229/3808
f 5233/5233/3948 5235/5234/3949 5234/5235/4039
f 5234/5235/4039 5236/5236/4040 5233/5233/3948
f 5237/5237/3952 5233/5233/3948 5236/5236/4040
f 5236/5236/4040 5238/5238/3953 5237/5237/3952
f 5238/5238/3953 5236/5236/4040 5239/5239/3954
f 5239/5239/3954 5240/5240/3955 5238/5238/3953
f 5239/5239/3954 5236/5236/4040 5241/5241/4041
f 5241/5241/4041 5240/5240/3955 5239/5239/3954
f 5241/5241/4041 5236/5236/4040 5234/5235/4039
f 5234/5235/4039 5240/5240/3955 5241/5241/4041
f 5242/5242/3957 5244/5243/4042 5243/5244/4043
f 5243/5244/4043 5245/5245/3960 5242/5242/3957
f 5246/5246/4044 5248/5247/4045 5247/5248/4046
f 5247/5248/4046 5249/5249/4047 5246/5246/4044
f 5246/5246/4048 5251/5250/4049 5250/5251/3635
f 5250/5251/3635 5252/5252/4050 5246/5246/4048
f 5253/5253/3810 5255/5254/3811 5254/5255/3812
f 5254/5255/3812 5256/5256/3813 5253/5253/3810
f 5257/5257/3814 5258/5258/3815 5253/5253/3816
f 5253/5253/3816 5259/5259/4051 5257/5257/3814
f 5260/5260/3896 5262/5261/3897 5261/5262/3898
f 5261/5262/3898 5263/5263/3899 5260/5260/3896
f 5264/5264/3818 5266/5265/3900 5265/5266/3820
f 5265/5266/3820 5267/5267/3821 5264/5264/3818
f 5268/5268/3822 5269/5269/3823 5264/5264/4052
f 5264/5264/4052 5270/5270/4053 5268/5268/3822
f 5271/5271/3903 5273/5272/3827 5272/5273/4054
f 5272/5273/4054 5274/5274/3829 5271/5271/3903
f 5275/5275/3830 5271/5271/3903 5274/5274/3829
f 5276/5276/3831 5272/5273/3832 5277/5277/3833
f 5278/5278/3834 5275/5275/3835 5276/5276/3831
f 5276/5276/3831 5277/5277/3833 5278/5278/3834
f 5279/5279/3836 5281/5280/3837 5280/5281/3838
f 5280/5281/3838 5282/5282/3904 5279/5279/3836
f 5283/5283/3840 5282/5282/3904 5280/5281/3838
f 5284/5284/3841 5279/5279/3842 5285/5285/3843
f 5285/5285/3843 5283/5283/3844 5286/5286/3845
f 5286/5286/3845 5284/5284/3841 5285/5285/3843
f 5287/5287/3846 5289/5288/3847 5288/5289/3848
f 5288/5289/3848 5290/5290/3849 5287/5287/3846
f 5290/5290/3849 5288/5289/3848 5291/5291/3850
f 5291/5291/3850 5292/5292/3851 5290/5290/3849
f 5293/5293/4055 5291/5291/3850 5288/5289/3848
f 5288/5289/3848 5294/5294/3853 5293/5293/4055
f 5291/5291/3850 5293/5293/4055 5295/5295/3854
f 5295/5295/3854 5292/5292/3851 5291/5291/3850
f 5294/5294/3853 5292/5292/3851 5295/5295/3854
f 5295/5295/3854 5293/5293/4055 5294/5294/3853
f 5296/5296/3855 5298/5297/3856 5297/5298/3857
f 5297/5298/3857 5299/5299/3858 5296/5296/3855
f 5300/5300/3859 5302/5301/3860 5301/5302/3861
f 5301/5302/3861 5303/5303/3862 5300/5300/3859
f 5304/5304/3863 5300/5300/3859 5303/5303/3862
f 5305/5305/3864 5300/5300/3859 5304/5304/3863
f 5306/5306/3865 5308/5307/3866 5307/5308/3867
f 5307/5308/3867 5309/5309/4056 5306/5306/3865
f 5310/5310/3869 5309/5309/4056 5307/5308/3867
f 5311/5311/3870 5306/5306/3865 5309/5309/4056
f 5309/5309/4056 5310/5310/3869 5312/5312/4057
f 5312/5312/4057 5311/5311/3870 5309/5309/4056
f 5313/5313/3872 5311/5311/3870 5312/5312/4057
f 5312/5312/4057 5314/5314/3873 5313/5313/3872
f 5315/5315/3810 5317/5316/3907 5316/5317/3812
f 5316/5317/3812 5318/5318/3813 5315/5315/3810
f 5319/5319/3814 5320/5320/3815 5315/5315/3816
f 5315/5315/3816 5321/5321/3817 5319/5319/3814
f 5322/5322/3874 5324/5323/3875 5323/5324/3876
f 5323/5324/3876 5325/5325/3909 5322/5322/3874
f 5326/5326/3878 5328/5327/3879 5327/5328/3880
f 5327/5328/3880 5329/5329/3881 5326/5326/3878
f 5329/5329/3881 5327/5328/3880 5330/5330/3882
f 5326/5326/3878 5329/5329/3881 5331/5331/4058
f 5331/5331/4058 5332/5332/3884 5326/5326/3878
f 5333/5333/3885 5331/5331/4058 5329/5329/3881
f 5329/5329/3881 5330/5330/3882 5333/5333/3885
f 5332/5332/3884 5331/5331/4058 5333/5333/3885
f 5333/5333/3885 5330/5330/3882 5334/5334/4059
f 5334/5334/4059 5332/5332/3884 5333/5333/3885
f 5335/5335/3912 5337/5336/4060 5336/5337/4061
f 5336/5337/4061 5338/5338/4062 5335/5335/3912
f 5339/5339/4063 5338/5338/4062 5336/5337/4061
f 5340/5340/3917 5335/5335/3918 5341/5341/4064
f 5341/5341/4064 5339/5339/4065 5342/5342/4066
f 5342/5342/4066 5340/5340/3917 5341/5341/4064
f 5343/5343/3887 5345/5344/3888 5344/5345/3889
f 5344/5345/3889 5346/5346/3922 5343/5343/3887
f 5347/5347/4067 5348/5348/3892 5343/5343/3893
f 5343/5343/3893 5349/5349/3923 5347/5347/4067
f 5350/5350/3924 5352/5351/3925 5351/5352/3926
f 5351/5352/3926 5353/5353/3927 5350/5350/3924
f 5353/5353/3927 5351/5352/3926 5354/5354/4068
f 5354/5354/4068 5355/5355/3929 5353/5353/3927
f 5356/5356/4069 5354/5354/4068 5351/5352/3926
f 5351/5352/3926 5357/5357/3931 5356/5356/4069
f 5354/5354/4068 5356/5356/4069 5358/5358/3932
f 5358/5358/3932 5355/5355/3929 5354/5354/4068
f 5357/5357/3931 5355/5355/3929 5358/5358/3932
f 5358/5358/3932 5356/5356/4069 5357/5357/3931
f 5359/5359/3933 5361/5360/3934 5360/5361/3935
f 5360/5361/3935 5362/5362/3936 5359/5359/3933
f 5363/5363/3937 5365/5364/3938 5364/5365/3939
f 5364/5365/3939 5366/5366/4070 5363/5363/3937
f 5367/5367/3941 5363/5363/3937 5366/5366/4070
f 5363/5363/3937 5367/5367/3941 5368/5368/3942
f 5368/5368/3942 5369/5369/3943 5363/5363/3937
f 5370/5370/3944 5372/5371/3945 5371/5372/3946
f 5371/5372/3946 5373/5373/3947 5370/5370/3944
f 5374/5374/3948 5376/5375/3949 5375/5376/4071
f 5375/5376/4071 5377/5377/4040 5374/5374/3948
f 5378/5378/3952 5374/5374/3948 5377/5377/4040
f 5377/5377/4040 5379/5379/3953 5378/5378/3952
f 5379/5379/3953 5377/5377/4040 5380/5380/3954
f 5380/5380/3954 5381/5381/3955 5379/5379/3953
f 5380/5380/3954 5377/5377/4040 5382/5382/4072
f 5382/5382/4072 5381/5381/3955 5380/5380/3954
f 5382/5382/4072 5377/5377/4040 5375/5376/4071
f 5375/5376/4071 5381/5381/3955 5382/5382/4072
f 5383/5383/3957 5385/5384/4042 5384/5385/4043
f 5384/5385/4043 5386/5386/3960 5383/5383/3957
f 5387/5387/4073 5389/5388/3962 5388/5389/3963
f 5388/5389/3963 5390/5390/3964 5387/5387/4073
f 5391/5391/3965 5387/5387/4073 5390/5390/3964
f 5392/5392/3966 5387/5387/4073 5391/5391/3965
f 5391/5391/3965 5393/5393/3967 5392/5392/3966
f 5393/5393/3967 5391/5391/3965 5390/5390/3964
f 5390/5390/3964 5394/5394/3968 5393/5393/3967
f 5395/5395/3896 5397/5396/3897 5396/5397/3898
f 5396/5397/3898 5398/5398/3899 5395/5395/3896
f 5399/5399/3810 5401/5400/3811 5400/5401/3812
f 5400/5401/3812 5402/5402/3813 5399/5399/3810
f 5403/5403/3814 5404/5404/4074 5399/5399/3816
f 5399/5399/3816 5405/5405/4051 5403/5403/3814
f 5406/5406/3896 5408/5407/3897 5407/5408/3898
f 5407/5408/3898 5409/5409/3899 5406/5406/3896
f 5410/5410/3818 5412/5411/3819 5411/5412/3820
f 5411/5412/3820 5413/5413/3821 5410/5410/3818
f 5414/5414/3822 5415/5415/3823 5410/5410/4075
f 5410/5410/4075 5416/5416/3825 5414/5414/3822
f 5417/5417/3903 5419/5418/3827 5418/5419/4054
f 5418/5419/4054 5420/5420/4076 5417/5417/3903
f 5421/5421/3830 5417/5417/3903 5420/5420/4076
f 5422/5422/3831 5418/5419/3832 5423/5423/3833
f 5424/5424/3834 5421/5421/3835 5422/5422/3831
f 5422/5422/3831 5423/5423/3833 5424/5424/3834
f 5425/5425/3836 5427/5426/3837 5426/5427/3838
f 5426/5427/3838 5428/5428/3839 5425/5425/3836
f 5429/5429/3840 5428/5428/3839 5426/5427/3838
f 5430/5430/3841 5425/5425/3842 5431/5431/3843
f 5431/5431/3843 5429/5429/3844 5432/5432/3845
f 5432/5432/3845 5430/5430/3841 5431/5431/3843
f 5433/5433/3846 5435/5434/3847 5434/5435/3848
f 5434/5435/3848 5436/5436/3849 5433/5433/3846
f 5436/5436/3849 5434/5435/3848 5437/5437/3850
f 5437/5437/3850 5438/5438/3851 5436/5436/3849
f 5439/5439/4077 5437/5437/3850 5434/5435/3848
f 5434/5435/3848 5440/5440/3853 5439/5439/4077
f 5437/5437/3850 5439/5439/4077 5441/5441/4078
f 5441/5441/4078 5438/5438/3851 5437/5437/3850
f 5440/5440/3853 5438/5438/3851 5441/5441/4078
f 5441/5441/4078 5439/5439/4077 5440/5440/3853
f 5442/5442/4079 5444/5443/3856 5443/5444/3857
f 5443/5444/3857 5445/5445/3858 5442/5442/4079
f 5446/5446/3859 5448/5447/3860 5447/5448/3861
f 5447/5448/3861 5449/5449/4080 5446/5446/3859
f 5450/5450/3863 5446/5446/3859 5449/5449/4080
f 5451/5451/4081 5446/5446/3859 5450/5450/3863
f 5452/5452/3865 5454/5453/3866 5453/5454/3867
f 5453/5454/3867 5455/5455/3906 5452/5452/3865
f 5456/5456/4082 5455/5455/3906 5453/5454/3867
f 5457/5457/3870 5452/5452/3865 5455/5455/3906
f 5455/5455/3906 5456/5456/4082 5458/5458/4057
f 5458/5458/4057 5457/5457/3870 5455/5455/3906
f 5459/5459/3872 5457/5457/3870 5458/5458/4057
f 5458/5458/4057 5460/5460/4083 5459/5459/3872
f 5461/5461/3810 5463/5462/3811 5462/5463/3812
f 5462/5463/3812 5464/5464/3813 5461/5461/3810
f 5465/5465/4084 5466/5466/3815 5461/5461/3816
f 5461/5461/3816 5467/5467/4051 5465/5465/4084
f 5468/5468/3874 5470/5469/4085 5469/5470/4086
f 5469/5470/4086 5471/5471/3909 5468/5468/3874
f 5472/5472/3878 5474/5473/3879 5473/5474/3880
f 5473/5474/3880 5475/5475/3881 5472/5472/3878
f 5475/5475/3881 5473/5474/3880 5476/5476/3882
f 5472/5472/3878 5475/5475/3881 5477/5477/4087
f 5477/5477/4087 5478/5478/3884 5472/5472/3878
f 5479/5479/3885 5477/5477/4087 5475/5475/3881
f 5475/5475/3881 5476/5476/3882 5479/5479/3885
f 5478/5478/3884 5477/5477/4087 5479/5479/3885
f 5479/5479/3885 5476/5476/3882 5480/5480/3911
f 5480/5480/3911 5478/5478/3884 5479/5479/3885
f 5481/5481/3912 5483/5482/4060 5482/5483/3914
f 5482/5483/3914 5484/5484/3915 5481/5481/3912
f 5485/5485/3916 5484/5484/3915 5482/5483/3914
f 5486/5486/3917 5481/5481/3918 5487/5487/3919
f 5487/5487/3919 5485/5485/4088 5488/5488/3921
f 5488/5488/3921 5486/5486/3917 5487/5487/3919
f 5489/5489/3887 5491/5490/3888 5490/5491/3889
f 5490/5491/3889 5492/5492/3890 5489/5489/3887
f 5493/5493/4067 5494/5494/3892 5489/5489/3893
f 5489/5489/3893 5495/5495/3923 5493/5493/4067
f 5496/5496/3924 5498/5497/3925 5497/5498/3926
f 5497/5498/3926 5499/5499/3927 5496/5496/3924
f 5499/5499/3927 5497/5498/3926 5500/5500/4089
f 5500/5500/4089 5501/5501/3929 5499/5499/3927
f 5502/5502/4090 5500/5500/4089 5497/5498/3926
f 5497/5498/3926 5503/5503/4091 5502/5502/4090
f 5500/5500/4089 5502/5502/4090 5504/5504/3932
f 5504/5504/3932 5501/5501/3929 5500/5500/4089
f 5503/5503/4091 5501/5501/3929 5504/5504/3932
f 5504/5504/3932 5502/5502/4090 5503/5503/4091
f 5505/5505/3933 5507/5506/3934 5506/5507/4092
f 5506/5507/4092 5508/5508/3936 5505/5505/3933
f 5509/5509/3937 5511/5510/4093 5510/5511/3939
f 5510/5511/3939 5512/5512/4070 5509/5509/3937
f 5513/5513/3941 5509/5509/3937 5512/5512/4070
f 5509/5509/3937 5513/5513/3941 5514/5514/3942
f 5514/5514/3942 5515/5515/3943 5509/5509/3937
f 5516/5516/4094 5518/5517/4095 5517/5518/4096
f 5517/5518/4096 5519/5519/4097 5516/5516/4094
f 5517/5518/4098 5521/5520/4099 5520/5521/4100
f 5520/5521/4100 5522/5522/4101 5517/5518/4098
f 5523/5523/3944 5525/5524/3945 5524/5525/3946
f 5524/5525/3946 5526/5526/3947 5523/5523/3944
f 5527/5527/3948 5529/5528/3949 5528/5529/3950
f 5528/5529/3950 5530/5530/3951 5527/5527/3948
f 5531/5531/3952 5527/5527/3948 5530/5530/3951
f 5530/5530/3951 5532/5532/3953 5531/5531/3952
f 5532/5532/3953 5530/5530/3951 5533/5533/4102
f 5533/5533/4102 5534/5534/3955 5532/5532/3953
f 5533/5533/4102 5530/5530/3951 5535/5535/4103
f 5535/5535/4103 5534/5534/3955 5533/5533/4102
f 5535/5535/4103 5530/5530/3951 5528/5529/3950
f 5528/5529/3950 5534/5534/3955 5535/5535/4103
f 5536/5536/4104 5538/5537/4042 5537/5538/3959
f 5537/5538/3959 5539/5539/3960 5536/5536/4104
f 5540/5540/3961 5542/5541/3962 5541/5542/3963
f 5541/5542/3963 5543/5543/3964 5540/5540/3961
f 5544/5544/3965 5540/5540/3961 5543/5543/3964
f 5545/5545/3966 5540/5540/3961 5544/5544/3965
f 5544/5544/3965 5546/5546/3967 5545/5545/3966
f 5546/5546/3967 5544/5544/3965 5543/5543/3964
f 5543/5543/3964 5547/5547/3968 5546/5546/3967
f 5548/5548/3896 5550/5549/3897 5549/5550/3898
f 5549/5550/3898 5551/5551/3899 5548/5548/3896
f 5552/5552/3810 5554/5553/3811 5553/5554/3812
f 5553/5554/3812 5555/5555/3813 5552/5552/3810
f 5556/5556/3814 5557/5557/3815 5552/5552/3816
f 5552/5552/3816 5558/5558/4051 5556/5556/3814
f 5559/5559/3896 5561/5560/3897 5560/5561/3898
f 5560/5561/3898 5562/5562/3899 5559/5559/3896
f 5563/5563/3818 5565/5564/3900 5564/5565/3820
f 5564/5565/3820 5566/5566/3821 5563/5563/3818
f 5567/5567/3822 5568/5568/3823 5563/5563/3902
f 5563/5563/3902 5569/5569/4053 5567/5567/3822
f 5570/5570/3903 5572/5571/3827 5571/5572/4054
f 5571/5572/4054 5573/5573/3829 5570/5570/3903
f 5574/5574/3830 5570/5570/3903 5573/5573/3829
f 5575/5575/3831 5571/5572/3832 5576/5576/3833
f 5577/5577/3834 5574/5574/3835 5575/5575/3831
f 5575/5575/3831 5576/5576/3833 5577/5577/3834
f 5578/5578/3836 5580/5579/3837 5579/5580/3838
f 5579/5580/3838 5581/5581/3904 5578/5578/3836
f 5582/5582/3840 5581/5581/3904 5579/5580/3838
f 5583/5583/3841 5578/5578/3842 5584/5584/3843
f 5584/5584/3843 5582/5582/3844 5585/5585/3845
f 5585/5585/3845 5583/5583/3841 5584/5584/3843
f 5586/5586/3846 5588/5587/3847 5587/5588/3848
f 5587/5588/3848 5589/5589/3849 5586/5586/3846
f 5589/5589/3849 5587/5588/3848 5590/5590/3850
f 5590/5590/3850 5591/5591/3851 5589/5589/3849
f 5592/5592/4105 5590/5590/3850 5587/5588/3848
f 5587/5588/3848 5593/5593/3853 5592/5592/4105
f 5590/5590/3850 5592/5592/4105 5594/5594/3854
f 5594/5594/3854 5591/5591/3851 5590/5590/3850
f 5593/5593/3853 5591/5591/3851 5594/5594/3854
f 5594/5594/3854 5592/5592/4105 5593/5593/3853
f 5595/5595/3855 5597/5596/3856 5596/5597/3857
f 5596/5597/3857 5598/5598/3858 5595/5595/3855
f 5599/5599/3859 5601/5600/3860 5600/5601/3861
f 5600/5601/3861 5602/5602/3862 5599/5599/3859
f 5603/5603/3863 5599/5599/3859 5602/5602/3862
f 5604/5604/3864 5599/5599/3859 5603/5603/3863
f 5605/5605/3865 5607/5606/3866 5606/5607/3867
f 5606/5607/3867 5608/5608/4056 5605/5605/3865
f 5609/5609/3869 5608/5608/4056 5606/5607/3867
f 5610/5610/3870 5605/5605/3865 5608/5608/4056
f 5608/5608/4056 5609/5609/3869 5611/5611/4057
f 5611/5611/4057 5610/5610/3870 5608/5608/4056
f 5612/5612/3872 5610/5610/3870 5611/5611/4057
f 5611/5611/4057 5613/5613/3873 5612/5612/3872
f 5614/5614/3810 5616/5615/3811 5615/5616/3812
f 5615/5616/3812 5617/5617/3813 5614/5614/3810
f 5618/5618/3814 5619/5619/3815 5614/5614/3816
f 5614/5614/3816 5620/5620/4051 5618/5618/3814
f 5621/5621/3874 5623/5622/3908 5622/5623/4086
f 5622/5623/4086 5624/5624/3909 5621/5621/3874
f 5625/5625/3878 5627/5626/3879 5626/5627/3880
f 5626/5627/3880 5628/5628/3881 5625/5625/3878
f 5628/5628/3881 5626/5627/3880 5629/5629/3882
f 5625/5625/3878 5628/5628/3881 5630/5630/4106
f 5630/5630/4106 5631/5631/3884 5625/5625/3878
f 5630/5630/4106 5628/5628/3881 5632/5632/3885
f 5632/5632/3885 5631/5631/3884 5630/5630/4106
f 5632/5632/3885 5628/5628/3881 5629/5629/3882
f 5629/5629/3882 5633/5633/3911 5632/5632/3885
f 5631/5631/3884 5632/5632/3885 5633/5633/3911
f 5634/5634/3912 5636/5635/4060 5635/5636/4107
f 5635/5636/4107 5637/5637/4108 5634/5634/3912
f 5638/5638/4109 5637/5637/4108 5635/5636/4107
f 5639/5639/3917 5634/5634/3918 5640/5640/4110
f 5640/5640/4110 5638/5638/4111 5641/5641/4112
f 5641/5641/4112 5639/5639/3917 5640/5640/4110
f 5642/5642/3887 5644/5643/3888 5643/5644/3889
f 5643/5644/3889 5645/5645/3922 5642/5642/3887
f 5646/5646/4067 5647/5647/3892 5642/5642/3893
f 5642/5642/3893 5648/5648/3923 5646/5646/4067
f 5649/5649/3924 5651/5650/3925 5650/5651/3926
f 5650/5651/3926 5652/5652/3927 5649/5649/3924
f 5652/5652/3927 5650/5651/3926 5653/5653/4068
f 5653/5653/4068 5654/5654/3929 5652/5652/3927
f 5655/5655/4113 5653/5653/4068 5650/5651/3926
f 5650/5651/3926 5656/5656/3931 5655/5655/4113
f 5653/5653/4068 5655/5655/4113 5657/5657/3932
f 5657/5657/3932 5654/5654/3929 5653/5653/4068
f 5656/5656/3931 5654/5654/3929 5657/5657/3932
f 5657/5657/3932 5655/5655/4113 5656/5656/3931
f 5658/5658/3933 5660/5659/3934 5659/5660/3935
f 5659/5660/3935 5661/5661/3936 5658/5658/3933
f 5662/5662/3937 5664/5663/4093 5663/5664/3939
f 5663/5664/3939 5665/5665/4070 5662/5662/3937
f 5666/5666/3941 5662/5662/3937 5665/5665/4070
f 5662/5662/3937 5666/5666/3941 5667/5667/4114
f 5667/5667/4114 5668/5668/3943 5662/5662/3937
f 5669/5669/3944 5671/5670/3945 5670/5671/3946
f 5670/5671/3946 5672/5672/3947 5669/5669/3944
f 5673/5673/3948 5675/5674/3949 5674/5675/4039
f 5674/5675/4039 5676/5676/4040 5673/5673/3948
f 5677/5677/3952 5673/5673/3948 5676/5676/4040
f 5676/5676/4040 5678/5678/3953 5677/5677/3952
f 5678/5678/3953 5676/5676/4040 5679/5679/3954
f 5679/5679/3954 5680/5680/3955 5678/5678/3953
f 5679/5679/3954 5676/5676/4040 5681/5681/4115
f 5681/5681/4115 5680/5680/3955 5679/5679/3954
f 5681/5681/4115 5676/5676/4040 5674/5675/4039
f 5674/5675/4039 5680/5680/3955 5681/5681/4115
f 5682/5682/3957 5684/5683/4042 5683/5684/4043
f 5683/5684/4043 5685/5685/3960 5682/5682/3957
f 5686/5686/4073 5688/5687/3962 5687/5688/3963
f 5687/5688/3963 5689/5689/4116 5686/5686/4073
f 5690/5690/3965 5686/5686/4073 5689/5689/4116
f 5691/5691/3966 5686/5686/4073 5690/5690/3965
f 5690/5690/3965 5692/5692/3967 5691/5691/3966
f 5692/5692/3967 5690/5690/3965 5689/5689/4116
f 5689/5689/4116 5693/5693/3968 5692/5692/3967
f 5694/5694/3896 5696/5695/3897 5695/5696/3898
f 5695/5696/3898 5697/5697/3899 5694/5694/3896
f 5698/5698/4117 5700/5699/4118 5699/5700/4119
f 5701/5701/4120 5700/5699/4121 5702/5702/4122
f 5702/5702/4122 5703/5703/4123 5701/5701/4120
f 5704/5704/4124 5701/5701/4120 5703/5703/4123
f 5705/5705/4125 5701/5701/4120 5704/5704/4124
f 5704/5704/4124 5699/5700/4119 5705/5705/4125
f 5699/5700/4119 5704/5704/4124 5703/5703/4123
f 5703/5703/4123 5698/5698/4117 5699/5700/4119
f 5706/5706/4126 5708/5707/4127 5707/5708/4119
f 5709/5709/4120 5708/5707/4121 5710/5710/4122
f 5710/5710/4122 5711/5711/4123 5709/5709/4120
f 5712/5712/4124 5709/5709/4120 5711/5711/4123
f 5713/5713/4125 5709/5709/4120 5712/5712/4124
f 5712/5712/4124 5707/5708/4119 5713/5713/4125
f 5707/5708/4119 5712/5712/4124 5711/5711/4123
f 5711/5711/4123 5706/5706/4126 5707/5708/4119
f 5714/5714/4128 5716/5715/4129 5715/5716/4130
f 5715/5716/4130 5717/5717/4131 5714/5714/4128
f 5716/5715/4129 5717/5717/4131 5718/5718/4132
f 5718/5718/4132 5715/5716/4130 5716/5715/4129
f 5719/5719/4133 5718/5718/4132 5717/5717/4131
f 5717/5717/4131 5715/5716/4130 5719/5719/4133
f 5718/5718/4132 5719/5719/4133 5720/5720/4134
f 5720/5720/4134 5715/5716/4130 5718/5718/4132
f 5720/5720/4134 5719/5719/4133 5715/5716/4130
f 5721/5721/4128 5723/5722/4129 5722/5723/4130
f 5722/5723/4130 5724/5724/4131 5721/5721/4128
f 5723/5722/4129 5724/5724/4131 5725/5725/4132
f 5725/5725/4132 5722/5723/4130 5723/5722/4129
f 5726/5726/4133 5725/5725/4132 5724/5724/4131
f 5724/5724/4131 5722/5723/4130 5726/5726/4133
f 5725/5725/4132 5726/5726/4133 5727/5727/4135
f 5727/5727/4135 5722/5723/4130 5725/5725/4132
f 5727/5727/4135 5726/5726/4133 5722/5723/4130
f 5728/5728/4128 5730/5729/4129 5729/5730/4130
f 5729/5730/4130 5731/5731/4136 5728/5728/4128
f 5730/5729/4129 5731/5731/4136 5732/5732/4132
f 5732/5732/4132 5729/5730/4130 5730/5729/4129
f 5733/5733/4133 5732/5732/4132 5731/5731/4136
f 5731/5731/4136 5729/5730/4130 5733/5733/4133
f 5732/5732/4132 5733/5733/4133 5734/5734/4137
f 5734/5734/4137 5729/5730/4130 5732/5732/4132
f 5734/5734/4137 5733/5733/4133 5729/5730/4130
f 5735/5735/4128 5737/5736/4129 5736/5737/4130
f 5736/5737/4130 5738/5738/4131 5735/5735/4128
f 5737/5736/4129 5738/5738/4131 5739/5739/4132
f 5739/5739/4132 5736/5737/4130 5737/5736/4129
f 5740/5740/4133 5739/5739/4132 5738/5738/4131
f 5738/5738/4131 5736/5737/4130 5740/5740/4133
f 5739/5739/4132 5740/5740/4133 5741/5741/4138
f 5741/5741/4138 5736/5737/4130 5739/5739/4132
f 5741/5741/4138 5740/5740/4133 5736/5737/4130
f 5742/5742/4128 5744/5743/4129 5743/5744/4130
f 5743/5744/4130 5745/5745/4131 5742/5742/4128
f 5744/5743/4129 5745/5745/4131 5746/5746/4132
f 5746/5746/4132 5743/5744/4130 5744/5743/4129
f 5747/5747/4133 5746/5746/4132 5745/5745/4131
f 5745/5745/4131 5743/5744/4130 5747/5747/4133
f 5746/5746/4132 5747/5747/4133 5748/5748/4139
f 5748/5748/4139 5743/5744/4130 5746/5746/4132
f 5748/5748/4139 5747/5747/4133 5743/5744/4130
f 5749/5749/4140 5751/5750/4129 5750/5751/4130
f 5750/5751/4130 5752/5752/4131 5749/5749/4140
f 5751/5750/4129 5752/5752/4131 5753/5753/4132
f 5753/5753/4132 5750/5751/4130 5751/5750/4129
f 5754/5754/4133 5753/5753/4132 5752/5752/4131
f 5752/5752/4131 5750/5751/4130 5754/5754/4133
f 5753/5753/4132 5754/5754/4133 5755/5755/4141
f 5755/5755/4141 5750/5751/4130 5753/5753/4132
f 5755/5755/4141 5754/5754/4133 5750/5751/4130
f 5756/5756/4128 5758/5757/4129 5757/5758/4130
f 5757/5758/4130 5759/5759/4131 5756/5756/4128
f 5758/5757/4129 5759/5759/4131 5760/5760/4132
f 5760/5760/4132 5757/5758/4130 5758/5757/4129
f 5761/5761/4133 5760/5760/4132 5759/5759/4131
f 5759/5759/4131 5757/5758/4130 5761/5761/4133
f 5760/5760/4132 5761/5761/4133 5762/5762/4142
f 5762/5762/4142 5757/5758/4130 5760/5760/4132
f 5762/5762/4142 5761/5761/4133 5757/5758/4130
f 5763/5763/4140 5765/5764/4129 5764/5765/4130
f 5764/5765/4130 5766/5766/4131 5763/5763/4140
f 5765/5764/4129 5766/5766/4131 5767/5767/4132
f 5767/5767/4132 5764/5765/4130 5765/5764/4129
f 5768/5768/4133 5767/5767/4132 5766/5766/4131
f 5766/5766/4131 5764/5765/4130 5768/5768/4133
f 5767/5767/4132 5768/5768/4133 5769/5769/4143
f 5769/5769/4143 5764/5765/4130 5767/5767/4132
f 5769/5769/4143 5768/5768/4133 5764/5765/4130
f 5770/5770/4144 5772/5771/4145 5771/5772/4146
f 5771/5772/4146 5773/5773/4147 5770/5770/4144
f 5771/5772/4146 5772/5771/4145 5774/5774/4148
f 5775/5775/4149 5773/5773/4147 5771/5772/4146
f 5771/5772/4146 5774/5774/4148 5776/5776/4150
f 5776/5776/4150 5775/5775/4149 5771/5772/4146
f 5777/5777/4140 5779/5778/4129 5778/5779/4130
f 5778/5779/4130 5780/5780/4131 5777/5777/4140
f 5779/5778/4129 5780/5780/4131 5781/5781/4132
f 5781/5781/4132 5778/5779/4130 5779/5778/4129
f 5782/5782/4133 5781/5781/4132 5780/5780/4131
f 5780/5780/4131 5778/5779/4130 5782/5782/4133
f 5781/5781/4132 5782/5782/4133 5783/5783/4151
f 5783/5783/4151 5778/5779/4130 5781/5781/4132
f 5783/5783/4151 5782/5782/4133 5778/5779/4130
f 5784/5784/4140 5786/5785/4129 5785/5786/4152
f 5785/5786/4152 5787/5787/4131 5784/5784/4140
f 5786/5785/4129 5787/5787/4131 5788/5788/4132
f 5788/5788/4132 5785/5786/4152 5786/5785/4129
f 5789/5789/4133 5788/5788/4132 5787/5787/4131
f 5787/5787/4131 5785/5786/4152 5789/5789/4133
f 5788/5788/4132 5789/5789/4133 5790/5790/4153
f 5790/5790/4153 5785/5786/4152 5788/5788/4132
f 5790/5790/4153 5789/5789/4133 5785/5786/4152
f 5791/5791/4140 5793/5792/4129 5792/5793/4130
f 5792/5793/4130 5794/5794/4131 5791/5791/4140
f 5793/5792/4129 5794/5794/4131 5795/5795/4132
f 5795/5795/4132 5792/5793/4130 5793/5792/4129
f 5796/5796/4133 5795/5795/4132 5794/5794/4131
f 5794/5794/4131 5792/5793/4130 5796/5796/4133
f 5795/5795/4132 5796/5796/4133 5797/5797/4134
f 5797/5797/4134 5792/5793/4130 5795/5795/4132
f 5797/5797/4134 5796/5796/4133 5792/5793/4130
f 5798/5798/4154 5800/5799/4155 5799/5800/4156
f 5799/5800/4156 5801/5801/4157 5798/5798/4154
f 5802/5802/4158 5800/5799/4159 5803/5803/4160
f 5803/5803/4160 5801/5801/4157 5802/5802/4158
f 5801/5801/4157 5803/5803/4160 5804/5804/4161
f 5804/5804/4161 5798/5798/4154 5801/5801/4157
f 5805/5805/4162 5798/5798/4154 5804/5804/4161
f 5804/5804/4161 5803/5803/4160 5805/5805/4162
f 5806/5806/4140 5808/5807/4129 5807/5808/4130
f 5807/5808/4130 5809/5809/4131 5806/5806/4140
f 5808/5807/4129 5809/5809/4131 5810/5810/4163
f 5810/5810/4163 5807/5808/4130 5808/5807/4129
f 5811/5811/4133 5810/5810/4163 5809/5809/4131
f 5809/5809/4131 5807/5808/4130 5811/5811/4133
f 5810/5810/4163 5811/5811/4133 5812/5812/4151
f 5812/5812/4151 5807/5808/4130 5810/5810/4163
f 5812/5812/4151 5811/5811/4133 5807/5808/4130
f 5813/5813/4128 5815/5814/4129 5814/5815/4130
f 5814/5815/4130 5816/5816/4131 5813/5813/4128
f 5815/5814/4129 5816/5816/4131 5817/5817/4132
f 5817/5817/4132 5814/5815/4130 5815/5814/4129
f 5818/5818/4133 5817/5817/4132 5816/5816/4131
f 5816/5816/4131 5814/5815/4130 5818/5818/4133
f 5817/5817/4132 5818/5818/4133 5819/5819/4139
f 5819/5819/4139 5814/5815/4130 5817/5817/4132
f 5819/5819/4139 5818/5818/4133 5814/5815/4130
f 5820/5820/4128 5822/5821/4129 5821/5822/4130
f 5821/5822/4130 5823/5823/4131 5820/5820/4128
f 5822/5821/4129 5823/5823/4131 5824/5824/4132
f 5824/5824/4132 5821/5822/4130 5822/5821/4129
f 5825/5825/4133 5824/5824/4132 5823/5823/4131
f 5823/5823/4131 5821/5822/4130 5825/5825/4133
f 5824/5824/4132 5825/5825/4133 5826/5826/4164
f 5826/5826/4164 5821/5822/4130 5824/5824/4132
f 5826/5826/4164 5825/5825/4133 5821/5822/4130
f 5827/5827/4165 5829/5828/4145 5828/5829/4146
f 5828/5829/4146 5830/5830/4166 5827/5827/4165
f 5828/5829/4146 5829/5828/4145 5831/5831/4167
f 5832/5832/4168 5830/5830/4166 5828/5829/4146
f 5828/5829/4146 5831/5831/4167 5833/5833/4150
f 5833/5833/4150 5832/5832/4168 5828/5829/4146
f 5834/5834/4169 5836/5835/4170 5835/5836/4171
f 5835/5836/4171 5837/5837/4172 5834/5834/4169
f 5838/5838/4173 5836/5835/4174 5839/5839/4175
f 5839/5839/4175 5837/5837/4172 5838/5838/4173
f 5837/5837/4172 5839/5839/4175 5840/5840/4176
f 5840/5840/4176 5834/5834/4169 5837/5837/4172
f 5841/5841/4177 5834/5834/4169 5840/5840/4176
f 5840/5840/4176 5839/5839/4175 5841/5841/4177
f 5842/5842/4165 5844/5843/4145 5843/5844/4146
f 5843/5844/4146 5845/5845/4166 5842/5842/4165
f 5843/5844/4146 5844/5843/4145 5846/5846/4148
f 5847/5847/4178 5845/5845/4166 5843/5844/4146
f 5843/5844/4146 5846/5846/4148 5848/5848/4150
f 5848/5848/4150 5847/5847/4178 5843/5844/4146
f 5849/5849/4140 5851/5850/4129 5850/5851/4130
f 5850/5851/4130 5852/5852/4131 5849/5849/4140
f 5851/5850/4129 5852/5852/4131 5853/5853/4132
f 5853/5853/4132 5850/5851/4130 5851/5850/4129
f 5854/5854/4133 5853/5853/4132 5852/5852/4131
f 5852/5852/4131 5850/5851/4130 5854/5854/4133
f 5853/5853/4132 5854/5854/4133 5855/5855/4153
f 5855/5855/4153 5850/5851/4130 5853/5853/4132
f 5855/5855/4153 5854/5854/4133 5850/5851/4130
f 5856/5856/4140 5858/5857/4129 5857/5858/4130
f 5857/5858/4130 5859/5859/4131 5856/5856/4140
f 5858/5857/4129 5859/5859/4131 5860/5860/4132
f 5860/5860/4132 5857/5858/4130 5858/5857/4129
f 5861/5861/4133 5860/5860/4132 5859/5859/4131
f 5859/5859/4131 5857/5858/4130 5861/5861/4133
f 5860/5860/4132 5861/5861/4133 5862/5862/4179
f 5862/5862/4179 5857/5858/4130 5860/5860/4132
f 5862/5862/4179 5861/5861/4133 5857/5858/4130
f 5863/5863/4128 5865/5864/4129 5864/5865/4130
f 5864/5865/4130 5866/5866/4131 5863/5863/4128
f 5865/5864/4129 5866/5866/4131 5867/5867/4132
f 5867/5867/4132 5864/5865/4130 5865/5864/4129
f 5868/5868/4133 5867/5867/4132 5866/5866/4131
f 5866/5866/4131 5864/5865/4130 5868/5868/4133
f 5867/5867/4132 5868/5868/4133 5869/5869/4138
f 5869/5869/4138 5864/5865/4130 5867/5867/4132
f 5869/5869/4138 5868/5868/4133 5864/5865/4130
f 5870/5870/4180 5872/5871/4181 5871/5872/4182
f 5871/5872/4182 5873/5873/4183 5870/5870/4180
f 5874/5874/4184 5872/5871/4181 5870/5870/4180
f 5870/5870/4180 5873/5873/4183 5875/5875/4185
f 5875/5875/4185 5874/5874/4184 5870/5870/4180
f 5874/5874/4184 5875/5875/4185 5876/5876/4186
f 5876/5876/4186 5872/5871/4181 5874/5874/4184
f 5873/5873/4183 5876/5876/4186 5875/5875/4185
f 5877/5877/4187 5872/5871/4181 5876/5876/4186
f 5876/5876/4186 5873/5873/4183 5877/5877/4187
f 5878/5878/4140 5880/5879/4129 5879/5880/4152
f 5879/5880/4152 5881/5881/4131 5878/5878/4140
f 5880/5879/4129 5881/5881/4131 5882/5882/4132
f 5882/5882/4132 5879/5880/4152 5880/5879/4129
f 5883/5883/4133 5882/5882/4132 5881/5881/4131
f 5881/5881/4131 5879/5880/4152 5883/5883/4133
f 5882/5882/4132 5883/5883/4133 5884/5884/4138
f 5884/5884/4138 5879/5880/4152 5882/5882/4132
f 5884/5884/4138 5883/5883/4133 5879/5880/4152
f 5885/5885/4128 5887/5886/4129 5886/5887/4130
f 5886/5887/4130 5888/5888/4131 5885/5885/4128
f 5887/5886/4129 5888/5888/4131 5889/5889/4132
f 5889/5889/4132 5886/5887/4130 5887/5886/4129
f 5890/5890/4133 5889/5889/4132 5888/5888/4131
f 5888/5888/4131 5886/5887/4130 5890/5890/4133
f 5889/5889/4132 5890/5890/4133 5891/5891/4134
f 5891/5891/4134 5886/5887/4130 5889/5889/4132
f 5891/5891/4134 5890/5890/4133 5886/5887/4130
f 5892/5892/4154 5894/5893/4188 5893/5894/4156
f 5893/5894/4156 5895/5895/4189 5892/5892/4154
f 5896/5896/4190 5894/5893/4159 5897/5897/4191
f 5897/5897/4191 5895/5895/4189 5896/5896/4190
f 5895/5895/4189 5897/5897/4191 5898/5898/4192
f 5898/5898/4192 5892/5892/4154 5895/5895/4189
f 5899/5899/4193 5892/5892/4154 5898/5898/4192
f 5898/5898/4192 5897/5897/4191 5899/5899/4193
f 5900/5900/4128 5902/5901/4129 5901/5902/4130
f 5901/5902/4130 5903/5903/4131 5900/5900/4128
f 5902/5901/4129 5903/5903/4131 5904/5904/4132
f 5904/5904/4132 5901/5902/4130 5902/5901/4129
f 5905/5905/4133 5904/5904/4132 5903/5903/4131
f 5903/5903/4131 5901/5902/4130 5905/5905/4133
f 5904/5904/4132 5905/5905/4133 5906/5906/4194
f 5906/5906/4194 5901/5902/4130 5904/5904/4132
f 5906/5906/4194 5905/5905/4133 5901/5902/4130
f 5907/5907/4128 5909/5908/4195 5908/5909/4130
f 5908/5909/4130 5910/5910/4136 5907/5907/4128
f 5909/5908/4195 5910/5910/4136 5911/5911/4132
f 5911/5911/4132 5908/5909/4130 5909/5908/4195
f 5912/5912/4133 5911/5911/4132 5910/5910/4136
f 5910/5910/4136 5908/5909/4130 5912/5912/4133
f 5911/5911/4132 5912/5912/4133 5913/5913/4196
f 5913/5913/4196 5908/5909/4130 5911/5911/4132
f 5913/5913/4196 5912/5912/4133 5908/5909/4130
f 5914/5914/4128 5916/5915/4195 5915/5916/4130
f 5915/5916/4130 5917/5917/4131 5914/5914/4128
f 5916/5915/4195 5917/5917/4131 5918/5918/4132
f 5918/5918/4132 5915/5916/4130 5916/5915/4195
f 5919/5919/4133 5918/5918/4132 5917/5917/4131
f 5917/5917/4131 5915/5916/4130 5919/5919/4133
f 5918/5918/4132 5919/5919/4133 5920/5920/4197
f 5920/5920/4197 5915/5916/4130 5918/5918/4132
f 5920/5920/4197 5919/5919/4133 5915/5916/4130
f 5921/5921/4128 5923/5922/4129 5922/5923/4130
f 5922/5923/4130 5924/5924/4131 5921/5921/4128
f 5923/5922/4129 5924/5924/4131 5925/5925/4132
f 5925/5925/4132 5922/5923/4130 5923/5922/4129
f 5926/5926/4133 5925/5925/4132 5924/5924/4131
f 5924/5924/4131 5922/5923/4130 5926/5926/4133
f 5925/5925/4132 5926/5926/4133 5927/5927/4198
f 5927/5927/4198 5922/5923/4130 5925/5925/4132
f 5927/5927/4198 5926/5926/4133 5922/5923/4130
f 5928/5928/4128 5930/5929/4129 5929/5930/4130
f 5929/5930/4130 5931/5931/4131 5928/5928/4128
f 5930/5929/4129 5931/5931/4131 5932/5932/4163
f 5932/5932/4163 5929/5930/4130 5930/5929/4129
f 5933/5933/4133 5932/5932/4163 5931/5931/4131
f 5931/5931/4131 5929/5930/4130 5933/5933/4133
f 5932/5932/4163 5933/5933/4133 5934/5934/4199
f 5934/5934/4199 5929/5930/4130 5932/5932/4163
f 5934/5934/4199 5933/5933/4133 5929/5930/4130
f 5935/5935/4128 5937/5936/4129 5936/5937/4130
f 5936/5937/4130 5938/5938/4131 5935/5935/4128
f 5937/5936/4129 5938/5938/4131 5939/5939/4132
f 5939/5939/4132 5936/5937/4130 5937/5936/4129
f 5940/5940/4133 5939/5939/4132 5938/5938/4131
f 5938/5938/4131 5936/5937/4130 5940/5940/4133
f 5939/5939/4132 5940/5940/4133 5941/5941/4134
f 5941/5941/4134 5936/5937/4130 5939/5939/4132
f 5941/5941/4134 5940/5940/4133 5936/5937/4130
f 5942/5942/4140 5944/5943/4129 5943/5944/4130
f 5943/5944/4130 5945/5945/4131 5942/5942/4140
f 5944/5943/4129 5945/5945/4131 5946/5946/4132
f 5946/5946/4132 5943/5944/4130 5944/5943/4129
f 5947/5947/4133 5946/5946/4132 5945/5945/4131
f 5945/5945/4131 5943/5944/4130 5947/5947/4133
f 5946/5946/4132 5947/5947/4133 5948/5948/4200
f 5948/5948/4200 5943/5944/4130 5946/5946/4132
f 5948/5948/4200 5947/5947/4133 5943/5944/4130
f 5949/5949/4144 5951/5950/4145 5950/5951/4146
f 5950/5951/4146 5952/5952/4166 5949/5949/4144
f 5950/5951/4146 5951/5950/4145 5953/5953/4148
f 5954/5954/4178 5952/5952/4166 5950/5951/4146
f 5950/5951/4146 5953/5953/4148 5955/5955/4150
f 5955/5955/4150 5954/5954/4178 5950/5951/4146
f 5956/5956/4201 5958/5957/4202 5957/5958/4203
f 5957/5958/4203 5959/5959/4204 5956/5956/4201
f 5957/5958/4203 5958/5957/4202 5960/5960/4205
f 5961/5961/4206 5959/5959/4207 5962/5962/4208
f 5962/5962/4208 5963/5963/4209 5961/5961/4206
f 5960/5960/4210 5963/5963/4209 5962/5962/4208
f 5964/5964/4169 5966/5965/4211 5965/5966/4171
f 5965/5966/4171 5967/5967/4172 5964/5964/4169
f 5968/5968/4173 5966/5965/4212 5969/5969/4175
f 5969/5969/4175 5967/5967/4172 5968/5968/4173
f 5967/5967/4172 5969/5969/4175 5970/5970/4176
f 5970/5970/4176 5964/5964/4169 5967/5967/4172
f 5971/5971/4177 5964/5964/4169 5970/5970/4176
f 5970/5970/4176 5969/5969/4175 5971/5971/4177
f 5972/5972/4213 5974/5973/4214 5973/5974/4215
f 5973/5974/4215 5975/5975/4216 5972/5972/4213
f 5976/5976/4217 5973/5974/4215 5974/5973/4214
f 5977/5977/4218 5975/5975/4216 5973/5974/4215
f 5973/5974/4215 5976/5976/4217 5978/5978/4219
f 5978/5978/4219 5977/5977/4218 5973/5974/4215
f 5979/5979/4220 5981/5980/4221 5980/5981/4222
f 5980/5981/4222 5982/5982/4223 5979/5979/4220
f 5983/5983/4224 5981/5980/4221 5979/5979/4220
f 5979/5979/4220 5982/5982/4223 5983/5983/4224
f 5981/5980/4221 5983/5983/4224 5984/5984/4225
f 5984/5984/4225 5985/5985/4226 5981/5980/4221
f 5986/5986/4227 5983/5983/4224 5982/5982/4223
f 5982/5982/4223 5985/5985/4228 5986/5986/4227
f 5987/5987/4180 5989/5988/4181 5988/5989/4182
f 5988/5989/4182 5990/5990/4183 5987/5987/4180
f 5991/5991/4229 5989/5988/4181 5987/5987/4180
f 5987/5987/4180 5990/5990/4183 5992/5992/4185
f 5992/5992/4185 5991/5991/4229 5987/5987/4180
f 5991/5991/4229 5992/5992/4185 5993/5993/4186
f 5993/5993/4186 5989/5988/4181 5991/5991/4229
f 5990/5990/4183 5993/5993/4186 5992/5992/4185
f 5994/5994/4187 5989/5988/4181 5993/5993/4186
f 5993/5993/4186 5990/5990/4183 5994/5994/4187
f 5995/5995/4230 5997/5996/4231 5996/5997/4232
f 5996/5997/4232 5998/5998/4233 5995/5995/4230
f 5999/5999/4234 5998/5998/4233 5997/5996/4231
f 5997/5996/4231 5995/5995/4230 5999/5999/4234
f 5998/5998/4233 5999/5999/4234 6000/6000/4235
f 6000/6000/4235 5995/5995/4230 5998/5998/4233
f 6001/6001/4236 5999/5999/4234 5995/5995/4230
f 5995/5995/4230 6000/6000/4235 6001/6001/4236
f 5999/5999/4234 6001/6001/4236 6000/6000/4235
f 6002/6002/4230 6004/6003/4237 6003/6004/4232
f 6003/6004/4232 6005/6005/4233 6002/6002/4230
f 6006/6006/4234 6005/6005/4233 6004/6003/4237
f 6004/6003/4237 6002/6002/4230 6006/6006/4234
f 6005/6005/4233 6006/6006/4234 6007/6007/4235
f 6007/6007/4235 6002/6002/4230 6005/6005/4233
f 6008/6008/4238 6006/6006/4234 6002/6002/4230
f 6002/6002/4230 6007/6007/4235 6008/6008/4238
f 6006/6006/4234 6008/6008/4238 6007/6007/4235
f 6009/6009/4230 6011/6010/4239 6010/6011/4232
f 6010/6011/4232 6012/6012/4233 6009/6009/4230
f 6013/6013/4240 6012/6012/4233 6011/6010/4239
f 6011/6010/4239 6009/6009/4230 6013/6013/4240
f 6012/6012/4233 6013/6013/4240 6014/6014/4235
f 6014/6014/4235 6009/6009/4230 6012/6012/4233
f 6015/6015/4241 6013/6013/4240 6009/6009/4230
f 6009/6009/4230 6014/6014/4235 6015/6015/4241
f 6013/6013/4240 6015/6015/4241 6014/6014/4235
f 6016/6016/4230 6018/6017/4231 6017/6018/4232
f 6017/6018/4232 6019/6019/4233 6016/6016/4230
f 6020/6020/4240 6019/6019/4233 6018/6017/4231
f 6018/6017/4231 6016/6016/4230 6020/6020/4240
f 6019/6019/4233 6020/6020/4240 6021/6021/4242
f 6021/6021/4242 6016/6016/4230 6019/6019/4233
f 6022/6022/4243 6020/6020/4240 6016/6016/4230
f 6016/6016/4230 6021/6021/4242 6022/6022/4243
f 6020/6020/4240 6022/6022/4243 6021/6021/4242
f 6023/6023/4230 6025/6024/4231 6024/6025/4232
f 6024/6025/4232 6026/6026/4233 6023/6023/4230
f 6027/6027/4240 6026/6026/4233 6025/6024/4231
f 6025/6024/4231 6023/6023/4230 6027/6027/4240
f 6026/6026/4233 6027/6027/4240 6028/6028/4235
f 6028/6028/4235 6023/6023/4230 6026/6026/4233
f 6029/6029/4244 6027/6027/4240 6023/6023/4230
f 6023/6023/4230 6028/6028/4235 6029/6029/4244
f 6027/6027/4240 6029/6029/4244 6028/6028/4235
f 6030/6030/4230 6032/6031/4231 6031/6032/4232
f 6031/6032/4232 6033/6033/4233 6030/6030/4230
f 6034/6034/4240 6033/6033/4233 6032/6031/4231
f 6032/6031/4231 6030/6030/4230 6034/6034/4240
f 6033/6033/4233 6034/6034/4240 6035/6035/4235
f 6035/6035/4235 6030/6030/4230 6033/6033/4233
f 6036/6036/4245 6034/6034/4240 6030/6030/4230
f 6030/6030/4230 6035/6035/4235 6036/6036/4245
f 6034/6034/4240 6036/6036/4245 6035/6035/4235
f 6037/6037/4230 6039/6038/4231 6038/6039/4232
f 6038/6039/4232 6040/6040/4233 6037/6037/4230
f 6041/6041/4234 6040/6040/4233 6039/6038/4231
f 6039/6038/4231 6037/6037/4230 6041/6041/4234
f 6040/6040/4233 6041/6041/4234 6042/6042/4235
f 6042/6042/4235 6037/6037/4230 6040/6040/4233
f 6043/6043/4246 6041/6041/4234 6037/6037/4230
f 6037/6037/4230 6042/6042/4235 6043/6043/4246
f 6041/6041/4234 6043/6043/4246 6042/6042/4235
f 6044/6044/4230 6046/6045/4247 6045/6046/4232
f 6045/6046/4232 6047/6047/4233 6044/6044/4230
f 6048/6048/4240 6047/6047/4233 6046/6045/4247
f 6046/6045/4247 6044/6044/4230 6048/6048/4240
f 6047/6047/4233 6048/6048/4240 6049/6049/4235
f 6049/6049/4235 6044/6044/4230 6047/6047/4233
f 6050/6050/4248 6048/6048/4240 6044/6044/4230
f 6044/6044/4230 6049/6049/4235 6050/6050/4248
f 6048/6048/4240 6050/6050/4248 6049/6049/4235
f 6051/6051/4249 6053/6052/4250 6052/6053/4251
f 6054/6054/4252 6053/6052/4253 6055/6055/4254
f 6055/6055/4254 6056/6056/4255 6054/6054/4252
f 6057/6057/4256 6054/6054/4252 6056/6056/4255
f 6058/6058/4257 6054/6054/4252 6057/6057/4256
f 6057/6057/4256 6052/6053/4251 6058/6058/4257
f 6052/6053/4251 6057/6057/4256 6056/6056/4255
f 6056/6056/4255 6051/6051/4249 6052/6053/4251
f 6059/6059/4230 6061/6060/4247 6060/6061/4232
f 6060/6061/4232 6062/6062/4233 6059/6059/4230
f 6063/6063/4234 6062/6062/4233 6061/6060/4247
f 6061/6060/4247 6059/6059/4230 6063/6063/4234
f 6062/6062/4233 6063/6063/4234 6064/6064/4235
f 6064/6064/4235 6059/6059/4230 6062/6062/4233
f 6065/6065/4258 6063/6063/4234 6059/6059/4230
f 6059/6059/4230 6064/6064/4235 6065/6065/4258
f 6063/6063/4234 6065/6065/4258 6064/6064/4235
f 6066/6066/4230 6068/6067/4247 6067/6068/4232
f 6067/6068/4232 6069/6069/4233 6066/6066/4230
f 6070/6070/4240 6069/6069/4233 6068/6067/4247
f 6068/6067/4247 6066/6066/4230 6070/6070/4240
f 6069/6069/4233 6070/6070/4240 6071/6071/4235
f 6071/6071/4235 6066/6066/4230 6069/6069/4233
f 6072/6072/4259 6070/6070/4240 6066/6066/4230
f 6066/6066/4230 6071/6071/4235 6072/6072/4259
f 6070/6070/4240 6072/6072/4259 6071/6071/4235
f 6073/6073/4230 6075/6074/4239 6074/6075/4232
f 6074/6075/4232 6076/6076/4233 6073/6073/4230
f 6077/6077/4240 6076/6076/4233 6075/6074/4239
f 6075/6074/4239 6073/6073/4230 6077/6077/4240
f 6076/6076/4233 6077/6077/4240 6078/6078/4235
f 6078/6078/4235 6073/6073/4230 6076/6076/4233
f 6079/6079/4260 6077/6077/4240 6073/6073/4230
f 6073/6073/4230 6078/6078/4235 6079/6079/4260
f 6077/6077/4240 6079/6079/4260 6078/6078/4235
f 6080/6080/4261 6082/6081/4262 6081/6082/4263
f 6083/6083/4264 6082/6081/4265 6084/6084/4266
f 6084/6084/4266 6085/6085/4267 6083/6083/4264
f 6086/6086/4268 6083/6083/4264 6085/6085/4267
f 6087/6087/4269 6083/6083/4264 6086/6086/4268
f 6086/6086/4268 6081/6082/4263 6087/6087/4269
f 6081/6082/4263 6086/6086/4268 6085/6085/4267
f 6085/6085/4267 6080/6080/4261 6081/6082/4263
f 6088/6088/4230 6090/6089/4231 6089/6090/4232
f 6089/6090/4232 6091/6091/4270 6088/6088/4230
f 6092/6092/4240 6091/6091/4270 6090/6089/4231
f 6090/6089/4231 6088/6088/4230 6092/6092/4240
f 6091/6091/4270 6092/6092/4240 6093/6093/4235
f 6093/6093/4235 6088/6088/4230 6091/6091/4270
f 6094/6094/4271 6092/6092/4240 6088/6088/4230
f 6088/6088/4230 6093/6093/4235 6094/6094/4271
f 6092/6092/4240 6094/6094/4271 6093/6093/4235
f 6095/6095/4230 6097/6096/4247 6096/6097/4232
f 6096/6097/4232 6098/6098/4233 6095/6095/4230
f 6099/6099/4240 6098/6098/4233 6097/6096/4247
f 6097/6096/4247 6095/6095/4230 6099/6099/4240
f 6098/6098/4233 6099/6099/4240 6100/6100/4235
f 6100/6100/4235 6095/6095/4230 6098/6098/4233
f 6101/6101/4272 6099/6099/4240 6095/6095/4230
f 6095/6095/4230 6100/6100/4235 6101/6101/4272
f 6099/6099/4240 6101/6101/4272 6100/6100/4235
f 6102/6102/4230 6104/6103/4239 6103/6104/4232
f 6103/6104/4232 6105/6105/4233 6102/6102/4230
f 6106/6106/4240 6105/6105/4233 6104/6103/4239
f 6104/6103/4239 6102/6102/4230 6106/6106/4240
f 6105/6105/4233 6106/6106/4240 6107/6107/4235
f 6107/6107/4235 6102/6102/4230 6105/6105/4233
f 6108/6108/4273 6106/6106/4240 6102/6102/4230
f 6102/6102/4230 6107/6107/4235 6108/6108/4273
f 6106/6106/4240 6108/6108/4273 6107/6107/4235
f 6109/6109/4249 6111/6110/4250 6110/6111/4251
f 6112/6112/4252 6111/6110/4274 6113/6113/4254
f 6113/6113/4254 6114/6114/4255 6112/6112/4252
f 6115/6115/4256 6112/6112/4252 6114/6114/4255
f 6116/6116/4257 6112/6112/4252 6115/6115/4256
f 6115/6115/4256 6110/6111/4251 6116/6116/4257
f 6110/6111/4251 6115/6115/4256 6114/6114/4255
f 6114/6114/4255 6109/6109/4249 6110/6111/4251
f 6117/6117/4275 6119/6118/4276 6118/6119/4277
f 6120/6120/4278 6119/6118/4279 6121/6121/4280
f 6121/6121/4280 6122/6122/4281 6120/6120/4278
f 6123/6123/4282 6120/6120/4278 6122/6122/4281
f 6124/6124/4283 6120/6120/4278 6123/6123/4282
f 6123/6123/4282 6118/6119/4277 6124/6124/4283
f 6118/6119/4277 6123/6123/4282 6122/6122/4281
f 6122/6122/4281 6117/6117/4275 6118/6119/4277
f 6125/6125/4249 6127/6126/4250 6126/6127/4251
f 6128/6128/4252 6127/6126/4274 6129/6129/4254
f 6129/6129/4254 6130/6130/4255 6128/6128/4252
f 6131/6131/4256 6128/6128/4252 6130/6130/4255
f 6132/6132/4257 6128/6128/4252 6131/6131/4256
f 6131/6131/4256 6126/6127/4251 6132/6132/4257
f 6126/6127/4251 6131/6131/4256 6130/6130/4255
f 6130/6130/4255 6125/6125/4249 6126/6127/4251
f 6133/6133/4230 6135/6134/4231 6134/6135/4232
f 6134/6135/4232 6136/6136/4233 6133/6133/4230
f 6137/6137/4240 6136/6136/4233 6135/6134/4231
f 6135/6134/4231 6133/6133/4230 6137/6137/4240
f 6136/6136/4233 6137/6137/4240 6138/6138/4235
f 6138/6138/4235 6133/6133/4230 6136/6136/4233
f 6139/6139/4284 6137/6137/4240 6133/6133/4230
f 6133/6133/4230 6138/6138/4235 6139/6139/4284
f 6137/6137/4240 6139/6139/4284 6138/6138/4235
f 6140/6140/4230 6142/6141/4239 6141/6142/4232
f 6141/6142/4232 6143/6143/4233 6140/6140/4230
f 6144/6144/4234 6143/6143/4233 6142/6141/4239
f 6142/6141/4239 6140/6140/4230 6144/6144/4234
f 6143/6143/4233 6144/6144/4234 6145/6145/4235
f 6145/6145/4235 6140/6140/4230 6143/6143/4233
f 6146/6146/4285 6144/6144/4234 6140/6140/4230
f 6140/6140/4230 6145/6145/4235 6146/6146/4285
f 6144/6144/4234 6146/6146/4285 6145/6145/4235
f 6147/6147/4230 6149/6148/4239 6148/6149/4232
f 6148/6149/4232 6150/6150/4233 6147/6147/4230
f 6151/6151/4240 6150/6150/4233 6149/6148/4239
f 6149/6148/4239 6147/6147/4230 6151/6151/4240
f 6150/6150/4233 6151/6151/4240 6152/6152/4235
f 6152/6152/4235 6147/6147/4230 6150/6150/4233
f 6153/6153/4286 6151/6151/4240 6147/6147/4230
f 6147/6147/4230 6152/6152/4235 6153/6153/4286
f 6151/6151/4240 6153/6153/4286 6152/6152/4235
f 6154/6154/4287 6156/6155/4288 6155/6156/4289
f 6155/6156/4289 6157/6157/4290 6154/6154/4287
f 6155/6156/4289 6156/6155/4288 6158/6158/4291
f 6159/6159/4292 6157/6157/4290 6155/6156/4289
f 6155/6156/4289 6158/6158/4291 6159/6159/4292
f 6160/6160/4293 6159/6159/4292 6158/6158/4291
f 6158/6158/4291 6156/6155/4288 6160/6160/4293
f 6157/6157/4290 6159/6159/4292 6160/6160/4293
f 6160/6160/4293 6156/6155/4288 6161/6161/4294
f 6161/6161/4294 6157/6157/4290 6160/6160/4293
f 6162/6162/4230 6164/6163/4231 6163/6164/4232
f 6163/6164/4232 6165/6165/4233 6162/6162/4230
f 6166/6166/4240 6165/6165/4233 6164/6163/4231
f 6164/6163/4231 6162/6162/4230 6166/6166/4240
f 6165/6165/4233 6166/6166/4240 6167/6167/4235
f 6167/6167/4235 6162/6162/4230 6165/6165/4233
f 6168/6168/4295 6166/6166/4240 6162/6162/4230
f 6162/6162/4230 6167/6167/4235 6168/6168/4295
f 6166/6166/4240 6168/6168/4295 6167/6167/4235
f 6169/6169/4230 6171/6170/4239 6170/6171/4232
f 6170/6171/4232 6172/6172/4233 6169/6169/4230
f 6173/6173/4240 6172/6172/4233 6171/6170/4239
f 6171/6170/4239 6169/6169/4230 6173/6173/4240
f 6172/6172/4233 6173/6173/4240 6174/6174/4235
f 6174/6174/4235 6169/6169/4230 6172/6172/4233
f 6175/6175/4296 6173/6173/4240 6169/6169/4230
f 6169/6169/4230 6174/6174/4235 6175/6175/4296
f 6173/6173/4240 6175/6175/4296 6174/6174/4235
f 6176/6176/4261 6178/6177/4297 6177/6178/4263
f 6179/6179/4264 6178/6177/4265 6180/6180/4266
f 6180/6180/4266 6181/6181/4267 6179/6179/4264
f 6182/6182/4268 6179/6179/4264 6181/6181/4267
f 6183/6183/4298 6179/6179/4264 6182/6182/4268
f 6182/6182/4268 6177/6178/4263 6183/6183/4298
f 6177/6178/4263 6182/6182/4268 6181/6181/4267
f 6181/6181/4267 6176/6176/4261 6177/6178/4263
f 6184/6184/4230 6186/6185/4239 6185/6186/4232
f 6185/6186/4232 6187/6187/4233 6184/6184/4230
f 6188/6188/4240 6187/6187/4233 6186/6185/4239
f 6186/6185/4239 6184/6184/4230 6188/6188/4240
f 6187/6187/4233 6188/6188/4240 6189/6189/4235
f 6189/6189/4235 6184/6184/4230 6187/6187/4233
f 6190/6190/4260 6188/6188/4240 6184/6184/4230
f 6184/6184/4230 6189/6189/4235 6190/6190/4260
f 6188/6188/4240 6190/6190/4260 6189/6189/4235
f 6191/6191/4230 6193/6192/4237 6192/6193/4232
f 6192/6193/4232 6194/6194/4233 6191/6191/4230
f 6195/6195/4234 6194/6194/4233 6193/6192/4237
f 6193/6192/4237 6191/6191/4230 6195/6195/4234
f 6194/6194/4233 6195/6195/4234 6196/6196/4235
f 6196/6196/4235 6191/6191/4230 6194/6194/4233
f 6197/6197/4299 6195/6195/4234 6191/6191/4230
f 6191/6191/4230 6196/6196/4235 6197/6197/4299
f 6195/6195/4234 6197/6197/4299 6196/6196/4235
f 6198/6198/4230 6200/6199/4247 6199/6200/4232
f 6199/6200/4232 6201/6201/4233 6198/6198/4230
f 6202/6202/4234 6201/6201/4233 6200/6199/4247
f 6200/6199/4247 6198/6198/4230 6202/6202/4234
f 6201/6201/4233 6202/6202/4234 6203/6203/4235
f 6203/6203/4235 6198/6198/4230 6201/6201/4233
f 6204/6204/4300 6202/6202/4234 6198/6198/4230
f 6198/6198/4230 6203/6203/4235 6204/6204/4300
f 6202/6202/4234 6204/6204/4300 6203/6203/4235
f 6205/6205/4230 6207/6206/4247 6206/6207/4232
f 6206/6207/4232 6208/6208/4233 6205/6205/4230
f 6209/6209/4240 6208/6208/4233 6207/6206/4247
f 6207/6206/4247 6205/6205/4230 6209/6209/4240
f 6208/6208/4233 6209/6209/4240 6210/6210/4235
f 6210/6210/4235 6205/6205/4230 6208/6208/4233
f 6211/6211/4301 6209/6209/4240 6205/6205/4230
f 6205/6205/4230 6210/6210/4235 6211/6211/4301
f 6209/6209/4240 6211/6211/4301 6210/6210/4235
f 6212/6212/4230 6214/6213/4237 6213/6214/4232
f 6213/6214/4232 6215/6215/4233 6212/6212/4230
f 6216/6216/4234 6215/6215/4233 6214/6213/4237
f 6214/6213/4237 6212/6212/4230 6216/6216/4234
f 6215/6215/4233 6216/6216/4234 6217/6217/4235
f 6217/6217/4235 6212/6212/4230 6215/6215/4233
f 6218/6218/4285 6216/6216/4234 6212/6212/4230
f 6212/6212/4230 6217/6217/4235 6218/6218/4285
f 6216/6216/4234 6218/6218/4285 6217/6217/4235
f 6219/6219/4230 6221/6220/4239 6220/6221/4232
f 6220/6221/4232 6222/6222/4233 6219/6219/4230
f 6223/6223/4240 6222/6222/4233 6221/6220/4239
f 6221/6220/4239 6219/6219/4230 6223/6223/4240
f 6222/6222/4233 6223/6223/4240 6224/6224/4235
f 6224/6224/4235 6219/6219/4230 6222/6222/4233
f 6225/6225/4302 6223/6223/4240 6219/6219/4230
f 6219/6219/4230 6224/6224/4235 6225/6225/4302
f 6223/6223/4240 6225/6225/4302 6224/6224/4235
f 6226/6226/4230 6228/6227/4237 6227/6228/4232
f 6227/6228/4232 6229/6229/4233 6226/6226/4230
f 6230/6230/4240 6229/6229/4233 6228/6227/4237
f 6228/6227/4237 6226/6226/4230 6230/6230/4240
f 6229/6229/4233 6230/6230/4240 6231/6231/4235
f 6231/6231/4235 6226/6226/4230 6229/6229/4233
f 6232/6232/4259 6230/6230/4240 6226/6226/4230
f 6226/6226/4230 6231/6231/4235 6232/6232/4259
f 6230/6230/4240 6232/6232/4259 6231/6231/4235
f 6233/6233/4249 6235/6234/4303 6234/6235/4251
f 6236/6236/4252 6235/6234/4274 6237/6237/4254
f 6237/6237/4254 6238/6238/4255 6236/6236/4252
f 6239/6239/4256 6236/6236/4252 6238/6238/4255
f 6240/6240/4257 6236/6236/4252 6239/6239/4256
f 6239/6239/4256 6234/6235/4251 6240/6240/4257
f 6234/6235/4251 6239/6239/4256 6238/6238/4255
f 6238/6238/4255 6233/6233/4249 6234/6235/4251
f 6241/6241/4304 6243/6242/4305 6242/6243/4306
f 6242/6243/4306 6244/6244/4307 6241/6241/4304
f 6245/6245/4308 6244/6244/4307 6242/6243/4306
f 6246/6246/4309 6245/6245/4310 6247/6247/4311
f 6247/6247/4311 6248/6248/4312 6246/6246/4309
f 6248/6248/4312 6247/6247/4311 6243/6242/4313
f 6249/6249/4275 6251/6250/4314 6250/6251/4277
f 6252/6252/4278 6251/6250/4279 6253/6253/4280
f 6253/6253/4280 6254/6254/4281 6252/6252/4278
f 6255/6255/4282 6252/6252/4278 6254/6254/4281
f 6256/6256/4283 6252/6252/4278 6255/6255/4282
f 6255/6255/4282 6250/6251/4277 6256/6256/4283
f 6250/6251/4277 6255/6255/4282 6254/6254/4281
f 6254/6254/4281 6249/6249/4275 6250/6251/4277
f 6257/6257/4315 6259/6258/4316 6258/6259/4317
f 6258/6259/4317 6260/6260/4318 6257/6257/4315
f 6258/6259/4317 6259/6258/4316 6261/6261/4319
f 6262/6262/4320 6260/6260/4318 6258/6259/4317
f 6258/6259/4317 6261/6261/4319 6262/6262/4320
f 6263/6263/4321 6262/6262/4320 6261/6261/4319
f 6261/6261/4319 6259/6258/4316 6263/6263/4321
f 6260/6260/4318 6262/6262/4320 6263/6263/4321
f 6263/6263/4321 6259/6258/4316 6264/6264/4322
f 6264/6264/4322 6260/6260/4318 6263/6263/4321
f 6265/6265/4287 6267/6266/4288 6266/6267/4289
f 6266/6267/4289 6268/6268/4290 6265/6265/4287
f 6266/6267/4289 6267/6266/4288 6269/6269/4323
f 6270/6270/4324 6268/6268/4290 6266/6267/4289
f 6266/6267/4289 6269/6269/4323 6270/6270/4324
f 6271/6271/4325 6270/6270/4324 6269/6269/4323
f 6269/6269/4323 6267/6266/4288 6271/6271/4325
f 6268/6268/4290 6270/6270/4324 6271/6271/4325
f 6271/6271/4325 6267/6266/4288 6272/6272/4326
f 6272/6272/4326 6268/6268/4290 6271/6271/4325
f 6273/6273/4128 6275/6274/4129 6274/6275/4130
f 6274/6275/4130 6276/6276/4131 6273/6273/4128
f 6275/6274/4129 6276/6276/4131 6277/6277/4132
f 6277/6277/4132 6274/6275/4130 6275/6274/4129
f 6278/6278/4133 6277/6277/4132 6276/6276/4131
f 6276/6276/4131 6274/6275/4130 6278/6278/4133
f 6277/6277/4132 6278/6278/4133 6279/6279/4327
f 6279/6279/4327 6274/6275/4130 6277/6277/4132
f 6279/6279/4327 6278/6278/4133 6274/6275/4130
f 6280/6280/4128 6282/6281/4129 6281/6282/4130
f 6281/6282/4130 6283/6283/4131 6280/6280/4128
f 6282/6281/4129 6283/6283/4131 6284/6284/4132
f 6284/6284/4132 6281/6282/4130 6282/6281/4129
f 6285/6285/4133 6284/6284/4132 6283/6283/4131
f 6283/6283/4131 6281/6282/4130 6285/6285/4133
f 6284/6284/4132 6285/6285/4133 6286/6286/4328
f 6286/6286/4328 6281/6282/4130 6284/6284/4132
f 6286/6286/4328 6285/6285/4133 6281/6282/4130
f 6287/6287/4140 6289/6288/4129 6288/6289/4130
f 6288/6289/4130 6290/6290/4131 6287/6287/4140
f 6289/6288/4129 6290/6290/4131 6291/6291/4132
f 6291/6291/4132 6288/6289/4130 6289/6288/4129
f 6292/6292/4133 6291/6291/4132 6290/6290/4131
f 6290/6290/4131 6288/6289/4130 6292/6292/4133
f 6291/6291/4132 6292/6292/4133 6293/6293/4329
f 6293/6293/4329 6288/6289/4130 6291/6291/4132
f 6293/6293/4329 6292/6292/4133 6288/6289/4130
f 6294/6294/4140 6296/6295/4129 6295/6296/4130
f 6295/6296/4130 6297/6297/4131 6294/6294/4140
f 6296/6295/4129 6297/6297/4131 6298/6298/4132
f 6298/6298/4132 6295/6296/4130 6296/6295/4129
f 6299/6299/4133 6298/6298/4132 6297/6297/4131
f 6297/6297/4131 6295/6296/4130 6299/6299/4133
f 6298/6298/4132 6299/6299/4133 6300/6300/4330
f 6300/6300/4330 6295/6296/4130 6298/6298/4132
f 6300/6300/4330 6299/6299/4133 6295/6296/4130
f 6301/6301/4140 6303/6302/4129 6302/6303/4130
f 6302/6303/4130 6304/6304/4131 6301/6301/4140
f 6303/6302/4129 6304/6304/4131 6305/6305/4132
f 6305/6305/4132 6302/6303/4130 6303/6302/4129
f 6306/6306/4133 6305/6305/4132 6304/6304/4131
f 6304/6304/4131 6302/6303/4130 6306/6306/4133
f 6305/6305/4132 6306/6306/4133 6307/6307/4179
f 6307/6307/4179 6302/6303/4130 6305/6305/4132
f 6307/6307/4179 6306/6306/4133 6302/6303/4130
f 6308/6308/4128 6310/6309/4129 6309/6310/4130
f 6309/6310/4130 6311/6311/4131 6308/6308/4128
f 6310/6309/4129 6311/6311/4131 6312/6312/4132
f 6312/6312/4132 6309/6310/4130 6310/6309/4129
f 6313/6313/4133 6312/6312/4132 6311/6311/4131
f 6311/6311/4131 6309/6310/4130 6313/6313/4133
f 6312/6312/4132 6313/6313/4133 6314/6314/4331
f 6314/6314/4331 6309/6310/4130 6312/6312/4132
f 6314/6314/4331 6313/6313/4133 6309/6310/4130
f 6315/6315/4140 6317/6316/4129 6316/6317/4130
f 6316/6317/4130 6318/6318/4131 6315/6315/4140
f 6317/6316/4129 6318/6318/4131 6319/6319/4132
f 6319/6319/4132 6316/6317/4130 6317/6316/4129
f 6320/6320/4133 6319/6319/4132 6318/6318/4131
f 6318/6318/4131 6316/6317/4130 6320/6320/4133
f 6319/6319/4132 6320/6320/4133 6321/6321/4329
f 6321/6321/4329 6316/6317/4130 6319/6319/4132
f 6321/6321/4329 6320/6320/4133 6316/6317/4130
f 6322/6322/4140 6324/6323/4129 6323/6324/4130
f 6323/6324/4130 6325/6325/4131 6322/6322/4140
f 6324/6323/4129 6325/6325/4131 6326/6326/4132
f 6326/6326/4132 6323/6324/4130 6324/6323/4129
f 6327/6327/4133 6326/6326/4132 6325/6325/4131
f 6325/6325/4131 6323/6324/4130 6327/6327/4133
f 6326/6326/4132 6327/6327/4133 6328/6328/4179
f 6328/6328/4179 6323/6324/4130 6326/6326/4132
f 6328/6328/4179 6327/6327/4133 6323/6324/4130
f 6329/6329/4128 6331/6330/4129 6330/6331/4130
f 6330/6331/4130 6332/6332/4131 6329/6329/4128
f 6331/6330/4129 6332/6332/4131 6333/6333/4163
f 6333/6333/4163 6330/6331/4130 6331/6330/4129
f 6334/6334/4133 6333/6333/4163 6332/6332/4131
f 6332/6332/4131 6330/6331/4130 6334/6334/4133
f 6333/6333/4163 6334/6334/4133 6335/6335/4138
f 6335/6335/4138 6330/6331/4130 6333/6333/4163
f 6335/6335/4138 6334/6334/4133 6330/6331/4130
f 6336/6336/4128 6338/6337/4129 6337/6338/4130
f 6337/6338/4130 6339/6339/4131 6336/6336/4128
f 6338/6337/4129 6339/6339/4131 6340/6340/4163
f 6340/6340/4163 6337/6338/4130 6338/6337/4129
f 6341/6341/4133 6340/6340/4163 6339/6339/4131
f 6339/6339/4131 6337/6338/4130 6341/6341/4133
f 6340/6340/4163 6341/6341/4133 6342/6342/4179
f 6342/6342/4179 6337/6338/4130 6340/6340/4163
f 6342/6342/4179 6341/6341/4133 6337/6338/4130
f 6343/6343/4140 6345/6344/4129 6344/6345/4130
f 6344/6345/4130 6346/6346/4131 6343/6343/4140
f 6345/6344/4129 6346/6346/4131 6347/6347/4132
f 6347/6347/4132 6344/6345/4130 6345/6344/4129
f 6348/6348/4133 6347/6347/4132 6346/6346/4131
f 6346/6346/4131 6344/6345/4130 6348/6348/4133
f 6347/6347/4132 6348/6348/4133 6349/6349/4331
f 6349/6349/4331 6344/6345/4130 6347/6347/4132
f 6349/6349/4331 6348/6348/4133 6344/6345/4130
f 6350/6350/4332 6352/6351/4333 6351/6352/4334
f 6351/6352/4334 6353/6353/4335 6350/6350/4332
f 6354/6354/4336 6352/6351/4337 6355/6355/4338
f 6355/6355/4338 6353/6353/4335 6354/6354/4336
f 6353/6353/4335 6355/6355/4338 6356/6356/4339
f 6356/6356/4339 6350/6350/4332 6353/6353/4335
f 6357/6357/4340 6350/6350/4332 6356/6356/4339
f 6356/6356/4339 6355/6355/4338 6357/6357/4340
f 6358/6358/4165 6360/6359/4145 6359/6360/4146
f 6359/6360/4146 6361/6361/4166 6358/6358/4165
f 6359/6360/4146 6360/6359/4145 6362/6362/4148
f 6363/6363/4178 6361/6361/4166 6359/6360/4146
f 6359/6360/4146 6362/6362/4148 6364/6364/4150
f 6364/6364/4150 6363/6363/4178 6359/6360/4146
f 6365/6365/4128 6367/6366/4129 6366/6367/4130
f 6366/6367/4130 6368/6368/4131 6365/6365/4128
f 6367/6366/4129 6368/6368/4131 6369/6369/4132
f 6369/6369/4132 6366/6367/4130 6367/6366/4129
f 6370/6370/4133 6369/6369/4132 6368/6368/4131
f 6368/6368/4131 6366/6367/4130 6370/6370/4133
f 6369/6369/4132 6370/6370/4133 6371/6371/4341
f 6371/6371/4341 6366/6367/4130 6369/6369/4132
f 6371/6371/4341 6370/6370/4133 6366/6367/4130
f 6372/6372/4128 6374/6373/4129 6373/6374/4130
f 6373/6374/4130 6375/6375/4131 6372/6372/4128
f 6374/6373/4129 6375/6375/4131 6376/6376/4132
f 6376/6376/4132 6373/6374/4130 6374/6373/4129
f 6377/6377/4133 6376/6376/4132 6375/6375/4131
f 6375/6375/4131 6373/6374/4130 6377/6377/4133
f 6376/6376/4132 6377/6377/4133 6378/6378/4330
f 6378/6378/4330 6373/6374/4130 6376/6376/4132
f 6378/6378/4330 6377/6377/4133 6373/6374/4130
f 6379/6379/4128 6381/6380/4129 6380/6381/4130
f 6380/6381/4130 6382/6382/4131 6379/6379/4128
f 6381/6380/4129 6382/6382/4131 6383/6383/4132
f 6383/6383/4132 6380/6381/4130 6381/6380/4129
f 6384/6384/4133 6383/6383/4132 6382/6382/4131
f 6382/6382/4131 6380/6381/4130 6384/6384/4133
f 6383/6383/4132 6384/6384/4133 6385/6385/4330
f 6385/6385/4330 6380/6381/4130 6383/6383/4132
f 6385/6385/4330 6384/6384/4133 6380/6381/4130
f 6386/6386/4180 6388/6387/4181 6387/6388/4182
f 6387/6388/4182 6389/6389/4183 6386/6386/4180
f 6390/6390/4342 6388/6387/4181 6386/6386/4180
f 6386/6386/4180 6389/6389/4183 6391/6391/4185
f 6391/6391/4185 6390/6390/4342 6386/6386/4180
f 6390/6390/4342 6391/6391/4185 6392/6392/4186
f 6392/6392/4186 6388/6387/4181 6390/6390/4342
f 6389/6389/4183 6392/6392/4186 6391/6391/4185
f 6393/6393/4187 6388/6387/4181 6392/6392/4186
f 6392/6392/4186 6389/6389/4183 6393/6393/4187
f 6394/6394/4128 6396/6395/4129 6395/6396/4130
f 6395/6396/4130 6397/6397/4131 6394/6394/4128
f 6396/6395/4129 6397/6397/4131 6398/6398/4132
f 6398/6398/4132 6395/6396/4130 6396/6395/4129
f 6399/6399/4133 6398/6398/4132 6397/6397/4131
f 6397/6397/4131 6395/6396/4130 6399/6399/4133
f 6398/6398/4132 6399/6399/4133 6400/6400/4343
f 6400/6400/4343 6395/6396/4130 6398/6398/4132
f 6400/6400/4343 6399/6399/4133 6395/6396/4130
f 6401/6401/4140 6403/6402/4129 6402/6403/4130
f 6402/6403/4130 6404/6404/4131 6401/6401/4140
f 6403/6402/4129 6404/6404/4131 6405/6405/4132
f 6405/6405/4132 6402/6403/4130 6403/6402/4129
f 6406/6406/4133 6405/6405/4132 6404/6404/4131
f 6404/6404/4131 6402/6403/4130 6406/6406/4133
f 6405/6405/4132 6406/6406/4133 6407/6407/4344
f 6407/6407/4344 6402/6403/4130 6405/6405/4132
f 6407/6407/4344 6406/6406/4133 6402/6403/4130
f 6408/6408/4345 6410/6409/4155 6409/6410/4156
f 6409/6410/4156 6411/6411/4157 6408/6408/4345
f 6412/6412/4190 6410/6409/4159 6413/6413/4191
f 6413/6413/4191 6411/6411/4157 6412/6412/4190
f 6411/6411/4157 6413/6413/4191 6414/6414/4161
f 6414/6414/4161 6408/6408/4345 6411/6411/4157
f 6415/6415/4162 6408/6408/4345 6414/6414/4161
f 6414/6414/4161 6413/6413/4191 6415/6415/4162
f 6416/6416/4140 6418/6417/4129 6417/6418/4130
f 6417/6418/4130 6419/6419/4131 6416/6416/4140
f 6418/6417/4129 6419/6419/4131 6420/6420/4132
f 6420/6420/4132 6417/6418/4130 6418/6417/4129
f 6421/6421/4133 6420/6420/4132 6419/6419/4131
f 6419/6419/4131 6417/6418/4130 6421/6421/4133
f 6420/6420/4132 6421/6421/4133 6422/6422/4198
f 6422/6422/4198 6417/6418/4130 6420/6420/4132
f 6422/6422/4198 6421/6421/4133 6417/6418/4130
f 6423/6423/4128 6425/6424/4129 6424/6425/4130
f 6424/6425/4130 6426/6426/4131 6423/6423/4128
f 6425/6424/4129 6426/6426/4131 6427/6427/4132
f 6427/6427/4132 6424/6425/4130 6425/6424/4129
f 6428/6428/4133 6427/6427/4132 6426/6426/4131
f 6426/6426/4131 6424/6425/4130 6428/6428/4133
f 6427/6427/4132 6428/6428/4133 6429/6429/4138
f 6429/6429/4138 6424/6425/4130 6427/6427/4132
f 6429/6429/4138 6428/6428/4133 6424/6425/4130
f 6430/6430/4128 6432/6431/4129 6431/6432/4130
f 6431/6432/4130 6433/6433/4131 6430/6430/4128
f 6432/6431/4129 6433/6433/4131 6434/6434/4132
f 6434/6434/4132 6431/6432/4130 6432/6431/4129
f 6435/6435/4133 6434/6434/4132 6433/6433/4131
f 6433/6433/4131 6431/6432/4130 6435/6435/4133
f 6434/6434/4132 6435/6435/4133 6436/6436/4151
f 6436/6436/4151 6431/6432/4130 6434/6434/4132
f 6436/6436/4151 6435/6435/4133 6431/6432/4130
f 6437/6437/4128 6439/6438/4129 6438/6439/4130
f 6438/6439/4130 6440/6440/4131 6437/6437/4128
f 6439/6438/4129 6440/6440/4131 6441/6441/4132
f 6441/6441/4132 6438/6439/4130 6439/6438/4129
f 6442/6442/4133 6441/6441/4132 6440/6440/4131
f 6440/6440/4131 6438/6439/4130 6442/6442/4133
f 6441/6441/4132 6442/6442/4133 6443/6443/4330
f 6443/6443/4330 6438/6439/4130 6441/6441/4132
f 6443/6443/4330 6442/6442/4133 6438/6439/4130
f 6444/6444/4140 6446/6445/4129 6445/6446/4130
f 6445/6446/4130 6447/6447/4131 6444/6444/4140
f 6446/6445/4129 6447/6447/4131 6448/6448/4132
f 6448/6448/4132 6445/6446/4130 6446/6445/4129
f 6449/6449/4133 6448/6448/4132 6447/6447/4131
f 6447/6447/4131 6445/6446/4130 6449/6449/4133
f 6448/6448/4132 6449/6449/4133 6450/6450/4179
f 6450/6450/4179 6445/6446/4130 6448/6448/4132
f 6450/6450/4179 6449/6449/4133 6445/6446/4130
f 6451/6451/4140 6453/6452/4129 6452/6453/4130
f 6452/6453/4130 6454/6454/4131 6451/6451/4140
f 6453/6452/4129 6454/6454/4131 6455/6455/4132
f 6455/6455/4132 6452/6453/4130 6453/6452/4129
f 6456/6456/4133 6455/6455/4132 6454/6454/4131
f 6454/6454/4131 6452/6453/4130 6456/6456/4133
f 6455/6455/4132 6456/6456/4133 6457/6457/4330
f 6457/6457/4330 6452/6453/4130 6455/6455/4132
f 6457/6457/4330 6456/6456/4133 6452/6453/4130
f 6458/6458/4140 6460/6459/4129 6459/6460/4130
f 6459/6460/4130 6461/6461/4131 6458/6458/4140
f 6460/6459/4129 6461/6461/4131 6462/6462/4132
f 6462/6462/4132 6459/6460/4130 6460/6459/4129
f 6463/6463/4133 6462/6462/4132 6461/6461/4131
f 6461/6461/4131 6459/6460/4130 6463/6463/4133
f 6462/6462/4132 6463/6463/4133 6464/6464/4346
f 6464/6464/4346 6459/6460/4130 6462/6462/4132
f 6464/6464/4346 6463/6463/4133 6459/6460/4130
f 6465/6465/4165 6467/6466/4145 6466/6467/4146
f 6466/6467/4146 6468/6468/4166 6465/6465/4165
f 6466/6467/4146 6467/6466/4145 6469/6469/4148
f 6470/6470/4149 6468/6468/4166 6466/6467/4146
f 6466/6467/4146 6469/6469/4148 6471/6471/4150
f 6471/6471/4150 6470/6470/4149 6466/6467/4146
f 6472/6472/4201 6474/6473/4347 6473/6474/4348
f 6473/6474/4348 6475/6475/4204 6472/6472/4201
f 6473/6474/4348 6474/6473/4347 6476/6476/4349
f 6477/6477/4206 6475/6475/4207 6478/6478/4350
f 6478/6478/4350 6479/6479/4351 6477/6477/4206
f 6476/6476/4352 6479/6479/4351 6478/6478/4350
f 6480/6480/4169 6482/6481/4211 6481/6482/4171
f 6481/6482/4171 6483/6483/4172 6480/6480/4169
f 6484/6484/4173 6482/6481/4212 6485/6485/4353
f 6485/6485/4353 6483/6483/4172 6484/6484/4173
f 6483/6483/4172 6485/6485/4353 6486/6486/4176
f 6486/6486/4176 6480/6480/4169 6483/6483/4172
f 6487/6487/4177 6480/6480/4169 6486/6486/4176
f 6486/6486/4176 6485/6485/4353 6487/6487/4177
f 6488/6488/4213 6490/6489/4214 6489/6490/4215
f 6489/6490/4215 6491/6491/4216 6488/6488/4213
f 6492/6492/4217 6489/6490/4215 6490/6489/4214
f 6493/6493/4218 6491/6491/4216 6489/6490/4215
f 6489/6490/4215 6492/6492/4217 6494/6494/4219
f 6494/6494/4219 6493/6493/4218 6489/6490/4215
f 6495/6495/4180 6497/6496/4181 6496/6497/4182
f 6496/6497/4182 6498/6498/4183 6495/6495/4180
f 6499/6499/4184 6497/6496/4181 6495/6495/4180
f 6495/6495/4180 6498/6498/4183 6500/6500/4185
f 6500/6500/4185 6499/6499/4184 6495/6495/4180
f 6499/6499/4184 6500/6500/4185 6501/6501/4186
f 6501/6501/4186 6497/6496/4181 6499/6499/4184
f 6498/6498/4183 6501/6501/4186 6500/6500/4185
f 6502/6502/4187 6497/6496/4181 6501/6501/4186
f 6501/6501/4186 6498/6498/4183 6502/6502/4187
f 6503/6503/4165 6505/6504/4145 6504/6505/4146
f 6504/6505/4146 6506/6506/4166 6503/6503/4165
f 6504/6505/4146 6505/6504/4145 6507/6507/4148
f 6508/6508/4168 6506/6506/4166 6504/6505/4146
f 6504/6505/4146 6507/6507/4148 6509/6509/4150
f 6509/6509/4150 6508/6508/4168 6504/6505/4146
f 6510/6510/4128 6512/6511/4129 6511/6512/4130
f 6511/6512/4130 6513/6513/4131 6510/6510/4128
f 6512/6511/4129 6513/6513/4131 6514/6514/4163
f 6514/6514/4163 6511/6512/4130 6512/6511/4129
f 6515/6515/4133 6514/6514/4163 6513/6513/4131
f 6513/6513/4131 6511/6512/4130 6515/6515/4133
f 6514/6514/4163 6515/6515/4133 6516/6516/4354
f 6516/6516/4354 6511/6512/4130 6514/6514/4163
f 6516/6516/4354 6515/6515/4133 6511/6512/4130
f 6517/6517/4128 6519/6518/4129 6518/6519/4130
f 6518/6519/4130 6520/6520/4131 6517/6517/4128
f 6519/6518/4129 6520/6520/4131 6521/6521/4132
f 6521/6521/4132 6518/6519/4130 6519/6518/4129
f 6522/6522/4133 6521/6521/4132 6520/6520/4131
f 6520/6520/4131 6518/6519/4130 6522/6522/4133
f 6521/6521/4132 6522/6522/4133 6523/6523/4343
f 6523/6523/4343 6518/6519/4130 6521/6521/4132
f 6523/6523/4343 6522/6522/4133 6518/6519/4130
f 6524/6524/4128 6526/6525/4129 6525/6526/4130
f 6525/6526/4130 6527/6527/4131 6524/6524/4128
f 6526/6525/4129 6527/6527/4131 6528/6528/4132
f 6528/6528/4132 6525/6526/4130 6526/6525/4129
f 6529/6529/4133 6528/6528/4132 6527/6527/4131
f 6527/6527/4131 6525/6526/4130 6529/6529/4133
f 6528/6528/4132 6529/6529/4133 6530/6530/4355
f 6530/6530/4355 6525/6526/4130 6528/6528/4132
f 6530/6530/4355 6529/6529/4133 6525/6526/4130
f 6531/6531/4180 6533/6532/4181 6532/6533/4182
f 6532/6533/4182 6534/6534/4183 6531/6531/4180
f 6535/6535/4356 6533/6532/4181 6531/6531/4180
f 6531/6531/4180 6534/6534/4183 6536/6536/4185
f 6536/6536/4185 6535/6535/4356 6531/6531/4180
f 6535/6535/4356 6536/6536/4185 6537/6537/4186
f 6537/6537/4186 6533/6532/4181 6535/6535/4356
f 6534/6534/4183 6537/6537/4186 6536/6536/4185
f 6538/6538/4187 6533/6532/4181 6537/6537/4186
f 6537/6537/4186 6534/6534/4183 6538/6538/4187
f 6539/6539/4140 6541/6540/4129 6540/6541/4130
f 6540/6541/4130 6542/6542/4131 6539/6539/4140
f 6541/6540/4129 6542/6542/4131 6543/6543/4132
f 6543/6543/4132 6540/6541/4130 6541/6540/4129
f 6544/6544/4133 6543/6543/4132 6542/6542/4131
f 6542/6542/4131 6540/6541/4130 6544/6544/4133
f 6543/6543/4132 6544/6544/4133 6545/6545/4357
f 6545/6545/4357 6540/6541/4130 6543/6543/4132
f 6545/6545/4357 6544/6544/4133 6540/6541/4130
f 6546/6546/4128 6548/6547/4129 6547/6548/4130
f 6547/6548/4130 6549/6549/4131 6546/6546/4128
f 6548/6547/4129 6549/6549/4131 6550/6550/4132
f 6550/6550/4132 6547/6548/4130 6548/6547/4129
f 6551/6551/4133 6550/6550/4132 6549/6549/4131
f 6549/6549/4131 6547/6548/4130 6551/6551/4133
f 6550/6550/4132 6551/6551/4133 6552/6552/4358
f 6552/6552/4358 6547/6548/4130 6550/6550/4132
f 6552/6552/4358 6551/6551/4133 6547/6548/4130
f 6553/6553/4154 6555/6554/4188 6554/6555/4359
f 6554/6555/4359 6556/6556/4157 6553/6553/4154
f 6557/6557/4190 6555/6554/4159 6558/6558/4191
f 6558/6558/4191 6556/6556/4157 6557/6557/4190
f 6556/6556/4157 6558/6558/4191 6559/6559/4192
f 6559/6559/4192 6553/6553/4154 6556/6556/4157
f 6560/6560/4162 6553/6553/4154 6559/6559/4192
f 6559/6559/4192 6558/6558/4191 6560/6560/4162
f 6561/6561/4128 6563/6562/4129 6562/6563/4130
f 6562/6563/4130 6564/6564/4131 6561/6561/4128
f 6563/6562/4129 6564/6564/4131 6565/6565/4132
f 6565/6565/4132 6562/6563/4130 6563/6562/4129
f 6566/6566/4133 6565/6565/4132 6564/6564/4131
f 6564/6564/4131 6562/6563/4130 6566/6566/4133
f 6565/6565/4132 6566/6566/4133 6567/6567/4360
f 6567/6567/4360 6562/6563/4130 6565/6565/4132
f 6567/6567/4360 6566/6566/4133 6562/6563/4130
f 6568/6568/4128 6570/6569/4129 6569/6570/4130
f 6569/6570/4130 6571/6571/4131 6568/6568/4128
f 6570/6569/4129 6571/6571/4131 6572/6572/4132
f 6572/6572/4132 6569/6570/4130 6570/6569/4129
f 6573/6573/4133 6572/6572/4132 6571/6571/4131
f 6571/6571/4131 6569/6570/4130 6573/6573/4133
f 6572/6572/4132 6573/6573/4133 6574/6574/4341
f 6574/6574/4341 6569/6570/4130 6572/6572/4132
f 6574/6574/4341 6573/6573/4133 6569/6570/4130
f 6575/6575/4128 6577/6576/4129 6576/6577/4130
f 6576/6577/4130 6578/6578/4131 6575/6575/4128
f 6577/6576/4129 6578/6578/4131 6579/6579/4132
f 6579/6579/4132 6576/6577/4130 6577/6576/4129
f 6580/6580/4133 6579/6579/4132 6578/6578/4131
f 6578/6578/4131 6576/6577/4130 6580/6580/4133
f 6579/6579/4132 6580/6580/4133 6581/6581/4361
f 6581/6581/4361 6576/6577/4130 6579/6579/4132
f 6581/6581/4361 6580/6580/4133 6576/6577/4130
f 6582/6582/4128 6584/6583/4129 6583/6584/4130
f 6583/6584/4130 6585/6585/4131 6582/6582/4128
f 6584/6583/4129 6585/6585/4131 6586/6586/4132
f 6586/6586/4132 6583/6584/4130 6584/6583/4129
f 6587/6587/4133 6586/6586/4132 6585/6585/4131
f 6585/6585/4131 6583/6584/4130 6587/6587/4133
f 6586/6586/4132 6587/6587/4133 6588/6588/4330
f 6588/6588/4330 6583/6584/4130 6586/6586/4132
f 6588/6588/4330 6587/6587/4133 6583/6584/4130
f 6589/6589/4128 6591/6590/4129 6590/6591/4130
f 6590/6591/4130 6592/6592/4131 6589/6589/4128
f 6591/6590/4129 6592/6592/4131 6593/6593/4132
f 6593/6593/4132 6590/6591/4130 6591/6590/4129
f 6594/6594/4133 6593/6593/4132 6592/6592/4131
f 6592/6592/4131 6590/6591/4130 6594/6594/4133
f 6593/6593/4132 6594/6594/4133 6595/6595/4200
f 6595/6595/4200 6590/6591/4130 6593/6593/4132
f 6595/6595/4200 6594/6594/4133 6590/6591/4130
f 6596/6596/4140 6598/6597/4129 6597/6598/4130
f 6597/6598/4130 6599/6599/4131 6596/6596/4140
f 6598/6597/4129 6599/6599/4131 6600/6600/4132
f 6600/6600/4132 6597/6598/4130 6598/6597/4129
f 6601/6601/4133 6600/6600/4132 6599/6599/4131
f 6599/6599/4131 6597/6598/4130 6601/6601/4133
f 6600/6600/4132 6601/6601/4133 6602/6602/4362
f 6602/6602/4362 6597/6598/4130 6600/6600/4132
f 6602/6602/4362 6601/6601/4133 6597/6598/4130
f 6603/6603/4140 6605/6604/4129 6604/6605/4152
f 6604/6605/4152 6606/6606/4131 6603/6603/4140
f 6605/6604/4129 6606/6606/4131 6607/6607/4132
f 6607/6607/4132 6604/6605/4152 6605/6604/4129
f 6608/6608/4133 6607/6607/4132 6606/6606/4131
f 6606/6606/4131 6604/6605/4152 6608/6608/4133
f 6607/6607/4132 6608/6608/4133 6609/6609/4363
f 6609/6609/4363 6604/6605/4152 6607/6607/4132
f 6609/6609/4363 6608/6608/4133 6604/6605/4152
f 6610/6610/4165 6612/6611/4145 6611/6612/4146
f 6611/6612/4146 6613/6613/4166 6610/6610/4165
f 6611/6612/4146 6612/6611/4145 6614/6614/4148
f 6615/6615/4178 6613/6613/4166 6611/6612/4146
f 6611/6612/4146 6614/6614/4148 6616/6616/4150
f 6616/6616/4150 6615/6615/4178 6611/6612/4146
f 6617/6617/4201 6619/6618/4202 6618/6619/4203
f 6618/6619/4203 6620/6620/4204 6617/6617/4201
f 6618/6619/4203 6619/6618/4202 6621/6621/4205
f 6622/6622/4206 6620/6620/4207 6623/6623/4208
f 6623/6623/4208 6624/6624/4209 6622/6622/4206
f 6621/6621/4210 6624/6624/4209 6623/6623/4208
f 6625/6625/4169 6627/6626/4211 6626/6627/4171
f 6626/6627/4171 6628/6628/4172 6625/6625/4169
f 6629/6629/4173 6627/6626/4174 6630/6630/4175
f 6630/6630/4175 6628/6628/4172 6629/6629/4173
f 6628/6628/4172 6630/6630/4175 6631/6631/4176
f 6631/6631/4176 6625/6625/4169 6628/6628/4172
f 6632/6632/4177 6625/6625/4169 6631/6631/4176
f 6631/6631/4176 6630/6630/4175 6632/6632/4177
f 6633/6633/4213 6635/6634/4214 6634/6635/4215
f 6634/6635/4215 6636/6636/4216 6633/6633/4213
f 6637/6637/4217 6634/6635/4215 6635/6634/4214
f 6638/6638/4218 6636/6636/4216 6634/6635/4215
f 6634/6635/4215 6637/6637/4217 6639/6639/4219
f 6639/6639/4219 6638/6638/4218 6634/6635/4215
f 6640/6640/4364 6642/6641/4221 6641/6642/4222
f 6641/6642/4222 6643/6643/4223 6640/6640/4364
f 6644/6644/4224 6642/6641/4221 6640/6640/4364
f 6640/6640/4364 6643/6643/4223 6644/6644/4224
f 6642/6641/4221 6644/6644/4224 6645/6645/4225
f 6645/6645/4225 6646/6646/4365 6642/6641/4221
f 6647/6647/4227 6644/6644/4224 6643/6643/4223
f 6643/6643/4223 6646/6646/4228 6647/6647/4227
f 6648/6648/4180 6650/6649/4181 6649/6650/4182
f 6649/6650/4182 6651/6651/4183 6648/6648/4180
f 6652/6652/4366 6650/6649/4181 6648/6648/4180
f 6648/6648/4180 6651/6651/4183 6653/6653/4185
f 6653/6653/4185 6652/6652/4366 6648/6648/4180
f 6652/6652/4366 6653/6653/4185 6654/6654/4186
f 6654/6654/4186 6650/6649/4181 6652/6652/4366
f 6651/6651/4183 6654/6654/4186 6653/6653/4185
f 6655/6655/4187 6650/6649/4181 6654/6654/4186
f 6654/6654/4186 6651/6651/4183 6655/6655/4187
f 6656/6656/4165 6658/6657/4145 6657/6658/4146
f 6657/6658/4146 6659/6659/4166 6656/6656/4165
f 6657/6658/4146 6658/6657/4145 6660/6660/4148
f 6661/6661/4178 6659/6659/4166 6657/6658/4146
f 6657/6658/4146 6660/6660/4148 6662/6662/4150
f 6662/6662/4150 6661/6661/4178 6657/6658/4146
f 6663/6663/4140 6665/6664/4129 6664/6665/4130
f 6664/6665/4130 6666/6666/4131 6663/6663/4140
f 6665/6664/4129 6666/6666/4131 6667/6667/4132
f 6667/6667/4132 6664/6665/4130 6665/6664/4129
f 6668/6668/4133 6667/6667/4132 6666/6666/4131
f 6666/6666/4131 6664/6665/4130 6668/6668/4133
f 6667/6667/4132 6668/6668/4133 6669/6669/4179
f 6669/6669/4179 6664/6665/4130 6667/6667/4132
f 6669/6669/4179 6668/6668/4133 6664/6665/4130
f 6670/6670/4128 6672/6671/4129 6671/6672/4130
f 6671/6672/4130 6673/6673/4131 6670/6670/4128
f 6672/6671/4129 6673/6673/4131 6674/6674/4163
f 6674/6674/4163 6671/6672/4130 6672/6671/4129
f 6675/6675/4133 6674/6674/4163 6673/6673/4131
f 6673/6673/4131 6671/6672/4130 6675/6675/4133
f 6674/6674/4163 6675/6675/4133 6676/6676/4330
f 6676/6676/4330 6671/6672/4130 6674/6674/4163
f 6676/6676/4330 6675/6675/4133 6671/6672/4130
f 6677/6677/4140 6679/6678/4129 6678/6679/4130
f 6678/6679/4130 6680/6680/4131 6677/6677/4140
f 6679/6678/4129 6680/6680/4131 6681/6681/4132
f 6681/6681/4132 6678/6679/4130 6679/6678/4129
f 6682/6682/4133 6681/6681/4132 6680/6680/4131
f 6680/6680/4131 6678/6679/4130 6682/6682/4133
f 6681/6681/4132 6682/6682/4133 6683/6683/4200
f 6683/6683/4200 6678/6679/4130 6681/6681/4132
f 6683/6683/4200 6682/6682/4133 6678/6679/4130
f 6684/6684/4180 6686/6685/4181 6685/6686/4182
f 6685/6686/4182 6687/6687/4183 6684/6684/4180
f 6688/6688/4367 6686/6685/4181 6684/6684/4180
f 6684/6684/4180 6687/6687/4183 6689/6689/4185
f 6689/6689/4185 6688/6688/4367 6684/6684/4180
f 6688/6688/4367 6689/6689/4185 6690/6690/4186
f 6690/6690/4186 6686/6685/4181 6688/6688/4367
f 6687/6687/4183 6690/6690/4186 6689/6689/4185
f 6691/6691/4187 6686/6685/4181 6690/6690/4186
f 6690/6690/4186 6687/6687/4183 6691/6691/4187
f 6692/6692/4140 6694/6693/4129 6693/6694/4130
f 6693/6694/4130 6695/6695/4131 6692/6692/4140
f 6694/6693/4129 6695/6695/4131 6696/6696/4132
f 6696/6696/4132 6693/6694/4130 6694/6693/4129
f 6697/6697/4133 6696/6696/4132 6695/6695/4131
f 6695/6695/4131 6693/6694/4130 6697/6697/4133
f 6696/6696/4132 6697/6697/4133 6698/6698/4179
f 6698/6698/4179 6693/6694/4130 6696/6696/4132
f 6698/6698/4179 6697/6697/4133 6693/6694/4130
f 6699/6699/4128 6701/6700/4129 6700/6701/4130
f 6700/6701/4130 6702/6702/4131 6699/6699/4128
f 6701/6700/4129 6702/6702/4131 6703/6703/4132
f 6703/6703/4132 6700/6701/4130 6701/6700/4129
f 6704/6704/4133 6703/6703/4132 6702/6702/4131
f 6702/6702/4131 6700/6701/4130 6704/6704/4133
f 6703/6703/4132 6704/6704/4133 6705/6705/4198
f 6705/6705/4198 6700/6701/4130 6703/6703/4132
f 6705/6705/4198 6704/6704/4133 6700/6701/4130
f 6706/6706/4154 6708/6707/4155 6707/6708/4156
f 6707/6708/4156 6709/6709/4157 6706/6706/4154
f 6710/6710/4190 6708/6707/4159 6711/6711/4191
f 6711/6711/4191 6709/6709/4157 6710/6710/4190
f 6709/6709/4157 6711/6711/4191 6712/6712/4192
f 6712/6712/4192 6706/6706/4154 6709/6709/4157
f 6713/6713/4162 6706/6706/4154 6712/6712/4192
f 6712/6712/4192 6711/6711/4191 6713/6713/4162
f 6714/6714/4140 6716/6715/4129 6715/6716/4130
f 6715/6716/4130 6717/6717/4131 6714/6714/4140
f 6716/6715/4129 6717/6717/4131 6718/6718/4132
f 6718/6718/4132 6715/6716/4130 6716/6715/4129
f 6719/6719/4133 6718/6718/4132 6717/6717/4131
f 6717/6717/4131 6715/6716/4130 6719/6719/4133
f 6718/6718/4132 6719/6719/4133 6720/6720/4198
f 6720/6720/4198 6715/6716/4130 6718/6718/4132
f 6720/6720/4198 6719/6719/4133 6715/6716/4130
f 6721/6721/4128 6723/6722/4129 6722/6723/4130
f 6722/6723/4130 6724/6724/4131 6721/6721/4128
f 6723/6722/4129 6724/6724/4131 6725/6725/4132
f 6725/6725/4132 6722/6723/4130 6723/6722/4129
f 6726/6726/4133 6725/6725/4132 6724/6724/4131
f 6724/6724/4131 6722/6723/4130 6726/6726/4133
f 6725/6725/4132 6726/6726/4133 6727/6727/4343
f 6727/6727/4343 6722/6723/4130 6725/6725/4132
f 6727/6727/4343 6726/6726/4133 6722/6723/4130
f 6728/6728/4140 6730/6729/4129 6729/6730/4130
f 6729/6730/4130 6731/6731/4131 6728/6728/4140
f 6730/6729/4129 6731/6731/4131 6732/6732/4132
f 6732/6732/4132 6729/6730/4130 6730/6729/4129
f 6733/6733/4133 6732/6732/4132 6731/6731/4131
f 6731/6731/4131 6729/6730/4130 6733/6733/4133
f 6732/6732/4132 6733/6733/4133 6734/6734/4331
f 6734/6734/4331 6729/6730/4130 6732/6732/4132
f 6734/6734/4331 6733/6733/4133 6729/6730/4130
f 6735/6735/4128 6737/6736/4129 6736/6737/4130
f 6736/6737/4130 6738/6738/4131 6735/6735/4128
f 6737/6736/4129 6738/6738/4131 6739/6739/4132
f 6739/6739/4132 6736/6737/4130 6737/6736/4129
f 6740/6740/4133 6739/6739/4132 6738/6738/4131
f 6738/6738/4131 6736/6737/4130 6740/6740/4133
f 6739/6739/4132 6740/6740/4133 6741/6741/4330
f 6741/6741/4330 6736/6737/4130 6739/6739/4132
f 6741/6741/4330 6740/6740/4133 6736/6737/4130
f 6742/6742/4128 6744/6743/4129 6743/6744/4130
f 6743/6744/4130 6745/6745/4131 6742/6742/4128
f 6744/6743/4129 6745/6745/4131 6746/6746/4132
f 6746/6746/4132 6743/6744/4130 6744/6743/4129
f 6747/6747/4133 6746/6746/4132 6745/6745/4131
f 6745/6745/4131 6743/6744/4130 6747/6747/4133
f 6746/6746/4132 6747/6747/4133 6748/6748/4368
f 6748/6748/4368 6743/6744/4130 6746/6746/4132
f 6748/6748/4368 6747/6747/4133 6743/6744/4130
f 6749/6749/4140 6751/6750/4129 6750/6751/4130
f 6750/6751/4130 6752/6752/4131 6749/6749/4140
f 6751/6750/4129 6752/6752/4131 6753/6753/4132
f 6753/6753/4132 6750/6751/4130 6751/6750/4129
f 6754/6754/4133 6753/6753/4132 6752/6752/4131
f 6752/6752/4131 6750/6751/4130 6754/6754/4133
f 6753/6753/4132 6754/6754/4133 6755/6755/4138
f 6755/6755/4138 6750/6751/4130 6753/6753/4132
f 6755/6755/4138 6754/6754/4133 6750/6751/4130
f 6756/6756/4128 6758/6757/4129 6757/6758/4130
f 6757/6758/4130 6759/6759/4131 6756/6756/4128
f 6758/6757/4129 6759/6759/4131 6760/6760/4132
f 6760/6760/4132 6757/6758/4130 6758/6757/4129
f 6761/6761/4133 6760/6760/4132 6759/6759/4131
f 6759/6759/4131 6757/6758/4130 6761/6761/4133
f 6760/6760/4132 6761/6761/4133 6762/6762/4179
f 6762/6762/4179 6757/6758/4130 6760/6760/4132
f 6762/6762/4179 6761/6761/4133 6757/6758/4130
f 6763/6763/4165 6765/6764/4145 6764/6765/4146
f 6764/6765/4146 6766/6766/4166 6763/6763/4165
f 6764/6765/4146 6765/6764/4145 6767/6767/4148
f 6768/6768/4178 6766/6766/4166 6764/6765/4146
f 6764/6765/4146 6767/6767/4148 6769/6769/4150
f 6769/6769/4150 6768/6768/4178 6764/6765/4146
f 6770/6770/4201 6772/6771/4369 6771/6772/4370
f 6771/6772/4370 6773/6773/4204 6770/6770/4201
f 6771/6772/4370 6772/6771/4369 6774/6774/4371
f 6775/6775/4206 6773/6773/4207 6776/6776/4372
f 6776/6776/4372 6777/6777/4373 6775/6775/4206
f 6774/6774/4374 6777/6777/4373 6776/6776/4372
f 6778/6778/4169 6780/6779/4211 6779/6780/4171
f 6779/6780/4171 6781/6781/4172 6778/6778/4169
f 6782/6782/4173 6780/6779/4212 6783/6783/4175
f 6783/6783/4175 6781/6781/4172 6782/6782/4173
f 6781/6781/4172 6783/6783/4175 6784/6784/4176
f 6784/6784/4176 6778/6778/4169 6781/6781/4172
f 6785/6785/4177 6778/6778/4169 6784/6784/4176
f 6784/6784/4176 6783/6783/4175 6785/6785/4177
f 6786/6786/4213 6788/6787/4214 6787/6788/4215
f 6787/6788/4215 6789/6789/4216 6786/6786/4213
f 6790/6790/4217 6787/6788/4215 6788/6787/4214
f 6791/6791/4218 6789/6789/4216 6787/6788/4215
f 6787/6788/4215 6790/6790/4217 6792/6792/4219
f 6792/6792/4219 6791/6791/4218 6787/6788/4215
f 6793/6793/4220 6795/6794/4221 6794/6795/4222
f 6794/6795/4222 6796/6796/4223 6793/6793/4220
f 6797/6797/4224 6795/6794/4221 6793/6793/4220
f 6793/6793/4220 6796/6796/4223 6797/6797/4224
f 6795/6794/4221 6797/6797/4224 6798/6798/4225
f 6798/6798/4225 6799/6799/4226 6795/6794/4221
f 6800/6800/4227 6797/6797/4224 6796/6796/4223
f 6796/6796/4223 6799/6799/4228 6800/6800/4227
f 6801/6801/4180 6803/6802/4181 6802/6803/4182
f 6802/6803/4182 6804/6804/4183 6801/6801/4180
f 6805/6805/4375 6803/6802/4181 6801/6801/4180
f 6801/6801/4180 6804/6804/4183 6806/6806/4185
f 6806/6806/4185 6805/6805/4375 6801/6801/4180
f 6805/6805/4375 6806/6806/4185 6807/6807/4186
f 6807/6807/4186 6803/6802/4181 6805/6805/4375
f 6804/6804/4183 6807/6807/4186 6806/6806/4185
f 6808/6808/4187 6803/6802/4181 6807/6807/4186
f 6807/6807/4186 6804/6804/4183 6808/6808/4187
f 6809/6809/4230 6811/6810/4231 6810/6811/4232
f 6810/6811/4232 6812/6812/4233 6809/6809/4230
f 6813/6813/4234 6812/6812/4233 6811/6810/4231
f 6811/6810/4231 6809/6809/4230 6813/6813/4234
f 6812/6812/4233 6813/6813/4234 6814/6814/4235
f 6814/6814/4235 6809/6809/4230 6812/6812/4233
f 6815/6815/4376 6813/6813/4234 6809/6809/4230
f 6809/6809/4230 6814/6814/4235 6815/6815/4376
f 6813/6813/4234 6815/6815/4376 6814/6814/4235
f 6816/6816/4230 6818/6817/4231 6817/6818/4232
f 6817/6818/4232 6819/6819/4233 6816/6816/4230
f 6820/6820/4240 6819/6819/4233 6818/6817/4231
f 6818/6817/4231 6816/6816/4230 6820/6820/4240
f 6819/6819/4233 6820/6820/4240 6821/6821/4235
f 6821/6821/4235 6816/6816/4230 6819/6819/4233
f 6822/6822/4241 6820/6820/4240 6816/6816/4230
f 6816/6816/4230 6821/6821/4235 6822/6822/4241
f 6820/6820/4240 6822/6822/4241 6821/6821/4235
f 6823/6823/4230 6825/6824/4247 6824/6825/4232
f 6824/6825/4232 6826/6826/4233 6823/6823/4230
f 6827/6827/4240 6826/6826/4233 6825/6824/4247
f 6825/6824/4247 6823/6823/4230 6827/6827/4240
f 6826/6826/4233 6827/6827/4240 6828/6828/4235
f 6828/6828/4235 6823/6823/4230 6826/6826/4233
f 6829/6829/4259 6827/6827/4240 6823/6823/4230
f 6823/6823/4230 6828/6828/4235 6829/6829/4259
f 6827/6827/4240 6829/6829/4259 6828/6828/4235
f 6830/6830/4230 6832/6831/4231 6831/6832/4232
f 6831/6832/4232 6833/6833/4233 6830/6830/4230
f 6834/6834/4234 6833/6833/4233 6832/6831/4231
f 6832/6831/4231 6830/6830/4230 6834/6834/4234
f 6833/6833/4233 6834/6834/4234 6835/6835/4235
f 6835/6835/4235 6830/6830/4230 6833/6833/4233
f 6836/6836/4238 6834/6834/4234 6830/6830/4230
f 6830/6830/4230 6835/6835/4235 6836/6836/4238
f 6834/6834/4234 6836/6836/4238 6835/6835/4235
f 6837/6837/4230 6839/6838/4231 6838/6839/4232
f 6838/6839/4232 6840/6840/4233 6837/6837/4230
f 6841/6841/4240 6840/6840/4233 6839/6838/4231
f 6839/6838/4231 6837/6837/4230 6841/6841/4240
f 6840/6840/4233 6841/6841/4240 6842/6842/4235
f 6842/6842/4235 6837/6837/4230 6840/6840/4233
f 6843/6843/4245 6841/6841/4240 6837/6837/4230
f 6837/6837/4230 6842/6842/4235 6843/6843/4245
f 6841/6841/4240 6843/6843/4245 6842/6842/4235
f 6844/6844/4230 6846/6845/4231 6845/6846/4232
f 6845/6846/4232 6847/6847/4233 6844/6844/4230
f 6848/6848/4234 6847/6847/4233 6846/6845/4231
f 6846/6845/4231 6844/6844/4230 6848/6848/4234
f 6847/6847/4233 6848/6848/4234 6849/6849/4235
f 6849/6849/4235 6844/6844/4230 6847/6847/4233
f 6850/6850/4377 6848/6848/4234 6844/6844/4230
f 6844/6844/4230 6849/6849/4235 6850/6850/4377
f 6848/6848/4234 6850/6850/4377 6849/6849/4235
f 6851/6851/4230 6853/6852/4239 6852/6853/4232
f 6852/6853/4232 6854/6854/4233 6851/6851/4230
f 6855/6855/4240 6854/6854/4233 6853/6852/4239
f 6853/6852/4239 6851/6851/4230 6855/6855/4240
f 6854/6854/4233 6855/6855/4240 6856/6856/4235
f 6856/6856/4235 6851/6851/4230 6854/6854/4233
f 6857/6857/4246 6855/6855/4240 6851/6851/4230
f 6851/6851/4230 6856/6856/4235 6857/6857/4246
f 6855/6855/4240 6857/6857/4246 6856/6856/4235
f 6858/6858/4230 6860/6859/4231 6859/6860/4232
f 6859/6860/4232 6861/6861/4233 6858/6858/4230
f 6862/6862/4240 6861/6861/4233 6860/6859/4231
f 6860/6859/4231 6858/6858/4230 6862/6862/4240
f 6861/6861/4233 6862/6862/4240 6863/6863/4235
f 6863/6863/4235 6858/6858/4230 6861/6861/4233
f 6864/6864/4245 6862/6862/4240 6858/6858/4230
f 6858/6858/4230 6863/6863/4235 6864/6864/4245
f 6862/6862/4240 6864/6864/4245 6863/6863/4235
f 6865/6865/4230 6867/6866/4231 6866/6867/4232
f 6866/6867/4232 6868/6868/4233 6865/6865/4230
f 6869/6869/4234 6868/6868/4233 6867/6866/4231
f 6867/6866/4231 6865/6865/4230 6869/6869/4234
f 6868/6868/4233 6869/6869/4234 6870/6870/4235
f 6870/6870/4235 6865/6865/4230 6868/6868/4233
f 6871/6871/4378 6869/6869/4234 6865/6865/4230
f 6865/6865/4230 6870/6870/4235 6871/6871/4378
f 6869/6869/4234 6871/6871/4378 6870/6870/4235
f 6872/6872/4230 6874/6873/4247 6873/6874/4232
f 6873/6874/4232 6875/6875/4233 6872/6872/4230
f 6876/6876/4234 6875/6875/4233 6874/6873/4247
f 6874/6873/4247 6872/6872/4230 6876/6876/4234
f 6875/6875/4233 6876/6876/4234 6877/6877/4235
f 6877/6877/4235 6872/6872/4230 6875/6875/4233
f 6878/6878/4300 6876/6876/4234 6872/6872/4230
f 6872/6872/4230 6877/6877/4235 6878/6878/4300
f 6876/6876/4234 6878/6878/4300 6877/6877/4235
f 6879/6879/4230 6881/6880/4231 6880/6881/4232
f 6880/6881/4232 6882/6882/4233 6879/6879/4230
f 6883/6883/4234 6882/6882/4233 6881/6880/4231
f 6881/6880/4231 6879/6879/4230 6883/6883/4234
f 6882/6882/4233 6883/6883/4234 6884/6884/4235
f 6884/6884/4235 6879/6879/4230 6882/6882/4233
f 6885/6885/4377 6883/6883/4234 6879/6879/4230
f 6879/6879/4230 6884/6884/4235 6885/6885/4377
f 6883/6883/4234 6885/6885/4377 6884/6884/4235
f 6886/6886/4379 6888/6887/4380 6887/6888/4381
f 6889/6889/4382 6888/6887/4383 6890/6890/4384
f 6890/6890/4384 6891/6891/4385 6889/6889/4382
f 6892/6892/4386 6889/6889/4382 6891/6891/4385
f 6893/6893/4125 6889/6889/4382 6892/6892/4386
f 6892/6892/4386 6887/6888/4381 6893/6893/4125
f 6887/6888/4381 6892/6892/4386 6891/6891/4385
f 6891/6891/4385 6886/6886/4379 6887/6888/4381
f 6894/6894/4249 6896/6895/4250 6895/6896/4251
f 6897/6897/4252 6896/6895/4387 6898/6898/4254
f 6898/6898/4254 6899/6899/4255 6897/6897/4252
f 6900/6900/4256 6897/6897/4252 6899/6899/4255
f 6901/6901/4257 6897/6897/4252 6900/6900/4256
f 6900/6900/4256 6895/6896/4251 6901/6901/4257
f 6895/6896/4251 6900/6900/4256 6899/6899/4255
f 6899/6899/4255 6894/6894/4249 6895/6896/4251
f 6902/6902/4230 6904/6903/4231 6903/6904/4232
f 6903/6904/4232 6905/6905/4233 6902/6902/4230
f 6906/6906/4240 6905/6905/4233 6904/6903/4231
f 6904/6903/4231 6902/6902/4230 6906/6906/4240
f 6905/6905/4233 6906/6906/4240 6907/6907/4235
f 6907/6907/4235 6902/6902/4230 6905/6905/4233
f 6908/6908/4238 6906/6906/4240 6902/6902/4230
f 6902/6902/4230 6907/6907/4235 6908/6908/4238
f 6906/6906/4240 6908/6908/4238 6907/6907/4235
f 6909/6909/4230 6911/6910/4231 6910/6911/4232
f 6910/6911/4232 6912/6912/4233 6909/6909/4230
f 6913/6913/4234 6912/6912/4233 6911/6910/4231
f 6911/6910/4231 6909/6909/4230 6913/6913/4234
f 6912/6912/4233 6913/6913/4234 6914/6914/4235
f 6914/6914/4235 6909/6909/4230 6912/6912/4233
f 6915/6915/4238 6913/6913/4234 6909/6909/4230
f 6909/6909/4230 6914/6914/4235 6915/6915/4238
f 6913/6913/4234 6915/6915/4238 6914/6914/4235
f 6916/6916/4230 6918/6917/4231 6917/6918/4232
f 6917/6918/4232 6919/6919/4233 6916/6916/4230
f 6920/6920/4240 6919/6919/4233 6918/6917/4231
f 6918/6917/4231 6916/6916/4230 6920/6920/4240
f 6919/6919/4233 6920/6920/4240 6921/6921/4235
f 6921/6921/4235 6916/6916/4230 6919/6919/4233
f 6922/6922/4388 6920/6920/4240 6916/6916/4230
f 6916/6916/4230 6921/6921/4235 6922/6922/4388
f 6920/6920/4240 6922/6922/4388 6921/6921/4235
f 6923/6923/4287 6925/6924/4288 6924/6925/4289
f 6924/6925/4289 6926/6926/4290 6923/6923/4287
f 6924/6925/4289 6925/6924/4288 6927/6927/4389
f 6928/6928/4292 6926/6926/4290 6924/6925/4289
f 6924/6925/4289 6927/6927/4389 6928/6928/4292
f 6929/6929/4293 6928/6928/4292 6927/6927/4389
f 6927/6927/4389 6925/6924/4288 6929/6929/4293
f 6926/6926/4290 6928/6928/4292 6929/6929/4293
f 6929/6929/4293 6925/6924/4288 6930/6930/4294
f 6930/6930/4294 6926/6926/4290 6929/6929/4293
f 6931/6931/4230 6933/6932/4239 6932/6933/4232
f 6932/6933/4232 6934/6934/4233 6931/6931/4230
f 6935/6935/4240 6934/6934/4233 6933/6932/4239
f 6933/6932/4239 6931/6931/4230 6935/6935/4240
f 6934/6934/4233 6935/6935/4240 6936/6936/4235
f 6936/6936/4235 6931/6931/4230 6934/6934/4233
f 6937/6937/4377 6935/6935/4240 6931/6931/4230
f 6931/6931/4230 6936/6936/4235 6937/6937/4377
f 6935/6935/4240 6937/6937/4377 6936/6936/4235
f 6938/6938/4230 6940/6939/4231 6939/6940/4232
f 6939/6940/4232 6941/6941/4233 6938/6938/4230
f 6942/6942/4240 6941/6941/4233 6940/6939/4231
f 6940/6939/4231 6938/6938/4230 6942/6942/4240
f 6941/6941/4233 6942/6942/4240 6943/6943/4235
f 6943/6943/4235 6938/6938/4230 6941/6941/4233
f 6944/6944/4388 6942/6942/4240 6938/6938/4230
f 6938/6938/4230 6943/6943/4235 6944/6944/4388
f 6942/6942/4240 6944/6944/4388 6943/6943/4235
f 6945/6945/4261 6947/6946/4390 6946/6947/4263
f 6948/6948/4264 6947/6946/4391 6949/6949/4266
f 6949/6949/4266 6950/6950/4267 6948/6948/4264
f 6951/6951/4268 6948/6948/4264 6950/6950/4267
f 6952/6952/4298 6948/6948/4264 6951/6951/4268
f 6951/6951/4268 6946/6947/4263 6952/6952/4298
f 6946/6947/4263 6951/6951/4268 6950/6950/4267
f 6950/6950/4267 6945/6945/4261 6946/6947/4263
f 6953/6953/4230 6955/6954/4239 6954/6955/4232
f 6954/6955/4232 6956/6956/4233 6953/6953/4230
f 6957/6957/4240 6956/6956/4233 6955/6954/4239
f 6955/6954/4239 6953/6953/4230 6957/6957/4240
f 6956/6956/4233 6957/6957/4240 6958/6958/4235
f 6958/6958/4235 6953/6953/4230 6956/6956/4233
f 6959/6959/4243 6957/6957/4240 6953/6953/4230
f 6953/6953/4230 6958/6958/4235 6959/6959/4243
f 6957/6957/4240 6959/6959/4243 6958/6958/4235
f 6960/6960/4230 6962/6961/4231 6961/6962/4232
f 6961/6962/4232 6963/6963/4233 6960/6960/4230
f 6964/6964/4240 6963/6963/4233 6962/6961/4231
f 6962/6961/4231 6960/6960/4230 6964/6964/4240
f 6963/6963/4233 6964/6964/4240 6965/6965/4235
f 6965/6965/4235 6960/6960/4230 6963/6963/4233
f 6966/6966/4243 6964/6964/4240 6960/6960/4230
f 6960/6960/4230 6965/6965/4235 6966/6966/4243
f 6964/6964/4240 6966/6966/4243 6965/6965/4235
f 6967/6967/4230 6969/6968/4231 6968/6969/4232
f 6968/6969/4232 6970/6970/4233 6967/6967/4230
f 6971/6971/4240 6970/6970/4233 6969/6968/4231
f 6969/6968/4231 6967/6967/4230 6971/6971/4240
f 6970/6970/4233 6971/6971/4240 6972/6972/4235
f 6972/6972/4235 6967/6967/4230 6970/6970/4233
f 6973/6973/4243 6971/6971/4240 6967/6967/4230
f 6967/6967/4230 6972/6972/4235 6973/6973/4243
f 6971/6971/4240 6973/6973/4243 6972/6972/4235
f 6974/6974/4230 6976/6975/4231 6975/6976/4232
f 6975/6976/4232 6977/6977/4233 6974/6974/4230
f 6978/6978/4240 6977/6977/4233 6976/6975/4231
f 6976/6975/4231 6974/6974/4230 6978/6978/4240
f 6977/6977/4233 6978/6978/4240 6979/6979/4235
f 6979/6979/4235 6974/6974/4230 6977/6977/4233
f 6980/6980/4259 6978/6978/4240 6974/6974/4230
f 6974/6974/4230 6979/6979/4235 6980/6980/4259
f 6978/6978/4240 6980/6980/4259 6979/6979/4235
f 6981/6981/4230 6983/6982/4239 6982/6983/4232
f 6982/6983/4232 6984/6984/4233 6981/6981/4230
f 6985/6985/4240 6984/6984/4233 6983/6982/4239
f 6983/6982/4239 6981/6981/4230 6985/6985/4240
f 6984/6984/4233 6985/6985/4240 6986/6986/4235
f 6986/6986/4235 6981/6981/4230 6984/6984/4233
f 6987/6987/4377 6985/6985/4240 6981/6981/4230
f 6981/6981/4230 6986/6986/4235 6987/6987/4377
f 6985/6985/4240 6987/6987/4377 6986/6986/4235
f 6988/6988/4230 6990/6989/4239 6989/6990/4232
f 6989/6990/4232 6991/6991/4233 6988/6988/4230
f 6992/6992/4240 6991/6991/4233 6990/6989/4239
f 6990/6989/4239 6988/6988/4230 6992/6992/4240
f 6991/6991/4233 6992/6992/4240 6993/6993/4235
f 6993/6993/4235 6988/6988/4230 6991/6991/4233
f 6994/6994/4238 6992/6992/4240 6988/6988/4230
f 6988/6988/4230 6993/6993/4235 6994/6994/4238
f 6992/6992/4240 6994/6994/4238 6993/6993/4235
f 6995/6995/4230 6997/6996/4247 6996/6997/4232
f 6996/6997/4232 6998/6998/4233 6995/6995/4230
f 6999/6999/4240 6998/6998/4233 6997/6996/4247
f 6997/6996/4247 6995/6995/4230 6999/6999/4240
f 6998/6998/4233 6999/6999/4240 7000/7000/4235
f 7000/7000/4235 6995/6995/4230 6998/6998/4233
f 7001/7001/4238 6999/6999/4240 6995/6995/4230
f 6995/6995/4230 7000/7000/4235 7001/7001/4238
f 6999/6999/4240 7001/7001/4238 7000/7000/4235
f 7002/7002/4249 7004/7003/4250 7003/7004/4251
f 7005/7005/4252 7004/7003/4253 7006/7006/4254
f 7006/7006/4254 7007/7007/4255 7005/7005/4252
f 7008/7008/4256 7005/7005/4252 7007/7007/4255
f 7009/7009/4257 7005/7005/4252 7008/7008/4256
f 7008/7008/4256 7003/7004/4251 7009/7009/4257
f 7003/7004/4251 7008/7008/4256 7007/7007/4255
f 7007/7007/4255 7002/7002/4249 7003/7004/4251
f 7010/7010/4392 7012/7011/4305 7011/7012/4393
f 7011/7012/4393 7013/7013/4394 7010/7010/4392
f 7014/7014/4395 7013/7013/4394 7011/7012/4393
f 7015/7015/4396 7014/7014/4397 7016/7016/4398
f 7016/7016/4398 7017/7017/4312 7015/7015/4396
f 7017/7017/4312 7016/7016/4398 7012/7011/4313
f 7018/7018/4275 7020/7019/4276 7019/7020/4399
f 7021/7021/4400 7020/7019/4279 7022/7022/4280
f 7022/7022/4280 7023/7023/4281 7021/7021/4400
f 7024/7024/4282 7021/7021/4400 7023/7023/4281
f 7025/7025/4283 7021/7021/4400 7024/7024/4282
f 7024/7024/4282 7019/7020/4399 7025/7025/4283
f 7019/7020/4399 7024/7024/4282 7023/7023/4281
f 7023/7023/4281 7018/7018/4275 7019/7020/4399
f 7026/7026/4315 7028/7027/4316 7027/7028/4317
f 7027/7028/4317 7029/7029/4318 7026/7026/4315
f 7027/7028/4317 7028/7027/4316 7030/7030/4401
f 7031/7031/4320 7029/7029/4318 7027/7028/4317
f 7027/7028/4317 7030/7030/4401 7031/7031/4320
f 7032/7032/4321 7031/7031/4320 7030/7030/4401
f 7030/7030/4401 7028/7027/4316 7032/7032/4321
f 7029/7029/4318 7031/7031/4320 7032/7032/4321
f 7032/7032/4321 7028/7027/4316 7033/7033/4322
f 7033/7033/4322 7029/7029/4318 7032/7032/4321
f 7034/7034/4287 7036/7035/4288 7035/7036/4289
f 7035/7036/4289 7037/7037/4290 7034/7034/4287
f 7035/7036/4289 7036/7035/4288 7038/7038/4402
f 7039/7039/4292 7037/7037/4290 7035/7036/4289
f 7035/7036/4289 7038/7038/4402 7039/7039/4292
f 7040/7040/4293 7039/7039/4292 7038/7038/4402
f 7038/7038/4402 7036/7035/4288 7040/7040/4293
f 7037/7037/4290 7039/7039/4292 7040/7040/4293
f 7040/7040/4293 7036/7035/4288 7041/7041/4326
f 7041/7041/4326 7037/7037/4290 7040/7040/4293
f 7042/7042/4249 7044/7043/4250 7043/7044/4251
f 7045/7045/4252 7044/7043/4387 7046/7046/4254
f 7046/7046/4254 7047/7047/4255 7045/7045/4252
f 7048/7048/4256 7045/7045/4252 7047/7047/4255
f 7049/7049/4257 7045/7045/4252 7048/7048/4256
f 7048/7048/4256 7043/7044/4251 7049/7049/4257
f 7043/7044/4251 7048/7048/4256 7047/7047/4255
f 7047/7047/4255 7042/7042/4249 7043/7044/4251
f 7050/7050/4230 7052/7051/4247 7051/7052/4232
f 7051/7052/4232 7053/7053/4233 7050/7050/4230
f 7054/7054/4234 7053/7053/4233 7052/7051/4247
f 7052/7051/4247 7050/7050/4230 7054/7054/4234
f 7053/7053/4233 7054/7054/4234 7055/7055/4235
f 7055/7055/4235 7050/7050/4230 7053/7053/4233
f 7056/7056/4403 7054/7054/4234 7050/7050/4230
f 7050/7050/4230 7055/7055/4235 7056/7056/4403
f 7054/7054/4234 7056/7056/4403 7055/7055/4235
f 7057/7057/4230 7059/7058/4231 7058/7059/4232
f 7058/7059/4232 7060/7060/4233 7057/7057/4230
f 7061/7061/4234 7060/7060/4233 7059/7058/4231
f 7059/7058/4231 7057/7057/4230 7061/7061/4234
f 7060/7060/4233 7061/7061/4234 7062/7062/4235
f 7062/7062/4235 7057/7057/4230 7060/7060/4233
f 7063/7063/4260 7061/7061/4234 7057/7057/4230
f 7057/7057/4230 7062/7062/4235 7063/7063/4260
f 7061/7061/4234 7063/7063/4260 7062/7062/4235
f 7064/7064/4230 7066/7065/4231 7065/7066/4232
f 7065/7066/4232 7067/7067/4233 7064/7064/4230
f 7068/7068/4240 7067/7067/4233 7066/7065/4231
f 7066/7065/4231 7064/7064/4230 7068/7068/4240
f 7067/7067/4233 7068/7068/4240 7069/7069/4235
f 7069/7069/4235 7064/7064/4230 7067/7067/4233
f 7070/7070/4286 7068/7068/4240 7064/7064/4230
f 7064/7064/4230 7069/7069/4235 7070/7070/4286
f 7068/7068/4240 7070/7070/4286 7069/7069/4235
f 7071/7071/4287 7073/7072/4288 7072/7073/4289
f 7072/7073/4289 7074/7074/4290 7071/7071/4287
f 7072/7073/4289 7073/7072/4288 7075/7075/4404
f 7076/7076/4292 7074/7074/4290 7072/7073/4289
f 7072/7073/4289 7075/7075/4404 7076/7076/4292
f 7077/7077/4293 7076/7076/4292 7075/7075/4404
f 7075/7075/4404 7073/7072/4288 7077/7077/4293
f 7074/7074/4290 7076/7076/4292 7077/7077/4293
f 7077/7077/4293 7073/7072/4288 7078/7078/4326
f 7078/7078/4326 7074/7074/4290 7077/7077/4293
f 7079/7079/4230 7081/7080/4231 7080/7081/4232
f 7080/7081/4232 7082/7082/4233 7079/7079/4230
f 7083/7083/4240 7082/7082/4233 7081/7080/4231
f 7081/7080/4231 7079/7079/4230 7083/7083/4240
f 7082/7082/4233 7083/7083/4240 7084/7084/4235
f 7084/7084/4235 7079/7079/4230 7082/7082/4233
f 7085/7085/4245 7083/7083/4240 7079/7079/4230
f 7079/7079/4230 7084/7084/4235 7085/7085/4245
f 7083/7083/4240 7085/7085/4245 7084/7084/4235
f 7086/7086/4230 7088/7087/4239 7087/7088/4232
f 7087/7088/4232 7089/7089/4233 7086/7086/4230
f 7090/7090/4240 7089/7089/4233 7088/7087/4239
f 7088/7087/4239 7086/7086/4230 7090/7090/4240
f 7089/7089/4233 7090/7090/4240 7091/7091/4235
f 7091/7091/4235 7086/7086/4230 7089/7089/4233
f 7092/7092/4405 7090/7090/4240 7086/7086/4230
f 7086/7086/4230 7091/7091/4235 7092/7092/4405
f 7090/7090/4240 7092/7092/4405 7091/7091/4235
f 7093/7093/4261 7095/7094/4262 7094/7095/4263
f 7096/7096/4264 7095/7094/4265 7097/7097/4266
f 7097/7097/4266 7098/7098/4267 7096/7096/4264
f 7099/7099/4268 7096/7096/4264 7098/7098/4267
f 7100/7100/4298 7096/7096/4264 7099/7099/4268
f 7099/7099/4268 7094/7095/4263 7100/7100/4298
f 7094/7095/4263 7099/7099/4268 7098/7098/4267
f 7098/7098/4267 7093/7093/4261 7094/7095/4263
f 7101/7101/4230 7103/7102/4239 7102/7103/4232
f 7102/7103/4232 7104/7104/4233 7101/7101/4230
f 7105/7105/4240 7104/7104/4233 7103/7102/4239
f 7103/7102/4239 7101/7101/4230 7105/7105/4240
f 7104/7104/4233 7105/7105/4240 7106/7106/4235
f 7106/7106/4235 7101/7101/4230 7104/7104/4233
f 7107/7107/4238 7105/7105/4240 7101/7101/4230
f 7101/7101/4230 7106/7106/4235 7107/7107/4238
f 7105/7105/4240 7107/7107/4238 7106/7106/4235
f 7108/7108/4230 7110/7109/4239 7109/7110/4232
f 7109/7110/4232 7111/7111/4233 7108/7108/4230
f 7112/7112/4240 7111/7111/4233 7110/7109/4239
f 7110/7109/4239 7108/7108/4230 7112/7112/4240
f 7111/7111/4233 7112/7112/4240 7113/7113/4235
f 7113/7113/4235 7108/7108/4230 7111/7111/4233
f 7114/7114/4236 7112/7112/4240 7108/7108/4230
f 7108/7108/4230 7113/7113/4235 7114/7114/4236
f 7112/7112/4240 7114/7114/4236 7113/7113/4235
f 7115/7115/4230 7117/7116/4231 7116/7117/4232
f 7116/7117/4232 7118/7118/4233 7115/7115/4230
f 7119/7119/4234 7118/7118/4233 7117/7116/4231
f 7117/7116/4231 7115/7115/4230 7119/7119/4234
f 7118/7118/4233 7119/7119/4234 7120/7120/4235
f 7120/7120/4235 7115/7115/4230 7118/7118/4233
f 7121/7121/4406 7119/7119/4234 7115/7115/4230
f 7115/7115/4230 7120/7120/4235 7121/7121/4406
f 7119/7119/4234 7121/7121/4406 7120/7120/4235
f 7122/7122/4230 7124/7123/4237 7123/7124/4232
f 7123/7124/4232 7125/7125/4233 7122/7122/4230
f 7126/7126/4240 7125/7125/4233 7124/7123/4237
f 7124/7123/4237 7122/7122/4230 7126/7126/4240
f 7125/7125/4233 7126/7126/4240 7127/7127/4235
f 7127/7127/4235 7122/7122/4230 7125/7125/4233
f 7128/7128/4407 7126/7126/4240 7122/7122/4230
f 7122/7122/4230 7127/7127/4235 7128/7128/4407
f 7126/7126/4240 7128/7128/4407 7127/7127/4235
f 7129/7129/4230 7131/7130/4247 7130/7131/4232
f 7130/7131/4232 7132/7132/4233 7129/7129/4230
f 7133/7133/4240 7132/7132/4233 7131/7130/4247
f 7131/7130/4247 7129/7129/4230 7133/7133/4240
f 7132/7132/4233 7133/7133/4240 7134/7134/4235
f 7134/7134/4235 7129/7129/4230 7132/7132/4233
f 7135/7135/4376 7133/7133/4240 7129/7129/4230
f 7129/7129/4230 7134/7134/4235 7135/7135/4376
f 7133/7133/4240 7135/7135/4376 7134/7134/4235
f 7136/7136/4230 7138/7137/4239 7137/7138/4232
f 7137/7138/4232 7139/7139/4233 7136/7136/4230
f 7140/7140/4240 7139/7139/4233 7138/7137/4239
f 7138/7137/4239 7136/7136/4230 7140/7140/4240
f 7139/7139/4233 7140/7140/4240 7141/7141/4235
f 7141/7141/4235 7136/7136/4230 7139/7139/4233
f 7142/7142/4246 7140/7140/4240 7136/7136/4230
f 7136/7136/4230 7141/7141/4235 7142/7142/4246
f 7140/7140/4240 7142/7142/4246 7141/7141/4235
f 7143/7143/4230 7145/7144/4247 7144/7145/4232
f 7144/7145/4232 7146/7146/4233 7143/7143/4230
f 7147/7147/4240 7146/7146/4233 7145/7144/4247
f 7145/7144/4247 7143/7143/4230 7147/7147/4240
f 7146/7146/4233 7147/7147/4240 7148/7148/4235
f 7148/7148/4235 7143/7143/4230 7146/7146/4233
f 7149/7149/4245 7147/7147/4240 7143/7143/4230
f 7143/7143/4230 7148/7148/4235 7149/7149/4245
f 7147/7147/4240 7149/7149/4245 7148/7148/4235
f 7150/7150/4249 7152/7151/4250 7151/7152/4251
f 7153/7153/4252 7152/7151/4274 7154/7154/4254
f 7154/7154/4254 7155/7155/4255 7153/7153/4252
f 7156/7156/4256 7153/7153/4252 7155/7155/4255
f 7157/7157/4408 7153/7153/4252 7156/7156/4256
f 7156/7156/4256 7151/7152/4251 7157/7157/4408
f 7151/7152/4251 7156/7156/4256 7155/7155/4255
f 7155/7155/4255 7150/7150/4249 7151/7152/4251
f 7158/7158/4304 7160/7159/4305 7159/7160/4409
f 7159/7160/4409 7161/7161/4307 7158/7158/4304
f 7162/7162/4308 7161/7161/4307 7159/7160/4409
f 7163/7163/4309 7162/7162/4410 7164/7164/4311
f 7164/7164/4311 7165/7165/4312 7163/7163/4309
f 7165/7165/4312 7164/7164/4311 7160/7159/4313
f 7166/7166/4275 7168/7167/4276 7167/7168/4411
f 7169/7169/4278 7168/7167/4279 7170/7170/4280
f 7170/7170/4280 7171/7171/4281 7169/7169/4278
f 7172/7172/4282 7169/7169/4278 7171/7171/4281
f 7173/7173/4283 7169/7169/4278 7172/7172/4282
f 7172/7172/4282 7167/7168/4411 7173/7173/4283
f 7167/7168/4411 7172/7172/4282 7171/7171/4281
f 7171/7171/4281 7166/7166/4275 7167/7168/4411
f 7174/7174/4412 7176/7175/4413 7175/7176/4414
f 7175/7176/4414 7177/7177/4415 7174/7174/4412
f 7175/7176/4414 7176/7175/4413 7178/7178/4416
f 7178/7178/4416 7177/7177/4415 7175/7176/4414
f 7179/7179/4417 7178/7178/4416 7176/7175/4413
f 7176/7175/4413 7180/7180/4418 7179/7179/4417
f 7177/7177/4415 7178/7178/4416 7181/7181/4419
f 7181/7181/4419 7180/7180/4420 7177/7177/4415
f 7182/7182/4421 7184/7183/4316 7183/7184/4422
f 7183/7184/4422 7185/7185/4318 7182/7182/4421
f 7183/7184/4422 7184/7183/4316 7186/7186/4423
f 7187/7187/4320 7185/7185/4318 7183/7184/4422
f 7183/7184/4422 7186/7186/4423 7187/7187/4320
f 7188/7188/4321 7187/7187/4320 7186/7186/4423
f 7186/7186/4423 7184/7183/4316 7188/7188/4321
f 7185/7185/4318 7187/7187/4320 7188/7188/4321
f 7188/7188/4321 7184/7183/4316 7189/7189/4322
f 7189/7189/4322 7185/7185/4318 7188/7188/4321
f 7190/7190/4287 7192/7191/4288 7191/7192/4289
f 7191/7192/4289 7193/7193/4290 7190/7190/4287
f 7191/7192/4289 7192/7191/4288 7194/7194/4424
f 7195/7195/4292 7193/7193/4290 7191/7192/4289
f 7191/7192/4289 7194/7194/4424 7195/7195/4292
f 7196/7196/4293 7195/7195/4292 7194/7194/4424
f 7194/7194/4424 7192/7191/4288 7196/7196/4293
f 7193/7193/4290 7195/7195/4292 7196/7196/4293
f 7196/7196/4293 7192/7191/4288 7197/7197/4294
f 7197/7197/4294 7193/7193/4290 7196/7196/4293
f 7198/7198/4249 7200/7199/4250 7199/7200/4251
f 7201/7201/4252 7200/7199/4387 7202/7202/4254
f 7202/7202/4254 7203/7203/4255 7201/7201/4252
f 7204/7204/4256 7201/7201/4252 7203/7203/4255
f 7205/7205/4257 7201/7201/4252 7204/7204/4256
f 7204/7204/4256 7199/7200/4251 7205/7205/4257
f 7199/7200/4251 7204/7204/4256 7203/7203/4255
f 7203/7203/4255 7198/7198/4249 7199/7200/4251
f 7206/7206/4230 7208/7207/4231 7207/7208/4232
f 7207/7208/4232 7209/7209/4233 7206/7206/4230
f 7210/7210/4234 7209/7209/4233 7208/7207/4231
f 7208/7207/4231 7206/7206/4230 7210/7210/4234
f 7209/7209/4233 7210/7210/4234 7211/7211/4235
f 7211/7211/4235 7206/7206/4230 7209/7209/4233
f 7212/7212/4425 7210/7210/4234 7206/7206/4230
f 7206/7206/4230 7211/7211/4235 7212/7212/4425
f 7210/7210/4234 7212/7212/4425 7211/7211/4235
f 7213/7213/4230 7215/7214/4231 7214/7215/4232
f 7214/7215/4232 7216/7216/4233 7213/7213/4230
f 7217/7217/4234 7216/7216/4233 7215/7214/4231
f 7215/7214/4231 7213/7213/4230 7217/7217/4234
f 7216/7216/4233 7217/7217/4234 7218/7218/4235
f 7218/7218/4235 7213/7213/4230 7216/7216/4233
f 7219/7219/4407 7217/7217/4234 7213/7213/4230
f 7213/7213/4230 7218/7218/4235 7219/7219/4407
f 7217/7217/4234 7219/7219/4407 7218/7218/4235
f 7220/7220/4230 7222/7221/4231 7221/7222/4232
f 7221/7222/4232 7223/7223/4233 7220/7220/4230
f 7224/7224/4240 7223/7223/4233 7222/7221/4231
f 7222/7221/4231 7220/7220/4230 7224/7224/4240
f 7223/7223/4233 7224/7224/4240 7225/7225/4235
f 7225/7225/4235 7220/7220/4230 7223/7223/4233
f 7226/7226/4284 7224/7224/4240 7220/7220/4230
f 7220/7220/4230 7225/7225/4235 7226/7226/4284
f 7224/7224/4240 7226/7226/4284 7225/7225/4235
f 7227/7227/4287 7229/7228/4288 7228/7229/4289
f 7228/7229/4289 7230/7230/4290 7227/7227/4287
f 7228/7229/4289 7229/7228/4288 7231/7231/4426
f 7232/7232/4292 7230/7230/4290 7228/7229/4289
f 7228/7229/4289 7231/7231/4426 7232/7232/4292
f 7233/7233/4293 7232/7232/4292 7231/7231/4426
f 7231/7231/4426 7229/7228/4288 7233/7233/4293
f 7230/7230/4290 7232/7232/4292 7233/7233/4293
f 7233/7233/4293 7229/7228/4288 7234/7234/4294
f 7234/7234/4294 7230/7230/4290 7233/7233/4293
f 7235/7235/4230 7237/7236/4247 7236/7237/4232
f 7236/7237/4232 7238/7238/4233 7235/7235/4230
f 7239/7239/4240 7238/7238/4233 7237/7236/4247
f 7237/7236/4247 7235/7235/4230 7239/7239/4240
f 7238/7238/4233 7239/7239/4240 7240/7240/4235
f 7240/7240/4235 7235/7235/4230 7238/7238/4233
f 7241/7241/4427 7239/7239/4240 7235/7235/4230
f 7235/7235/4230 7240/7240/4235 7241/7241/4427
f 7239/7239/4240 7241/7241/4427 7240/7240/4235
f 7242/7242/4230 7244/7243/4239 7243/7244/4232
f 7243/7244/4232 7245/7245/4233 7242/7242/4230
f 7246/7246/4240 7245/7245/4233 7244/7243/4239
f 7244/7243/4239 7242/7242/4230 7246/7246/4240
f 7245/7245/4233 7246/7246/4240 7247/7247/4235
f 7247/7247/4235 7242/7242/4230 7245/7245/4233
f 7248/7248/4377 7246/7246/4240 7242/7242/4230
f 7242/7242/4230 7247/7247/4235 7248/7248/4377
f 7246/7246/4240 7248/7248/4377 7247/7247/4235
f 7249/7249/4261 7251/7250/4390 7250/7251/4263
f 7252/7252/4264 7251/7250/4265 7253/7253/4266
f 7253/7253/4266 7254/7254/4267 7252/7252/4264
f 7255/7255/4268 7252/7252/4264 7254/7254/4267
f 7256/7256/4269 7252/7252/4264 7255/7255/4268
f 7255/7255/4268 7250/7251/4263 7256/7256/4269
f 7250/7251/4263 7255/7255/4268 7254/7254/4267
f 7254/7254/4267 7249/7249/4261 7250/7251/4263
f 7257/7257/4230 7259/7258/4239 7258/7259/4232
f 7258/7259/4232 7260/7260/4233 7257/7257/4230
f 7261/7261/4240 7260/7260/4233 7259/7258/4239
f 7259/7258/4239 7257/7257/4230 7261/7261/4240
f 7260/7260/4233 7261/7261/4240 7262/7262/4235
f 7262/7262/4235 7257/7257/4230 7260/7260/4233
f 7263/7263/4260 7261/7261/4240 7257/7257/4230
f 7257/7257/4230 7262/7262/4235 7263/7263/4260
f 7261/7261/4240 7263/7263/4260 7262/7262/4235
f 7264/7264/4230 7266/7265/4231 7265/7266/4232
f 7265/7266/4232 7267/7267/4233 7264/7264/4230
f 7268/7268/4240 7267/7267/4233 7266/7265/4231
f 7266/7265/4231 7264/7264/4230 7268/7268/4240
f 7267/7267/4233 7268/7268/4240 7269/7269/4235
f 7269/7269/4235 7264/7264/4230 7267/7267/4233
f 7270/7270/4428 7268/7268/4240 7264/7264/4230
f 7264/7264/4230 7269/7269/4235 7270/7270/4428
f 7268/7268/4240 7270/7270/4428 7269/7269/4235
f 7271/7271/4230 7273/7272/4231 7272/7273/4232
f 7272/7273/4232 7274/7274/4233 7271/7271/4230
f 7275/7275/4240 7274/7274/4233 7273/7272/4231
f 7273/7272/4231 7271/7271/4230 7275/7275/4240
f 7274/7274/4233 7275/7275/4240 7276/7276/4235
f 7276/7276/4235 7271/7271/4230 7274/7274/4233
f 7277/7277/4272 7275/7275/4240 7271/7271/4230
f 7271/7271/4230 7276/7276/4235 7277/7277/4272
f 7275/7275/4240 7277/7277/4272 7276/7276/4235
f 7278/7278/4230 7280/7279/4247 7279/7280/4232
f 7279/7280/4232 7281/7281/4233 7278/7278/4230
f 7282/7282/4234 7281/7281/4233 7280/7279/4247
f 7280/7279/4247 7278/7278/4230 7282/7282/4234
f 7281/7281/4233 7282/7282/4234 7283/7283/4235
f 7283/7283/4235 7278/7278/4230 7281/7281/4233
f 7284/7284/4428 7282/7282/4234 7278/7278/4230
f 7278/7278/4230 7283/7283/4235 7284/7284/4428
f 7282/7282/4234 7284/7284/4428 7283/7283/4235
f 7285/7285/4230 7287/7286/4231 7286/7287/4232
f 7286/7287/4232 7288/7288/4233 7285/7285/4230
f 7289/7289/4234 7288/7288/4233 7287/7286/4231
f 7287/7286/4231 7285/7285/4230 7289/7289/4234
f 7288/7288/4233 7289/7289/4234 7290/7290/4235
f 7290/7290/4235 7285/7285/4230 7288/7288/4233
f 7291/7291/4243 7289/7289/4234 7285/7285/4230
f 7285/7285/4230 7290/7290/4235 7291/7291/4243
f 7289/7289/4234 7291/7291/4243 7290/7290/4235
f 7292/7292/4230 7294/7293/4239 7293/7294/4232
f 7293/7294/4232 7295/7295/4233 7292/7292/4230
f 7296/7296/4240 7295/7295/4233 7294/7293/4239
f 7294/7293/4239 7292/7292/4230 7296/7296/4240
f 7295/7295/4233 7296/7296/4240 7297/7297/4235
f 7297/7297/4235 7292/7292/4230 7295/7295/4233
f 7298/7298/4407 7296/7296/4240 7292/7292/4230
f 7292/7292/4230 7297/7297/4235 7298/7298/4407
f 7296/7296/4240 7298/7298/4407 7297/7297/4235
f 7299/7299/4230 7301/7300/4247 7300/7301/4232
f 7300/7301/4232 7302/7302/4233 7299/7299/4230
f 7303/7303/4240 7302/7302/4233 7301/7300/4247
f 7301/7300/4247 7299/7299/4230 7303/7303/4240
f 7302/7302/4233 7303/7303/4240 7304/7304/4235
f 7304/7304/4235 7299/7299/4230 7302/7302/4233
f 7305/7305/4284 7303/7303/4240 7299/7299/4230
f 7299/7299/4230 7304/7304/4235 7305/7305/4284
f 7303/7303/4240 7305/7305/4284 7304/7304/4235
f 7306/7306/4249 7308/7307/4250 7307/7308/4251
f 7309/7309/4252 7308/7307/4387 7310/7310/4254
f 7310/7310/4254 7311/7311/4255 7309/7309/4252
f 7312/7312/4256 7309/7309/4252 7311/7311/4255
f 7313/7313/4257 7309/7309/4252 7312/7312/4256
f 7312/7312/4256 7307/7308/4251 7313/7313/4257
f 7307/7308/4251 7312/7312/4256 7311/7311/4255
f 7311/7311/4255 7306/7306/4249 7307/7308/4251
f 7314/7314/4392 7316/7315/4305 7315/7316/4429
f 7315/7316/4429 7317/7317/4430 7314/7314/4392
f 7318/7318/4431 7317/7317/4430 7315/7316/4429
f 7319/7319/4432 7318/7318/4433 7320/7320/4434
f 7320/7320/4434 7321/7321/4312 7319/7319/4432
f 7321/7321/4312 7320/7320/4434 7316/7315/4313
f 7322/7322/4275 7324/7323/4276 7323/7324/4399
f 7325/7325/4400 7324/7323/4279 7326/7326/4280
f 7326/7326/4280 7327/7327/4281 7325/7325/4400
f 7328/7328/4282 7325/7325/4400 7327/7327/4281
f 7329/7329/4283 7325/7325/4400 7328/7328/4282
f 7328/7328/4282 7323/7324/4399 7329/7329/4283
f 7323/7324/4399 7328/7328/4282 7327/7327/4281
f 7327/7327/4281 7322/7322/4275 7323/7324/4399
f 7330/7330/4315 7332/7331/4316 7331/7332/4317
f 7331/7332/4317 7333/7333/4318 7330/7330/4315
f 7331/7332/4317 7332/7331/4316 7334/7334/4435
f 7335/7335/4320 7333/7333/4318 7331/7332/4317
f 7331/7332/4317 7334/7334/4435 7335/7335/4320
f 7336/7336/4321 7335/7335/4320 7334/7334/4435
f 7334/7334/4435 7332/7331/4316 7336/7336/4321
f 7333/7333/4318 7335/7335/4320 7336/7336/4321
f 7336/7336/4321 7332/7331/4316 7337/7337/4322
f 7337/7337/4322 7333/7333/4318 7336/7336/4321
f 7338/7338/4287 7340/7339/4288 7339/7340/4289
f 7339/7340/4289 7341/7341/4290 7338/7338/4287
f 7339/7340/4289 7340/7339/4288 7342/7342/4436
f 7343/7343/4292 7341/7341/4290 7339/7340/4289
f 7339/7340/4289 7342/7342/4436 7343/7343/4292
f 7344/7344/4293 7343/7343/4292 7342/7342/4436
f 7342/7342/4436 7340/7339/4288 7344/7344/4293
f 7341/7341/4290 7343/7343/4292 7344/7344/4293
f 7344/7344/4293 7340/7339/4288 7345/7345/4294
f 7345/7345/4294 7341/7341/4290 7344/7344/4293
